"ID","county","township","village","application","np","age","gender","education","household_size","income","agri_share","area","livestock","assets","damage","loss","benefit","ic1","info_count","minimum_ratio","desired_ratio","insurance_wtp","timeliness","satisfaction","tol1","tol2","tol3","tol4","word1","word2","word3","word_count","word_mean","ic","conflict_wb","conflict_all","report_1","report_2","report_3","report_4","report_count","report_contradiction","minimum_ratio_original","minimum_ratio_flag","desired_ratio_original","desired_ratio_flag","prevention_A","prevention_cost_1","prevention_B","prevention_cost_2","prevention_C","prevention_cost_3","prevention_D","prevention_cost_4","prevention_E","prevention_cost_5","prevention_F","prevention_cost_6","prevention_G","prevention_cost_7","prevention_n","prevention_used","prevention_eff","prevention_eff0","log_income","log_area","log_livestock","log_assets","log_damage","log_loss","tolerance3","tolerance4","damage_exceeds_area","damage_share","loss_income_share","partition"
1,"Baoxing","Baoxing/Wulong","Baoxing/Wulong/Tiepingshan",0,0,60,1,"2",2,45000,1,12,0,168840.58,2.5,20000,2,4,3,0.5,0,0,,,1,1,3,2,4,5,5,3,4.66666666666667,0.200561465989736,4,3.66666666666667,0,0,0,0,0,FALSE,0.5,FALSE,0,FALSE,0,,0,,0,,3,,0,,0,,0,,1,1,3,3,10.7144399907278,2.56494935746154,0,12.0367161578247,1.25276296849537,9.90353755128617,1.33333333333333,1.75,FALSE,0.208333333333333,0.444444444444444,"development"
3,"Baoxing","Baoxing/Wulong","Baoxing/Wulong/Tiepingshan",1,0,57,1,"3",3,30000,0.1,1.2,30,14263.672,1,900,3,5,0,0.12,,5,2,1,2,1,4,4,3,3,,2,3,-0.24336425789199,3.25,2.66666666666667,1,0,0,0,1,FALSE,0.12,FALSE,6.5,TRUE,0,,2,60,0,,0,,0,,0,,3,,2,1,2.5,2.5,10.3089859934221,0.78845736036427,3.43398720448515,9.56554127004291,0.693147180559945,6.80350525760834,2.33333333333333,2.75,FALSE,0.833333333333333,0.03,"development"
4,"Baoxing","Baoxing/Wulong","Baoxing/Wulong/Tiepingshan",1,0,60,1,"3",2,11000,1,11,0,4218.72,0,0,2,4,0,0.5,1,200,2,1,2,2,4,1,3,4,5,3,4,-0.364773501922308,4.25,3.66666666666667,1,1,1,0,3,FALSE,0.5,FALSE,1,FALSE,5,1000,4,1000,0,,0,,2,,0,,0,,3,1,3.66666666666667,3.66666666666667,9.30574145673943,2.484906649788,0,8.34752405411785,0,0,1.66666666666667,2.25,FALSE,0,0,"development"
5,"Baoxing","Baoxing/Wulong","Baoxing/Wulong/Tiepingshan",1,0,49,0,"2",3,20000,0.1,6,18,9485.52,0,0,2,5,0,0.4,0.7,100,3,2,2,2,4,3,1,1,,2,1,-1.93936916162812,2.5,1.33333333333333,1,1,1,0,3,FALSE,0.4,FALSE,0.7,FALSE,0,,3,45,0,,0,,0,,0,,0,,1,1,3,3,9.90353755128617,1.94591014905531,2.94443897916644,9.15762712256107,0,0,2.33333333333333,2.75,FALSE,0,0,"development"
6,"Baoxing","Baoxing/Wulong","Baoxing/Wulong/Dongsheng",1,1,67,1,"4",1,70000,0,5,0,1917.6,0,0,2,5,0,1,1,0,1,1,2,2,2,2,4,5,,2,4.5,1.02863941991011,2.5,4,0,1,0,0,1,FALSE,1,FALSE,1,FALSE,0,,0,,4,,0,,0,,0,,0,,1,1,4,4,11.1562648066437,1.79175946922805,0,7.55935103238385,0,0,2,2,FALSE,0,0,"validation"
7,"Baoxing","Baoxing/Muping","Baoxing/Muping/Xueshan",1,0,56,0,"1",6,30000,0.15,5,4,28136.27,2,1000,3,4,1,0.5,0.7,50,2,3,4,3,4,1,4,4,3,3,3.66666666666667,-0.64744098587833,3,2.66666666666667,1,1,0,0,2,FALSE,0.5,FALSE,0.7,FALSE,0,,2,150,3,,0,,0,,0,,0,,2,1,2.5,2.5,10.3089859934221,1.79175946922805,1.6094379124341,10.2448503110368,1.09861228866811,6.90875477931522,2.66666666666667,3,FALSE,0.4,0.0333333333333333,"validation"
8,"Baoxing","Baoxing/Wulong","Baoxing/Wulong/Dongsheng",1,1,53,0,"2",1,60000,0.1,9,8,18965.28,1,600,2,4,1,0.4,0.8,100,1,1,2,1,5,1,4,4,5,3,4.33333333333333,-0.0821060179662864,2.5,3.66666666666667,1,0,0,0,1,FALSE,0.4,FALSE,0.8,FALSE,0,,3,350,4,,0,,0,,0,,0,,2,1,3.5,3.5,11.002116507732,2.30258509299405,2.19722457733622,9.85041794459527,0.693147180559945,6.39859493453521,1.33333333333333,2.25,FALSE,0.111111111111111,0.01,"validation"
9,"Baoxing","Baoxing/Wulong","Baoxing/Wulong/Dongsheng",1,1,67,1,"3",2,4000,1,3,0,1150.56,1,600,3,4,1,,0,0,1,1,2,2,4,3,4,4,3,3,3.66666666666667,-0.64744098587833,3.25,3,0,1,0,0,1,FALSE,6,TRUE,0,FALSE,0,,0,,0,,0,,0,,0,,0,,0,0,,0,8.29429960885724,1.38629436111989,0,7.04887282385203,0.693147180559945,6.39859493453521,2.33333333333333,2.75,FALSE,0.333333333333333,0.15,"validation"
10,"Baoxing","Baoxing/Wulong","Baoxing/Wulong/Dongsheng",1,1,55,0,"1",2,10000,0.2,5,0,1917.6,2,2000,2,5,1,0.2,0.5,20,1,1,2,1,4,1,4,5,3,3,4,0.604638193976075,3,2.66666666666667,0,1,1,0,2,FALSE,0.2,FALSE,0.5,FALSE,0,,2,200,0,,0,,0,,0,,0,,1,1,2,2,9.21044036697652,1.79175946922805,0,7.55935103238385,1.09861228866811,7.60140233458373,1.33333333333333,2,FALSE,0.4,0.2,"validation"
11,"Baoxing","Baoxing/Wulong","Baoxing/Wulong/Tiepingshan",0,0,70,0,"1",2,8000,0,4.5,14,10393.84,0.5,700,1,5,0,0.6,1,100,,,1,1,1,1,5,4,,2,4.5,1.02863941991011,3.25,3.33333333333333,0,1,1,0,2,FALSE,0.6,FALSE,1,FALSE,0,,2,200,4,,0,,0,,0,,0,,2,1,3,3,8.98732181285012,1.70474809223843,2.70805020110221,9.24906480815826,0.405465108108164,6.55250788703459,1,1,FALSE,0.111111111111111,0.0875,"development"
12,"Baoxing","Baoxing/Wulong","Baoxing/Wulong/Tiepingshan",1,0,58,1,"1",2,40000,0.35,8,45,34889.76,0.5,500,1,5,2,1,0,0,1,1,1,1,3,1,5,3,,2,4,0.604638193976075,3.75,4.33333333333333,1,0,0,0,1,FALSE,1,FALSE,0,FALSE,0,,3,200,4,,0,,1,,0,,0,,3,1,2.66666666666667,2.66666666666667,10.5966597327836,2.19722457733622,3.8286413964891,10.4599773166894,0.405465108108164,6.21660610108486,1,1.5,FALSE,0.0625,0.0125,"development"
13,"Baoxing","Baoxing/Wulong","Baoxing/Wulong/Tiepingshan",1,0,58,1,"3",3,30000,1,2,0,720.46,0.2,150,3,5,0,0.7,1,50,1,1,1,1,5,1,4,4,4,3,4,0.604638193976075,3.75,3,1,0,0,0,1,FALSE,0.7,FALSE,1,FALSE,4,,3,,3,,3,,0,,0,,0,,4,1,3.25,3.25,10.3089859934221,1.09861228866811,0,6.58127693662163,0.182321556793955,5.01727983681492,1,2,FALSE,0.1,0.005,"development"
14,"Baoxing","Baoxing/Wulong","Baoxing/Wulong/Tiepingshan",0,0,52,0,"2",1,10000,0.5,3,15,11757.76,0.5,200,1,4,0,0.3,0.7,20,,,1,2,4,4,4,3,5,3,4,-0.364773501922308,2.5,2.66666666666667,0,1,1,1,3,FALSE,0.3,FALSE,0.7,FALSE,0,,4,90,0,,0,,0,,0,,0,,1,1,4,4,9.21044036697652,1.38629436111989,2.77258872223978,9.37235377371633,0.405465108108164,5.30330490805908,2.33333333333333,2.75,FALSE,0.166666666666667,0.02,"development"
15,"Baoxing","Baoxing/Muping","Baoxing/Muping/Xueshan",1,0,53,0,"2",3,8000,1,5,0,65850.01,0.5,100,1,5,0,0.2,1,500,2,2,2,1,4,4,5,4,,2,4.5,1.02863941991011,4.25,3,1,1,0,0,2,FALSE,0.2,FALSE,1,FALSE,0,,0,,2,,0,,0,,0,,0,,1,1,2,2,8.98732181285012,1.79175946922805,0,11.0951500449429,0.405465108108164,4.61512051684126,2.33333333333333,2.75,FALSE,0.1,0.0125,"validation"
18,"Baoxing","Baoxing/Wulong","Baoxing/Wulong/Dongsheng",1,1,49,1,"3",6,10000,0.5,12,10,23994.24,1,500,5,5,1,0.2,0.8,100,1,1,2,1,4,3,3,4,3,3,3.33333333333333,0.0393032260640316,3.5,3.66666666666667,1,1,0,0,2,FALSE,0.2,FALSE,0.8,FALSE,0,,1,200,0,,0,,3,,0,,0,,2,1,2,2,9.21044036697652,2.56494935746154,2.39789527279837,10.0856107563261,0.693147180559945,6.21660610108486,2,2.5,FALSE,0.0833333333333333,0.05,"validation"
19,"Baoxing","Baoxing/Wulong","Baoxing/Wulong/Dongsheng",0,1,68,1,"4",5,14000,0,3,23,23968.16,1,250,1,5,1,0.2,1,0,,,3,1,2,2,3,4,,2,3.5,0.180636968042042,3.75,3,0,0,0,0,0,FALSE,0.2,FALSE,1,FALSE,4,600,2,1050,3,,0,,0,,0,,0,,3,1,3,3,9.54688403461792,1.38629436111989,3.17805383034795,10.0845232830096,0.693147180559945,5.52545293913178,2,2,FALSE,0.333333333333333,0.0178571428571429,"validation"
20,"Baoxing","Baoxing/Wulong","Baoxing/Wulong/Dongsheng",1,1,67,0,"3",5,30000,0.4,3,2,5028.96,0,500,2,4,1,0.5,1,200,1,1,2,1,3,2,4,4,3,3,3.66666666666667,-0.64744098587833,3,2.66666666666667,0,1,0,0,1,FALSE,0.5,FALSE,1,FALSE,0,,4,150,0,,0,,4,,0,,0,,2,1,4,4,10.3089859934221,1.38629436111989,1.09861228866811,8.52316731077588,0,6.21660610108486,1.66666666666667,2,FALSE,0,0.0166666666666667,"validation"
21,"Baoxing","Baoxing/Wulong","Baoxing/Wulong/Dongsheng",0,1,50,0,"2",4,5000,0,5,4,9674.4,3,5000,3,5,2,0.5,1,100,,,2,1,2,4,4,4,4,3,4,0.604638193976075,3.75,3,1,1,0,0,2,FALSE,0.5,FALSE,1,FALSE,2,,4,400,0,,0,,0,,0,,0,,2,1,3,3,8.5173931714189,1.79175946922805,1.6094379124341,9.17734186071261,1.38629436111989,8.5173931714189,2.33333333333333,2.25,FALSE,0.6,1,"validation"
22,"Baoxing","Baoxing/Wulong","Baoxing/Wulong/Dongsheng",1,1,59,1,"2",3,6000,0.5,8,2,6946.56,1,700,2,5,1,0.5,1,200,2,1,2,1,3,4,4,4,5,3,4.33333333333333,0.887305677932096,3,2.66666666666667,1,1,0,0,2,FALSE,0.5,FALSE,1,FALSE,4,,4,200,4,,0,,0,,0,,0,,3,1,4,4,8.69968140098951,2.19722457733622,1.09861228866811,8.84614579777944,0.693147180559945,6.55250788703459,2.33333333333333,2.5,FALSE,0.125,0.116666666666667,"validation"
23,"Baoxing","Baoxing/Muping","Baoxing/Muping/Xueshan",1,0,24,1,"5",4,50000,0.2,7,60,33778.48,4,10500,4,5,0,0.2,1,200,3,3,2,1,2,2,4,4,4,3,4,0.604638193976075,2.75,2.66666666666667,1,0,1,0,2,FALSE,0.2,FALSE,1,FALSE,0,,0,,0,,2,,4,,0,,0,,2,1,3,3,10.8197982842103,2.07944154167984,4.11087386417331,10.4276087965192,1.6094379124341,9.25922576970599,1.66666666666667,1.75,FALSE,0.571428571428571,0.21,"validation"
24,"Baoxing","Baoxing/Wulong","Baoxing/Wulong/Dongsheng",0,1,73,0,"1",3,3600,1,3,0,1150.56,3,3000,2,5,1,0.2,0.5,0,,,2,2,4,2,4,4,3,3,3.66666666666667,0.321970710020053,2.5,2.66666666666667,0,1,0,0,1,FALSE,0.2,FALSE,0.5,FALSE,2,50,0,,0,,0,,0,,0,,0,,1,1,2,2,8.18896686364888,1.38629436111989,0,7.04887282385203,1.38629436111989,8.00670084544037,2,2.5,FALSE,1,0.833333333333333,"validation"
25,"Baoxing","Baoxing/Wulong","Baoxing/Wulong/Dongsheng",0,1,72,1,"1",3,1500,1,1,0,383.52,1,1500,3,5,0,1,1,0,,,3,2,4,2,5,4,5,3,4.66666666666667,1.16997316188812,2.75,2.66666666666667,0,1,0,0,1,FALSE,1,FALSE,1,FALSE,0,,0,,0,,0,,0,,0,,0,,0,0,,0,7.31388683163346,0.693147180559945,0,5.95199580319762,0.693147180559945,7.31388683163346,2.33333333333333,2.75,FALSE,1,1,"validation"
26,"Baoxing","Baoxing/Wulong","Baoxing/Wulong/Dongsheng",1,1,55,0,"1",2,5000,0,1,0,383.52,1,1500,3,5,0,1,1,0,1,1,2,2,4,2,3,3,5,3,3.66666666666667,0.321970710020053,3.25,3.66666666666667,1,1,0,0,2,FALSE,1,FALSE,1,FALSE,0,,2,200,2,,0,,0,,0,,0,,2,1,2,2,8.5173931714189,0.693147180559945,0,5.95199580319762,0.693147180559945,7.31388683163346,2,2.5,FALSE,1,0.3,"validation"
27,"Baoxing","Baoxing/Wulong","Baoxing/Wulong/Dongsheng",1,1,60,1,"2",6,5000,1,6,12,14586.36,2,1500,3,5,1,0.8,1,100,1,1,3,2,3,2,4,4,4,3,4,0.604638193976075,3,3.66666666666667,1,0,0,0,1,FALSE,0.8,FALSE,1,FALSE,0,,3,500,2,,0,,0,,0,,0,,2,1,2.5,2.5,8.5173931714189,1.94591014905531,2.56494935746154,9.58791067929083,1.09861228866811,7.31388683163346,2.33333333333333,2.5,FALSE,0.333333333333333,0.3,"validation"
29,"Baoxing","Baoxing/Wulong","Baoxing/Wulong/Dongsheng",1,1,55,0,"2",2,10000,0.1,5,3,7735.2,2,2400,3,5,1,0.1,0.5,50,1,1,2,2,3,2,4,4,3,3,3.66666666666667,0.321970710020053,2.75,4,0,1,0,0,1,FALSE,0.1,FALSE,0.5,FALSE,2,0,2,500,0,,0,,0,,0,,0,,2,1,2,2,9.21044036697652,1.79175946922805,1.38629436111989,8.95366588995303,1.09861228866811,7.78364059622125,2,2.25,FALSE,0.4,0.24,"validation"
30,"Baoxing","Baoxing/Longdong","Baoxing/Longdong/Longxing",1,0,50,1,"4",5,10000,0.3,2,4,8430.68,0.4,400,2,4,0,0.6,1,200,1,1,1,1,3,4,1,,,1,1,-2.9087808575265,3.25,3.33333333333333,1,0,1,0,2,FALSE,0.6,FALSE,1,FALSE,0,,0,,4,,0,,4,,0,,0,,2,1,4,4,9.21044036697652,1.09861228866811,1.6094379124341,9.03975131939686,0.336472236621213,5.99396142730657,2,2.25,FALSE,0.2,0.04,"validation"
31,"Baoxing","Baoxing/Longdong","Baoxing/Longdong/Longxing",1,0,68,0,"1",2,0,0,8.3,10,11393.576,3,5000,2,5,0,0.75,0.75,100,1,2,1,1,1,3,5,,,1,5,1.45264064584414,3.75,2.66666666666667,1,0,0,0,1,FALSE,0.75,FALSE,0.75,FALSE,0,,1,250,0,,0,,2,,0,,0,,2,1,1.5,1.5,0,2.23001440015921,2.39789527279837,9.34089273168518,1.38629436111989,8.5173931714189,1.66666666666667,1.5,FALSE,0.36144578313253,,"validation"
32,"Baoxing","Baoxing/Longdong","Baoxing/Longdong/Longxing",1,0,57,0,"2",2,10000,0,2,12,12873.12,0.5,800,1,4,0,0.65,0,0,1,1,1,1,1,3,4,5,,2,4.5,0.0592277240117247,3.25,2.66666666666667,1,0,0,0,1,FALSE,0.65,FALSE,0,FALSE,0,,2,300,0,,0,,2,,0,,0,,2,1,2,2,9.21044036697652,1.09861228866811,2.56494935746154,9.46297437368144,0.405465108108164,6.68586094706836,1.66666666666667,1.5,FALSE,0.25,0.08,"validation"
33,"Baoxing","Baoxing/Longdong","Baoxing/Longdong/Longxing",0,0,72,1,"1",2,0,0,5,0,1824.44,3.5,5000,1,5,0,0.5,1,200,,,1,1,5,1,4,,,1,4,0.604638193976075,3.75,2.66666666666667,1,0,0,0,1,TRUE,0.5,FALSE,1,FALSE,0,,0,,3,,0,,0,,0,,0,,1,1,3,3,0,1.79175946922805,0,7.50957633284806,1.50407739677627,8.5173931714189,1,2,FALSE,0.7,,"validation"
34,"Baoxing","Baoxing/Longdong","Baoxing/Longdong/Longxing",1,0,60,1,"2",3,30000,0,19,24,36093.88,4,5200,1,5,3,0.5,1,200,1,1,1,1,1,1,4,5,,2,4.5,1.02863941991011,4,2.66666666666667,1,0,0,0,1,FALSE,0.5,FALSE,1,FALSE,0,,1,500,3,,0,,0,,0,,0,,2,1,2,2,10.3089859934221,2.99573227355399,3.2188758248682,10.4939063060075,1.6094379124341,8.55660619377307,1,1,FALSE,0.210526315789474,0.173333333333333,"validation"
35,"Baoxing","Baoxing/Longdong","Baoxing/Longdong/Longxing",0,0,81,1,"1",2,0,0,2.2,7,5159.112,1,1000,1,4,0,1,1,200,,,1,1,5,1,5,4,3,3,4,-0.364773501922308,4.75,2.66666666666667,0,0,0,0,0,FALSE,1,FALSE,1,FALSE,0,,1,200,0,,0,,0,,0,,0,,1,1,1,1,0,1.16315080980568,2.07944154167984,8.54871356366641,0.693147180559945,6.90875477931522,1,2,FALSE,0.454545454545455,,"validation"
36,"Baoxing","Baoxing/Longdong","Baoxing/Longdong/Longxing",1,0,77,1,"3",2,5000,0,8,10,11278.52,0.7,1000,1,5,0,0.8,1,200,1,1,1,1,1,1,5,5,4,3,4.66666666666667,1.16997316188812,4.5,2.66666666666667,1,0,0,0,1,FALSE,0.8,FALSE,1,FALSE,0,,2,500,3,,0,,0,,0,,0,,2,1,2.5,2.5,8.5173931714189,2.19722457733622,2.39789527279837,9.33074397095515,0.53062825106217,6.90875477931522,1,1,FALSE,0.0875,0.2,"validation"
40,"Baoxing","Baoxing/Longdong","Baoxing/Longdong/Laochangxincun",0,0,52,0,"3",2,6000,1,9,22,27538.48,1,1000,1,5,0,0.5,0,0,,,2,1,4,2,3,4,,2,3.5,0.180636968042042,4,3.33333333333333,0,1,0,0,1,FALSE,0.5,FALSE,0,FALSE,0,,0,,0,,0,,0,,0,,0,,0,0,,0,8.69968140098951,2.30258509299405,3.13549421592915,10.2233758904777,0.693147180559945,6.90875477931522,1.66666666666667,2.25,FALSE,0.111111111111111,0.166666666666667,"development"
41,"Baoxing","Baoxing/Longdong","Baoxing/Longdong/Longxing",0,0,67,1,"1",1,0,0,1,2,4261.92,2,1000,1,5,0,0.2,0,0,,,2,2,4,1,3,3,5,3,3.66666666666667,0.321970710020053,3.5,3.33333333333333,0,0,0,0,0,FALSE,0.2,FALSE,0,FALSE,0,,2,,3,,0,,0,,0,,0,,2,1,2.5,2.5,0,0.693147180559945,1.09861228866811,8.35770965046198,1.09861228866811,6.90875477931522,1.66666666666667,2.25,TRUE,2,,"validation"
42,"Baoxing","Baoxing/Longdong","Baoxing/Longdong/Longxing",1,0,69,0,"1",1,6000,1,10,11,15926,0.5,500,1,5,0,0.2,0.7,200,1,2,2,1,4,5,3,5,,2,4,0.604638193976075,3.5,3,1,0,1,0,2,FALSE,0.2,FALSE,0.7,FALSE,0,,2,500,0,,0,,0,,0,,0,,1,1,2,2,8.69968140098951,2.39789527279837,2.484906649788,9.67577106125178,0.405465108108164,6.21660610108486,2.66666666666667,3,FALSE,0.05,0.0833333333333333,"validation"
43,"Baoxing","Baoxing/Longdong","Baoxing/Longdong/Longxing",0,0,50,0,"2",4,20000,0.3,12,13,18723.36,2,1000,1,5,0,0.2,0.6,200,,,3,3,4,4,5,3,,2,4,0.604638193976075,3.5,2.66666666666667,1,0,0,0,1,FALSE,0.2,FALSE,0.6,FALSE,0,,2,100,0,,0,,0,,0,,0,,1,1,2,2,9.90353755128617,2.56494935746154,2.63905732961526,9.8375806288961,1.09861228866811,6.90875477931522,3.33333333333333,3.5,FALSE,0.166666666666667,0.05,"validation"
44,"Baoxing","Baoxing/Longdong","Baoxing/Longdong/Longxing",0,0,60,1,"3",2,5000,1,11,29,72785.36,4,3000,1,5,0,,0.7,50,,,2,3,4,4,3,3,,2,3,-0.24336425789199,3,2.66666666666667,1,1,1,0,3,FALSE,5,TRUE,0.7,FALSE,0,,2,500,0,,0,,2,,0,,0,,2,1,2,2,8.5173931714189,2.484906649788,3.40119738166216,11.1952838539928,1.6094379124341,8.00670084544037,3,3.25,FALSE,0.363636363636364,0.6,"validation"
45,"Baoxing","Baoxing/Longdong","Baoxing/Longdong/Longxing",0,0,67,1,"4",2,20000,0.1,2.4,11,5581.664,0,0,1,5,0,0.8,0.8,80,,,1,2,4,4,4,4,3,3,3.66666666666667,0.321970710020053,4,4,0,0,0,0,0,FALSE,0.8,FALSE,0.8,FALSE,2,500,0,,3,,0,,0,,0,,0,,2,1,2.5,2.5,9.90353755128617,1.22377543162212,2.484906649788,8.62742136080183,0,0,2.33333333333333,2.75,FALSE,0,0,"validation"
46,"Baoxing","Baoxing/Longdong","Baoxing/Longdong/Laochangxincun",1,0,68,0,"2",4,3000,1,4,34,27202.08,2,2000,1,5,0,0.5,0,0,1,1,2,3,3,2,3,4,3,3,3.33333333333333,0.0393032260640316,3.25,3.33333333333333,0,1,0,0,1,FALSE,0.5,FALSE,0,FALSE,0,,2,,0,,0,,0,,0,,0,,1,1,2,2,8.00670084544037,1.6094379124341,3.55534806148941,10.2110854811676,1.09861228866811,7.60140233458373,2.33333333333333,2.5,FALSE,0.5,0.666666666666667,"development"
47,"Baoxing","Baoxing/Longdong","Baoxing/Longdong/Longxing",1,0,50,1,"3",2,50000,0.25,12,16,42747.66,3,2000,1,5,0,0.5,1,500,1,1,3,1,4,4,3,3,,2,3,-0.24336425789199,3.25,2.66666666666667,1,0,0,0,1,FALSE,0.5,FALSE,1,FALSE,0,,2,150,0,,0,,4,,0,,0,,2,1,3,3,10.8197982842103,2.56494935746154,2.83321334405622,10.6630931288444,1.38629436111989,7.60140233458373,2.66666666666667,3,FALSE,0.25,0.04,"validation"
48,"Baoxing","Baoxing/Longdong","Baoxing/Longdong/Longxing",0,0,80,0,"2",4,5000,1,5.3,15,18004.468,0.7,600,1,4,0,0.2,0,0,,,3,2,4,2,3,3,,2,3,-1.21277595379037,3,2,0,1,0,0,1,FALSE,0.2,FALSE,0,FALSE,0,,0,,0,,0,,0,,0,,0,,0,0,,0,8.5173931714189,1.84054963339749,2.77258872223978,9.79843076852495,0.53062825106217,6.39859493453521,2.33333333333333,2.75,FALSE,0.132075471698113,0.12,"validation"
49,"Baoxing","Baoxing/Longdong","Baoxing/Longdong/Ganyanggou",1,0,55,1,"3",3,12000,0,5,23,24735.2,2,3000,2,5,0,1,1,200,1,1,2,2,4,4,4,3,4,3,3.66666666666667,0.321970710020053,3.5,3,1,0,0,0,1,FALSE,1,FALSE,1,FALSE,0,,0,,0,,0,,0,,0,,0,,0,0,,0,9.39274525863144,1.79175946922805,3.17805383034795,10.1160230367361,1.09861228866811,8.00670084544037,2.66666666666667,3,FALSE,0.4,0.25,"development"
50,"Baoxing","Baoxing/Longdong","Baoxing/Longdong/Ganyanggou",1,0,52,1,"3",4,10000,0.2,10,68,54984.88,1,200,3,5,1,0.5,0.5,50,1,1,4,4,4,2,3,,,1,3,-0.24336425789199,3.75,3,0,0,1,0,1,FALSE,0.5,FALSE,0.5,FALSE,2,,2,100,0,,0,,0,,0,,0,,2,1,2,2,9.21044036697652,2.39789527279837,4.23410650459726,10.9148317039818,0.693147180559945,5.30330490805908,3.33333333333333,3.5,FALSE,0.1,0.02,"development"
52,"Baoxing","Baoxing/Longdong","Baoxing/Longdong/Ganyanggou",1,0,60,0,"3",2,30000,1,1,33,31701.12,1,150,2,4,1,0.6,0.8,500,3,3,2,2,3,2,3,4,4,3,3.66666666666667,-0.64744098587833,2.5,3,0,1,1,0,2,FALSE,0.6,FALSE,0.8,FALSE,0,,2,200,0,,0,,0,,0,,0,,1,1,2,2,10.3089859934221,0.693147180559945,3.52636052461616,10.3641388346008,0.693147180559945,5.01727983681492,2,2.25,FALSE,1,0.005,"development"
53,"Baoxing","Baoxing/Longdong","Baoxing/Longdong/Ganyanggou",1,0,47,0,"3",4,70000,0.1,7,33,55858.52,1,1000,2,5,0,0.5,0.5,100,2,2,1,1,5,1,4,4,4,3,4,0.604638193976075,3.25,2.66666666666667,1,0,0,0,1,FALSE,0.5,FALSE,0.5,FALSE,1,,0,,0,,0,,0,,0,,0,,1,1,1,1,11.1562648066437,2.07944154167984,3.52636052461616,10.9305952465514,0.693147180559945,6.90875477931522,1,2,FALSE,0.142857142857143,0.0142857142857143,"development"
54,"Baoxing","Baoxing/Longdong","Baoxing/Longdong/Ganyanggou",1,0,43,0,"3",5,20000,0.9,8,23,51512.4,2,8000,1,5,1,0.3,0.4,50,3,3,1,2,3,4,4,4,4,3,4,0.604638193976075,3.25,2.66666666666667,0,0,1,0,1,FALSE,0.3,FALSE,0.4,FALSE,4,,0,,5,,0,,2,,0,,0,,3,1,3.66666666666667,3.66666666666667,9.90353755128617,2.19722457733622,3.17805383034795,10.849597246982,1.09861228866811,8.98732181285012,2.33333333333333,2.5,FALSE,0.25,0.4,"development"
55,"Baoxing","Baoxing/Longdong","Baoxing/Longdong/Ganyanggou",1,0,60,0,"1",4,5000,1,4,0,1534.08,1,1000,2,5,0,0.2,0.8,50,1,1,5,4,5,1,3,3,2,3,2.66666666666667,-0.526031741848012,2.5,2.33333333333333,0,0,1,0,1,FALSE,0.2,FALSE,0.8,FALSE,2,,0,,0,,0,,0,,0,,0,,1,1,2,2,8.5173931714189,1.6094379124341,0,7.33633777592708,0.693147180559945,6.90875477931522,3.33333333333333,3.75,FALSE,0.25,0.2,"development"
56,"Baoxing","Baoxing/Longdong","Baoxing/Longdong/Ganyanggou",1,0,59,1,"2",4,5000,1,1,12,1476.96,1,1000,3,5,0,0.5,0,0,2,1,1,1,2,3,4,4,4,3,4,0.604638193976075,4,3,0,0,1,0,1,FALSE,0.5,FALSE,0,FALSE,0,,1,,1,,0,,0,,0,,0,,2,1,1,1,8.5173931714189,0.693147180559945,2.56494935746154,7.29841803754246,0.693147180559945,6.90875477931522,1.66666666666667,1.75,FALSE,1,0.2,"development"
59,"Baoxing","Baoxing/Longdong","Baoxing/Longdong/Longxing",1,0,61,1,"4",2,5000,0,11.5,15,47933.18,3,0,2,5,1,0.2,0.9,0,1,2,2,2,4,4,1,3,,2,2,-1.09136670976006,3,2.66666666666667,1,0,0,0,1,FALSE,0.2,FALSE,0.9,FALSE,4,200,2,200,3,,0,,0,,0,,0,,3,1,3,3,8.5173931714189,2.52572864430826,2.77258872223978,10.7775840988664,1.38629436111989,0,2.66666666666667,3,FALSE,0.260869565217391,0,"validation"
60,"Baoxing","Baoxing/Longdong","Baoxing/Longdong/Longxing",1,0,70,1,"1",2,11009,0,23.5,24,93540.9,3,0,2,5,0,0.2,0.6,0,1,2,2,2,4,4,3,3,,2,3,-0.24336425789199,3.25,2.33333333333333,1,0,0,0,1,FALSE,0.2,FALSE,0.6,FALSE,0,,0,,0,,0,,0,,0,,0,,0,0,,0,9.30655922971673,3.19867311755068,3.2188758248682,11.4461647432395,1.38629436111989,0,2.66666666666667,3,FALSE,0.127659574468085,0,"validation"
61,"Baoxing","Baoxing/Longdong","Baoxing/Longdong/Longxing",1,0,51,0,"2",4,0,0,5,18,9055.42,1.5,0,2,4,0,0.2,0.8,80,1,2,2,2,2,4,2,3,1,3,2,-2.06077840565844,3,2.66666666666667,1,1,0,1,3,FALSE,0.2,FALSE,0.8,FALSE,0,,2,500,0,,0,,0,,0,,0,,1,1,2,2,0,1.79175946922805,2.94443897916644,9.11122917745941,0.916290731874155,0,2.66666666666667,2.5,FALSE,0.3,,"validation"
62,"Baoxing","Baoxing/Longdong","Baoxing/Longdong/Longxing",1,0,67,1,"4",3,10000,0,17,55,70294.08,3,0,2,4,0,0.2,0.6,500,1,1,2,2,4,2,4,3,3,3,3.33333333333333,-0.930108469834351,2.75,2.33333333333333,1,0,1,1,3,FALSE,0.2,FALSE,0.6,FALSE,0,,2,800,0,,0,,0,,0,,0,,1,1,2,2,9.21044036697652,2.89037175789616,4.02535169073515,11.1604570895744,1.38629436111989,0,2,2.5,FALSE,0.176470588235294,0,"validation"
63,"Baoxing","Baoxing/Longdong","Baoxing/Longdong/Longxing",1,0,69,1,"3",4,6000,0,11.3,75,87790.348,2,0,2,4,0,0.2,0.6,300,1,1,2,2,4,2,5,3,,2,4,-0.364773501922308,3.25,3.33333333333333,1,0,0,0,1,FALSE,0.2,FALSE,0.6,FALSE,0,,0,,2,,0,,0,,0,,0,,1,1,2,2,8.69968140098951,2.50959926237837,4.33073334028633,11.3827182326264,1.09861228866811,0,2,2.5,FALSE,0.176991150442478,0,"validation"
65,"Baoxing","Baoxing/Longdong","Baoxing/Longdong/Zhonggang",1,1,77,1,"2",6,10000,0,2,55,47517.04,2,0,2,4,1,0.5,1,200,1,1,2,2,4,2,4,4,3,3,3.66666666666667,-0.64744098587833,3.5,3.33333333333333,1,0,0,0,1,FALSE,0.5,FALSE,1,FALSE,2,,0,,0,,0,,2,,0,,0,,2,1,2,2,9.21044036697652,1.09861228866811,4.02535169073515,10.7688647073947,1.09861228866811,0,2,2.5,FALSE,1,0,"validation"
67,"Baoxing","Baoxing/Longdong","Baoxing/Longdong/Zhonggang",0,1,60,1,"2",3,20000,0,6,2,6179.52,1,1000,2,4,0,0.5,1,200,,,2,2,4,4,4,3,,2,3.5,-0.78877472785634,3.75,2.66666666666667,1,0,1,0,2,FALSE,0.5,FALSE,1,FALSE,0,,0,,0,,0,,0,,0,,0,,0,0,,0,9.90353755128617,1.94591014905531,1.09861228866811,8.72915768930679,0.693147180559945,6.90875477931522,2.66666666666667,3,FALSE,0.166666666666667,0.05,"validation"
68,"Baoxing","Baoxing/Longdong","Baoxing/Longdong/Zhonggang",0,1,86,1,"2",6,30000,0,10,0,102434.1,0,0,2,4,0,0.5,0,0,,,2,2,2,4,4,4,,2,4,-0.364773501922308,2.75,2.66666666666667,1,0,0,0,1,FALSE,0.5,FALSE,0,FALSE,2,,0,,0,,0,,2,,0,,0,,2,1,2,2,10.3089859934221,2.39789527279837,0,11.5369847062917,0,0,2.66666666666667,2.5,FALSE,0,0,"validation"
69,"Baoxing","Baoxing/Longdong","Baoxing/Longdong/Zhonggang",1,1,67,0,"1",5,10000,1,71,44,1039425.48,2,16500,2,4,1,0.2,1,50,1,1,3,2,4,4,4,3,,2,3.5,-0.78877472785634,3.5,3.66666666666667,1,0,0,0,1,FALSE,0.2,FALSE,1,FALSE,0,,3,100,4,,0,,3,,0,,0,,3,1,3.33333333333333,3.33333333333333,9.21044036697652,4.27666611901606,3.80666248977032,13.8541796574683,1.09861228866811,9.7111762641128,3,3.25,FALSE,0.028169014084507,1.65,"validation"
71,"Baoxing","Baoxing/Longdong","Baoxing/Longdong/Zhonggang",1,1,56,1,"3",1,15000,0,1,23,23201.12,0,0,2,4,0,0.5,1,200,1,1,2,2,4,4,4,,,1,4,-0.364773501922308,3.5,2.33333333333333,1,0,1,0,2,FALSE,0.5,FALSE,1,FALSE,0,,2,200,4,,0,,3,,0,,0,,3,1,3,3,9.61587214452889,0.693147180559945,3.17805383034795,10.0519989327899,0,0,2.66666666666667,3,FALSE,0,0,"validation"
73,"Baoxing","Baoxing/Longdong","Baoxing/Longdong/Yongxing",1,0,60,0,"3",4,11000,0,7,2,39413,3,5000,5,5,0,0.5,1,100,1,1,1,1,5,2,4,4,4,3,4,0.604638193976075,4,3,1,0,0,0,1,FALSE,0.5,FALSE,1,FALSE,2,,0,,0,,0,,1,,0,,0,,2,1,1.5,1.5,9.30574145673943,2.07944154167984,1.09861228866811,10.5818763621205,1.38629436111989,8.5173931714189,1.33333333333333,2.25,FALSE,0.428571428571429,0.454545454545455,"development"
74,"Baoxing","Baoxing/Longdong","Baoxing/Longdong/Zhonggang",1,1,70,0,"2",1,5000,1,7,34,27412.52,2,2000,1,5,0,0.6,1,100,1,1,1,1,5,1,4,4,3,3,3.66666666666667,0.321970710020053,2.75,3.66666666666667,1,0,0,0,1,FALSE,0.6,FALSE,1,FALSE,0,,0,,5,,0,,0,,0,,0,,1,1,5,5,8.5173931714189,2.07944154167984,3.55534806148941,10.2187916013362,1.09861228866811,7.60140233458373,1,2,FALSE,0.285714285714286,0.4,"validation"
75,"Baoxing","Baoxing/Longdong","Baoxing/Longdong/Zhonggang",1,1,59,0,"3",7,15000,0.1,8,23,19442.08,5,5000,1,5,0,0.3,0.5,100,1,1,1,1,5,4,4,,,1,4,0.604638193976075,3.25,3,0,0,1,0,1,FALSE,0.3,FALSE,0.5,FALSE,0,,4,30,5,,0,,3,,0,,0,,3,1,4,4,9.61587214452889,2.19722457733622,3.17805383034795,9.87524650167873,1.79175946922805,8.5173931714189,2,2.75,FALSE,0.625,0.333333333333333,"validation"
76,"Baoxing","Baoxing/Longdong","Baoxing/Longdong/Zhonggang",1,1,55,0,"3",4,50000,0.2,13,20,170278.33,7,15300,1,5,1,0.75,1,100,2,2,1,1,2,4,4,,,1,4,0.604638193976075,3,3.66666666666667,1,0,0,0,1,FALSE,0.75,FALSE,1,FALSE,1,,1,,4,,0,,2,,0,,0,,4,1,2,2,10.8197982842103,2.63905732961526,3.04452243772342,12.0451954852386,2.07944154167984,9.63567346472181,2,2,FALSE,0.538461538461538,0.306,"validation"
77,"Baoxing","Baoxing/Longdong","Baoxing/Longdong/Zhonggang",1,1,50,1,"3",2,40000,0,18,39,229418.48,5,13000,1,5,1,0.8,,500,2,2,1,1,5,1,5,,,1,5,1.45264064584414,4,3.33333333333333,1,0,0,0,1,FALSE,0.8,FALSE,2,TRUE,0,,1,200,5,,1,,1,,0,,0,,4,1,2,2,10.5966597327836,2.94443897916644,3.68887945411394,12.3433073972474,1.79175946922805,9.47278155656217,1,2,FALSE,0.277777777777778,0.325,"validation"
78,"Baoxing","Baoxing/Fengtongzhai","Baoxing/Fengtongzhai/Yanjing",1,0,50,0,"2",2,0,1,5,24,11496.8,1,2000,4,5,1,0.5,0.5,0,1,1,3,2,4,4,4,4,4,3,4,0.604638193976075,2.5,2.66666666666667,1,1,0,0,2,FALSE,0.5,FALSE,0.5,FALSE,3,200,1,200,0,,0,,0,,0,,0,,2,1,2,2,0,1.79175946922805,3.2188758248682,9.3499109917025,0.693147180559945,7.60140233458373,3,3.25,FALSE,0.2,,"validation"
80,"Baoxing","Baoxing/Fengtongzhai","Baoxing/Fengtongzhai/Dachigou",0,1,68,0,"2",2,3000,1,2,2,4645.44,1,1500,1,4,1,1,1,50,,,2,2,4,2,4,,,1,4,-0.364773501922308,3.5,3,0,0,0,0,0,FALSE,1,FALSE,1,FALSE,2,,0,,0,,0,,0,,0,,0,,1,1,2,2,8.00670084544037,1.09861228866811,1.09861228866811,8.44385661396879,0.693147180559945,7.31388683163346,2,2.5,FALSE,0.5,0.5,"development"
81,"Baoxing","Baoxing/Fengtongzhai","Baoxing/Fengtongzhai/Dachigou",0,1,70,1,"3",3,3000,1,3,12,13528.96,1,200,2,4,1,0.5,1,20,,,2,2,4,4,3,3,,2,3,-1.21277595379037,2.5,2.66666666666667,0,0,1,0,1,FALSE,0.5,FALSE,1,FALSE,0,,0,,0,,0,,0,,0,,0,,0,0,,0,8.00670084544037,1.38629436111989,2.56494935746154,9.51266176476726,0.693147180559945,5.30330490805908,2.66666666666667,3,FALSE,0.333333333333333,0.0666666666666667,"development"
83,"Baoxing","Baoxing/Longdong","Baoxing/Longdong/Zhonggang",1,1,50,1,"4",2,50000,0.3,32,50,1443101.39,5.5,50850,1,4,0,0.5,0.7,200,1,1,2,2,4,4,4,4,4,3,4,-0.364773501922308,4.5,3.33333333333333,1,1,1,0,3,FALSE,0.5,FALSE,0.7,FALSE,0,,0,,4,,0,,0,,0,,0,,1,1,4,4,10.8197982842103,3.49650756146648,3.93182563272433,14.1823057915797,1.87180217690159,10.8366550669667,2.66666666666667,3,FALSE,0.171875,1.017,"validation"
84,"Baoxing","Baoxing/Longdong","Baoxing/Longdong/Zhonggang",1,1,70,1,"1",2,3000,0,15.5,20,216208.22,9,71000,1,5,0,0.5,1,150,1,1,2,2,4,4,4,3,,2,3.5,0.180636968042042,4.75,3.33333333333333,1,1,0,0,2,FALSE,0.5,FALSE,1,FALSE,0,,0,,3,,0,,0,,0,,0,,1,1,3,3,8.00670084544037,2.80336038090653,3.04452243772342,12.2840018289764,2.30258509299405,11.1704492404313,2.66666666666667,3,FALSE,0.580645161290323,23.6666666666667,"validation"
85,"Baoxing","Baoxing/Longdong","Baoxing/Longdong/Zhonggang",1,1,50,1,"2",2,40000,0.2,28,30,523323.96,10.5,20700,1,5,1,0.5,0.7,200,1,1,2,2,4,2,4,3,,2,3.5,0.180636968042042,3.5,3,1,1,0,0,2,FALSE,0.5,FALSE,0.7,FALSE,0,,2,,4,,0,,0,,0,,0,,2,1,3,3,10.5966597327836,3.36729582998647,3.43398720448515,13.1679578885284,2.4423470353692,9.93793728726535,2,2.5,FALSE,0.375,0.5175,"validation"
86,"Baoxing","Baoxing/Longdong","Baoxing/Longdong/Zhonggang",1,1,57,1,"2",3,15000,1,13,30,55483.78,9,51100,1,4,0,0.7,0.8,200,1,1,3,2,4,3,3,4,,2,3.5,-0.78877472785634,4.25,3.33333333333333,1,0,0,0,1,FALSE,0.7,FALSE,0.8,FALSE,0,,0,,4,,0,,0,,0,,0,,1,1,4,4,9.61587214452889,2.63905732961526,3.43398720448515,10.9238640278912,2.30258509299405,10.8415593454719,2.66666666666667,3,FALSE,0.692307692307692,3.40666666666667,"validation"
87,"Baoxing","Baoxing/Longdong","Baoxing/Longdong/Zhonggang",0,1,51,0,"2",3,20000,1,12,12,176758.86,10,38000,2,5,1,,0,0,,,2,2,3,2,4,3,,2,3.5,0.180636968042042,4.25,3,1,0,0,0,1,FALSE,5,TRUE,0,FALSE,0,,2,150,4,,0,,0,,0,,0,,2,1,3,3,9.90353755128617,2.56494935746154,2.56494935746154,12.08254736721,2.39789527279837,10.5453677541517,2,2.25,FALSE,0.833333333333333,1.9,"validation"
89,"Baoxing","Baoxing/Longdong","Baoxing/Longdong/Zhonggang",1,1,54,0,"2",2,20000,1,16,23,273504.85,9,31000,1,5,0,0.4,0.7,200,1,1,2,2,4,4,3,4,,2,3.5,0.180636968042042,4.25,3,1,1,1,0,3,FALSE,0.4,FALSE,0.7,FALSE,0,,2,200,3,,0,,0,,0,,0,,2,1,2.5,2.5,9.90353755128617,2.83321334405622,3.17805383034795,12.5190782900121,2.30258509299405,10.3417747410115,2.66666666666667,3,FALSE,0.5625,1.55,"validation"
90,"Baoxing","Baoxing/Fengtongzhai","Baoxing/Fengtongzhai/Dachigou",0,1,72,0,"2",3,0,0,3.5,24,11256.92,0.25,180,4,5,0,0.75,0,0,,,1,1,1,1,3,3,,2,3,-0.24336425789199,3.5,3,0,0,0,0,0,FALSE,0.75,FALSE,0,FALSE,0,,0,,0,,0,,0,,0,,0,,0,0,,0,0,1.50407739677627,3.2188758248682,9.32882715994081,0.22314355131421,5.19849703126583,1,1,FALSE,0.0714285714285714,,"development"
91,"Baoxing","Baoxing/Fengtongzhai","Baoxing/Fengtongzhai/Dachigou",1,1,48,1,"5",5,150000,0.75,6,200,308934,0.2,200,1,5,0,1,1,200,1,1,1,2,1,1,5,5,,2,5,1.45264064584414,3.25,3.33333333333333,1,0,1,0,2,FALSE,1,FALSE,1,FALSE,0,,3,200,4,,0,,2,,0,,0,,3,1,3,3,11.9183972397228,1.94591014905531,5.30330490805908,12.6408861777649,0.182321556793955,5.30330490805908,1.33333333333333,1.25,FALSE,0.0333333333333333,0.00133333333333333,"development"
92,"Baoxing","Baoxing/Fengtongzhai","Baoxing/Fengtongzhai/Dachigou",0,1,82,1,"2",4,5500,0,4,35,11738.7,0.1,100,1,5,0,1,1,200,,,1,1,4,1,5,3,,2,4,0.604638193976075,3.75,3,0,0,0,0,0,FALSE,1,FALSE,1,FALSE,0,,0,,0,,0,,0,,0,,0,,0,0,,0,8.61268517287546,1.6094379124341,3.58351893845611,9.3707315393929,0.0953101798043249,4.61512051684126,1,1.75,FALSE,0.025,0.0181818181818182,"development"
95,"Baoxing","Baoxing/Fengtongzhai","Baoxing/Fengtongzhai/Yanjing",1,1,67,1,"2",2,0,0,4.1,7,5897.116,1.5,2200,1,5,0,1,0,0,1,3,1,1,1,1,4,5,,2,4.5,1.02863941991011,3.75,3.33333333333333,1,0,0,0,1,FALSE,1,FALSE,0,FALSE,0,,0,,0,,0,,0,,0,,0,,0,0,,0,0,1.62924053973028,2.07944154167984,8.68238825686578,0.916290731874155,7.69666708152646,1,1,FALSE,0.365853658536585,,"validation"
96,"Baoxing","Baoxing/Fengtongzhai","Baoxing/Fengtongzhai/Dachigou",1,1,50,1,"2",6,0,0,4,18,8625.32,0.2,0,2,5,3,0.5,0.8,25,1,1,1,1,4,2,5,5,,2,5,1.45264064584414,3,2.66666666666667,0,0,0,0,0,FALSE,0.5,FALSE,0.8,FALSE,0,,0,,0,,0,,0,,0,,0,,0,0,,0,0,1.6094379124341,2.94443897916644,9.06257327366786,0.182321556793955,0,1.33333333333333,2,FALSE,0.05,,"development"
97,"Baoxing","Baoxing/Fengtongzhai","Baoxing/Fengtongzhai/Dachigou",1,1,60,0,"2",1,0,0,3.8,13,8111.648,1.5,0,2,4,1,0.2,0.6,0,1,1,2,2,3,4,3,3,,2,3,-1.21277595379037,2.5,3,0,1,0,0,1,FALSE,0.2,FALSE,0.6,FALSE,0,,0,,2,,0,,2,,0,,0,,2,1,2,2,0,1.56861591791385,2.63905732961526,9.0011796042974,0.916290731874155,0,2.66666666666667,2.75,FALSE,0.394736842105263,,"development"
99,"Baoxing","Baoxing/Fengtongzhai","Baoxing/Fengtongzhai/Mingzhi",1,0,56,0,"3",5,25000,0,2.1,33,23889.887,1,0,2,4,0,0.6,1,0,1,1,2,2,4,2,5,3,,2,4,-0.364773501922308,2.75,2.33333333333333,0,1,0,1,2,FALSE,0.6,FALSE,1,FALSE,0,,2,160,0,,4,,0,,0,,0,,2,1,3,3,10.1266711030504,1.1314021114911,3.52636052461616,10.0812523681363,0.693147180559945,0,2,2.5,FALSE,0.476190476190476,0,"validation"
100,"Baoxing","Baoxing/Fengtongzhai","Baoxing/Fengtongzhai/Yanjing",1,0,77,1,"2",2,0,0,8,14,28076.15,4,0,2,4,1,0.2,0.6,120,1,2,2,2,4,2,5,5,,2,5,0.483228949945757,2.5,2.33333333333333,1,1,0,1,3,FALSE,0.2,FALSE,0.6,FALSE,0,,1,100,3,,0,,1,,0,,0,,3,1,1.66666666666667,1.66666666666667,0,2.19722457733622,2.70805020110221,10.2427113572622,1.6094379124341,0,2,2.5,FALSE,0.5,,"validation"
106,"Baoxing","Baoxing/Fengtongzhai","Baoxing/Fengtongzhai/Mingzhi",0,0,43,0,"3",6,30000,0.1,3,0,1150.56,1,1000,2,4,0,0.5,1,100,,,4,4,2,2,4,4,3,3,3.66666666666667,-0.64744098587833,2.25,2,0,1,0,0,1,FALSE,0.5,FALSE,1,FALSE,1,100,0,,0,,0,,0,,0,,0,,1,1,1,1,10.3089859934221,1.38629436111989,0,7.04887282385203,0.693147180559945,6.90875477931522,3.33333333333333,3,FALSE,0.333333333333333,0.0333333333333333,"validation"
108,"Baoxing","Baoxing/Fengtongzhai","Baoxing/Fengtongzhai/Dachigou",1,1,62,1,"5",2,10000,1,8,22,68293.92,2,2000,4,5,0,0.7,1,100,2,1,2,2,4,4,4,3,3,3,3.33333333333333,0.0393032260640316,3.25,3.33333333333333,0,0,1,0,1,FALSE,0.7,FALSE,1,FALSE,2,100,0,,0,,3,,0,,0,,0,,2,1,2.5,2.5,9.21044036697652,2.19722457733622,3.13549421592915,11.1315906650475,1.09861228866811,7.60140233458373,2.66666666666667,3,FALSE,0.25,0.2,"development"
110,"Baoxing","Baoxing/Fengtongzhai","Baoxing/Fengtongzhai/Dengchigou",1,1,60,1,"3",5,20000,0.15,14,48,193414.46,1,1000,1,5,1,0.6,0.8,200,1,1,1,2,4,4,4,5,4,3,4.33333333333333,0.887305677932096,4,4,1,0,0,0,1,FALSE,0.6,FALSE,0.8,FALSE,1,2000,1,200,3,,0,,1,,0,,0,,4,1,1.5,1.5,9.90353755128617,2.70805020110221,3.89182029811063,12.1725957967589,0.693147180559945,6.90875477931522,2.33333333333333,2.75,FALSE,0.0714285714285714,0.05,"development"
114,"Baoxing","Baoxing/Fengtongzhai","Baoxing/Fengtongzhai/Dengchigou",1,1,47,1,"2",3,50000,0.35,8,33,186933.8,1,1000,1,5,0,0.5,1,30,2,1,1,2,4,1,4,,,1,4,0.604638193976075,3.25,3.66666666666667,1,0,0,0,1,FALSE,0.5,FALSE,1,FALSE,1,,1,,5,,0,,2,,0,,0,,4,1,2.25,2.25,10.8197982842103,2.19722457733622,3.52636052461616,12.138515171938,0.693147180559945,6.90875477931522,1.33333333333333,2,FALSE,0.125,0.02,"development"
115,"Baoxing","Baoxing/Fengtongzhai","Baoxing/Fengtongzhai/Dengchigou",0,1,62,1,"1",6,30000,0,4,13,153790.88,1,1000,2,4,0,0.5,1,300,,,2,2,4,4,4,3,3,3,3.33333333333333,-0.930108469834351,2.75,2.66666666666667,0,0,1,0,1,FALSE,0.5,FALSE,1,FALSE,3,200,3,30,4,,0,,2,,0,,0,,4,1,3,3,10.3089859934221,1.6094379124341,2.63905732961526,11.9433555388212,0.693147180559945,6.90875477931522,2.66666666666667,3,FALSE,0.25,0.0333333333333333,"development"
116,"Baoxing","Baoxing/Fengtongzhai","Baoxing/Fengtongzhai/Dengchigou",1,1,59,0,"1",1,12000,0,3,16,72775.52,1,1000,1,5,0,0.5,0.8,100,1,1,1,1,1,1,3,4,,2,3.5,0.180636968042042,3,4,1,0,0,1,2,FALSE,0.5,FALSE,0.8,FALSE,0,,1,,0,,0,,0,,0,,0,,1,1,1,1,9.39274525863144,1.38629436111989,2.83321334405622,11.1951486546891,0.693147180559945,6.90875477931522,1,1,FALSE,0.333333333333333,0.0833333333333333,"development"
117,"Baoxing","Baoxing/Fengtongzhai","Baoxing/Fengtongzhai/Dengchigou",0,1,64,1,"2",2,10000,0,4,11,9928.72,2,2000,2,4,0,0.5,1,300,,,2,2,4,2,4,3,3,3,3.33333333333333,-0.930108469834351,3.25,2.66666666666667,1,0,1,0,2,FALSE,0.5,FALSE,1,FALSE,2,,2,100,0,,0,,0,,0,,0,,2,1,2,2,9.21044036697652,1.6094379124341,2.484906649788,9.20328755925999,1.09861228866811,7.60140233458373,2,2.5,FALSE,0.5,0.2,"development"
118,"Baoxing","Baoxing/Fengtongzhai","Baoxing/Fengtongzhai/Dengchigou",1,1,71,1,"1",2,6000,0,2,40,17761.64,2,2500,2,4,0,0.5,0,200,2,2,2,2,4,2,4,4,3,3,3.66666666666667,-0.64744098587833,3.75,3,1,0,0,0,1,FALSE,0.5,FALSE,0,FALSE,0,,2,200,4,,0,,0,,0,,0,,2,1,3,3,8.69968140098951,1.09861228866811,3.71357206670431,9.78485265414769,1.09861228866811,7.82444593087762,2,2.5,FALSE,1,0.416666666666667,"development"
119,"Baoxing","Baoxing/Fengtongzhai","Baoxing/Fengtongzhai/Dengchigou",1,1,67,0,"2",6,4000,0,7,3,23135.2,2,2500,2,4,1,0.5,1,100,1,1,2,2,2,2,4,4,3,3,3.66666666666667,-0.64744098587833,3,3,1,1,0,0,2,FALSE,0.5,FALSE,1,FALSE,2,200,1,150,4,,0,,2,,0,,0,,4,1,2.25,2.25,8.29429960885724,2.07944154167984,1.38629436111989,10.0491537694578,1.09861228866811,7.82444593087762,2,2,FALSE,0.285714285714286,0.625,"development"
120,"Baoxing","Baoxing/Fengtongzhai","Baoxing/Fengtongzhai/Dengchigou",1,1,61,0,"3",10,30000,0,5,54,195575.2,1,1200,2,4,0,0.5,1,300,1,1,1,2,4,2,4,4,,2,4,-0.364773501922308,2.75,2.66666666666667,1,0,0,0,1,FALSE,0.5,FALSE,1,FALSE,2,1000,2,500,4,,0,,4,,0,,0,,4,1,3,3,10.3089859934221,1.79175946922805,4.00733318523247,12.183705352288,0.693147180559945,7.09090982207998,1.66666666666667,2.25,FALSE,0.2,0.04,"development"
121,"Baoxing","Baoxing/Fengtongzhai","Baoxing/Fengtongzhai/Dengchigou",1,1,56,0,"3",8,20000,0,4,0,1534.08,2,2500,2,4,0,0.7,1,300,1,1,2,2,2,4,4,,,1,4,-0.364773501922308,3.5,2.66666666666667,0,1,0,0,1,FALSE,0.7,FALSE,1,FALSE,0,,2,300,4,,0,,2,,0,,0,,3,1,2.66666666666667,2.66666666666667,9.90353755128617,1.6094379124341,0,7.33633777592708,1.09861228866811,7.82444593087762,2.66666666666667,2.5,FALSE,0.5,0.125,"development"
122,"Baoxing","Baoxing/Fengtongzhai","Baoxing/Fengtongzhai/Dengchigou",0,1,60,0,"2",5,30000,0,2,4,8523.84,1,1300,2,4,0,0.5,1,300,,,2,2,2,4,3,4,4,3,3.66666666666667,-0.64744098587833,3.25,3,1,1,0,0,2,FALSE,0.5,FALSE,1,FALSE,2,800,3,100,0,,0,,2,,0,,0,,3,1,2.33333333333333,2.33333333333333,10.3089859934221,1.09861228866811,1.6094379124341,9.05073953364714,0.693147180559945,7.1708884785125,2.66666666666667,2.5,FALSE,0.5,0.0433333333333333,"development"
123,"Baoxing","Baoxing/Fengtongzhai","Baoxing/Fengtongzhai/Dengchigou",1,1,52,0,"2",6,30000,0.5,13,29,124327.38,2.5,6000,2,4,1,0.5,0.7,300,1,1,2,2,4,4,4,3,,2,3.5,-0.78877472785634,3.75,2.33333333333333,1,1,1,0,3,FALSE,0.5,FALSE,0.7,FALSE,4,800,3,0,4,,0,,4,,0,,0,,4,1,3.75,3.75,10.3089859934221,2.63905732961526,3.40119738166216,11.7306815700222,1.25276296849537,8.69968140098951,2.66666666666667,3,FALSE,0.192307692307692,0.2,"development"
124,"Baoxing","Baoxing/Fengtongzhai","Baoxing/Fengtongzhai/Dengchigou",1,1,61,0,"3",2,5000,1,7,35,232307.04,3,3500,1,5,0,0.5,0.7,200,1,1,2,2,4,4,3,4,,2,3.5,0.180636968042042,3,3,1,1,1,0,3,FALSE,0.5,FALSE,0.7,FALSE,3,0,2,,0,,0,,3,,0,,0,,3,1,2.66666666666667,2.66666666666667,8.5173931714189,2.07944154167984,3.58351893845611,12.3558195285771,1.38629436111989,8.16080392095467,2.66666666666667,3,FALSE,0.428571428571429,0.7,"development"
125,"Baoxing","Baoxing/Fengtongzhai","Baoxing/Fengtongzhai/Dengchigou",1,1,65,1,"3",6,20000,0.1,3,27,13279.76,1,1200,1,4,1,0.5,0.7,200,1,3,2,2,4,4,3,4,,2,3.5,-0.78877472785634,3.25,3,1,1,1,0,3,FALSE,0.5,FALSE,0.7,FALSE,4,,0,,0,,0,,4,,0,,0,,2,1,4,4,9.90353755128617,1.38629436111989,3.3322045101752,9.49407165030857,0.693147180559945,7.09090982207998,2.66666666666667,3,FALSE,0.333333333333333,0.06,"development"
126,"Baoxing","Baoxing/Fengtongzhai","Baoxing/Fengtongzhai/Dengchigou",1,1,71,1,"2",4,2000,1,2,11,8831.36,2,2000,1,4,0,1,0,0,1,1,2,2,4,2,3,3,3,3,3,-1.21277595379037,3.5,2.66666666666667,1,0,0,0,1,FALSE,1,FALSE,0,FALSE,2,,3,100,4,,0,,0,,0,,0,,3,1,3,3,7.60140233458373,1.09861228866811,2.484906649788,9.08617752855574,1.09861228866811,7.60140233458373,2,2.5,FALSE,1,1,"development"
127,"Baoxing","Baoxing/Fengtongzhai","Baoxing/Fengtongzhai/Dengchigou",0,1,61,1,"1",6,20000,1,6,50,203430.72,0.5,600,1,4,0,0.5,0.7,100,,,2,2,4,4,3,3,4,3,3.33333333333333,-0.930108469834351,3.25,3,0,1,0,0,1,FALSE,0.5,FALSE,0.7,FALSE,2,,2,,4,,0,,0,,0,,0,,3,1,2.66666666666667,2.66666666666667,9.90353755128617,1.94591014905531,3.93182563272433,12.2230856993071,0.405465108108164,6.39859493453521,2.66666666666667,3,FALSE,0.0833333333333333,0.03,"development"
128,"Baoxing","Baoxing/Fengtongzhai","Baoxing/Fengtongzhai/Dengchigou",1,1,36,1,"2",4,25000,0,4,12,11207.28,0,0,1,4,1,0.6,0,0,1,1,2,2,4,3,4,3,,2,3.5,-0.78877472785634,4.5,4,1,1,0,0,2,FALSE,0.6,FALSE,0,FALSE,3,,2,200,3,,0,,0,,0,,0,,3,1,2.66666666666667,2.66666666666667,10.1266711030504,1.6094379124341,2.56494935746154,9.3244080698604,0,0,2.33333333333333,2.75,FALSE,0,0,"development"
129,"Baoxing","Baoxing/Qiaoqi","Baoxing/Qiaoqi/Jiala",1,1,41,1,"3",6,120000,1,20,75,863355.4,3,4000,1,4,0,1,0,0,1,1,2,2,4,4,4,3,3,3,3.33333333333333,-0.930108469834351,4.25,3,0,1,0,0,1,FALSE,1,FALSE,0,FALSE,2,8000,2,150,4,,0,,0,,0,,0,,3,1,2.66666666666667,2.66666666666667,11.6952553550628,3.04452243772342,4.33073334028633,13.6685828627974,1.38629436111989,8.29429960885724,2.66666666666667,3,FALSE,0.15,0.0333333333333333,"development"
130,"Baoxing","Baoxing/Qiaoqi","Baoxing/Qiaoqi/Jiala",1,1,73,1,"1",1,20000,1,8,125,350416.5,0.2,200,1,4,1,0.5,0,0,1,1,2,2,4,4,3,3,4,3,3.33333333333333,-0.930108469834351,3.5,3,0,1,0,0,1,FALSE,0.5,FALSE,0,FALSE,2,,2,,3,,0,,0,,0,,0,,3,1,2.33333333333333,2.33333333333333,9.90353755128617,2.19722457733622,4.83628190695148,12.7668805797196,0.182321556793955,5.30330490805908,2.66666666666667,3,FALSE,0.025,0.01,"development"
131,"Baoxing","Baoxing/Qiaoqi","Baoxing/Qiaoqi/Jiajinshan",1,1,51,0,"2",5,130000,1,23,191,1406449.68,2,2000,1,5,0,0.5,0.7,1500,1,1,2,2,2,2,2,3,4,3,3,-0.24336425789199,4.25,3.66666666666667,1,1,1,0,3,FALSE,0.5,FALSE,0.7,FALSE,2,5000,0,,3,,0,,0,,0,,0,,2,1,2.5,2.5,11.7752974217158,3.17805383034795,5.25749537202778,14.1565798405311,1.09861228866811,7.60140233458373,2,2,FALSE,0.0869565217391304,0.0153846153846154,"development"
132,"Baoxing","Baoxing/Qiaoqi","Baoxing/Qiaoqi/Jiajinshan",1,1,45,0,"1",7,50000,1,12,104,435719.76,1.5,700,1,5,1,0.5,1,500,1,1,2,2,4,4,2,3,3,3,2.66666666666667,-0.526031741848012,4.75,3,1,1,1,0,3,FALSE,0.5,FALSE,1,FALSE,2,5000,2,200,3,,0,,0,,0,,0,,3,1,2.33333333333333,2.33333333333333,10.8197982842103,2.56494935746154,4.65396035015752,12.9847568584343,0.916290731874155,6.55250788703459,2.66666666666667,3,FALSE,0.125,0.014,"development"
133,"Baoxing","Baoxing/Qiaoqi","Baoxing/Qiaoqi/Jiajinshan",1,1,60,1,"2",4,150000,1,24,255,2069630.36,1.3,1400,1,4,1,0.65,0,0,1,1,2,2,2,4,4,3,,2,3.5,-0.78877472785634,4,4,0,1,1,0,2,FALSE,0.65,FALSE,0,FALSE,3,10000,2,0,4,,0,,0,,0,,0,,3,1,3,3,11.9183972397228,3.2188758248682,5.54517744447956,14.5428810624257,0.832909122935104,7.24494154633701,2.66666666666667,2.5,FALSE,0.0541666666666667,0.00933333333333333,"development"
135,"Baoxing","Baoxing/Qiaoqi","Baoxing/Qiaoqi/Jiala",1,1,62,1,"1",5,120000,1,16,210,850926.48,0.5,500,1,4,0,0.5,0.7,500,1,1,2,2,3,4,4,3,,2,3.5,-0.78877472785634,3.25,3.33333333333333,1,1,0,0,2,FALSE,0.5,FALSE,0.7,FALSE,2,,0,,4,,0,,0,,0,,0,,2,1,3,3,11.6952553550628,2.83321334405622,5.35185813347607,13.654082186533,0.405465108108164,6.21660610108486,2.66666666666667,2.75,FALSE,0.03125,0.00416666666666667,"development"
136,"Baoxing","Baoxing/Qiaoqi","Baoxing/Qiaoqi/Jiajinshan",1,1,57,0,"1",2,30000,1,8,172,3087729.16,1.5,2000,1,4,0,0.7,0.8,15000,1,1,2,2,2,4,4,3,4,3,3.66666666666667,-0.64744098587833,4.5,3.33333333333333,1,1,0,0,2,FALSE,0.7,FALSE,0.8,FALSE,2,10000,0,,4,,0,,0,,0,,0,,2,1,3,3,10.3089859934221,2.19722457733622,5.15329159449778,14.942946802889,0.916290731874155,7.60140233458373,2.66666666666667,2.5,FALSE,0.1875,0.0666666666666667,"development"
137,"Baoxing","Baoxing/Qiaoqi","Baoxing/Qiaoqi/Jiala",1,0,55,0,"2",4,30000,1,14,21,322631.84,3,5000,1,4,1,0.2,0.7,200,1,1,1,2,3,2,3,4,4,3,3.66666666666667,-0.64744098587833,3.75,4,1,1,0,0,2,FALSE,0.2,FALSE,0.7,FALSE,3,5000,3,200,4,,0,,0,,0,,0,,3,1,3.33333333333333,3.33333333333333,10.3089859934221,2.70805020110221,3.09104245335832,12.6842702373843,1.38629436111989,8.5173931714189,1.66666666666667,2,FALSE,0.214285714285714,0.166666666666667,"development"
138,"Baoxing","Baoxing/Qiaoqi","Baoxing/Qiaoqi/Jiala",1,0,55,0,"2",4,30000,1,14,21,322631.84,3,5000,1,4,1,0.2,0.7,200,1,1,1,2,3,2,3,4,4,3,3.66666666666667,-0.64744098587833,3.75,4,1,1,0,0,2,FALSE,0.2,FALSE,0.7,FALSE,3,5000,3,200,4,,0,,0,,0,,0,,3,1,3.33333333333333,3.33333333333333,10.3089859934221,2.70805020110221,3.09104245335832,12.6842702373843,1.38629436111989,8.5173931714189,1.66666666666667,2,FALSE,0.214285714285714,0.166666666666667,"development"
139,"Baoxing","Baoxing/Qiaoqi","Baoxing/Qiaoqi/Jiajinshan",1,1,57,1,"2",4,2e+05,0.6,29,183,1578809.16,6,6000,1,5,1,0.8,0.8,3000,1,1,1,1,3,1,5,5,,2,5,1.45264064584414,4.25,3.66666666666667,0,1,0,0,1,FALSE,0.8,FALSE,0.8,FALSE,1,,1,,1,,0,,1,,0,,0,,4,1,1,1,12.2060776455177,3.40119738166216,5.21493575760899,14.2721820580174,1.94591014905531,8.69968140098951,1,1.5,FALSE,0.206896551724138,0.03,"development"
140,"Baoxing","Baoxing/Qiaoqi","Baoxing/Qiaoqi/Jiajinshan",1,1,74,1,"2",6,150000,0.8,21,213,1143753.88,4,4000,1,5,1,0.5,0.5,3000,2,1,1,1,3,4,4,3,,2,3.5,0.180636968042042,4,3.33333333333333,1,1,0,0,2,FALSE,0.5,FALSE,0.5,FALSE,4,,0,,4,,0,,3,,0,,0,,3,1,3.66666666666667,3.66666666666667,11.9183972397228,3.09104245335832,5.36597601502185,13.9498271622294,1.6094379124341,8.29429960885724,2,2.25,FALSE,0.19047619047619,0.0266666666666667,"development"
141,"Baoxing","Baoxing/Qiaoqi","Baoxing/Qiaoqi/Jiajinshan",1,1,57,1,"4",6,12000,0.8,30,146,1009031.6,2,1100,2,4,1,0.7,1,1500,1,1,2,2,4,4,4,3,3,3,3.33333333333333,-0.930108469834351,3.75,3,0,0,1,0,1,FALSE,0.7,FALSE,1,FALSE,2,20000,2,200,4,,0,,0,,0,,0,,3,1,2.66666666666667,2.66666666666667,9.39274525863144,3.43398720448515,4.99043258677874,13.8245026080309,1.09861228866811,7.00397413672268,2.66666666666667,3,FALSE,0.0666666666666667,0.0916666666666667,"development"
142,"Baoxing","Baoxing/Qiaoqi","Baoxing/Qiaoqi/Jiajinshan",1,1,36,1,"2",6,150000,0.5,26,141,1000304.4,4,4000,1,5,1,0.8,0.8,4000,2,1,1,1,2,1,3,4,,2,3.5,0.180636968042042,4.25,3.66666666666667,1,1,0,0,2,FALSE,0.8,FALSE,0.8,FALSE,1,,1,,1,,0,,1,,0,,0,,4,1,1,1,11.9183972397228,3.29583686600433,4.95582705760126,13.8158159113392,1.6094379124341,8.29429960885724,1,1.25,FALSE,0.153846153846154,0.0266666666666667,"development"
143,"Baoxing","Baoxing/Qiaoqi","Baoxing/Qiaoqi/Jiajinshan",0,1,85,0,"1",3,9000,1,24,20,183468.48,1,1200,2,4,1,0.5,1,50,,,2,2,2,2,4,,,1,4,-0.364773501922308,3.75,3,0,1,1,0,2,FALSE,0.5,FALSE,1,FALSE,2,20000,2,,4,,0,,0,,0,,0,,3,1,2.66666666666667,2.66666666666667,9.10509096125709,3.2188758248682,3.04452243772342,12.1198036111179,0.693147180559945,7.09090982207998,2,2,FALSE,0.0416666666666667,0.133333333333333,"development"
144,"Baoxing","Baoxing/Qiaoqi","Baoxing/Qiaoqi/Jiajinshan",1,1,53,0,"1",4,103000,1,18,110,1099912.44,4,4000,1,5,1,1,1,2000,1,1,1,1,2,1,4,3,,2,3.5,0.180636968042042,3.25,4,1,0,0,0,1,FALSE,1,FALSE,1,FALSE,1,,1,,1,,0,,1,,0,,0,,4,1,1,1,11.5424939759025,2.94443897916644,4.70953020131233,13.9107420437632,1.6094379124341,8.29429960885724,1,1.25,FALSE,0.222222222222222,0.0388349514563107,"development"
145,"Baoxing","Baoxing/Qiaoqi","Baoxing/Qiaoqi/Jiajinshan",1,1,49,0,"2",4,65000,0.63,18,83,266232.32,5,5000,1,5,1,0.5,1,2000,1,1,1,1,2,4,4,3,,2,3.5,0.180636968042042,3.75,3.33333333333333,1,1,0,0,2,FALSE,0.5,FALSE,1,FALSE,1,,1,,1,,0,,1,,0,,0,,4,1,1,1,11.0821579333748,2.94443897916644,4.43081679884331,12.492128346156,1.79175946922805,8.5173931714189,2,2,FALSE,0.277777777777778,0.0769230769230769,"development"
146,"Baoxing","Baoxing/Qiaoqi","Baoxing/Qiaoqi/Jiajinshan",0,1,53,1,"1",1,60000,1,10,159,1709507.4,2,2200,2,4,1,0.5,1,300,,,2,2,2,4,4,4,,2,4,-0.364773501922308,3.5,3.33333333333333,0,1,1,0,2,FALSE,0.5,FALSE,1,FALSE,0,,0,,4,,0,,0,,0,,0,,1,1,4,4,11.002116507732,2.39789527279837,5.07517381523383,14.3517164017669,1.09861228866811,7.69666708152646,2.66666666666667,2.5,FALSE,0.2,0.0366666666666667,"development"
147,"Baoxing","Baoxing/Qiaoqi","Baoxing/Qiaoqi/Jiajinshan",1,1,54,0,"1",5,150000,1,28,230,1988601.32,8,8000,1,5,1,0.9,0.9,1000,2,1,1,1,2,4,3,3,4,3,3.33333333333333,0.0393032260640316,3,4,1,1,0,0,2,FALSE,0.9,FALSE,0.9,FALSE,1,,1,,1,,0,,0,,0,,0,,3,1,1,1,11.9183972397228,3.36729582998647,5.44241771052179,14.5029425981773,2.19722457733622,8.98732181285012,2,2,FALSE,0.285714285714286,0.0533333333333333,"development"
148,"Baoxing","Baoxing/Qiaoqi","Baoxing/Qiaoqi/Jiala",1,1,73,1,"1",2,10000,1,37,49,639000.88,2,2000,1,5,0,0.5,0.8,860,1,1,1,1,5,1,3,,,1,3,-0.24336425789199,3.5,4,1,0,0,0,1,FALSE,0.5,FALSE,0.8,FALSE,1,,2,200,3,,0,,0,,0,,0,,3,1,2,2,9.21044036697652,3.63758615972639,3.91202300542815,13.3676626754524,1.09861228866811,7.60140233458373,1,2,FALSE,0.0540540540540541,0.2,"development"
150,"Baoxing","Baoxing/Qiaoqi","Baoxing/Qiaoqi/Jiala",1,1,69,1,"2",2,20000,1,9,39,407565.56,2,1400,1,5,1,0.5,0.7,80,1,1,1,1,2,1,3,4,,2,3.5,0.180636968042042,3.25,3.66666666666667,1,0,0,0,1,FALSE,0.5,FALSE,0.7,FALSE,1,,1,,4,,0,,0,,0,,0,,3,1,2,2,9.90353755128617,2.30258509299405,3.68887945411394,12.9179595357483,1.09861228866811,7.24494154633701,1,1.25,FALSE,0.222222222222222,0.07,"development"
151,"Baoxing","Baoxing/Qiaoqi","Baoxing/Qiaoqi/Jiala",0,1,63,1,"1",7,12000,1,17,142,646684.2,1,3000,2,4,0,0.8,1,100,,,2,2,2,4,4,4,3,3,3.66666666666667,-0.64744098587833,3.75,3.66666666666667,1,0,1,0,2,FALSE,0.8,FALSE,1,FALSE,2,10000,2,100,4,,0,,0,,0,,0,,3,1,2.66666666666667,2.66666666666667,9.39274525863144,2.89037175789616,4.96284463025991,13.3796149017545,0.693147180559945,8.00670084544037,2.66666666666667,2.5,FALSE,0.0588235294117647,0.25,"development"
152,"Baoxing","Baoxing/Qiaoqi","Baoxing/Qiaoqi/Jiala",1,1,51,1,"1",4,20000,1,4,48,434840.04,2,2000,1,5,1,0.5,0.7,80,1,1,1,1,2,1,3,3,,2,3,-0.24336425789199,4.5,3.66666666666667,1,0,0,0,1,FALSE,0.5,FALSE,0.7,FALSE,3,,1,,2,,0,,0,,0,,0,,3,1,2,2,9.90353755128617,1.6094379124341,3.89182029811063,12.9827358179994,1.09861228866811,7.60140233458373,1,1.25,FALSE,0.5,0.1,"development"
153,"Baoxing","Baoxing/Qiaoqi","Baoxing/Qiaoqi/Jiala",1,1,67,1,"1",5,50000,1,10,31,366509.2,2,1700,1,5,1,0.8,0.8,200,1,1,1,1,5,2,5,3,,2,4,0.604638193976075,3.5,3.33333333333333,1,0,0,0,1,FALSE,0.8,FALSE,0.8,FALSE,1,,1,,2,,0,,0,,0,,0,,3,1,1.33333333333333,1.33333333333333,10.8197982842103,2.39789527279837,3.46573590279973,12.8117816307538,1.09861228866811,7.43897159239586,1.33333333333333,2.25,FALSE,0.2,0.034,"development"
154,"Baoxing","Baoxing/Qiaoqi","Baoxing/Qiaoqi/Jiala",1,1,59,1,"1",3,60000,1,19,154,751573.44,1,3000,2,4,0,0.8,1,0,1,1,2,2,2,4,4,3,,2,3.5,-0.78877472785634,3.75,3,0,0,1,0,1,FALSE,0.8,FALSE,1,FALSE,2,10000,0,,4,,0,,2,,0,,0,,3,1,2.66666666666667,2.66666666666667,11.002116507732,2.99573227355399,5.04342511691925,13.5299255384924,0.693147180559945,8.00670084544037,2.66666666666667,2.5,FALSE,0.0526315789473684,0.05,"development"
155,"Baoxing","Baoxing/Qiaoqi","Baoxing/Qiaoqi/Jiala",1,1,51,0,"1",2,30000,1,15,40,413137.32,3,3000,1,5,1,0.5,0.5,600,2,1,1,1,3,1,4,,,1,4,0.604638193976075,3.75,3.66666666666667,1,0,0,0,1,FALSE,0.5,FALSE,0.5,FALSE,1,,0,,3,,0,,0,,0,,0,,2,1,2,2,10.3089859934221,2.77258872223978,3.71357206670431,12.9315377311258,1.38629436111989,8.00670084544037,1,1.5,FALSE,0.2,0.1,"development"
156,"Baoxing","Baoxing/Qiaoqi","Baoxing/Qiaoqi/Jiala",0,1,80,1,"1",2,10000,0,2,14,7261.72,2,1200,2,5,1,0.5,0.5,0,,,1,1,3,1,4,,,1,4,0.604638193976075,4.75,3,0,1,0,0,1,FALSE,0.5,FALSE,0.5,FALSE,0,,0,,0,,0,,0,,0,,0,,0,0,,0,9.21044036697652,1.09861228866811,2.70805020110221,8.89050969330032,1.09861228866811,7.09090982207998,1,1.5,FALSE,1,0.12,"development"
157,"Baoxing","Baoxing/Qiaoqi","Baoxing/Qiaoqi/Jiala",0,1,73,1,"2",1,0,0,9,12,211143.76,2,4000,2,5,0,0.5,1,200,,,1,2,2,2,4,,,1,4,0.604638193976075,3.25,2.66666666666667,0,0,0,0,0,FALSE,0.5,FALSE,1,FALSE,0,,0,,4,,0,,0,,0,,0,,1,1,4,4,0,2.30258509299405,2.56494935746154,12.260299243573,1.09861228866811,8.29429960885724,1.66666666666667,1.75,FALSE,0.222222222222222,,"development"
158,"Baoxing","Baoxing/Qiaoqi","Baoxing/Qiaoqi/Jiala",1,1,70,1,"2",2,40000,1,9,41,621811.92,3,2600,1,5,1,0.5,0.5,600,1,1,1,1,3,2,4,4,,2,4,0.604638193976075,4.5,3,1,0,0,0,1,FALSE,0.5,FALSE,0.5,FALSE,1,,1,,3,,0,,0,,0,,0,,3,1,1.66666666666667,1.66666666666667,10.5966597327836,2.30258509299405,3.73766961828337,13.3403945547763,1.38629436111989,7.86365126544865,1.33333333333333,1.75,FALSE,0.333333333333333,0.065,"development"
159,"Baoxing","Baoxing/Qiaoqi","Baoxing/Qiaoqi/Jiala",0,1,68,1,"1",1,0,0,8,23,309797.12,1,2000,1,5,0,0.5,1,200,,,3,2,2,4,4,3,,2,3.5,0.180636968042042,3.25,3.33333333333333,0,0,1,0,1,FALSE,0.5,FALSE,1,FALSE,3,2000,0,,4,,0,,0,,0,,0,,2,1,3.5,3.5,0,2.19722457733622,3.17805383034795,12.6436761385152,0.693147180559945,7.60140233458373,3,2.75,FALSE,0.125,,"development"
160,"Baoxing","Baoxing/Qiaoqi","Baoxing/Qiaoqi/Jiala",1,1,57,1,"3",5,50000,0.6,12,108,1274077.56,2,4000,2,4,0,0.7,1,400,1,1,2,2,2,4,4,3,4,3,3.66666666666667,-0.64744098587833,3,3,0,1,1,0,2,FALSE,0.7,FALSE,1,FALSE,3,25000,2,100,4,,0,,0,,0,,0,,3,1,3,3,10.8197982842103,2.56494935746154,4.69134788222914,14.0577337772633,1.09861228866811,8.29429960885724,2.66666666666667,2.5,FALSE,0.166666666666667,0.08,"development"
161,"Baoxing","Baoxing/Qiaoqi","Baoxing/Qiaoqi/Jiala",1,1,67,1,"1",5,10000,1,12,26,424051.12,1,2000,2,4,0,0.5,1,500,1,1,2,2,3,2,4,4,,2,4,-0.364773501922308,3.5,3,0,1,1,0,2,FALSE,0.5,FALSE,1,FALSE,3,10000,3,100,4,,0,,2,,0,,0,,4,1,3,3,9.21044036697652,2.56494935746154,3.29583686600433,12.9576116511878,0.693147180559945,7.60140233458373,2,2.25,FALSE,0.0833333333333333,0.2,"development"
163,"Baoxing","Baoxing/Muping","Baoxing/Muping/Lianxin",0,0,65,1,"2",7,25000,0,2,3,7564.54,1,1000,2,4,0,0.5,1,200,,,2,2,2,4,4,3,,2,3.5,-0.78877472785634,2.75,1.66666666666667,0,0,0,0,0,FALSE,0.5,FALSE,1,FALSE,0,,0,,0,,0,,0,,0,,0,,0,0,,0,10.1266711030504,1.09861228866811,1.38629436111989,8.93135900503646,0.693147180559945,6.90875477931522,2.66666666666667,2.5,FALSE,0.5,0.04,"validation"
164,"Baoxing","Baoxing/Muping","Baoxing/Muping/Lianxin",1,0,70,1,"3",2,0,0,5,20,3740,1,1000,1,5,0,1,1,50,3,2,2,2,2,4,4,3,,2,3.5,0.180636968042042,3.5,2.66666666666667,1,0,0,0,1,FALSE,1,FALSE,1,FALSE,0,,0,,0,,0,,2,,0,,0,,1,1,2,2,0,1.79175946922805,3.04452243772342,8.22710823434815,0.693147180559945,6.90875477931522,2.66666666666667,2.5,FALSE,0.2,,"validation"
165,"Baoxing","Baoxing/Muping","Baoxing/Muping/Shuanjiang",1,0,57,0,"2",2,10000,1,10,0,62815.52,1,500,4,4,1,0.3,0.8,150,2,2,2,2,3,2,4,4,3,3,3.66666666666667,-0.64744098587833,2.5,2.66666666666667,0,0,1,0,1,FALSE,0.3,FALSE,0.8,FALSE,5,,0,,0,,0,,0,,0,,0,,1,1,5,5,9.21044036697652,2.39789527279837,0,11.0479733751876,0.693147180559945,6.21660610108486,2,2.25,FALSE,0.1,0.05,"development"
166,"Baoxing","Baoxing/Muping","Baoxing/Muping/Shuanjiang",0,0,76,1,"2",2,6000,1,4,2,20045.44,2,2000,4,4,1,0.5,0.8,100,,,4,4,4,4,4,3,3,3,3.33333333333333,-0.930108469834351,2.75,2.66666666666667,0,0,1,0,1,FALSE,0.5,FALSE,0.8,FALSE,5,,0,,0,,0,,0,,0,,0,,1,1,5,5,8.69968140098951,1.6094379124341,1.09861228866811,9.90580686086004,1.09861228866811,7.60140233458373,4,4,FALSE,0.5,0.333333333333333,"development"
167,"Baoxing","Baoxing/Muping","Baoxing/Muping/Shuanjiang",1,0,52,1,"2",2,50000,1,21,5,72394.93,3,3000,4,4,1,0.5,0,0,1,1,2,2,4,4,4,3,4,3,3.66666666666667,-0.64744098587833,2.75,2.33333333333333,0,0,1,0,1,FALSE,0.5,FALSE,0,FALSE,2,200,0,,0,,0,,0,,0,,0,,1,1,2,2,10.8197982842103,3.09104245335832,1.79175946922805,11.189905361324,1.38629436111989,8.00670084544037,2.66666666666667,3,FALSE,0.142857142857143,0.06,"development"
168,"Baoxing","Baoxing/Muping","Baoxing/Muping/Shuanjiang",0,0,86,1,"1",3,25000,0.5,7,4,10441.44,1,1000,2,4,0,0.5,0.9,300,,,2,2,4,4,3,4,4,3,3.66666666666667,-0.64744098587833,2.75,2,0,0,1,0,1,FALSE,0.5,FALSE,0.9,FALSE,0,,0,,0,,0,,2,,0,,0,,1,1,2,2,10.1266711030504,2.07944154167984,1.6094379124341,9.25363355060428,0.693147180559945,6.90875477931522,2.66666666666667,3,FALSE,0.142857142857143,0.04,"development"
169,"Baoxing","Baoxing/Muping","Baoxing/Muping/Shuanjiang",1,0,52,1,"2",3,30000,0.3,13,15,117784.23,0,0,1,4,0,0.2,0,0,1,2,2,2,4,4,3,4,3,3,3.33333333333333,-0.930108469834351,3.25,2.66666666666667,1,1,1,0,3,FALSE,0.2,FALSE,0,FALSE,0,,2,,2,,2,,0,,0,,0,,3,1,2,2,10.3089859934221,2.63905732961526,2.77258872223978,11.6766181603352,0,0,2.66666666666667,3,FALSE,0,0,"development"
170,"Baoxing","Baoxing/Muping","Baoxing/Muping/Shuanjiang",1,0,71,1,"1",2,25000,0.05,4.5,14,17211.69,2.5,2300,1,5,0,0.7,0.7,200,1,1,2,2,3,3,3,3,4,3,3.33333333333333,0.0393032260640316,3.25,3,1,0,0,0,1,FALSE,0.7,FALSE,0.7,FALSE,4,,2,,3,,0,,0,,0,,0,,3,1,3,3,10.1266711030504,1.70474809223843,2.70805020110221,9.75340218146546,1.25276296849537,7.74109909003537,2.33333333333333,2.5,FALSE,0.555555555555556,0.092,"development"
171,"Baoxing","Baoxing/Muping","Baoxing/Muping/Lianxin",1,0,69,1,"3",1,15600,0,12.7,27,73490.642,21,5500,1,5,0,0.6,0.6,50,2,1,1,1,2,1,4,3,,2,3.5,0.180636968042042,4.5,3.33333333333333,1,0,0,0,1,FALSE,0.6,FALSE,0.6,FALSE,0,,0,,0,,0,,0,,0,,0,,0,0,,0,9.65509029374725,2.61739583283408,3.3322045101752,11.2049269644493,3.09104245335832,8.61268517287546,1,1.25,TRUE,1.65354330708661,0.352564102564103,"validation"
172,"Baoxing","Baoxing/Muping","Baoxing/Muping/Lianxin",1,0,51,0,"2",2,15000,0.1,17,25,27278.64,1,1500,1,4,1,0.5,0.7,200,1,2,2,1,4,2,3,4,,2,3.5,-0.78877472785634,3.75,3,1,1,1,0,3,FALSE,0.5,FALSE,0.7,FALSE,0,,2,,3,,0,,0,,0,,0,,2,1,2.5,2.5,9.61587214452889,2.89037175789616,3.25809653802148,10.2138959153894,0.693147180559945,7.31388683163346,1.66666666666667,2.25,FALSE,0.0588235294117647,0.1,"validation"
173,"Baoxing","Baoxing/Muping","Baoxing/Muping/Lianxin",1,0,59,1,"3",2,10000,1,19,22,23322.36,1,1000,1,5,0,0.8,1,100,1,1,1,1,3,4,4,3,,2,3.5,0.180636968042042,4.25,3.33333333333333,1,0,0,0,1,FALSE,0.8,FALSE,1,FALSE,0,,1,800,4,,0,,0,,0,,0,,2,1,2.5,2.5,9.21044036697652,2.99573227355399,3.13549421592915,10.0572107124183,0.693147180559945,6.90875477931522,2,2.25,FALSE,0.0526315789473684,0.1,"validation"
174,"Baoxing","Baoxing/Muping","Baoxing/Muping/Lianxin",1,0,58,1,"3",3,30000,0.7,31,55,60989.89,3,3000,1,5,0,0.6,0.6,25,2,1,1,1,3,4,4,3,,2,3.5,0.180636968042042,3.25,3.33333333333333,1,0,0,0,1,FALSE,0.6,FALSE,0.6,FALSE,0,,2,500,5,,0,,1,,0,,0,,3,1,2.66666666666667,2.66666666666667,10.3089859934221,3.46573590279973,4.02535169073515,11.0184797877402,1.38629436111989,8.00670084544037,2,2.25,FALSE,0.0967741935483871,0.1,"validation"
175,"Baoxing","Baoxing/Muping","Baoxing/Muping/Lianxin",1,0,65,1,"3",2,7000,0,4,10,7989.52,2,2000,1,5,0,,0.7,18,1,1,2,1,2,4,3,3,,2,3,-0.24336425789199,2.75,2.66666666666667,1,0,1,0,2,FALSE,7.03,TRUE,0.7,FALSE,0,,1,500,4,,0,,2,,0,,0,,3,1,2.33333333333333,2.33333333333333,8.8538082749772,1.6094379124341,2.39789527279837,8.98601111799431,1.09861228866811,7.60140233458373,2.33333333333333,2.25,FALSE,0.5,0.285714285714286,"validation"
176,"Baoxing","Baoxing/Muping","Baoxing/Muping/Lianxin",1,0,71,1,"1",4,7000,1,15,25,159522.48,8,2000,1,5,0,0.5,0.5,18,1,1,2,1,4,1,3,3,3,3,3,-0.24336425789199,4.25,3.33333333333333,1,1,0,0,2,FALSE,0.5,FALSE,0.5,FALSE,1,,2,370,2,,0,,0,,0,,0,,3,1,1.66666666666667,1.66666666666667,8.8538082749772,2.77258872223978,3.25809653802148,11.9799464004041,2.19722457733622,7.60140233458373,1.33333333333333,2,FALSE,0.533333333333333,0.285714285714286,"validation"
177,"Baoxing","Baoxing/Muping","Baoxing/Muping/Shuanjiang",1,0,38,1,"2",3,15000,0,13,12,116547.86,2,2000,2,5,0,0.8,1,0,1,1,1,1,5,4,3,3,,2,3,-0.24336425789199,3,3,1,1,1,0,3,FALSE,0.8,FALSE,1,FALSE,0,,1,,0,,2,,0,,0,,1,,3,1,1.33333333333333,1.33333333333333,9.61587214452889,2.63905732961526,2.56494935746154,11.6660658632063,1.09861228866811,7.60140233458373,2,2.75,FALSE,0.153846153846154,0.133333333333333,"development"
178,"Baoxing","Baoxing/Muping","Baoxing/Muping/Shuanjiang",0,0,51,0,"3",3,60000,0,1,3,6409.71,0.3,300,1,5,0,0,0,0,,,1,1,1,1,3,3,3,3,3,-0.24336425789199,3.25,2.66666666666667,0,0,0,0,0,FALSE,0,FALSE,0,FALSE,0,,0,,0,,0,,0,,0,,0,,0,0,,0,11.002116507732,0.693147180559945,1.38629436111989,8.76572530821137,0.262364264467491,5.70711026474888,1,1,FALSE,0.3,0.005,"development"
179,"Baoxing","Baoxing/Muping","Baoxing/Muping/Xueshan",1,0,57,1,"3",5,60000,0.05,6,13,23662.88,4,4000,1,5,1,0.7,1,300,1,1,1,1,2,3,3,,,1,3,-0.24336425789199,3,3,1,0,0,0,1,FALSE,0.7,FALSE,1,FALSE,1,,1,,1,,0,,0,,0,,0,,3,1,1,1,11.002116507732,1.94591014905531,2.63905732961526,10.0717051139438,1.6094379124341,8.29429960885724,1.66666666666667,1.75,FALSE,0.666666666666667,0.0666666666666667,"validation"
180,"Baoxing","Baoxing/Muping","Baoxing/Muping/Xueshan",1,0,77,1,"2",4,10000,0,5,34,19052.46,3,3000,1,5,0,0.5,0.6,60,1,1,1,1,3,4,3,3,,2,3,-0.24336425789199,3.75,3,1,1,1,0,3,FALSE,0.5,FALSE,0.6,FALSE,1,,1,,2,,0,,0,,0,,0,,3,1,1.33333333333333,1.33333333333333,9.21044036697652,1.79175946922805,3.55534806148941,9.85500399135919,1.38629436111989,8.00670084544037,2,2.25,FALSE,0.6,0.3,"validation"
181,"Baoxing","Baoxing/Muping","Baoxing/Muping/Xueshan",1,0,72,1,"1",6,30000,0,2,23,8615.63,2,800,1,5,0,1,1,200,1,1,1,1,3,1,5,3,,2,4,0.604638193976075,3.5,2.66666666666667,1,0,0,0,1,FALSE,1,FALSE,1,FALSE,1,,1,,0,,0,,0,,0,,0,,2,1,1,1,10.3089859934221,1.09861228866811,3.17805383034795,9.06144933594026,1.09861228866811,6.68586094706836,1,1.5,FALSE,1,0.0266666666666667,"validation"
182,"Baoxing","Baoxing/Muping","Baoxing/Muping/Xueshan",1,0,67,0,"2",6,40000,0,3,12,2244,2,2000,1,5,1,0.6,0.7,100,1,1,1,1,2,5,3,3,,2,3,-0.24336425789199,3.25,2.33333333333333,1,0,0,0,1,FALSE,0.6,FALSE,0.7,FALSE,0,,0,,0,,0,,0,,0,,0,,0,0,,0,10.5966597327836,1.38629436111989,2.56494935746154,7.71646080017636,1.09861228866811,7.60140233458373,2.33333333333333,2.25,FALSE,0.666666666666667,0.05,"validation"
183,"Baoxing","Baoxing/Muping","Baoxing/Muping/Xueshan",0,0,45,0,"3",6,3e+05,0,2,26,10957.04,1,1000,2,4,0,0.5,1,100,,,2,2,4,4,4,4,2,3,3.33333333333333,-0.930108469834351,2.5,2,,,,,,FALSE,0.5,FALSE,1,FALSE,3,3000,0,,4,,0,,2,,0,,0,,3,1,3,3,12.6115410869661,1.09861228866811,3.29583686600433,9.30182871239285,0.693147180559945,6.90875477931522,2.66666666666667,3,FALSE,0.5,0.00333333333333333,"validation"
184,"Baoxing","Baoxing/Muping","Baoxing/Muping/Xueshan",0,0,71,1,"2",2,0,0,3,13,8087.95,2,1000,2,5,0,0.5,1,50,,,2,2,4,2,4,,,1,4,0.604638193976075,2.75,3.33333333333333,0,0,0,0,0,FALSE,0.5,FALSE,1,FALSE,4,800,0,,0,,0,,0,,0,,0,,1,1,4,4,0,1.38629436111989,2.63905732961526,8.99825421176507,1.09861228866811,6.90875477931522,2,2.5,FALSE,0.666666666666667,,"validation"
185,"Baoxing","Baoxing/Muping","Baoxing/Muping/Xueshan",1,0,66,0,"1",5,50000,0.3,6,5,11997.12,2,2500,1,5,0,0.5,1,400,1,1,2,2,2,4,4,4,4,3,4,0.604638193976075,3.5,2.33333333333333,0,1,0,0,1,FALSE,0.5,FALSE,1,FALSE,0,,0,,0,,0,,0,,0,,0,,0,0,,0,10.8197982842103,1.94591014905531,1.79175946922805,9.39250524982997,1.09861228866811,7.82444593087762,2.66666666666667,2.5,FALSE,0.333333333333333,0.05,"validation"
186,"Baoxing","Baoxing/Muping","Baoxing/Muping/Xueshan",1,0,70,1,"3",1,1000,1,4,5,5685.84,1.5,2000,1,4,0,0.7,0.9,200,1,1,1,2,4,2,3,4,,2,3.5,-0.78877472785634,3,2.33333333333333,1,0,1,0,2,FALSE,0.7,FALSE,0.9,FALSE,2,2000,0,,0,,0,,2,,0,,0,,2,1,2,2,6.90875477931522,1.6094379124341,1.79175946922805,8.64591001256954,0.916290731874155,7.60140233458373,1.66666666666667,2.25,FALSE,0.375,2,"validation"
187,"Baoxing","Baoxing/Muping","Baoxing/Muping/Xueshan",1,0,55,0,"2",5,50000,0,2.5,4,12618.815,0.5,600,1,4,0,0.6,0.8,200,1,1,2,2,4,4,3,4,,2,3.5,-0.78877472785634,4,3,0,1,1,0,2,FALSE,0.6,FALSE,0.8,FALSE,0,,0,,3,,0,,4,,0,,0,,2,1,3.5,3.5,10.8197982842103,1.25276296849537,1.6094379124341,9.44302347671676,0.405465108108164,6.39859493453521,2.66666666666667,3,FALSE,0.2,0.012,"validation"
188,"Baoxing","Baoxing/Muping","Baoxing/Muping/Xueshan",1,0,51,1,"2",2,1e+05,0,10,33,127627.04,1.2,1200,1,4,1,0.7,0.8,100,1,1,2,2,4,4,3,3,3,3,3,-1.21277595379037,3.5,3.33333333333333,1,1,1,0,3,FALSE,0.7,FALSE,0.8,FALSE,3,1500,0,,4,,0,,4,,0,,0,,3,1,3.66666666666667,3.66666666666667,11.5129354649202,2.39789527279837,3.52636052461616,11.7568753749678,0.78845736036427,7.09090982207998,2.66666666666667,3,FALSE,0.12,0.012,"validation"
189,"Baoxing","Baoxing/Qiaoqi","Baoxing/Qiaoqi/Gari",0,1,58,1,"3",4,16000,1,10,19,66018.06,1.2,1000,4,5,0,0.5,0.5,20,,,3,2,4,2,1,3,5,3,3,-0.24336425789199,3.75,3.66666666666667,0,1,0,0,1,FALSE,0.5,FALSE,0.5,FALSE,2,,0,,4,,0,,0,,0,,0,,2,1,3,3,9.68040649926887,2.39789527279837,2.99573227355399,11.0976987671962,0.78845736036427,6.90875477931522,2.33333333333333,2.75,FALSE,0.12,0.0625,"validation"
191,"Baoxing","Baoxing/Qiaoqi","Baoxing/Qiaoqi/Gari",0,1,48,1,"2",6,20000,0.7,17,84,397520.48,2,2500,2,5,0,0.5,1,500,,,2,2,2,4,4,3,,2,3.5,0.180636968042042,3.75,3,0,0,0,0,0,FALSE,0.5,FALSE,1,FALSE,0,,0,,4,,0,,3,,0,,0,,2,1,3.5,3.5,9.90353755128617,2.89037175789616,4.44265125649032,12.8930042493524,1.09861228866811,7.82444593087762,2.66666666666667,2.5,FALSE,0.117647058823529,0.125,"validation"
192,"Baoxing","Baoxing/Qiaoqi","Baoxing/Qiaoqi/Gari",1,1,62,1,"1",7,20000,0,13,24,78721.96,2,2000,4,5,1,0.4,0.6,200,1,1,1,1,2,1,4,3,3,3,3.33333333333333,0.0393032260640316,4,3,0,0,1,0,1,FALSE,0.4,FALSE,0.6,FALSE,2,,2,,5,,0,,0,,0,,0,,3,1,3,3,9.90353755128617,2.63905732961526,3.2188758248682,11.2736901326452,1.09861228866811,7.60140233458373,1,1.25,FALSE,0.153846153846154,0.1,"validation"
193,"Baoxing","Baoxing/Qiaoqi","Baoxing/Qiaoqi/Gari",1,1,50,1,"1",2,30000,0.6,12,30,317402.88,2,2000,1,5,1,0.5,0.5,400,1,1,4,5,2,4,4,3,3,3,3.33333333333333,0.0393032260640316,3.75,3.66666666666667,1,0,0,0,1,FALSE,0.5,FALSE,0.5,FALSE,3,,1,,5,,0,,0,,0,,0,,3,1,3,3,10.3089859934221,2.56494935746154,3.43398720448515,12.6679303113224,1.09861228866811,7.60140233458373,4.33333333333333,3.75,FALSE,0.166666666666667,0.0666666666666667,"validation"
194,"Baoxing","Baoxing/Qiaoqi","Baoxing/Qiaoqi/Gari",1,1,50,1,"3",4,40000,1,22,157,594702,1,1200,3,5,0,0.5,1,2000,,1,1,1,5,4,4,3,,2,3.5,0.180636968042042,4,3.33333333333333,1,1,0,0,2,FALSE,0.5,FALSE,1,FALSE,3,,3,,0,,0,,4,,0,,0,,3,1,3.33333333333333,3.33333333333333,10.5966597327836,3.13549421592915,5.06259503302697,13.2958174002422,0.693147180559945,7.09090982207998,2,2.75,FALSE,0.0454545454545455,0.03,"validation"
196,"Qingchuan","Qingchuan/Qiaozhuang","Qingchuan/Qiaozhuang/Shiyuan",0,0,62,1,"4",3,20000,0.1,4,10,2445.28,1,450,5,5,2,0.5,0.7,0,,,1,1,4,1,4,4,4,3,4,0.604638193976075,4,2.33333333333333,0,1,0,0,1,FALSE,0.5,FALSE,0.7,FALSE,3,,4,,3,,0,,0,,0,,0,,3,1,3.33333333333333,3.33333333333333,9.90353755128617,1.6094379124341,2.39789527279837,7.80232378230397,0.693147180559945,6.11146733950268,1,1.75,FALSE,0.25,0.0225,"development"
197,"Qingchuan","Qingchuan/Qiaozhuang","Qingchuan/Qiaozhuang/Shiyuan",1,0,72,1,"1",5,20000,0.8,10,0,3835.2,4,5000,3,5,2,0.5,0.5,0,2,1,2,2,4,3,4,4,3,3,3.66666666666667,0.321970710020053,3.75,3.66666666666667,0,1,1,0,2,FALSE,0.5,FALSE,0.5,FALSE,0,,1,,4,,1,,1,,0,,0,,4,1,1.75,1.75,9.90353755128617,2.39789527279837,0,8.25223757228759,1.6094379124341,8.5173931714189,2.33333333333333,2.75,FALSE,0.4,0.25,"development"
198,"Qingchuan","Qingchuan/Qiaozhuang","Qingchuan/Qiaozhuang/Yaolin",1,1,59,1,"2",2,30000,1,6,0,2301.12,3,4500,3,5,2,0.4,1,0,2,2,1,1,4,1,5,4,3,3,4,0.604638193976075,4.25,2.33333333333333,0,1,0,0,1,FALSE,0.4,FALSE,1,FALSE,0,,1,,1,,0,,0,,0,,0,,2,1,1,1,10.3089859934221,1.94591014905531,0,7.74158571650702,1.38629436111989,8.41205487329293,1,1.75,FALSE,0.5,0.15,"validation"
199,"Qingchuan","Qingchuan/Qiaozhuang","Qingchuan/Qiaozhuang/Kongxi",0,0,71,1,"3",6,20000,0.4,7,50,7240.64,7,9000,4,5,3,0.4,0.5,100,,,2,2,4,2,4,4,4,3,4,0.604638193976075,3.25,2.33333333333333,0,1,0,0,1,FALSE,0.4,FALSE,0.5,FALSE,0,,2,,0,,0,,0,,0,,0,,1,1,2,2,9.90353755128617,2.07944154167984,3.93182563272433,8.88760297906515,2.07944154167984,9.10509096125709,2,2.5,FALSE,1,0.45,"development"
200,"Qingchuan","Qingchuan/Qiaozhuang","Qingchuan/Qiaozhuang/Yaolin",1,1,48,0,"3",5,10000,0.2,6,1,4240.32,3.3,5000,2,4,2,0.5,0.8,100,2,2,2,2,4,2,4,4,3,3,3.66666666666667,-0.64744098587833,4.5,2.33333333333333,0,1,1,0,2,FALSE,0.5,FALSE,0.8,FALSE,1,,1,,0,,0,,0,,0,,0,,2,1,1,1,9.21044036697652,1.94591014905531,0.693147180559945,8.35262982053047,1.45861502269952,8.5173931714189,2,2.5,FALSE,0.55,0.5,"validation"
201,"Qingchuan","Qingchuan/Qiaozhuang","Qingchuan/Qiaozhuang/Huangping",1,0,69,1,"2",2,4000,1,4,1,13470.92,2,3000,3,5,0,0.5,0.6,20,1,1,2,2,5,1,4,4,4,3,4,0.604638193976075,4,2.33333333333333,0,1,0,0,1,FALSE,0.5,FALSE,0.6,FALSE,0,,0,,0,,0,,0,,0,,0,,0,0,,0,8.29429960885724,1.6094379124341,0.693147180559945,9.5083627982222,1.09861228866811,8.00670084544037,1.66666666666667,2.5,FALSE,0.5,0.75,"development"
202,"Qingchuan","Qingchuan/Jianfeng","Qingchuan/Jianfeng/Nianzi",1,0,59,1,"2",3,20000,0.15,6,0,3281.02,0.3,500,1,5,2,0.5,0.8,50,1,1,1,1,2,1,4,3,3,3,3.33333333333333,0.0393032260640316,2.5,1.66666666666667,0,1,0,0,1,FALSE,0.5,FALSE,0.8,FALSE,0,,1,,1,,0,,0,,0,,0,,2,1,1,1,9.90353755128617,1.94591014905531,0,8.09621436547669,0.262364264467491,6.21660610108486,1,1.25,FALSE,0.05,0.025,"development"
203,"Qingchuan","Qingchuan/Qiaozhuang","Qingchuan/Qiaozhuang/Xinsheng",1,0,68,1,"3",4,4000,1,0.5,0,191.76,0.3,300,3,5,2,0.7,1,15,1,1,2,1,2,1,4,4,4,3,4,0.604638193976075,3.5,2.33333333333333,0,1,0,0,1,FALSE,0.7,FALSE,1,FALSE,1,,0,,0,,0,,0,,0,,0,,1,1,1,1,8.29429960885724,0.405465108108164,0,5.26144589177213,0.262364264467491,5.70711026474888,1.33333333333333,1.5,FALSE,0.6,0.075,"validation"
204,"Qingchuan","Qingchuan/Jianfeng","Qingchuan/Jianfeng/Nianzi",1,0,78,1,"2",2,20000,0.1,8,0,5027.96,1,1500,1,5,2,0.5,0.8,0,1,1,1,1,2,1,3,3,3,3,3,-0.24336425789199,2.75,2,0,1,0,0,1,FALSE,0.5,FALSE,0.8,FALSE,0,,0,,1,,0,,0,,0,,0,,1,1,1,1,9.90353755128617,2.19722457733622,0,8.52296848227276,0.693147180559945,7.31388683163346,1,1.25,FALSE,0.125,0.075,"development"
205,"Qingchuan","Qingchuan/Jianfeng","Qingchuan/Jianfeng/Qinggou",0,0,68,1,"3",3,20000,0.12,3,0,1150.56,0.5,750,1,5,1,0.8,0.9,50,,,2,3,3,1,3,4,4,3,3.66666666666667,0.321970710020053,2.5,2,0,1,1,0,2,FALSE,0.8,FALSE,0.9,FALSE,0,,3,,4,,0,,0,,0,,0,,2,1,3.5,3.5,9.90353755128617,1.38629436111989,0,7.04887282385203,0.405465108108164,6.62140565176413,2,2.25,FALSE,0.166666666666667,0.0375,"development"
206,"Qingchuan","Qingchuan/Qiaozhuang","Qingchuan/Qiaozhuang/Qunfeng",0,0,55,1,"2",2,20000,1,8,0,3068.16,4,4000,2,5,3,0.5,0.7,50,,,2,1,2,4,4,4,4,3,4,0.604638193976075,3.25,2.33333333333333,0,1,0,0,1,FALSE,0.5,FALSE,0.7,FALSE,4,,3,,3,,0,,4,,0,,0,,4,1,3.5,3.5,9.90353755128617,2.19722457733622,0,8.02915918750648,1.6094379124341,8.29429960885724,2.33333333333333,2.25,FALSE,0.5,0.2,"development"
207,"Qingchuan","Qingchuan/Qiaozhuang","Qingchuan/Qiaozhuang/Qunfeng",0,0,68,1,"3",3,15000,0.1,3,0,1150.56,0,0,2,4,2,0.5,0.7,50,,,2,2,2,3,3,4,4,3,3.66666666666667,-0.64744098587833,3.5,2,0,1,0,0,1,FALSE,0.5,FALSE,0.7,FALSE,0,,2,,0,,0,,0,,0,,0,,1,1,2,2,9.61587214452889,1.38629436111989,0,7.04887282385203,0,0,2.33333333333333,2.25,FALSE,0,0,"development"
208,"Qingchuan","Qingchuan/Jianfeng","Qingchuan/Jianfeng/Qinggou",0,0,72,1,"3",5,50000,0.1,6,0,2301.12,0.5,750,3,4,0,0.5,0.9,50,,,2,2,3,1,4,4,3,3,3.66666666666667,-0.64744098587833,2.25,2.33333333333333,0,1,0,0,1,FALSE,0.5,FALSE,0.9,FALSE,0,,1,,0,,0,,0,,0,,0,,1,1,1,1,10.8197982842103,1.94591014905531,0,7.74158571650702,0.405465108108164,6.62140565176413,1.66666666666667,2,FALSE,0.0833333333333333,0.015,"development"
209,"Qingchuan","Qingchuan/Qiaozhuang","Qingchuan/Qiaozhuang/Huilong",0,0,65,0,"3",2,30000,0,1,0,383.52,0.8,1000,2,5,1,0.8,0,0,,,2,2,2,2,4,4,4,3,4,0.604638193976075,3.5,2.33333333333333,0,1,0,0,1,FALSE,0.8,FALSE,0,FALSE,2,,0,,0,,0,,0,,0,,0,,1,1,2,2,10.3089859934221,0.693147180559945,0,5.95199580319762,0.587786664902119,6.90875477931522,2,2,FALSE,0.8,0.0333333333333333,"validation"
210,"Qingchuan","Qingchuan/Jianfeng","Qingchuan/Jianfeng/Foshan",0,0,52,1,"3",5,50000,0.2,12,0,7541.94,2,3000,1,5,0,0.7,1,100,,,2,1,4,1,5,1,3,3,3,-0.24336425789199,3.75,2.33333333333333,0,1,0,0,1,FALSE,0.7,FALSE,1,FALSE,0,,2,,2,,0,,0,,0,,0,,2,1,2,2,10.8197982842103,2.56494935746154,0,8.92836730542719,1.09861228866811,8.00670084544037,1.33333333333333,2,FALSE,0.166666666666667,0.06,"validation"
211,"Qingchuan","Qingchuan/Jianfeng","Qingchuan/Jianfeng/Macun",0,0,77,1,"3",2,10000,0.2,4,0,23707.76,0,0,2,4,2,0.5,1,50,,,2,1,2,2,2,4,2,3,2.66666666666667,-1.49544343774639,2.75,2,0,1,0,0,1,FALSE,0.5,FALSE,1,FALSE,0,,0,,1,,0,,0,,0,,0,,1,1,1,1,9.21044036697652,1.6094379124341,0,10.0735998790836,0,0,1.66666666666667,1.75,FALSE,0,0,"validation"
212,"Qingchuan","Qingchuan/Qiaozhuang","Qingchuan/Qiaozhuang/Chashu",1,0,58,1,"3",5,50000,0,10,0,3835.2,10,3000,4,4,3,0.6,0.6,100,3,2,2,2,5,1,4,4,4,3,4,-0.364773501922308,4,2,0,1,0,0,1,FALSE,0.6,FALSE,0.6,FALSE,2,,2,,2,,0,,3,,0,,0,,4,1,2.25,2.25,10.8197982842103,2.39789527279837,0,8.25223757228759,2.39789527279837,8.00670084544037,1.66666666666667,2.5,FALSE,1,0.06,"validation"
213,"Qingchuan","Qingchuan/Jianfeng","Qingchuan/Jianfeng/Huajian",0,0,82,1,"2",4,20000,0.1,2,0,767.04,0,0,3,5,2,0.5,0.8,50,,,3,2,3,1,4,1,3,3,2.66666666666667,-0.526031741848012,2.25,1.33333333333333,0,1,0,0,1,FALSE,0.5,FALSE,0.8,FALSE,0,,0,,0,,0,,0,,1,,0,,1,1,1,1,9.90353755128617,1.09861228866811,0,6.64384181512472,0,0,2,2.25,FALSE,0,0,"validation"
214,"Qingchuan","Qingchuan/Jianfeng","Qingchuan/Jianfeng/Baijia",0,0,57,1,"2",5,30000,1,2.5,0,1693.725,0.3,200,3,5,1,0.5,0.6,100,,,2,2,2,1,2,1,3,3,2,-1.09136670976006,2.75,2,0,1,0,0,1,FALSE,0.5,FALSE,0.6,FALSE,0,,3,,0,,0,,0,,0,,0,,1,1,3,3,10.3089859934221,1.25276296849537,0,7.43527576476401,0.262364264467491,5.30330490805908,1.66666666666667,1.75,FALSE,0.12,0.00666666666666667,"development"
215,"Qingchuan","Qingchuan/Qiaozhuang","Qingchuan/Qiaozhuang/Dagou",0,0,55,1,"3",2,20000,0.15,5,0,12911.28,0.3,300,2,5,2,0.6,0.7,200,,,2,2,2,2,4,3,4,3,3.66666666666667,0.321970710020053,4,3,0,1,0,0,1,FALSE,0.6,FALSE,0.7,FALSE,0,,3,,2,,0,,2,,0,,0,,3,1,2.33333333333333,2.33333333333333,9.90353755128617,1.79175946922805,0,9.46593407552864,0.262364264467491,5.70711026474888,2,2,FALSE,0.06,0.015,"development"
216,"Qingchuan","Qingchuan/Jianfeng","Qingchuan/Jianfeng/Gedi",0,0,49,1,"2",1,2000,0.2,5,0,1917.6,2,3000,3,3,2,0.5,0.5,0,,,2,1,4,2,1,3,2,3,2,-3.03019010155682,2,2.33333333333333,0,0,0,0,0,FALSE,0.5,FALSE,0.5,FALSE,0,,0,,0,,0,,0,,0,,0,,0,0,,0,7.60140233458373,1.79175946922805,0,7.55935103238385,1.09861228866811,8.00670084544037,1.66666666666667,2.25,FALSE,0.4,1.5,"validation"
217,"Qingchuan","Qingchuan/Jianfeng","Qingchuan/Jianfeng/Qingfeng",1,0,63,1,"2",3,20000,0.1,5,0,1917.6,1,1500,3,5,0,0.6,0.7,100,1,1,2,2,3,1,3,1,4,3,2.66666666666667,-0.526031741848012,2.5,2.66666666666667,0,1,1,0,2,FALSE,0.6,FALSE,0.7,FALSE,0,,1,,1,,0,,0,,0,,0,,2,1,1,1,9.90353755128617,1.79175946922805,0,7.55935103238385,0.693147180559945,7.31388683163346,1.66666666666667,2,FALSE,0.2,0.075,"development"
218,"Qingchuan","Qingchuan/Jianfeng","Qingchuan/Jianfeng/Qingfeng",1,0,50,1,"3",3,30000,0.03,0.5,0,191.76,0.5,750,3,5,2,0.5,1,100,3,2,1,1,2,2,3,5,4,3,4,0.604638193976075,2.75,2.33333333333333,1,1,1,0,3,FALSE,0.5,FALSE,1,FALSE,0,,1,300,1,,0,,0,,0,,0,,2,1,1,1,10.3089859934221,0.405465108108164,0,5.26144589177213,0.405465108108164,6.62140565176413,1.33333333333333,1.5,FALSE,1,0.025,"development"
219,"Qingchuan","Qingchuan/Jianfeng","Qingchuan/Jianfeng/Jianfeng",0,0,56,1,"3",3,30000,0.1,8,0,5027.96,0.5,750,1,5,1,0.5,0.7,50,,,2,1,2,1,4,3,4,3,3.66666666666667,0.321970710020053,2.75,2.66666666666667,0,1,0,0,1,FALSE,0.5,FALSE,0.7,FALSE,3,,2,,0,,0,,2,,2,,0,,4,1,2.25,2.25,10.3089859934221,2.19722457733622,0,8.52296848227276,0.405465108108164,6.62140565176413,1.33333333333333,1.5,FALSE,0.0625,0.025,"validation"
220,"Qingchuan","Qingchuan/Jianfeng","Qingchuan/Jianfeng/Qinggou",0,0,80,1,"1",6,50000,0.05,6,0,3281.02,1,1000,4,4,0,0.2,0.6,100,,,2,2,3,4,4,3,4,3,3.66666666666667,-0.64744098587833,2.25,1.66666666666667,0,1,0,0,1,FALSE,0.2,FALSE,0.6,FALSE,0,,3,30,3,,0,,0,,0,,0,,2,1,3,3,10.8197982842103,1.94591014905531,0,8.09621436547669,0.693147180559945,6.90875477931522,2.66666666666667,2.75,FALSE,0.166666666666667,0.02,"development"
221,"Qingchuan","Qingchuan/Jianfeng","Qingchuan/Jianfeng/Qingfeng",0,0,57,1,"2",5,10000,0.2,6,0,3770.97,1.5,1500,4,5,0,1,1,0,,,1,2,2,4,4,3,3,3,3.33333333333333,0.0393032260640316,3,2,0,1,1,0,2,FALSE,1,FALSE,1,FALSE,0,,3,1000,3,,0,,0,,0,,0,,2,1,3,3,9.21044036697652,1.94591014905531,0,8.23535269038132,0.916290731874155,7.31388683163346,2.33333333333333,2.25,FALSE,0.25,0.15,"development"
222,"Qingchuan","Qingchuan/Jianfeng","Qingchuan/Jianfeng/Jianfeng",0,0,57,0,"2",3,60000,0.05,2,0,767.04,0.2,160,3,4,1,0.65,1,20,,,2,2,2,2,3,4,4,3,3.66666666666667,-0.64744098587833,2.75,1.66666666666667,0,1,0,0,1,FALSE,0.65,FALSE,1,FALSE,0,,0,,0,,0,,0,,0,,0,,0,0,,0,11.002116507732,1.09861228866811,0,6.64384181512472,0.182321556793955,5.08140436498446,2,2,FALSE,0.1,0.00266666666666667,"validation"
223,"Qingchuan","Qingchuan/Jianfeng","Qingchuan/Jianfeng/Nianzi",1,0,70,1,"2",2,5000,0.1,4,0,1347.76,6,2000,2,5,1,0.4,0.8,0,1,1,2,2,4,1,4,4,3,3,3.66666666666667,0.321970710020053,2.75,2,0,1,0,0,1,FALSE,0.4,FALSE,0.8,FALSE,0,,0,,2,,0,,0,,0,,0,,1,1,2,2,8.5173931714189,1.6094379124341,0,7.20694093081733,1.94591014905531,7.60140233458373,1.66666666666667,2.25,TRUE,1.5,0.4,"development"
224,"Qingchuan","Qingchuan/Jianfeng","Qingchuan/Jianfeng/Foshan",0,0,52,1,"3",3,30000,0.1,3,0,1150.56,0.5,500,3,4,1,0.2,1,100,,,4,3,2,4,3,2,4,3,3,-1.21277595379037,2.5,2.66666666666667,0,1,0,0,1,FALSE,0.2,FALSE,1,FALSE,0,,4,100,4,,0,,0,,0,,0,,2,1,4,4,10.3089859934221,1.38629436111989,0,7.04887282385203,0.405465108108164,6.21660610108486,3.66666666666667,3.25,FALSE,0.166666666666667,0.0166666666666667,"validation"
225,"Qingchuan","Qingchuan/Jianfeng","Qingchuan/Jianfeng/Gedi",0,0,27,1,"4",4,1e+05,0.08,3,15,2517.36,0,0,5,2,2,,0.8,100,,,4,4,4,5,3,3,4,3,3.33333333333333,-2.86893186163112,2.25,2,0,1,0,0,1,FALSE,5,TRUE,0.8,FALSE,0,,0,,0,,0,,0,,0,,0,,0,0,,0,11.5129354649202,1.38629436111989,2.77258872223978,7.83136317499657,0,0,4.33333333333333,4.25,FALSE,0,0,"validation"
226,"Qingchuan","Qingchuan/Jianfeng","Qingchuan/Jianfeng/Jianfeng",0,0,58,0,"3",3,40000,0.1,2,0,767.04,0,0,4,3,0,0.7,1,50,,,2,2,3,4,1,4,3,3,2.66666666666667,-2.46485513364478,3,1.66666666666667,0,1,0,0,1,FALSE,0.7,FALSE,1,FALSE,0,,0,,0,,0,,0,,0,,0,,0,0,,0,10.5966597327836,1.09861228866811,0,6.64384181512472,0,0,2.66666666666667,2.75,FALSE,0,0,"validation"
227,"Qingchuan","Qingchuan/Jianfeng","Qingchuan/Jianfeng/Huajian",0,0,55,1,"1",3,10000,0.2,12,0,7541.94,3,3100,4,4,0,,1,100,,,2,2,3,2,3,3,3,3,3,-1.21277595379037,3,2,0,1,0,0,1,FALSE,8,TRUE,1,FALSE,0,,2,300,0,,0,,0,,0,,0,,1,1,2,2,9.21044036697652,2.56494935746154,0,8.92836730542719,1.38629436111989,8.03947991910045,2,2.25,FALSE,0.25,0.31,"validation"
228,"Qingchuan","Qingchuan/Jianfeng","Qingchuan/Jianfeng/Baijia",0,0,61,1,"3",5,10000,0.3,4,0,1534.08,1,800,3,4,0,0.3,1,0,,,2,2,2,4,4,3,4,3,3.66666666666667,-0.64744098587833,2.75,1.66666666666667,0,1,0,0,1,FALSE,0.3,FALSE,1,FALSE,0,,0,,0,,0,,0,,0,,0,,0,0,,0,9.21044036697652,1.6094379124341,0,7.33633777592708,0.693147180559945,6.68586094706836,2.66666666666667,2.5,FALSE,0.25,0.08,"development"
229,"Qingchuan","Qingchuan/Jianfeng","Qingchuan/Jianfeng/Macun",0,0,75,1,"2",3,3000,0,3,14,6122.4,0.5,500,4,3,2,0.2,0.6,0,,,3,2,3,2,3,4,4,3,3.66666666666667,-1.61685268177671,2.25,1.66666666666667,0,1,0,0,1,FALSE,0.2,FALSE,0.6,FALSE,0,,4,,0,,0,,0,,0,,0,,1,1,4,4,8.00670084544037,1.38629436111989,2.70805020110221,8.71987277679807,0.405465108108164,6.21660610108486,2.33333333333333,2.5,FALSE,0.166666666666667,0.166666666666667,"validation"
230,"Qingchuan","Qingchuan/Qiaozhuang","Qingchuan/Qiaozhuang/Chashu",1,0,46,1,"5",6,51600,0.2,4,2,6392.38,1,3000,2,4,2,1,1,0,3,1,3,1,2,1,4,,,1,4,-0.364773501922308,3.5,2,0,1,0,0,1,FALSE,1,FALSE,1,FALSE,0,,1,,1,,0,,0,,0,,0,,2,1,1,1,10.8512963311268,1.6094379124341,1.09861228866811,8.76301835901275,0.693147180559945,8.00670084544037,1.66666666666667,1.75,FALSE,0.25,0.0581395348837209,"validation"
231,"Qingchuan","Qingchuan/Qiaozhuang","Qingchuan/Qiaozhuang/Huangping",0,0,60,0,"3",2,10000,0.3,4,10,3425.18,2,3000,3,4,0,0.3,0.6,20,,,4,4,4,4,3,4,4,3,3.66666666666667,-0.64744098587833,3.25,1.66666666666667,0,0,0,0,0,FALSE,0.3,FALSE,0.6,FALSE,0,,0,,0,,0,,0,,0,,0,,0,0,,0,9.21044036697652,1.6094379124341,2.39789527279837,8.13920121690847,1.09861228866811,8.00670084544037,4,4,FALSE,0.5,0.3,"development"
232,"Qingchuan","Qingchuan/Qiaozhuang","Qingchuan/Qiaozhuang/Xinsheng",0,0,64,0,"2",6,10000,1,3,1,3089.76,2,3000,2,5,3,0,0.5,10,,,4,4,4,4,2,,,1,2,-1.09136670976006,3.75,2.33333333333333,0,1,0,0,1,FALSE,0,FALSE,0.5,FALSE,0,,1,,0,,0,,0,,0,,0,,1,1,1,1,9.21044036697652,1.38629436111989,0.693147180559945,8.03617229434245,1.09861228866811,8.00670084544037,4,4,FALSE,0.666666666666667,0.3,"validation"
233,"Qingchuan","Qingchuan/Qiaozhuang","Qingchuan/Qiaozhuang/Huangping",0,0,61,1,"4",10,50000,0.05,4,0,2513.98,0.2,300,2,4,1,0.3,0.5,100,,,2,2,4,3,4,3,4,3,3.66666666666667,-0.64744098587833,3.75,2.33333333333333,0,1,0,0,1,FALSE,0.3,FALSE,0.5,FALSE,0,,3,,0,,0,,0,,0,,0,,1,1,3,3,10.8197982842103,1.6094379124341,0,7.83002013021594,0.182321556793955,5.70711026474888,2.33333333333333,2.75,FALSE,0.05,0.006,"development"
234,"Qingchuan","Qingchuan/Qiaozhuang","Qingchuan/Qiaozhuang/Xinsheng",1,0,50,1,"3",6,30000,0,1,0,383.52,1,1500,2,4,2,0.4,0.6,100,2,3,2,2,2,2,4,4,3,3,3.66666666666667,-0.64744098587833,3.5,2,0,1,0,0,1,FALSE,0.4,FALSE,0.6,FALSE,0,,0,,0,,0,,0,,0,,0,,0,0,,0,10.3089859934221,0.693147180559945,0,5.95199580319762,0.693147180559945,7.31388683163346,2,2,FALSE,1,0.05,"validation"
235,"Qingchuan","Qingchuan/Qiaozhuang","Qingchuan/Qiaozhuang/Jiefang",1,0,48,0,"5",1,60000,0,4.4,0,1650.224,1,1500,2,5,3,0.4,0.7,50,3,2,2,2,2,3,4,4,3,3,3.66666666666667,0.321970710020053,3.75,2,0,1,0,0,1,FALSE,0.4,FALSE,0.7,FALSE,0,,3,,0,,0,,0,,0,,0,,1,1,3,3,11.002116507732,1.68639895357023,0,7.40927211006533,0.693147180559945,7.31388683163346,2.33333333333333,2.25,FALSE,0.227272727272727,0.025,"validation"
236,"Qingchuan","Qingchuan/Qiaozhuang","Qingchuan/Qiaozhuang/Qunfeng",0,0,62,1,"3",2,15000,0.25,5,0,1917.6,0,0,2,4,3,0.3,0.6,100,,,2,2,2,4,3,3,4,3,3.33333333333333,-0.930108469834351,3.5,2.33333333333333,0,1,0,0,1,FALSE,0.3,FALSE,0.6,FALSE,0,,4,,0,,0,,0,,0,,0,,1,1,4,4,9.61587214452889,1.79175946922805,0,7.55935103238385,0,0,2.66666666666667,2.5,FALSE,0,0,"development"
237,"Qingchuan","Qingchuan/Qiaozhuang","Qingchuan/Qiaozhuang/Qunfeng",0,0,61,1,"2",5,12000,0,12,0,4602.24,3,4500,2,5,1,0.5,0.8,100,,,2,1,2,2,5,4,4,3,4.33333333333333,0.887305677932096,3.75,2.33333333333333,0,1,0,0,1,FALSE,0.5,FALSE,0.8,FALSE,0,,2,,1,,1,,1,,1,,1,,6,1,1.16666666666667,1.16666666666667,9.39274525863144,2.56494935746154,0,8.43451568236676,1.38629436111989,8.41205487329293,1.66666666666667,1.75,FALSE,0.25,0.375,"development"
238,"Qingchuan","Qingchuan/Qiaozhuang","Qingchuan/Qiaozhuang/Zhangjia",0,0,60,1,"3",4,30000,0,1.5,0,575.28,0,0,2,5,2,0.4,0.8,0,,,2,2,2,2,3,4,3,3,3.33333333333333,0.0393032260640316,3.25,1.66666666666667,0,1,0,0,1,FALSE,0.4,FALSE,0.8,FALSE,0,,0,,0,,0,,0,,0,,0,,0,0,,0,10.3089859934221,0.916290731874155,0,6.35659365369327,0,0,2,2,FALSE,0,0,"development"
239,"Qingchuan","Qingchuan/Qiaozhuang","Qingchuan/Qiaozhuang/Huilong",0,0,70,1,"3",3,50000,0,0.5,0,5735.18,0,0,2,5,3,0.04,0.06,0,,,2,1,2,2,5,3,3,3,3.66666666666667,0.321970710020053,3.25,2,0,1,0,0,1,FALSE,0.04,FALSE,0.06,FALSE,0,,0,,0,,0,,0,,0,,0,,0,0,,0,10.8197982842103,0.405465108108164,0,8.65454876254023,0,0,1.66666666666667,1.75,FALSE,0,0,"validation"
240,"Qingchuan","Qingchuan/Qiaozhuang","Qingchuan/Qiaozhuang/Dagou",1,0,56,1,"2",3,13000,0,9,0,3451.68,1,500,3,5,2,0.3,0.5,60,1,1,4,3,2,3,3,4,4,3,3.66666666666667,0.321970710020053,4,2,1,0,0,0,1,FALSE,0.3,FALSE,0.5,FALSE,0,,2,,0,,0,,0,,0,,0,,1,1,2,2,9.47278155656217,2.30258509299405,0,8.14690602005764,0.693147180559945,6.21660610108486,3.33333333333333,3,FALSE,0.111111111111111,0.0384615384615385,"development"
241,"Qingchuan","Qingchuan/Liangshui","Qingchuan/Liangshui/Shuguang",0,0,72,1,"2",2,0,0,5,0,1917.6,2,3000,2,4,2,0.3,0.6,50,,,2,2,3,2,3,4,3,3,3.33333333333333,-0.930108469834351,3.25,2,0,1,0,0,1,FALSE,0.3,FALSE,0.6,FALSE,0,,2,,0,,0,,0,,0,,0,,1,1,2,2,0,1.79175946922805,0,7.55935103238385,1.09861228866811,8.00670084544037,2,2.25,FALSE,0.4,,"validation"
242,"Qingchuan","Qingchuan/Liangshui","Qingchuan/Liangshui/Youyi",1,0,62,1,"3",2,8000,0,8,20,4890.56,1,1500,3,5,2,0.3,0.6,80,2,1,2,2,2,4,3,4,4,3,3.66666666666667,0.321970710020053,3.5,2.33333333333333,0,1,0,0,1,FALSE,0.3,FALSE,0.6,FALSE,0,,2,,1,,0,,0,,0,,0,,2,1,1.5,1.5,8.98732181285012,2.19722457733622,3.04452243772342,8.49526654999827,0.693147180559945,7.31388683163346,2.66666666666667,2.5,FALSE,0.125,0.1875,"development"
243,"Qingchuan","Qingchuan/Liangshui","Qingchuan/Liangshui/Yuejin",0,0,62,1,"2",2,10000,0,15,15,7119.6,4,4000,1,5,2,0.3,0.7,150,,,,2,2,4,3,3,4,3,3.33333333333333,0.0393032260640316,3.5,2.33333333333333,0,1,0,0,1,FALSE,0.3,FALSE,0.7,FALSE,0,,2,,0,,0,,0,,0,,0,,1,1,2,2,9.21044036697652,2.77258872223978,2.77258872223978,8.87074727051845,1.6094379124341,8.29429960885724,,,FALSE,0.266666666666667,0.4,"development"
244,"Qingchuan","Qingchuan/Liangshui","Qingchuan/Liangshui/Tuanjie",0,0,72,1,"2",3,6000,1,7,0,2684.64,5,5000,4,5,2,0.3,0.8,60,,,2,2,2,4,3,4,5,3,4,0.604638193976075,3.75,2.33333333333333,0,1,0,0,1,FALSE,0.3,FALSE,0.8,FALSE,0,,2,,3,,0,,0,,0,,0,,2,1,2.5,2.5,8.69968140098951,2.07944154167984,0,7.89567433980573,1.79175946922805,8.5173931714189,2.66666666666667,2.5,FALSE,0.714285714285714,0.833333333333333,"development"
245,"Qingchuan","Qingchuan/Liangshui","Qingchuan/Liangshui/Shengli",0,0,71,1,"1",2,16000,0,4,0,1534.08,1,1000,2,4,2,0.4,0.8,0,,,2,2,2,2,3,4,3,3,3.33333333333333,-0.930108469834351,3,2,0,1,0,0,1,FALSE,0.4,FALSE,0.8,FALSE,3,,2,,2,,0,,0,,0,,0,,3,1,2.33333333333333,2.33333333333333,9.68040649926887,1.6094379124341,0,7.33633777592708,0.693147180559945,6.90875477931522,2,2,FALSE,0.25,0.0625,"development"
246,"Qingchuan","Qingchuan/Liangshui","Qingchuan/Liangshui/Maoba",0,0,55,1,"5",4,80000,0.1,6,0,3770.97,1,1500,1,4,2,0.5,1,100,,,2,2,2,2,4,2,2,3,2.66666666666667,-1.49544343774639,3,2,0,1,0,0,1,FALSE,0.5,FALSE,1,FALSE,0,,2,,2,,0,,0,,0,,0,,2,1,2,2,11.2897944135779,1.94591014905531,0,8.23535269038132,0.693147180559945,7.31388683163346,2,2,FALSE,0.166666666666667,0.01875,"development"
247,"Qingchuan","Qingchuan/Liangshui","Qingchuan/Liangshui/Shuguang",0,0,58,0,"2",3,20000,0,6,0,2021.64,0,0,3,4,1,0.5,1,50,,,2,2,3,2,4,1,4,3,3,-1.21277595379037,2,1.66666666666667,0,1,0,0,1,FALSE,0.5,FALSE,1,FALSE,0,,2,,4,,0,,0,,0,,0,,2,1,3,3,9.90353755128617,1.94591014905531,0,7.61215886779778,0,0,2,2.25,FALSE,0,0,"validation"
248,"Qingchuan","Qingchuan/Liangshui","Qingchuan/Liangshui/Qunying",0,0,56,1,"2",4,70000,0.4,18,0,11802.86,0.2,200,4,4,2,0.5,0.7,100,,,4,3,4,4,1,4,2,3,2.33333333333333,-1.77811092170242,2,1.66666666666667,0,1,0,0,1,FALSE,0.5,FALSE,0.7,FALSE,0,,4,,0,,0,,0,,0,,0,,1,1,4,4,11.1562648066437,2.94443897916644,0,9.37618187560619,0.182321556793955,5.30330490805908,3.66666666666667,3.75,FALSE,0.0111111111111111,0.00285714285714286,"validation"
249,"Qingchuan","Qingchuan/Liangshui","Qingchuan/Liangshui/Lianghua",1,0,50,1,"2",5,20000,0.1,1,0,383.52,1,1500,1,5,2,0.5,0.8,50,1,1,1,1,2,1,3,4,3,3,3.33333333333333,0.0393032260640316,3.5,2.33333333333333,0,1,0,0,1,FALSE,0.5,FALSE,0.8,FALSE,1,100,1,,0,,0,,0,,0,,0,,2,1,1,1,9.90353755128617,0.693147180559945,0,5.95199580319762,0.693147180559945,7.31388683163346,1,1.25,FALSE,1,0.075,"development"
250,"Qingchuan","Qingchuan/Liangshui","Qingchuan/Liangshui/Youyi",1,0,55,1,"2",2,20000,0.1,21,0,10993.62,0.5,750,2,5,2,0.5,0.8,100,1,1,3,1,3,3,3,5,4,3,4,0.604638193976075,3.5,2.33333333333333,0,1,0,0,1,FALSE,0.5,FALSE,0.8,FALSE,0,,2,,2,,0,,2,,0,,0,,3,1,2,2,9.90353755128617,3.09104245335832,0,9.30516134122744,0.405465108108164,6.62140565176413,2.33333333333333,2.5,FALSE,0.0238095238095238,0.0375,"development"
251,"Qingchuan","Qingchuan/Liangshui","Qingchuan/Liangshui/Xuefang",1,0,67,1,"2",3,20000,0.3,10,0,6284.95,1,1500,3,5,2,0.4,1,0,1,1,2,1,2,1,4,3,3,3,3.33333333333333,0.0393032260640316,3.75,3,0,1,0,0,1,FALSE,0.4,FALSE,1,FALSE,0,,2,,0,,0,,0,,1,,0,,2,1,1.5,1.5,9.90353755128617,2.39789527279837,0,8.74607226314198,0.693147180559945,7.31388683163346,1.33333333333333,1.5,FALSE,0.1,0.075,"validation"
252,"Qingchuan","Qingchuan/Liangshui","Qingchuan/Liangshui/Yuejin",1,0,51,1,"2",3,30000,0.1,36,0,13713.56,3,4500,1,5,1,0.5,0.9,200,1,1,2,1,3,1,1,3,3,3,2.33333333333333,-0.808699225804033,3.5,2,0,1,0,0,1,FALSE,0.5,FALSE,0.9,FALSE,0,,2,200,2,,0,,2,,1,,0,,4,1,1.75,1.75,10.3089859934221,3.61091791264422,0,9.52621332119466,1.38629436111989,8.41205487329293,1.33333333333333,1.75,FALSE,0.0833333333333333,0.15,"development"
253,"Qingchuan","Qingchuan/Liangshui","Qingchuan/Liangshui/Tuanjie",0,0,60,1,"3",2,10000,0.3,10,0,4533.74,2,3000,3,5,2,1,1,100,,,1,1,3,1,5,4,3,3,4,0.604638193976075,2.5,2,0,1,0,0,1,FALSE,1,FALSE,1,FALSE,0,,2,,2,,0,,1,,0,,0,,3,1,1.66666666666667,1.66666666666667,9.21044036697652,2.39789527279837,0,8.41952302904242,1.09861228866811,8.00670084544037,1,1.5,FALSE,0.2,0.3,"development"
254,"Qingchuan","Qingchuan/Liangshui","Qingchuan/Liangshui/Shengli",1,0,60,1,"3",2,50000,0.3,26,80,138681.85,3,4500,3,4,1,0.4,0.8,0,1,2,2,1,3,3,1,3,4,3,2.66666666666667,-1.49544343774639,3.25,2.33333333333333,0,1,0,0,1,FALSE,0.4,FALSE,0.8,FALSE,0,,1,,2,,0,,2,,0,,0,,3,1,1.66666666666667,1.66666666666667,10.8197982842103,3.29583686600433,4.39444915467244,11.8399449504964,1.38629436111989,8.41205487329293,2,2.25,FALSE,0.115384615384615,0.09,"development"
255,"Qingchuan","Qingchuan/Qifo","Qingchuan/Qifo/Louzi",1,0,63,0,"3",2,5000,0,4,0,1534.08,3,1200,3,5,2,0.5,0.8,50,3,3,2,2,2,2,4,4,3,3,3.66666666666667,0.321970710020053,4.25,2.33333333333333,0,1,0,0,1,FALSE,0.5,FALSE,0.8,FALSE,2,,2,,3,,0,,0,,0,,0,,3,1,2.33333333333333,2.33333333333333,8.5173931714189,1.6094379124341,0,7.33633777592708,1.38629436111989,7.09090982207998,2,2,FALSE,0.75,0.24,"validation"
256,"Qingchuan","Qingchuan/Qifo","Qingchuan/Qifo/Gongcha",0,0,56,1,"2",3,40000,0,2,0,767.04,0.5,80,4,4,1,0.5,0.8,10,,,2,2,4,3,4,4,3,3,3.66666666666667,-0.64744098587833,2.75,2,0,1,0,0,1,FALSE,0.5,FALSE,0.8,FALSE,0,,3,,0,,0,,0,,0,,0,,1,1,3,3,10.5966597327836,1.09861228866811,0,6.64384181512472,0.405465108108164,4.39444915467244,2.33333333333333,2.75,FALSE,0.25,0.002,"validation"
257,"Qingchuan","Qingchuan/Dayuan","Qingchuan/Dayuan/Damao",1,0,53,1,"4",1,50000,0.1,5,0,1917.6,1,1000,2,5,2,0.5,1,100,1,1,1,2,1,1,4,4,4,3,4,0.604638193976075,2.75,2,0,1,0,0,1,FALSE,0.5,FALSE,1,FALSE,0,,2,,0,,0,,2,,0,,0,,2,1,2,2,10.8197982842103,1.79175946922805,0,7.55935103238385,0.693147180559945,6.90875477931522,1.33333333333333,1.25,FALSE,0.2,0.02,"development"
258,"Qingchuan","Qingchuan/Dayuan","Qingchuan/Dayuan/Damao",1,0,63,1,"2",4,15000,0.3,5,4,83517.6,1.5,600,3,4,2,0.5,0.6,200,2,2,2,2,2,2,4,4,4,3,4,-0.364773501922308,4,3.33333333333333,0,1,0,0,1,FALSE,0.5,FALSE,0.6,FALSE,3,,3,,0,,0,,0,,0,,0,,2,1,3,3,9.61587214452889,1.79175946922805,1.6094379124341,11.3328246405239,0.916290731874155,6.39859493453521,2,2,FALSE,0.3,0.04,"development"
259,"Qingchuan","Qingchuan/Dayuan","Qingchuan/Dayuan/Zhuba",1,0,54,1,"3",1,30000,1,2,12,1860.48,0.5,500,4,4,2,0.5,0.8,50,1,2,2,2,2,1,4,4,3,3,3.66666666666667,-0.64744098587833,3.5,1.66666666666667,0,1,0,0,1,FALSE,0.5,FALSE,0.8,FALSE,4,,3,,0,,0,,0,,0,,0,,2,1,3.5,3.5,10.3089859934221,1.09861228866811,2.56494935746154,7.52912714923142,0.405465108108164,6.21660610108486,1.66666666666667,1.75,FALSE,0.25,0.0166666666666667,"validation"
260,"Qingchuan","Qingchuan/Dayuan","Qingchuan/Dayuan/Zhuba",0,0,57,1,"2",4,10000,0,18,0,11802.86,10,5500,2,5,2,0.5,1,50,,,2,2,2,3,4,4,4,3,4,0.604638193976075,4,2.33333333333333,0,1,0,0,1,FALSE,0.5,FALSE,1,FALSE,0,,2,,0,,0,,0,,0,,0,,1,1,2,2,9.21044036697652,2.94443897916644,0,9.37618187560619,2.39789527279837,8.61268517287546,2.33333333333333,2.25,FALSE,0.555555555555556,0.55,"validation"
261,"Qingchuan","Qingchuan/Dayuan","Qingchuan/Dayuan/Zhuba",1,0,60,1,"2",3,1000,0,5,0,2314.39,1.5,2100,4,5,2,0.5,1,100,2,2,2,2,2,3,4,4,3,3,3.66666666666667,0.321970710020053,4,2.66666666666667,0,1,0,0,1,FALSE,0.5,FALSE,1,FALSE,0,,3,,4,,0,,0,,0,,0,,2,1,3.5,3.5,6.90875477931522,1.79175946922805,0,7.74733341885412,0.916290731874155,7.650168700845,2.33333333333333,2.25,FALSE,0.3,2.1,"validation"
262,"Qingchuan","Qingchuan/Dayuan","Qingchuan/Dayuan/Suojia",0,0,70,1,"3",2,10000,0.25,8,0,5027.96,0,0,2,4,2,0.4,0.7,60,,,2,2,2,2,4,4,3,3,3.66666666666667,-0.64744098587833,4.25,2,0,1,0,0,1,FALSE,0.4,FALSE,0.7,FALSE,0,,0,,0,,0,,0,,0,,0,,0,0,,0,9.21044036697652,2.19722457733622,0,8.52296848227276,0,0,2,2,FALSE,0,0,"development"
263,"Qingchuan","Qingchuan/Dayuan","Qingchuan/Dayuan/Mingzhu",0,0,52,0,"3",6,30000,0,2,0,767.04,1.5,2000,3,5,2,0.5,0.9,200,,,1,2,2,3,4,4,4,3,4,0.604638193976075,3.25,2.33333333333333,0,1,0,0,1,FALSE,0.5,FALSE,0.9,FALSE,4,,3,,0,,0,,0,,0,,0,,2,1,3.5,3.5,10.3089859934221,1.09861228866811,0,6.64384181512472,0.916290731874155,7.60140233458373,2,2,FALSE,0.75,0.0666666666666667,"development"
264,"Qingchuan","Qingchuan/Dayuan","Qingchuan/Dayuan/Mingzhu",1,0,69,1,"2",2,20000,0,8,1,27087.88,1,400,2,4,2,0.4,0.8,100,1,1,1,2,3,2,4,4,1,3,3,-1.21277595379037,3,2,0,1,0,0,1,FALSE,0.4,FALSE,0.8,FALSE,3,,0,,0,,0,,0,,0,,0,,1,1,3,3,9.90353755128617,2.19722457733622,0.693147180559945,10.2068785905552,0.693147180559945,5.99396142730657,1.66666666666667,2,FALSE,0.125,0.02,"development"
265,"Qingchuan","Qingchuan/Dayuan","Qingchuan/Dayuan/Zhuba",0,0,62,1,"3",2,4000,0.25,21,20,77252.5,0,0,3,5,1,0.5,0.5,0,,,4,3,4,4,3,3,,2,3,-0.24336425789199,2.75,1.66666666666667,0,1,0,0,1,FALSE,0.5,FALSE,0.5,FALSE,0,,2,,4,,0,,5,,0,,0,,3,1,3.66666666666667,3.66666666666667,8.29429960885724,3.09104245335832,3.04452243772342,11.254847501177,0,0,3.66666666666667,3.75,FALSE,0,0,"validation"
266,"Qingchuan","Qingchuan/Dayuan","Qingchuan/Dayuan/Mingzhu",0,0,53,0,"2",5,20000,0,9,1,5390.88,4,3200,2,5,0,0,0,0,,,2,2,5,3,4,5,5,3,4.66666666666667,1.16997316188812,2.75,2,0,1,0,0,1,FALSE,0,FALSE,0,FALSE,0,,2,,4,,0,,4,,0,,0,,3,1,3.33333333333333,3.33333333333333,9.90353755128617,2.30258509299405,0.693147180559945,8.59264939715161,1.6094379124341,8.07121853996986,2.33333333333333,3,FALSE,0.444444444444444,0.16,"development"
267,"Qingchuan","Qingchuan/Qifo","Qingchuan/Qifo/Louzi",0,0,70,1,"3",3,1000,1,6,1,5288.13,1.2,720,2,5,1,0.5,0.5,100,,,2,2,3,3,5,5,3,3,4.33333333333333,0.887305677932096,3.5,2.66666666666667,0,1,0,0,1,FALSE,0.5,FALSE,0.5,FALSE,0,,2,,0,,0,,0,,0,,0,,1,1,2,2,6.90875477931522,1.94591014905531,0.693147180559945,8.57340905007947,0.78845736036427,6.58063913728495,2.33333333333333,2.5,FALSE,0.2,0.72,"validation"
268,"Qingchuan","Qingchuan/Qifo","Qingchuan/Qifo/Gongcha",0,0,61,1,"3",4,30000,0.2,6,0,47138.43,0.5,350,2,5,0,0.5,0.5,0,,,4,3,4,4,5,,,1,5,1.45264064584414,3,1.66666666666667,0,1,0,0,1,FALSE,0.5,FALSE,0.5,FALSE,0,,3,,3,,0,,0,,0,,0,,2,1,3,3,10.3089859934221,1.94591014905531,0,10.7608650847751,0.405465108108164,5.86078622346587,3.66666666666667,3.75,FALSE,0.0833333333333333,0.0116666666666667,"validation"
269,"Qingchuan","Qingchuan/Dayuan","Qingchuan/Dayuan/Damao",1,0,59,1,"4",3,3000,0.4,8,8,55536.8,1,1000,1,5,1,0.3,0.3,100,1,1,2,1,3,1,4,5,4,3,4.33333333333333,0.887305677932096,2.75,1.66666666666667,0,1,0,0,1,FALSE,0.3,FALSE,0.3,FALSE,0,,2,,4,,0,,0,,0,,0,,2,1,3,3,8.00670084544037,2.19722457733622,2.19722457733622,10.9248191489851,0.693147180559945,6.90875477931522,1.33333333333333,1.75,FALSE,0.125,0.333333333333333,"development"
270,"Qingchuan","Qingchuan/Lean","Qingchuan/Lean/Xiangyang",0,0,52,0,"2",4,10000,0.1,2,0,1256.99,0,0,2,5,0,0,0,0,,,4,4,3,2,4,,,1,4,0.604638193976075,3.75,2.33333333333333,0,1,0,0,1,FALSE,0,FALSE,0,FALSE,0,,1,,2,,0,,1,,0,,0,,3,1,1.33333333333333,1.33333333333333,9.21044036697652,1.09861228866811,0,7.1372704881032,0,0,3.33333333333333,3.25,FALSE,0,0,"validation"
271,"Qingchuan","Qingchuan/Lean","Qingchuan/Lean/Tongba",0,0,57,1,"3",4,40000,0.2,5,22,18612.08,2,2400,4,5,1,0.7,1,20,,,2,1,2,5,3,,,1,3,-0.24336425789199,4,2.33333333333333,0,1,0,0,1,FALSE,0.7,FALSE,1,FALSE,0,,2,,3,,0,,0,,0,,0,,2,1,2.5,2.5,10.5966597327836,1.79175946922805,3.13549421592915,9.83161983836034,1.09861228866811,7.78364059622125,2.66666666666667,2.5,FALSE,0.4,0.06,"development"
272,"Qingchuan","Qingchuan/Lean","Qingchuan/Lean/Songbai",1,0,50,0,"4",2,80000,0.1,5,20,4719.9,1,1200,1,5,1,0.5,0.5,0,2,3,2,1,2,1,4,4,,2,4,0.604638193976075,3.5,2.66666666666667,0,1,0,0,1,FALSE,0.5,FALSE,0.5,FALSE,2,,2,,2,,0,,0,,0,,0,,3,1,2,2,11.2897944135779,1.79175946922805,3.04452243772342,8.45975473836897,0.693147180559945,7.09090982207998,1.33333333333333,1.5,FALSE,0.2,0.015,"development"
273,"Qingchuan","Qingchuan/Lean","Qingchuan/Lean/Songbai",0,0,72,1,"2",7,30000,1,6,2,39045.82,1,1200,2,5,1,0.5,0,0,,,2,2,3,3,3,,,1,3,-0.24336425789199,3.25,2.33333333333333,0,1,0,0,1,FALSE,0.5,FALSE,0,FALSE,0,,0,,0,,0,,0,,0,,0,,0,0,,0,10.3089859934221,1.94591014905531,1.09861228866811,10.572516717893,0.693147180559945,7.09090982207998,2.33333333333333,2.5,FALSE,0.166666666666667,0.04,"development"
274,"Qingchuan","Qingchuan/Lean","Qingchuan/Lean/Kangba",0,0,55,1,"2",5,40000,0,4,20,3846.43,2,2400,4,5,1,0.8,0.8,0,,,3,3,3,4,4,3,,2,3.5,0.180636968042042,2.75,2.33333333333333,1,1,0,0,2,FALSE,0.8,FALSE,0.8,FALSE,0,,2,,3,,0,,0,,0,,0,,2,1,2.5,2.5,10.5966597327836,1.6094379124341,3.04452243772342,8.2551606719153,1.09861228866811,7.78364059622125,3.33333333333333,3.25,FALSE,0.5,0.06,"validation"
275,"Qingchuan","Qingchuan/Lean","Qingchuan/Lean/Tongba",1,0,60,1,"3",3,30000,0.1,10,10,23227.2,5,5000,1,5,1,1,1,50,2,1,2,1,3,1,5,,,1,5,1.45264064584414,3.5,2.66666666666667,0,1,0,0,1,FALSE,1,FALSE,1,FALSE,0,,2,300,3,,0,,0,,0,,0,,2,1,2.5,2.5,10.3089859934221,2.39789527279837,2.39789527279837,10.0531223367528,1.79175946922805,8.5173931714189,1.33333333333333,1.75,FALSE,0.5,0.166666666666667,"development"
276,"Qingchuan","Qingchuan/Lean","Qingchuan/Lean/Changping",1,0,68,1,"2",3,5000,1,5,1,4836.7,2,2600,1,5,1,1,1,30,3,2,2,2,3,4,4,3,4,3,3.66666666666667,0.321970710020053,4.5,2.33333333333333,0,1,0,0,1,FALSE,1,FALSE,1,FALSE,0,,1,,3,,0,,1,,0,,0,,3,1,1.66666666666667,1.66666666666667,8.5173931714189,1.79175946922805,0.693147180559945,8.48419468015266,1.09861228866811,7.86365126544865,2.66666666666667,2.75,FALSE,0.4,0.52,"validation"
277,"Qingchuan","Qingchuan/Haoxi","Qingchuan/Haoxi/Diping",1,0,53,1,"2",3,35000,0,8,0,3068.16,8,8000,2,5,2,0.8,0.9,100,1,1,2,2,2,1,4,4,3,3,3.66666666666667,0.321970710020053,3.5,2.33333333333333,0,1,1,0,2,FALSE,0.8,FALSE,0.9,FALSE,2,,1,,0,,0,,0,,0,,0,,2,1,1.5,1.5,10.463131911492,2.19722457733622,0,8.02915918750648,2.19722457733622,8.98732181285012,1.66666666666667,1.75,FALSE,1,0.228571428571429,"development"
278,"Qingchuan","Qingchuan/Haoxi","Qingchuan/Haoxi/Qingguang",1,0,58,1,"2",1,20000,0.1,4,0,2513.98,3,800,4,4,2,0.5,0.6,20,3,3,2,2,1,4,4,4,4,3,4,-0.364773501922308,4,2,0,0,0,0,0,FALSE,0.5,FALSE,0.6,FALSE,2,,2,,0,,0,,0,,0,,0,,2,1,2,2,9.90353755128617,1.6094379124341,0,7.83002013021594,1.38629436111989,6.68586094706836,2.66666666666667,2.25,FALSE,0.75,0.04,"validation"
279,"Qingchuan","Qingchuan/Haoxi","Qingchuan/Haoxi/Qingguang",0,0,50,1,"2",1,8000,0.2,1,17,14833.52,0.5,200,4,4,2,0.4,0.8,6,,,2,2,2,1,4,4,4,3,4,-0.364773501922308,3.5,3.66666666666667,0,1,0,0,1,FALSE,0.4,FALSE,0.8,FALSE,2,,2,,0,,0,,2,,0,,0,,3,1,2,2,8.98732181285012,0.693147180559945,2.89037175789616,9.60471217628639,0.405465108108164,5.30330490805908,1.66666666666667,1.75,FALSE,0.5,0.025,"validation"
280,"Qingchuan","Qingchuan/Haoxi","Qingchuan/Haoxi/Qingguang",1,0,56,1,"3",3,20000,0.15,19,0,173496.32,2.5,1000,4,5,2,0.5,0.5,100,1,1,2,2,4,4,4,4,4,3,4,0.604638193976075,3.25,2.33333333333333,0,1,0,0,1,FALSE,0.5,FALSE,0.5,FALSE,3,,0,,0,,0,,0,,0,,0,,1,1,3,3,9.90353755128617,2.99573227355399,0,12.0639174315639,1.25276296849537,6.90875477931522,2.66666666666667,3,FALSE,0.131578947368421,0.05,"validation"
281,"Qingchuan","Qingchuan/Haoxi","Qingchuan/Haoxi/Guanghui",1,0,48,1,"3",2,30000,0.12,10,0,8734.7,6,10000,4,5,2,0.5,0.8,50,1,1,1,2,2,3,4,3,4,3,3.66666666666667,0.321970710020053,3.25,2.33333333333333,1,1,0,0,2,FALSE,0.5,FALSE,0.8,FALSE,2,,2,,0,,0,,0,,0,,0,,2,1,2,2,10.3089859934221,2.39789527279837,0,9.07517335673569,1.94591014905531,9.21044036697652,2,2,FALSE,0.6,0.333333333333333,"validation"
282,"Qingchuan","Qingchuan/Haoxi","Qingchuan/Haoxi/Tanhe",0,0,50,0,"2",4,16000,0.05,8,0,6007.86,5.5,5000,4,5,2,0.1,1,400,,,2,2,2,1,4,4,4,3,4,0.604638193976075,3.5,2.66666666666667,0,1,0,0,1,FALSE,0.1,FALSE,1,FALSE,2,,2,,0,,0,,2,,0,,0,,3,1,2,2,9.68040649926887,2.19722457733622,0,8.70099032567676,1.87180217690159,8.5173931714189,1.66666666666667,1.75,FALSE,0.6875,0.3125,"development"
283,"Qingchuan","Qingchuan/Haoxi","Qingchuan/Haoxi/Qingguang",1,0,55,1,"3",5,30000,0.1,10,0,6284.95,3,2000,1,5,2,1,1,100,3,3,2,2,2,1,4,4,4,3,4,0.604638193976075,3.5,2.33333333333333,0,1,0,0,1,FALSE,1,FALSE,1,FALSE,0,,2,,0,,0,,0,,0,,0,,1,1,2,2,10.3089859934221,2.39789527279837,0,8.74607226314198,1.38629436111989,7.60140233458373,1.66666666666667,1.75,FALSE,0.3,0.0666666666666667,"validation"
284,"Qingchuan","Qingchuan/Muyu","Qingchuan/Muyu/Muyu",1,0,68,0,"1",4,30000,0.08,3,0,1150.56,2,3000,2,5,2,0.5,1,50,2,2,2,2,1,2,4,4,4,3,4,0.604638193976075,3.75,2.33333333333333,0,1,0,0,1,FALSE,0.5,FALSE,1,FALSE,2,,3,,0,,0,,0,,0,,0,,2,1,2.5,2.5,10.3089859934221,1.38629436111989,0,7.04887282385203,1.09861228866811,8.00670084544037,2,1.75,FALSE,0.666666666666667,0.1,"development"
285,"Qingchuan","Qingchuan/Muyu","Qingchuan/Muyu/Muyu",0,0,72,1,"2",3,10000,0.15,3,0,1150.56,0.1,50,4,5,2,1,1,100,,,2,2,2,2,5,4,3,3,4,0.604638193976075,3.5,4,0,1,0,0,1,FALSE,1,FALSE,1,FALSE,4,,4,,4,,0,,3,,0,,0,,4,1,3.75,3.75,9.21044036697652,1.38629436111989,0,7.04887282385203,0.0953101798043249,3.93182563272433,2,2,FALSE,0.0333333333333333,0.005,"development"
286,"Qingchuan","Qingchuan/Muyu","Qingchuan/Muyu/Muyu",1,0,63,1,"2",4,50000,0.08,3,0,1150.56,3,2000,2,5,2,1,1,100,1,1,1,2,2,2,5,4,4,3,4.33333333333333,0.887305677932096,3.75,2.33333333333333,0,1,0,0,1,FALSE,1,FALSE,1,FALSE,2,,2,,2,,2,,0,,0,,0,,4,1,2,2,10.8197982842103,1.38629436111989,0,7.04887282385203,1.38629436111989,7.60140233458373,1.66666666666667,1.75,FALSE,1,0.04,"development"
287,"Qingchuan","Qingchuan/Muyu","Qingchuan/Muyu/Hongqi",1,0,52,1,"4",2,20000,0.12,5,16,22064.91,2.5,1600,1,5,2,0.8,0.8,20,3,2,1,2,2,4,4,4,3,3,3.66666666666667,0.321970710020053,3.25,2.33333333333333,1,1,1,0,3,FALSE,0.8,FALSE,0.8,FALSE,2,,2,,2,,0,,0,,0,,0,,3,1,2,2,9.90353755128617,1.79175946922805,2.83321334405622,10.0017891626389,1.25276296849537,7.37838371299671,2.33333333333333,2.25,FALSE,0.5,0.08,"development"
288,"Qingchuan","Qingchuan/Muyu","Qingchuan/Muyu/Hongqi",0,0,63,1,"4",5,30000,0.1,5,0,1917.6,2,1200,1,5,2,0.8,0.9,50,,,2,2,2,2,4,4,4,3,4,0.604638193976075,3.25,2.33333333333333,0,1,0,0,1,FALSE,0.8,FALSE,0.9,FALSE,2,,3,,0,,0,,0,,0,,0,,2,1,2.5,2.5,10.3089859934221,1.79175946922805,0,7.55935103238385,1.09861228866811,7.09090982207998,2,2,FALSE,0.4,0.04,"development"
289,"Qingchuan","Qingchuan/Muyu","Qingchuan/Muyu/Wenwu",1,0,62,1,"2",2,15000,0.1,2,0,12343.83,0.7,1000,1,5,1,0.5,0,0,3,2,2,2,2,4,5,3,4,3,4,0.604638193976075,3.75,2.33333333333333,1,1,1,0,3,FALSE,0.5,FALSE,0,FALSE,2,,2,,0,,0,,0,,0,,0,,2,1,2,2,9.61587214452889,1.09861228866811,0,9.42099263092707,0.53062825106217,6.90875477931522,2.66666666666667,2.5,FALSE,0.35,0.0666666666666667,"development"
290,"Qingchuan","Qingchuan/Muyu","Qingchuan/Muyu/Xinba",0,0,60,1,"3",4,5000,0.15,8,8,7400.12,2,2300,1,5,2,0.5,0.7,50,,,2,2,2,2,3,4,4,3,3.66666666666667,0.321970710020053,3.25,2.33333333333333,0,1,0,0,1,FALSE,0.5,FALSE,0.7,FALSE,2,,2,,0,,0,,0,,0,,0,,2,1,2,2,8.5173931714189,2.19722457733622,2.19722457733622,8.90938661909115,1.09861228866811,7.74109909003537,2,2,FALSE,0.25,0.46,"validation"
291,"Qingchuan","Qingchuan/Lean","Qingchuan/Lean/Changping",0,0,45,0,"2",2,20000,0,9,15,4818.48,5,5000,2,4,2,0.4,0.8,70,,,4,3,2,4,4,3,4,3,3.66666666666667,-0.64744098587833,3.75,2,0,1,1,0,2,FALSE,0.4,FALSE,0.8,FALSE,0,,2,,2,,0,,0,,0,,0,,2,1,2,2,9.90353755128617,2.30258509299405,2.77258872223978,8.48042131740734,1.79175946922805,8.5173931714189,3.66666666666667,3.25,FALSE,0.555555555555556,0.25,"validation"
292,"Qingchuan","Qingchuan/Lean","Qingchuan/Lean/Changping",0,0,67,1,"3",1,8000,0,5,0,84083.35,0.3,700,2,4,2,0.3,0.8,40,,,2,2,2,4,5,3,3,3,3.66666666666667,-0.64744098587833,4,2,0,1,0,0,1,FALSE,0.3,FALSE,0.8,FALSE,0,,0,,2,,0,,0,,0,,0,,1,1,2,2,8.98732181285012,1.79175946922805,0,11.339575740654,0.262364264467491,6.55250788703459,2.66666666666667,2.5,FALSE,0.06,0.0875,"validation"
293,"Qingchuan","Qingchuan/Lean","Qingchuan/Lean/Kangba",1,0,60,0,"3",3,12000,0.2,8,0,47415.52,2,2100,1,5,2,0.6,0.8,0,1,2,2,2,2,4,5,4,4,3,4.33333333333333,0.887305677932096,3.25,2,0,1,0,0,1,FALSE,0.6,FALSE,0.8,FALSE,0,,0,,2,,0,,0,,0,,0,,1,1,2,2,9.39274525863144,2.19722457733622,0,10.7667259701698,1.09861228866811,7.650168700845,2.66666666666667,2.5,FALSE,0.25,0.175,"validation"
294,"Qingchuan","Qingchuan/Lean","Qingchuan/Lean/Kangba",1,0,56,1,"4",5,80000,0.15,11,70,195396.92,3,3000,2,5,2,0.3,0.7,0,1,1,4,3,2,4,3,4,3,3,3.33333333333333,0.0393032260640316,3.25,2,0,1,0,0,1,FALSE,0.3,FALSE,0.7,FALSE,4,,2,,2,,0,,0,,0,,0,,3,1,2.66666666666667,2.66666666666667,11.2897944135779,2.484906649788,4.26267987704132,12.182793373703,1.38629436111989,8.00670084544037,3.66666666666667,3.25,FALSE,0.272727272727273,0.0375,"validation"
295,"Qingchuan","Qingchuan/Lean","Qingchuan/Lean/Gucheng",0,0,38,1,"2",5,40000,0.25,12,0,104383.8,1,1000,2,4,2,0.3,0.7,60,,,3,2,2,3,4,2,5,3,3.66666666666667,-0.64744098587833,3.25,2.33333333333333,0,1,0,0,1,FALSE,0.3,FALSE,0.7,FALSE,0,,2,,0,,0,,0,,0,,0,,1,1,2,2,10.5966597327836,2.56494935746154,0,11.5558393499611,0.693147180559945,6.90875477931522,2.66666666666667,2.5,FALSE,0.0833333333333333,0.025,"development"
296,"Qingchuan","Qingchuan/Lean","Qingchuan/Lean/Songbai",1,0,50,1,"3",4,20000,0,10,20,5657.6,4,3000,2,5,2,0.6,0.8,60,1,1,2,2,2,2,3,3,4,3,3.33333333333333,0.0393032260640316,3.75,2.66666666666667,0,1,0,0,1,FALSE,0.6,FALSE,0.8,FALSE,3,,4,,3,,0,,2,,0,,0,,4,1,3,3,9.90353755128617,2.39789527279837,3.04452243772342,8.64093179077789,1.6094379124341,8.00670084544037,2,2,FALSE,0.4,0.15,"development"
297,"Qingchuan","Qingchuan/Lean","Qingchuan/Lean/Gucheng",0,0,34,1,"3",6,50000,0.1,6,0,57735.32,1,1000,2,4,2,0.3,0.8,0,,,2,2,2,2,5,4,3,3,4,-0.364773501922308,2.5,1.66666666666667,0,1,0,0,1,FALSE,0.3,FALSE,0.8,FALSE,0,,0,,0,,0,,0,,0,,0,,0,0,,0,10.8197982842103,1.94591014905531,0,10.9636417172059,0.693147180559945,6.90875477931522,2,2,FALSE,0.166666666666667,0.02,"development"
298,"Qingchuan","Qingchuan/Lean","Qingchuan/Lean/Gucheng",0,0,70,0,"2",2,20000,0.5,8,0,47415.52,2,2000,2,5,2,0.4,0.8,0,,,2,2,2,3,4,4,5,3,4.33333333333333,0.887305677932096,4,2.33333333333333,0,1,0,0,1,FALSE,0.4,FALSE,0.8,FALSE,0,,2,,2,,0,,0,,0,,0,,2,1,2,2,9.90353755128617,2.19722457733622,0,10.7667259701698,1.09861228866811,7.60140233458373,2.33333333333333,2.25,FALSE,0.25,0.1,"development"
299,"Qingchuan","Qingchuan/Lean","Qingchuan/Lean/Tongba",0,0,60,1,"3",4,13000,0,8,0,14155,3,3000,3,5,2,0.6,0.85,80,,,2,2,2,4,3,4,4,3,3.66666666666667,0.321970710020053,4.5,2.33333333333333,0,1,0,0,1,FALSE,0.6,FALSE,0.85,FALSE,0,,2,,3,,0,,0,,0,,0,,2,1,2.5,2.5,9.47278155656217,2.19722457733622,0,9.55789384146535,1.38629436111989,8.00670084544037,2.66666666666667,2.5,FALSE,0.375,0.230769230769231,"development"
300,"Qingchuan","Qingchuan/Lean","Qingchuan/Lean/Xiangyang",0,0,78,0,"1",3,10000,0,11,0,120134.94,1.3,1200,4,4,1,0.3,0.8,60,,,2,2,2,2,4,4,4,3,4,-0.364773501922308,3.25,2,0,1,0,0,1,FALSE,0.3,FALSE,0.8,FALSE,4,,2,,3,,2,,0,,0,,0,,4,1,2.75,2.75,9.21044036697652,2.484906649788,0,11.696379213926,0.832909122935104,7.09090982207998,2,2,FALSE,0.118181818181818,0.12,"validation"
301,"Qingchuan","Qingchuan/Lean","Qingchuan/Lean/Daqiao",1,0,61,1,"4",2,30000,0,5,0,13004.44,0,0,2,4,2,0.5,0.8,90,1,1,2,2,2,2,4,4,3,3,3.66666666666667,-0.64744098587833,3,2.66666666666667,0,1,0,0,1,FALSE,0.5,FALSE,0.8,FALSE,3,,2,,0,,0,,0,,0,,0,,2,1,2.5,2.5,10.3089859934221,1.79175946922805,0,9.47312301045152,0,0,2,2,FALSE,0,0,"development"
302,"Qingchuan","Qingchuan/Lean","Qingchuan/Lean/Xiangyang",0,0,39,1,"4",5,60000,0.3,19,0,151702.99,1,800,2,4,3,0.5,0.8,100,,,2,2,2,3,4,4,4,3,4,-0.364773501922308,3.5,2,0,1,0,0,1,FALSE,0.5,FALSE,0.8,FALSE,4,,2,,3,,0,,0,,0,,0,,3,1,3,3,11.002116507732,2.99573227355399,0,11.9296864669024,0.693147180559945,6.68586094706836,2.33333333333333,2.25,FALSE,0.0526315789473684,0.0133333333333333,"validation"
303,"Qingchuan","Qingchuan/Haoxi","Qingchuan/Haoxi/Qingguang",1,0,52,0,"2",5,20000,0.1,3,0,1150.56,2,3000,1,4,2,0.3,0.8,50,3,2,3,1,3,1,3,3,3,3,3,-1.21277595379037,3.25,2.66666666666667,0,1,0,0,1,FALSE,0.3,FALSE,0.8,FALSE,1,100,0,,0,,0,,0,,0,,0,,1,1,1,1,9.90353755128617,1.38629436111989,0,7.04887282385203,1.09861228866811,8.00670084544037,1.66666666666667,2,FALSE,0.666666666666667,0.15,"validation"
304,"Qingchuan","Qingchuan/Haoxi","Qingchuan/Haoxi/Qingguang",0,0,50,1,"2",4,30000,0.1,1,0,11470.36,0.2,2000,3,4,2,0.6,0.6,0,,,2,1,4,1,4,1,4,3,3,-1.21277595379037,3.5,1.66666666666667,0,1,0,0,1,FALSE,0.6,FALSE,0.6,FALSE,1,,1,,1,,0,,0,,0,,0,,3,1,1,1,10.3089859934221,0.693147180559945,0,9.34760877327761,0.182321556793955,7.60140233458373,1.33333333333333,2,FALSE,0.2,0.0666666666666667,"validation"
305,"Qingchuan","Qingchuan/Haoxi","Qingchuan/Haoxi/Qingguang",0,0,53,0,"2",5,20000,0.15,6,0,57735.32,0.3,500,3,4,2,0.3,1,0,,,2,1,4,1,5,3,2,3,3.33333333333333,-0.930108469834351,2.75,2.33333333333333,0,1,0,0,1,FALSE,0.3,FALSE,1,FALSE,1,50,0,,3,,0,,4,,0,,0,,3,1,2.66666666666667,2.66666666666667,9.90353755128617,1.94591014905531,0,10.9636417172059,0.262364264467491,6.21660610108486,1.33333333333333,2,FALSE,0.05,0.025,"validation"
306,"Qingchuan","Qingchuan/Haoxi","Qingchuan/Haoxi/Tanhe",0,0,50,0,"2",1,10000,0.2,13,0,115854.16,1.5,1500,1,5,2,0.5,0.6,100,,,2,1,3,1,3,4,4,3,3.66666666666667,0.321970710020053,3,2,0,1,0,0,1,FALSE,0.5,FALSE,0.6,FALSE,1,,1,,0,,0,,0,,0,,0,,2,1,1,1,9.21044036697652,2.63905732961526,0,11.6600960692225,0.916290731874155,7.31388683163346,1.33333333333333,1.75,FALSE,0.115384615384615,0.15,"development"
307,"Qingchuan","Qingchuan/Muyu","Qingchuan/Muyu/Muyu",0,0,72,1,"2",5,30000,0.1,2,0,767.04,0,0,1,4,1,1,1,100,,,2,1,4,3,4,3,5,3,4,-0.364773501922308,2.75,2.33333333333333,0,1,0,0,1,FALSE,1,FALSE,1,FALSE,0,,0,,0,,0,,0,,0,,0,,0,0,,0,10.3089859934221,1.09861228866811,0,6.64384181512472,0,0,2,2.5,FALSE,0,0,"development"
308,"Qingchuan","Qingchuan/Muyu","Qingchuan/Muyu/Muyu",0,0,54,1,"2",4,20000,0.1,8,0,5027.96,1,1500,1,5,2,0.5,1,50,,,2,1,3,1,3,5,3,3,3.66666666666667,0.321970710020053,3.75,2.33333333333333,0,1,0,0,1,FALSE,0.5,FALSE,1,FALSE,1,,1,,2,,0,,2,,0,,0,,4,1,1.5,1.5,9.90353755128617,2.19722457733622,0,8.52296848227276,0.693147180559945,7.31388683163346,1.33333333333333,1.75,FALSE,0.125,0.075,"development"
309,"Qingchuan","Qingchuan/Muyu","Qingchuan/Muyu/Hongqi",1,0,60,1,"3",6,30000,0.2,13.3,0,7522.618,2,3000,4,5,1,0.7,0.7,100,2,1,2,1,3,1,4,3,4,3,3.66666666666667,0.321970710020053,3.25,2.33333333333333,0,1,0,0,1,FALSE,0.7,FALSE,0.7,FALSE,1,,0,,1,,0,,2,,0,,0,,3,1,1.33333333333333,1.33333333333333,10.3089859934221,2.66025953726586,0,8.92580241826548,1.09861228866811,8.00670084544037,1.33333333333333,1.75,FALSE,0.150375939849624,0.1,"development"
310,"Qingchuan","Qingchuan/Muyu","Qingchuan/Muyu/Hongqi",1,0,52,1,"3",2,20000,0.15,1,0,383.52,0.2,200,3,5,2,1,1,100,3,3,2,1,4,2,4,4,4,3,4,0.604638193976075,2.75,1,0,1,0,0,1,FALSE,1,FALSE,1,FALSE,0,,2,,0,,0,,0,,0,,0,,1,1,2,2,9.90353755128617,0.693147180559945,0,5.95199580319762,0.182321556793955,5.30330490805908,1.66666666666667,2.25,FALSE,0.2,0.01,"development"
311,"Qingchuan","Qingchuan/Muyu","Qingchuan/Muyu/Wenwu",0,0,51,1,"3",6,40000,0.05,1,0,383.52,0.3,600,1,5,1,0.3,1,50,,,2,1,3,1,5,4,4,3,4.33333333333333,0.887305677932096,2.75,2,0,1,0,0,1,FALSE,0.3,FALSE,1,FALSE,0,,0,,0,,0,,0,,0,,0,,0,0,,0,10.5966597327836,0.693147180559945,0,5.95199580319762,0.262364264467491,6.39859493453521,1.33333333333333,1.75,FALSE,0.3,0.015,"development"
312,"Qingchuan","Qingchuan/Muyu","Qingchuan/Muyu/Hongqi",0,0,70,1,"2",2,10000,0.05,0.2,0,76.704,0.2,500,3,5,2,0.8,0.8,50,,,2,1,3,2,3,4,3,3,3.33333333333333,0.0393032260640316,3.25,2,0,1,0,0,1,FALSE,0.8,FALSE,0.8,FALSE,0,,0,,0,,0,,0,,0,,0,,0,0,,0,9.21044036697652,0.182321556793955,0,4.35290673610003,0.182321556793955,6.21660610108486,1.66666666666667,2,FALSE,1,0.05,"development"
313,"Qingchuan","Qingchuan/Muyu","Qingchuan/Muyu/Xinba",0,0,70,1,"2",5,20000,0.05,3,0,1150.56,0,0,3,5,2,0.4,0.5,50,,,2,1,3,2,4,4,3,3,3.66666666666667,0.321970710020053,3.5,2.33333333333333,0,1,0,0,1,FALSE,0.4,FALSE,0.5,FALSE,0,,0,,0,,0,,0,,0,,0,,0,0,,0,9.90353755128617,1.38629436111989,0,7.04887282385203,0,0,1.66666666666667,2,FALSE,0,0,"validation"
315,"Qingchuan","Qingchuan/Haoxi","Qingchuan/Haoxi/Qingguang",0,0,48,1,"2",4,30000,1,14,0,95533.85,1.7,3000,2,4,2,,1,50,,,2,2,3,3,4,4,3,3,3.66666666666667,-0.64744098587833,3,3,0,1,0,0,1,FALSE,5,TRUE,1,FALSE,0,,0,,3,,0,,0,,0,,0,,1,1,3,3,10.3089859934221,2.70805020110221,0,11.4672463813671,0.993251773010283,8.00670084544037,2.33333333333333,2.5,FALSE,0.121428571428571,0.1,"validation"
316,"Qingchuan","Qingchuan/Muyu","Qingchuan/Muyu/Wenwu",0,0,40,1,"5",3,30000,0.3,10,1,8224.15,4,3000,4,5,1,0.5,0.9,30,,,2,2,3,2,4,3,3,3,3.33333333333333,0.0393032260640316,3.5,2.33333333333333,0,1,0,0,1,FALSE,0.5,FALSE,0.9,FALSE,2,10,0,,2,,0,,0,,0,,0,,2,1,2,2,10.3089859934221,2.39789527279837,0.693147180559945,9.01495181254935,1.6094379124341,8.00670084544037,2,2.25,FALSE,0.4,0.1,"development"
317,"Qingchuan","Qingchuan/Muyu","Qingchuan/Muyu/Wenwu",0,0,59,1,"2",4,15000,0.05,1,1,2322.72,0.8,600,4,4,0,0.5,0.9,20,,,2,2,2,2,3,4,1,3,2.66666666666667,-1.49544343774639,3.25,2.33333333333333,0,0,0,0,0,FALSE,0.5,FALSE,0.9,FALSE,2,50,0,,0,,0,,0,,0,,0,,1,1,2,2,9.61587214452889,0.693147180559945,0.693147180559945,7.75092462878556,0.587786664902119,6.39859493453521,2,2,FALSE,0.8,0.04,"development"
318,"Qingchuan","Qingchuan/Muyu","Qingchuan/Muyu/Xinba",1,0,58,1,"3",4,60000,0.2,6,2,6596.7,2,1200,4,4,1,0.5,0.8,30,2,1,2,2,4,4,3,3,4,3,3.33333333333333,-0.930108469834351,3.25,2,0,1,0,0,1,FALSE,0.5,FALSE,0.8,FALSE,2,,0,,0,,2,,0,,0,,0,,2,1,2,2,11.002116507732,1.94591014905531,1.09861228866811,8.79447638243108,1.09861228866811,7.09090982207998,2.66666666666667,3,FALSE,0.333333333333333,0.02,"validation"
319,"Qingchuan","Qingchuan/Muyu","Qingchuan/Muyu/Muyu",0,0,67,0,"1",2,20000,0.1,2.5,11,3809.2,1.5,1200,3,4,2,0.5,0.7,10,,,2,2,2,4,5,3,3,3,3.66666666666667,-0.64744098587833,2.75,2.33333333333333,0,1,0,0,1,FALSE,0.5,FALSE,0.7,FALSE,0,,2,,0,,0,,0,,0,,0,,1,1,2,2,9.90353755128617,1.25276296849537,2.484906649788,8.24543696018134,0.916290731874155,7.09090982207998,2.66666666666667,2.5,FALSE,0.6,0.06,"development"
320,"Qingchuan","Qingchuan/Qingxi","Qingchuan/Qingxi/Jinqiao",1,0,59,0,"2",1,20000,0,12,0,6958.83,3,1560,2,5,1,0.5,0.8,20,2,2,2,2,4,1,3,5,4,3,4,0.604638193976075,2.5,2,0,1,0,0,1,FALSE,0.5,FALSE,0.8,FALSE,0,,2,300,0,,3,,0,,0,,0,,2,1,2.5,2.5,9.90353755128617,2.56494935746154,0,8.84791032774281,1.38629436111989,7.35308192051543,1.66666666666667,2.25,FALSE,0.25,0.078,"validation"
321,"Qingchuan","Qingchuan/Qingxi","Qingchuan/Qingxi/Xuba",0,0,55,1,"4",3,50000,0.6,78,80,1776702.56,20,8400,1,5,1,0.7,,1200,,,2,1,2,4,4,4,4,3,4,0.604638193976075,4,2.66666666666667,1,0,0,0,1,FALSE,0.7,FALSE,2,TRUE,1,200,1,1200,0,,0,,0,,0,,0,,2,1,1,1,10.8197982842103,4.36944785246702,4.39444915467244,14.3902702727367,3.04452243772342,9.03610602536485,2.33333333333333,2.25,FALSE,0.256410256410256,0.168,"validation"
322,"Qingchuan","Qingchuan/Muyu","Qingchuan/Muyu/Qianshan",0,0,45,1,"2",5,60000,0.8,5.5,35,40075.935,1.3,1200,4,5,2,0.3,0.8,50,,,2,2,4,4,4,4,1,3,3,-0.24336425789199,3.5,2.66666666666667,0,1,0,0,1,FALSE,0.3,FALSE,0.8,FALSE,0,,0,,3,,0,,0,,0,,0,,1,1,3,3,11.002116507732,1.87180217690159,3.58351893845611,10.5985562607787,0.832909122935104,7.09090982207998,2.66666666666667,3,FALSE,0.236363636363636,0.02,"validation"
323,"Qingchuan","Qingchuan/Qingxi","Qingchuan/Qingxi/Luoyigou",0,1,60,0,"1",3,40000,0.1,13,100,303616.71,5,25000,4,5,2,1,1,50,,,2,2,2,2,3,5,2,3,3.33333333333333,0.0393032260640316,3,3.33333333333333,0,1,0,0,1,FALSE,1,FALSE,1,FALSE,0,,2,,3,,0,,0,,0,,0,,2,1,2.5,2.5,10.5966597327836,2.63905732961526,4.61512051684126,12.6235246561356,1.79175946922805,10.1266711030504,2,2,FALSE,0.384615384615385,0.625,"development"
324,"Qingchuan","Qingchuan/Muyu","Qingchuan/Muyu/Banqiao",0,0,71,0,"2",4,80000,0.05,0.8,8,6641.773,0.8,700,4,4,0,1,0.8,50,,,4,3,1,2,3,5,4,3,4,-0.364773501922308,2.75,2,0,0,0,0,0,FALSE,1,FALSE,0.8,FALSE,0,,3,,0,,0,,0,,0,,0,,1,1,3,3,11.2897944135779,0.587786664902119,2.19722457733622,8.80128477577325,0.587786664902119,6.55250788703459,3,2.5,FALSE,1,0.00875,"development"
325,"Qingchuan","Qingchuan/Muyu","Qingchuan/Muyu/Tielu",0,0,74,1,"2",6,120000,0.05,3,0,1150.56,1,800,3,3,2,1,1,0,,,3,3,2,4,1,4,3,3,2.66666666666667,-2.46485513364478,2.75,2,0,1,0,0,1,FALSE,1,FALSE,1,FALSE,0,,2,50,3,,0,,0,,0,,0,,2,1,2.5,2.5,11.6952553550628,1.38629436111989,0,7.04887282385203,0.693147180559945,6.68586094706836,3.33333333333333,3,FALSE,0.333333333333333,0.00666666666666667,"development"
326,"Qingchuan","Qingchuan/Qingxi","Qingchuan/Qingxi/Yinping",0,0,56,0,"3",5,50000,0.1,2.3,0,854.148,1,1500,3,5,1,0.8,0.8,100,,,3,1,3,1,4,4,3,3,3.66666666666667,0.321970710020053,3.25,2.33333333333333,0,1,0,0,1,FALSE,0.8,FALSE,0.8,FALSE,0,,0,,0,,0,,0,,0,,0,,0,0,,0,10.8197982842103,1.19392246847243,0,6.75127455337199,0.693147180559945,7.31388683163346,1.66666666666667,2,FALSE,0.434782608695652,0.03,"development"
327,"Qingchuan","Qingchuan/Muyu","Qingchuan/Muyu/Qianshan",1,0,58,1,"3",3,20000,0.08,16,12,12395.77,12,3000,1,5,2,0.5,0.6,80,3,2,2,2,2,2,4,4,3,3,3.66666666666667,0.321970710020053,4.25,2.33333333333333,0,1,0,0,1,FALSE,0.5,FALSE,0.6,FALSE,0,,2,200,3,,0,,0,,0,,0,,2,1,2.5,2.5,9.90353755128617,2.83321334405622,2.56494935746154,9.42519123379035,2.56494935746154,8.00670084544037,2,2,FALSE,0.75,0.15,"validation"
328,"Qingchuan","Qingchuan/Muyu","Qingchuan/Muyu/Qianshan",0,0,46,1,"4",3,50000,0.04,6,0,3187.86,1.5,900,4,5,2,0.6,1,200,,,2,2,2,2,1,4,4,3,3,-0.24336425789199,4.5,3.66666666666667,0,1,0,0,1,FALSE,0.6,FALSE,1,FALSE,0,,2,200,4,,0,,0,,0,,0,,2,1,3,3,10.8197982842103,1.94591014905531,0,8.06741876513701,0.916290731874155,6.80350525760834,2,2,FALSE,0.25,0.018,"validation"
329,"Qingchuan","Qingchuan/Muyu","Qingchuan/Muyu/Tielu",0,0,63,1,"3",3,10000,0,12,20,9082.98,2,1000,4,5,2,1,1,100,,,2,2,2,3,1,4,4,3,3,-0.24336425789199,3.5,2.33333333333333,0,1,0,0,1,FALSE,1,FALSE,1,FALSE,2,,2,100,3,,0,,0,,0,,0,,3,1,2.33333333333333,2.33333333333333,9.21044036697652,2.56494935746154,3.04452243772342,9.11426770154975,1.09861228866811,6.90875477931522,2.33333333333333,2.25,FALSE,0.166666666666667,0.1,"development"
330,"Qingchuan","Qingchuan/Muyu","Qingchuan/Muyu/Banqiao",0,0,62,1,"3",4,30000,0,3,82,84324.39,1.5,3000,4,5,1,1,1,100,,,2,2,2,2,4,4,4,3,4,0.604638193976075,3.75,2.33333333333333,0,1,0,0,1,FALSE,1,FALSE,1,FALSE,2,,2,,0,,0,,0,,0,,0,,2,1,2,2,10.3089859934221,1.38629436111989,4.4188406077966,11.3424382848821,0.916290731874155,8.00670084544037,2,2,FALSE,0.5,0.1,"development"
331,"Qingchuan","Qingchuan/Muyu","Qingchuan/Muyu/Banqiao",0,0,74,0,"2",1,3000,0,0.6,0,230.112,0.5,600,4,5,1,0.5,0,0,,,2,2,2,2,4,4,4,3,4,0.604638193976075,3,2.33333333333333,0,1,0,0,1,FALSE,0.5,FALSE,0,FALSE,2,,2,,0,,0,,0,,0,,0,,2,1,2,2,8.00670084544037,0.470003629245736,0,5.44290244150559,0.405465108108164,6.39859493453521,2,2,FALSE,0.833333333333333,0.2,"development"
332,"Qingchuan","Qingchuan/Qingxi","Qingchuan/Qingxi/Yinping",0,0,65,0,"1",6,30000,0.2,2.2,0,825.112,1,1600,2,5,2,0.4,0.6,100,,,2,2,2,3,4,3,4,3,3.66666666666667,0.321970710020053,3.75,2.66666666666667,0,1,0,0,1,FALSE,0.4,FALSE,0.6,FALSE,0,,0,,0,,0,,0,,0,,0,,0,0,,0,10.3089859934221,1.16315080980568,0,6.71673035754939,0.693147180559945,7.37838371299671,2.33333333333333,2.25,FALSE,0.454545454545455,0.0533333333333333,"development"
333,"Qingchuan","Qingchuan/Qingxi","Qingchuan/Qingxi/Yinping",0,0,54,0,"3",8,90000,0.2,2.5,2,4790.62,0,0,4,4,2,0,0,0,,,2,2,2,4,1,4,2,3,2.33333333333333,-1.77811092170242,3.5,2,0,0,0,0,0,FALSE,0,FALSE,0,FALSE,0,,0,,0,,0,,0,,0,,0,,0,0,,0,11.4075760603618,1.25276296849537,1.09861228866811,8.47462383781958,0,0,2.66666666666667,2.5,FALSE,0,0,"development"
334,"Qingchuan","Qingchuan/Muyu","Qingchuan/Muyu/Qianshan",1,0,59,1,"3",1,6000,0.1,3,0,1640.51,1,1500,3,5,2,0.4,0.8,50,2,3,2,1,4,2,4,4,4,3,4,0.604638193976075,4,2.66666666666667,0,1,0,0,1,FALSE,0.4,FALSE,0.8,FALSE,0,,2,,3,,0,,4,,0,,0,,3,1,3,3,8.69968140098951,1.38629436111989,0,7.40337182891213,0.693147180559945,7.31388683163346,1.66666666666667,2.25,FALSE,0.333333333333333,0.25,"validation"
335,"Qingchuan","Qingchuan/Muyu","Qingchuan/Muyu/Tielu",1,0,48,1,"3",3,20000,0.1,4,0,1534.08,3,4500,3,5,2,1,1,50,1,1,2,1,3,2,4,4,3,3,3.66666666666667,0.321970710020053,3.75,2.33333333333333,0,1,0,0,1,FALSE,1,FALSE,1,FALSE,1,1000,1,,0,,0,,1,,0,,0,,3,1,1,1,9.90353755128617,1.6094379124341,0,7.33633777592708,1.38629436111989,8.41205487329293,1.66666666666667,2,FALSE,0.75,0.225,"development"
336,"Qingchuan","Qingchuan/Muyu","Qingchuan/Muyu/Banqiao",1,0,63,0,"2",5,10000,0.1,5,0,1824.44,1,500,1,5,1,0.2,1,50,1,1,2,2,4,1,4,5,2,3,3.66666666666667,0.321970710020053,3,2.33333333333333,0,1,0,0,1,FALSE,0.2,FALSE,1,FALSE,0,,4,,0,,0,,0,,0,,0,,1,1,4,4,9.21044036697652,1.79175946922805,0,7.50957633284806,0.693147180559945,6.21660610108486,1.66666666666667,2.25,FALSE,0.2,0.05,"development"
337,"Qingchuan","Qingchuan/Qingxi","Qingchuan/Qingxi/Luoyigou",1,1,68,1,"3",2,20000,0,3,0,50450.01,1,900,2,5,2,1,1,0,1,1,2,2,2,2,5,4,3,3,4,0.604638193976075,4.25,2.33333333333333,0,1,0,0,1,FALSE,1,FALSE,1,FALSE,0,,0,,3,,2,,0,,0,,0,,2,1,2.5,2.5,9.90353755128617,1.38629436111989,0,10.828758045403,0.693147180559945,6.80350525760834,2,2,FALSE,0.333333333333333,0.045,"development"
338,"Qingchuan","Qingchuan/Qingxi","Qingchuan/Qingxi/Luoyigou",0,1,67,0,"1",2,10000,0.7,4,0,34400.38,1,1000,2,5,0,1,1,50,,,2,2,2,2,4,3,,2,3.5,0.180636968042042,3,2.66666666666667,0,0,0,0,0,FALSE,1,FALSE,1,FALSE,0,,0,,3,,0,,0,,0,,0,,1,1,3,3,9.21044036697652,1.6094379124341,0,10.4458519588359,0.693147180559945,6.90875477931522,2,2,FALSE,0.25,0.1,"development"
339,"Qingchuan","Qingchuan/Muyu","Qingchuan/Muyu/Qianshan",1,0,57,1,"3",4,40000,0.2,13,50,46711.95,8,14000,3,5,2,0.9,1,100,1,,3,1,3,2,3,1,4,3,2.66666666666667,-0.526031741848012,4,2.66666666666667,0,1,0,0,1,FALSE,0.9,FALSE,1,FALSE,0,,3,,3,,0,,3,,0,,0,,3,1,3,3,10.5966597327836,2.63905732961526,3.93182563272433,10.7517767071431,2.19722457733622,9.54688403461792,2,2.25,FALSE,0.615384615384615,0.35,"validation"
340,"Qingchuan","Qingchuan/Qingxi","Qingchuan/Qingxi/Jinqiao",0,0,73,0,"1",2,6000,0.6,5,0,1917.6,1.3,1000,2,5,0,0.4,0.7,70,,,2,2,2,2,4,4,3,3,3.66666666666667,0.321970710020053,3.75,2.66666666666667,0,1,0,0,1,FALSE,0.4,FALSE,0.7,FALSE,0,,0,,2,,0,,3,,0,,0,,2,1,2.5,2.5,8.69968140098951,1.79175946922805,0,7.55935103238385,0.832909122935104,6.90875477931522,2,2,FALSE,0.26,0.166666666666667,"validation"
341,"Qingchuan","Qingchuan/Qingxi","Qingchuan/Qingxi/Jinqiao",1,0,50,0,"2",6,20000,0,4,0,1440.92,1.3,1300,2,5,1,1,1,60,1,1,2,2,2,3,5,3,2,3,3.33333333333333,0.0393032260640316,3.25,2.33333333333333,0,1,0,0,1,FALSE,1,FALSE,1,FALSE,2,,0,,3,,0,,0,,0,,0,,2,1,2.5,2.5,9.90353755128617,1.6094379124341,0,7.27373083780383,0.832909122935104,7.1708884785125,2.33333333333333,2.25,FALSE,0.325,0.065,"validation"
342,"Qingchuan","Qingchuan/Qingxi","Qingchuan/Qingxi/Xuba",1,0,52,1,"3",2,40000,0.1,4,14,10202.08,1,1000,2,5,3,0.3,0.8,70,1,1,2,2,2,2,3,3,4,3,3.33333333333333,0.0393032260640316,2.75,2.33333333333333,0,1,0,0,1,FALSE,0.3,FALSE,0.8,FALSE,0,,0,,2,,0,,0,,0,,0,,1,1,2,2,10.5966597327836,1.6094379124341,2.70805020110221,9.23044491447569,0.693147180559945,6.90875477931522,2,2,FALSE,0.25,0.025,"validation"
343,"Qingchuan","Qingchuan/Qingxi","Qingchuan/Qingxi/Xuba",0,0,70,1,"2",2,10000,0.2,5.5,0,2062.78,2,2000,2,5,2,0.4,0.7,30,,,2,2,2,2,3,5,4,3,4,0.604638193976075,3.25,2,0,1,0,0,1,FALSE,0.4,FALSE,0.7,FALSE,0,,2,,3,,0,,0,,0,,0,,2,1,2.5,2.5,9.21044036697652,1.87180217690159,0,7.63229453177314,1.09861228866811,7.60140233458373,2,2,FALSE,0.363636363636364,0.2,"validation"
344,"Qingchuan","Qingchuan/Qingxi","Qingchuan/Qingxi/Weiba",0,0,63,1,"4",6,1e+05,0.05,4.4,0,1650.224,0.3,500,3,5,0,0.8,1,100,,,2,1,2,1,4,4,5,3,4.33333333333333,0.887305677932096,3.25,2.33333333333333,0,1,0,0,1,FALSE,0.8,FALSE,1,FALSE,0,,0,,0,,0,,0,,0,,0,,0,0,,0,11.5129354649202,1.68639895357023,0,7.40927211006533,0.262364264467491,6.21660610108486,1.33333333333333,1.5,FALSE,0.0681818181818182,0.005,"validation"
345,"Qingchuan","Qingchuan/Qingxi","Qingchuan/Qingxi/Dongfang",0,0,60,1,"3",3,40000,0.1,1.5,0,6118.7,0,0,3,3,0,1,1,0,,,3,1,4,1,4,3,4,3,3.66666666666667,-1.61685268177671,2.5,2.33333333333333,0,1,0,0,1,FALSE,1,FALSE,1,FALSE,0,,0,,0,,0,,0,,0,,0,,0,0,,0,10.5966597327836,0.916290731874155,0,8.71926835469703,0,0,1.66666666666667,2.25,FALSE,0,0,"validation"
346,"Qingchuan","Qingchuan/Qingxi","Qingchuan/Qingxi/Qingxi",0,0,53,1,"3",5,20000,0.5,10,0,69567.8,5.5,16000,4,5,1,0.4,0.8,100,,,3,1,2,1,4,4,4,3,4,0.604638193976075,3.5,2.33333333333333,0,1,0,0,1,FALSE,0.4,FALSE,0.8,FALSE,0,,0,,0,,0,,0,,0,,0,,0,0,,0,9.90353755128617,2.39789527279837,0,11.1500714699548,1.87180217690159,9.68040649926887,1.66666666666667,1.75,FALSE,0.55,0.8,"development"
347,"Qingchuan","Qingchuan/Qingxi","Qingchuan/Qingxi/Qingxi",0,0,56,1,"2",2,40000,0.1,3,0,2130.46,0,0,3,5,1,,0.6,100,,,2,1,3,1,5,1,4,3,3.33333333333333,0.0393032260640316,2.75,2,0,1,0,0,1,FALSE,5,TRUE,0.6,FALSE,0,,0,,0,,0,,0,,0,,0,,0,0,,0,10.5966597327836,1.38629436111989,0,7.66456246990204,0,0,1.33333333333333,1.75,FALSE,0,0,"development"
348,"Qingchuan","Qingchuan/Qingxi","Qingchuan/Qingxi/Dongqiao",1,0,62,0,"3",3,30000,0.1,1,0,383.52,0.5,750,3,5,1,0.5,0.7,0,2,1,3,1,4,1,3,5,4,3,4,0.604638193976075,2.5,2,0,1,0,0,1,FALSE,0.5,FALSE,0.7,FALSE,0,,0,,0,,0,,0,,0,,0,,0,0,,0,10.3089859934221,0.693147180559945,0,5.95199580319762,0.405465108108164,6.62140565176413,1.66666666666667,2.25,FALSE,0.5,0.025,"validation"
349,"Qingchuan","Qingchuan/Qingxi","Qingchuan/Qingxi/Yanping",1,0,71,1,"3",2,30000,0.1,6,0,2301.12,2,3000,3,5,1,0.4,0.5,50,1,1,2,1,2,1,3,3,4,3,3.33333333333333,0.0393032260640316,4,2.33333333333333,0,1,0,0,1,FALSE,0.4,FALSE,0.5,FALSE,0,,4,,4,,0,,0,,0,,0,,2,1,4,4,10.3089859934221,1.94591014905531,0,7.74158571650702,1.09861228866811,8.00670084544037,1.33333333333333,1.5,FALSE,0.333333333333333,0.1,"development"
350,"Qingchuan","Qingchuan/Qingxi","Qingchuan/Qingxi/Yanping",0,0,75,1,"1",5,20000,0.1,8,0,3068.16,5,7500,2,5,1,0.5,0.5,0,,,1,2,4,1,4,3,5,3,4,0.604638193976075,3,2.33333333333333,0,1,0,0,1,FALSE,0.5,FALSE,0.5,FALSE,2,,2,,2,,0,,0,,0,,0,,3,1,2,2,9.90353755128617,2.19722457733622,0,8.02915918750648,1.79175946922805,8.92279162396964,1.33333333333333,2,FALSE,0.625,0.375,"development"
351,"Qingchuan","Qingchuan/Qingxi","Qingchuan/Qingxi/Dashui",1,0,79,1,"2",3,30000,0.1,4,0,1534.08,2,3000,3,5,1,0.4,0.5,50,3,1,1,1,3,2,3,4,4,3,3.66666666666667,0.321970710020053,3.5,2.33333333333333,0,1,0,0,1,FALSE,0.4,FALSE,0.5,FALSE,2,,2,,0,,0,,0,,0,,0,,2,1,2,2,10.3089859934221,1.6094379124341,0,7.33633777592708,1.09861228866811,8.00670084544037,1.33333333333333,1.75,FALSE,0.5,0.1,"development"
352,"Qingchuan","Qingchuan/Qingxi","Qingchuan/Qingxi/Weiba",0,0,57,1,"2",3,30000,0.9,6,0,3770.97,0.5,300,4,5,2,0.3,0.5,100,,,1,2,2,2,4,2,4,3,3.33333333333333,0.0393032260640316,2.75,2.66666666666667,0,1,0,0,1,FALSE,0.3,FALSE,0.5,FALSE,4,,0,,0,,0,,0,,0,,0,,1,1,4,4,10.3089859934221,1.94591014905531,0,8.23535269038132,0.405465108108164,5.70711026474888,1.66666666666667,1.75,FALSE,0.0833333333333333,0.01,"validation"
353,"Qingchuan","Qingchuan/Qingxi","Qingchuan/Qingxi/Dongfang",0,0,70,1,"2",2,40000,0.2,3,0,1885.485,0,0,1,5,2,0.5,0,0,,,2,2,2,2,3,4,4,3,3.66666666666667,0.321970710020053,3,2.33333333333333,0,1,0,0,1,FALSE,0.5,FALSE,0,FALSE,2,,0,,0,,0,,0,,0,,0,,1,1,2,2,10.5966597327836,1.38629436111989,0,7.54247058814031,0,0,2,2,FALSE,0,0,"validation"
354,"Qingchuan","Qingchuan/Qingxi","Qingchuan/Qingxi/Qingxi",0,0,59,1,"2",6,30000,0.1,4,0,2513.98,0,0,2,5,1,0.8,1,50,,,2,2,2,2,4,3,3,3,3.33333333333333,0.0393032260640316,3.25,2.33333333333333,0,1,0,0,1,FALSE,0.8,FALSE,1,FALSE,0,,0,,0,,0,,0,,0,,0,,0,0,,0,10.3089859934221,1.6094379124341,0,7.83002013021594,0,0,2,2,FALSE,0,0,"development"
355,"Qingchuan","Qingchuan/Qingxi","Qingchuan/Qingxi/Dongqiao",1,0,79,1,"2",7,50000,0.2,6,0,3281.02,3,1400,1,5,2,0.5,0.6,100,1,2,1,2,2,2,4,3,4,3,3.66666666666667,0.321970710020053,4.25,2.33333333333333,0,1,0,0,1,FALSE,0.5,FALSE,0.6,FALSE,2,,0,,0,,0,,0,,0,,0,,1,1,2,2,10.8197982842103,1.94591014905531,0,8.09621436547669,1.38629436111989,7.24494154633701,1.66666666666667,1.75,FALSE,0.5,0.028,"validation"
356,"Qingchuan","Qingchuan/Qingxi","Qingchuan/Qingxi/Yanping",0,0,63,1,"4",6,20000,0,16,0,9565.97,11,1500,1,5,1,0.4,0.7,100,,,3,2,2,1,4,4,4,3,4,0.604638193976075,3,2.33333333333333,0,1,0,0,1,FALSE,0.4,FALSE,0.7,FALSE,2,,2,,0,,0,,0,,0,,0,,2,1,2,2,9.90353755128617,2.83321334405622,0,9.16607181989401,2.484906649788,7.31388683163346,2,2,FALSE,0.6875,0.075,"development"
357,"Qingchuan","Qingchuan/Qingxi","Qingchuan/Qingxi/Yanping",1,0,40,1,"2",3,5000,0.1,4,0,12620.92,2.5,500,1,5,2,0.4,0.7,50,1,1,1,2,2,1,4,4,4,3,4,0.604638193976075,3.75,2.33333333333333,0,1,0,0,1,FALSE,0.4,FALSE,0.7,FALSE,2,,2,,0,,0,,0,,0,,0,,2,1,2,2,8.5173931714189,1.6094379124341,0,9.44319026398434,1.25276296849537,6.21660610108486,1.33333333333333,1.5,FALSE,0.625,0.1,"development"
358,"Qingchuan","Qingchuan/Qingxi","Qingchuan/Qingxi/Dashui",1,0,67,0,"1",3,15000,0.1,10,0,86000.95,4,2500,4,5,2,0.5,0.8,100,1,1,3,2,2,2,5,3,4,3,4,0.604638193976075,3,2,0,1,0,0,1,FALSE,0.5,FALSE,0.8,FALSE,0,,0,,0,,0,,0,,0,,0,,0,0,,0,9.61587214452889,2.39789527279837,0,11.3621252493972,1.6094379124341,7.82444593087762,2.33333333333333,2.25,FALSE,0.4,0.166666666666667,"development"
359,"Qingchuan","Qingchuan/Sanguo","Qingchuan/Sanguo/Dongyang",0,0,29,1,"5",5,80000,0.2,4.8,7,22389.288,2.5,3000,4,5,4,0.5,0.8,100,,,2,2,3,4,3,3,4,3,3.33333333333333,0.0393032260640316,3.25,2.66666666666667,0,1,0,0,1,FALSE,0.5,FALSE,0.8,FALSE,1,,0,,3,,0,,0,,0,,0,,2,1,2,2,11.2897944135779,1.75785791755237,2.07944154167984,10.0163825723953,1.25276296849537,8.00670084544037,2.66666666666667,2.75,FALSE,0.520833333333333,0.0375,"development"
360,"Qingchuan","Qingchuan/Sanguo","Qingchuan/Sanguo/Dongyang",0,0,49,0,"2",3,0,0,3,5,14541.08,2,2000,2,5,0,0.5,0.5,5,,,2,1,1,2,4,3,3,3,3.33333333333333,0.0393032260640316,4.25,2.33333333333333,0,1,0,0,1,FALSE,0.5,FALSE,0.5,FALSE,0,,2,,0,,0,,0,,0,,0,,1,1,2,2,0,1.38629436111989,1.79175946922805,9.58480179450143,1.09861228866811,7.60140233458373,1.66666666666667,1.5,FALSE,0.666666666666667,,"development"
361,"Qingchuan","Qingchuan/Sanguo","Qingchuan/Sanguo/Sanguoshi",0,0,44,0,"2",2,10000,0.1,1,0,628.495,0.25,300,4,5,0,0.5,0.6,5,,,2,2,2,4,4,3,4,3,3.66666666666667,0.321970710020053,2.75,2.33333333333333,0,0,0,0,0,FALSE,0.5,FALSE,0.6,FALSE,0,,0,,0,,0,,0,,0,,0,,0,0,,0,9.21044036697652,0.693147180559945,0,6.4449179106411,0.22314355131421,5.70711026474888,2.66666666666667,2.5,FALSE,0.25,0.03,"validation"
362,"Qingchuan","Qingchuan/Sanguo","Qingchuan/Sanguo/Qingshi",0,0,63,1,"2",5,30000,1,80,0,688007.6,48,124000,1,5,1,0.5,1,1000,,,2,1,3,4,3,4,3,3,3.33333333333333,0.0393032260640316,4,2.66666666666667,0,1,0,0,1,FALSE,0.5,FALSE,1,FALSE,1,40000,2,,4,,0,,3,30000,0,,0,,4,1,2.5,2.5,10.3089859934221,4.39444915467244,0,13.4415566168374,3.89182029811063,11.7280449090708,2.33333333333333,2.5,FALSE,0.6,4.13333333333333,"validation"
363,"Qingchuan","Qingchuan/Sanguo","Qingchuan/Sanguo/Yangliu",0,0,42,0,"3",4,20000,0.6,16.5,32,55673.23,3.5,1200,2,5,4,1,1,5,,,2,2,4,2,4,4,5,3,4.33333333333333,0.887305677932096,3.75,4.33333333333333,0,1,0,0,1,FALSE,1,FALSE,1,FALSE,0,,0,,2,,2,,0,,0,,0,,2,1,2,2,9.90353755128617,2.86220088092947,3.49650756146648,10.927272661765,1.50407739677627,7.09090982207998,2,2.5,FALSE,0.212121212121212,0.06,"development"
364,"Qingchuan","Qingchuan/Sanguo","Qingchuan/Sanguo/Sanguoshi",1,0,38,1,"5",4,60000,0.1,17,1,152587.96,2,1600,4,5,4,1,1,5,3,2,3,2,3,2,4,4,3,3,3.66666666666667,0.321970710020053,3.25,2,0,1,0,0,1,FALSE,1,FALSE,1,FALSE,3,,0,,0,,0,,4,,0,,0,,2,1,3.5,3.5,11.002116507732,2.89037175789616,0.693147180559945,11.9355030492128,1.09861228866811,7.37838371299671,2.33333333333333,2.5,FALSE,0.117647058823529,0.0266666666666667,"validation"
367,"Qingchuan","Qingchuan/Qingxi","Qingchuan/Qingxi/Qingxi",0,0,52,1,"3",3,24000,0,3,0,1150.56,1,1000,2,4,2,0.5,0.7,60,,,3,2,2,2,3,4,4,3,3.66666666666667,-0.64744098587833,3.5,2.33333333333333,0,1,0,0,1,FALSE,0.5,FALSE,0.7,FALSE,0,,2,,3,,0,,0,,0,,0,,2,1,2.5,2.5,10.0858507751287,1.38629436111989,0,7.04887282385203,0.693147180559945,6.90875477931522,2.33333333333333,2.25,FALSE,0.333333333333333,0.0416666666666667,"development"
368,"Qingchuan","Qingchuan/Qingxi","Qingchuan/Qingxi/Weiba",1,0,80,1,"3",5,60000,0,3,0,1150.56,2,2000,2,4,2,0.5,0.8,90,1,1,3,2,2,4,4,4,3,3,3.66666666666667,-0.64744098587833,3.5,2,0,1,0,0,1,FALSE,0.5,FALSE,0.8,FALSE,0,,0,,2,,0,,0,,0,,0,,1,1,2,2,11.002116507732,1.38629436111989,0,7.04887282385203,1.09861228866811,7.60140233458373,3,2.75,FALSE,0.666666666666667,0.0333333333333333,"validation"
369,"Qingchuan","Qingchuan/Qingxi","Qingchuan/Qingxi/Dongqiao",1,0,60,0,"4",2,35000,0,3,0,1150.56,0.2,200,3,5,2,0.4,0.8,70,1,1,3,1,2,2,4,4,3,3,3.66666666666667,0.321970710020053,3.5,2.33333333333333,0,1,0,0,1,FALSE,0.4,FALSE,0.8,FALSE,0,,0,,3,,0,,0,,0,,0,,1,1,3,3,10.463131911492,1.38629436111989,0,7.04887282385203,0.182321556793955,5.30330490805908,2,2,FALSE,0.0666666666666667,0.00571428571428571,"validation"
370,"Qingchuan","Qingchuan/Qingxi","Qingchuan/Qingxi/Dashui",0,0,63,0,"2",2,30000,0,3,0,1150.56,0.7,700,2,5,2,0.4,0.8,60,,,2,2,2,4,3,5,4,3,4,0.604638193976075,3,2.33333333333333,0,1,0,0,1,FALSE,0.4,FALSE,0.8,FALSE,0,,0,,2,,0,,0,,0,,0,,1,1,2,2,10.3089859934221,1.38629436111989,0,7.04887282385203,0.53062825106217,6.55250788703459,2.66666666666667,2.5,FALSE,0.233333333333333,0.0233333333333333,"development"
371,"Qingchuan","Qingchuan/Qingxi","Qingchuan/Qingxi/Yanping",0,0,74,1,"3",2,6000,0.9,6,0,2301.12,2,2000,2,5,2,0.5,0.8,0,,,1,2,2,2,5,4,3,3,4,0.604638193976075,3,2.33333333333333,0,1,0,0,1,FALSE,0.5,FALSE,0.8,FALSE,2,,2,,2,,0,,0,,0,,0,,3,1,2,2,8.69968140098951,1.94591014905531,0,7.74158571650702,1.09861228866811,7.60140233458373,1.66666666666667,1.75,FALSE,0.333333333333333,0.333333333333333,"development"
372,"Qingchuan","Qingchuan/Sanguo","Qingchuan/Sanguo/Yangliu",1,0,72,1,"3",3,2000,0.2,7.7,1,70760.447,8.5,2200,4,3,1,0.5,0,0,1,1,2,2,4,4,4,4,5,3,4.33333333333333,-1.05151771386467,3.5,3,0,1,0,0,1,FALSE,0.5,FALSE,0,FALSE,0,,0,,2,,0,,0,,0,,0,,1,1,2,2,7.60140233458373,2.16332302566054,0.693147180559945,11.1670695974711,2.2512917986065,7.69666708152646,2.66666666666667,3,TRUE,1.1038961038961,1.1,"development"
373,"Qingchuan","Qingchuan/Sanguo","Qingchuan/Sanguo/Yangliu",1,0,47,1,"3",4,20000,0.02,11.2,1,31893.062,8,8400,2,5,3,1,1,15,1,1,2,1,2,2,4,4,5,3,4.33333333333333,0.887305677932096,4.25,4,0,1,1,0,2,FALSE,1,FALSE,1,FALSE,0,,2,200,4,0,0,,2,0,0,,0,,3,1,2.66666666666667,2.66666666666667,9.90353755128617,2.50143595173921,0.693147180559945,10.3701751272453,2.19722457733622,9.03610602536485,1.66666666666667,1.75,FALSE,0.714285714285714,0.42,"development"
374,"Qingchuan","Qingchuan/Sanguo","Qingchuan/Sanguo/Dongyang",1,0,52,1,"2",2,7000,0.5,15.7,5,54088.272,1,1050,4,5,2,1,0,0,2,1,2,2,3,1,4,5,4,3,4.33333333333333,0.887305677932096,3,4.33333333333333,0,1,1,0,2,FALSE,1,FALSE,0,FALSE,0,,2,100,2,0,0,,2,0,0,,0,,3,1,2,2,8.8538082749772,2.81540871942271,1.79175946922805,10.8983911457252,0.693147180559945,6.95749737087695,1.66666666666667,2,FALSE,0.0636942675159236,0.15,"development"
375,"Qingchuan","Qingchuan/Sanguo","Qingchuan/Sanguo/Qingshi",0,0,65,1,"2",2,5000,1,31.1,45,69722.246,6,4320,4,5,1,0.5,0.5,750,,,5,3,4,3,3,4,3,3,3.33333333333333,0.0393032260640316,4.25,3,0,1,0,0,1,FALSE,0.5,FALSE,0.5,FALSE,0,,0,,0,,0,,0,,0,,0,,0,0,,0,8.5173931714189,3.46885603013597,3.8286413964891,11.1522890562094,1.94591014905531,8.37124213593193,3.66666666666667,3.75,FALSE,0.192926045016077,0.864,"validation"
376,"Qingchuan","Qingchuan/Qvhe","Qingchuan/Qvhe/Qingcheng",0,0,78,1,"2",2,20000,0.05,3.5,0,1470.673,0.3,500,4,5,1,0.5,0.6,50,,,2,2,2,2,1,4,3,3,2.66666666666667,-0.526031741848012,3,2,0,1,0,0,1,FALSE,0.5,FALSE,0.6,FALSE,2,,2,,2,,0,,2,,0,,0,,4,1,2,2,9.90353755128617,1.50407739677627,0,7.29415512787145,0.262364264467491,6.21660610108486,2,2,FALSE,0.0857142857142857,0.025,"development"
377,"Qingchuan","Qingchuan/Qvhe","Qingchuan/Qvhe/Qingcheng",0,0,54,1,"3",4,40000,0.05,2,0,767.04,2,3000,3,5,2,0.7,0.7,50,,,3,1,2,3,5,2,4,3,3.66666666666667,0.321970710020053,2.75,2.33333333333333,0,1,0,0,1,FALSE,0.7,FALSE,0.7,FALSE,0,,0,,0,,0,,0,,0,,0,,0,0,,0,10.5966597327836,1.09861228866811,0,6.64384181512472,1.09861228866811,8.00670084544037,2.33333333333333,2.25,FALSE,1,0.075,"development"
378,"Qingchuan","Qingchuan/Qvhe","Qingchuan/Qvhe/Qinglonghu",0,0,65,1,"2",1,40000,0.2,14,0,83957.06,5,6500,1,5,2,1,1,0,,,2,1,2,1,3,4,2,3,3,-0.24336425789199,2.75,2.66666666666667,0,1,0,0,1,FALSE,1,FALSE,1,FALSE,0,,1,,0,,0,,0,,1,,0,,2,1,1,1,10.5966597327836,2.70805020110221,0,11.3380726674265,1.79175946922805,8.77971129020447,1.33333333333333,1.5,FALSE,0.357142857142857,0.1625,"validation"
379,"Qingchuan","Qingchuan/Qvhe","Qingchuan/Qvhe/Daoxiang",0,0,59,0,"2",1,50000,0.05,2,0,1746.94,1,1000,3,5,1,0.8,0.8,100,,,2,2,4,3,4,3,4,3,3.66666666666667,0.321970710020053,2.25,2,0,1,0,0,1,FALSE,0.8,FALSE,0.8,FALSE,0,,2,,0,,0,,2,,0,,0,,2,1,2,2,10.8197982842103,1.09861228866811,0,7.46619323068357,0.693147180559945,6.90875477931522,2.33333333333333,2.75,FALSE,0.5,0.02,"validation"
380,"Qingchuan","Qingchuan/Qvhe","Qingchuan/Qvhe/Yindong",0,0,76,1,"3",2,5000,0.8,6,0,3281.02,1.5,2500,1,5,1,0.5,0.6,0,,,2,1,4,1,5,4,3,3,4,0.604638193976075,3.5,2.33333333333333,0,1,0,0,1,FALSE,0.5,FALSE,0.6,FALSE,0,,1,,4,,0,,0,,0,,0,,2,1,2.5,2.5,8.5173931714189,1.94591014905531,0,8.09621436547669,0.916290731874155,7.82444593087762,1.33333333333333,2,FALSE,0.25,0.5,"development"
381,"Qingchuan","Qingchuan/Fangshi","Qingchuan/Fangshi/Xingfu",0,0,62,1,"2",3,20000,0.1,8,0,3068.16,1,1500,3,5,2,,0.8,100,,,2,1,4,1,4,5,1,3,3.33333333333333,0.0393032260640316,3.5,2.33333333333333,0,1,0,0,1,FALSE,5,TRUE,0.8,FALSE,2,,2,,2,,0,,3,,0,,0,,4,1,2.25,2.25,9.90353755128617,2.19722457733622,0,8.02915918750648,0.693147180559945,7.31388683163346,1.33333333333333,2,FALSE,0.125,0.075,"validation"
382,"Qingchuan","Qingchuan/Fangshi","Qingchuan/Fangshi/Qianhe",1,0,49,0,"2",3,40000,0.15,10,0,37095.72,1.5,2400,3,5,1,0.5,0.7,100,1,1,2,2,3,1,2,1,1,3,1.33333333333333,-1.6567016776721,2.5,2,0,1,0,0,1,FALSE,0.5,FALSE,0.7,FALSE,2,80,2,100,0,,4,,0,,0,,0,,3,1,2.66666666666667,2.66666666666667,10.5966597327836,2.39789527279837,0,10.5212838349837,0.916290731874155,7.78364059622125,1.66666666666667,2,FALSE,0.15,0.06,"validation"
383,"Qingchuan","Qingchuan/Fangshi","Qingchuan/Fangshi/Dashiba",1,0,46,0,"3",4,80000,0.15,7.5,0,44353.495,2,6000,2,5,1,0.6,0.8,100,3,3,3,2,2,1,2,4,4,3,3.33333333333333,0.0393032260640316,2.75,2.33333333333333,0,1,0,0,1,FALSE,0.6,FALSE,0.8,FALSE,0,,2,,0,,4,,2,,0,,0,,3,1,2.66666666666667,2.66666666666667,11.2897944135779,2.14006616349627,0,10.6999693354767,1.09861228866811,8.69968140098951,2,2,FALSE,0.266666666666667,0.075,"development"
384,"Qingchuan","Qingchuan/Fangshi","Qingchuan/Fangshi/Tianjing",1,0,63,1,"3",2,40000,0.15,14,0,72965.95,1,1500,1,5,0,0.5,0.8,100,3,3,2,1,2,1,4,4,4,3,4,0.604638193976075,2.75,2.33333333333333,0,1,0,0,1,FALSE,0.5,FALSE,0.8,FALSE,0,,0,,2,,4,,0,,0,,0,,2,1,3,3,10.5966597327836,2.70805020110221,0,11.1977618778869,0.693147180559945,7.31388683163346,1.33333333333333,1.5,FALSE,0.0714285714285714,0.0375,"validation"
385,"Qingchuan","Qingchuan/Fangshi","Qingchuan/Fangshi/Lihe",0,0,66,1,"3",5,30000,0.1,4,0,1534.08,2,3000,1,5,1,0.7,0.8,100,,,2,1,2,1,5,5,2,3,4,0.604638193976075,3.5,2,0,1,0,0,1,FALSE,0.7,FALSE,0.8,FALSE,0,,2,,4,,4,,0,,0,,0,,3,1,3.33333333333333,3.33333333333333,10.3089859934221,1.6094379124341,0,7.33633777592708,1.09861228866811,8.00670084544037,1.33333333333333,1.5,FALSE,0.5,0.1,"development"
386,"Qingchuan","Qingchuan/Fangshi","Qingchuan/Fangshi/Xinqiao",0,0,59,0,"2",1,20000,0.1,6,0,24474.8,1,1500,1,5,1,0.7,0.8,0,,,2,1,3,1,4,3,5,3,4,0.604638193976075,3,2.33333333333333,0,1,0,0,1,FALSE,0.7,FALSE,0.8,FALSE,0,,2,,2,,0,,0,,0,,0,,2,1,2,2,9.90353755128617,1.94591014905531,0,10.1054401532792,0.693147180559945,7.31388683163346,1.33333333333333,1.75,FALSE,0.166666666666667,0.075,"validation"
387,"Qingchuan","Qingchuan/Fangshi","Qingchuan/Fangshi/Baixing",1,0,57,0,"1",1,10000,0.6,11,0,6575.31,0.5,750,3,5,2,0.5,0.5,50,1,1,2,2,4,2,1,3,4,3,2.66666666666667,-0.526031741848012,2.75,2,0,1,0,0,1,FALSE,0.5,FALSE,0.5,FALSE,0,,3,,0,,4,,0,,0,,0,,2,1,3.5,3.5,9.21044036697652,2.484906649788,0,8.79122907674413,0.405465108108164,6.62140565176413,2,2.5,FALSE,0.0454545454545455,0.075,"validation"
388,"Qingchuan","Qingchuan/Fangshi","Qingchuan/Fangshi/Baixing",0,0,59,1,"3",4,20000,0.15,3,55,47900.56,1,1500,1,5,1,0.5,0.5,100,,,2,1,4,1,4,4,5,3,4.33333333333333,0.887305677932096,3,2,0,1,0,0,1,FALSE,0.5,FALSE,0.5,FALSE,0,,0,,0,,0,,0,,0,,0,,0,0,,0,9.90353755128617,1.38629436111989,4.02535169073515,10.7769033507184,0.693147180559945,7.31388683163346,1.33333333333333,2,FALSE,0.333333333333333,0.075,"validation"
389,"Qingchuan","Qingchuan/Qvhe","Qingchuan/Qvhe/Qingcheng",1,0,69,1,"3",5,50000,0.2,5,0,2407.55,1,500,1,5,2,0.2,0.5,50,1,1,1,2,3,2,3,2,4,3,3,-0.24336425789199,3,2.33333333333333,0,1,0,0,1,FALSE,0.2,FALSE,0.5,FALSE,0,,0,,0,,0,,0,,0,,0,,0,0,,0,10.8197982842103,1.79175946922805,0,7.7867801856638,0.693147180559945,6.21660610108486,1.66666666666667,2,FALSE,0.2,0.01,"development"
390,"Qingchuan","Qingchuan/Qvhe","Qingchuan/Qvhe/Jianxin",1,0,53,1,"5",6,120000,0.8,16,54,42582.6,14.6,7500,4,5,5,0.5,0.7,100,2,1,2,2,2,4,3,3,4,3,3.33333333333333,0.0393032260640316,4.5,2.33333333333333,1,1,1,0,3,FALSE,0.5,FALSE,0.7,FALSE,3,,3,,0,,0,,2,,0,,0,,3,1,2.66666666666667,2.66666666666667,11.6952553550628,2.83321334405622,4.00733318523247,10.6592244816092,2.74727091425549,8.92279162396964,2.66666666666667,2.5,FALSE,0.9125,0.0625,"validation"
391,"Qingchuan","Qingchuan/Qvhe","Qingchuan/Qvhe/Daoxiang",0,0,69,1,"3",4,40000,0.1,11,35,69859.49,3,1200,3,5,2,0.5,0.8,100,,,3,2,2,4,3,3,4,3,3.33333333333333,0.0393032260640316,3.25,2.33333333333333,0,1,0,0,1,FALSE,0.5,FALSE,0.8,FALSE,3,,3,,3,,0,,3,,0,,0,,4,1,3,3,10.5966597327836,2.484906649788,3.58351893845611,11.1542555323643,1.38629436111989,7.09090982207998,3,2.75,FALSE,0.272727272727273,0.03,"validation"
392,"Qingchuan","Qingchuan/Qvhe","Qingchuan/Qvhe/Daoxiang",0,0,50,1,"3",4,30000,0.1,5,5,25036.83,1,1000,4,5,2,0.5,0.5,0,,,2,2,2,2,4,4,4,3,4,0.604638193976075,3.75,2.33333333333333,0,1,0,0,1,FALSE,0.5,FALSE,0.5,FALSE,2,,2,100,1,,0,,0,,0,,0,,3,1,1.66666666666667,1.66666666666667,10.3089859934221,1.79175946922805,1.79175946922805,10.1281431601169,0.693147180559945,6.90875477931522,2,2,FALSE,0.2,0.0333333333333333,"validation"
393,"Qingchuan","Qingchuan/Qvhe","Qingchuan/Qvhe/Yindong",1,0,63,1,"3",4,6000,1,14,6,32765.74,1,1000,3,5,2,1,1,100,1,1,3,2,2,4,4,1,4,3,3,-0.24336425789199,2.75,2.33333333333333,0,1,0,0,1,FALSE,1,FALSE,1,FALSE,3,,3,,0,,0,,0,,0,,0,,2,1,3,3,8.69968140098951,2.70805020110221,1.94591014905531,10.3971692555114,0.693147180559945,6.90875477931522,3,2.75,FALSE,0.0714285714285714,0.166666666666667,"development"
394,"Qingchuan","Qingchuan/Fangshi","Qingchuan/Fangshi/Xingfu",0,0,63,1,"4",4,20000,0.1,9,0,38182.05,2,1800,4,5,2,1,1,100,,,2,2,2,4,4,4,3,3,3.66666666666667,0.321970710020053,3.25,2.33333333333333,0,1,0,0,1,FALSE,1,FALSE,1,FALSE,2,,3,,2,,0,,0,,0,,0,,3,1,2.33333333333333,2.33333333333333,9.90353755128617,2.30258509299405,0,10.5501469788455,1.09861228866811,7.49609734517596,2.66666666666667,2.5,FALSE,0.222222222222222,0.09,"validation"
395,"Qingchuan","Qingchuan/Fangshi","Qingchuan/Fangshi/Qianhe",0,0,50,1,"3",4,50000,0.1,19,0,55553.84,1.5,2300,2,5,2,1,1,100,,,1,2,2,1,1,4,4,3,3,-0.24336425789199,3.25,3.66666666666667,0,1,0,0,1,FALSE,1,FALSE,1,FALSE,2,,3,600,0,,0,,0,,0,,0,,2,1,2.5,2.5,10.8197982842103,2.99573227355399,0,10.9251259199852,0.916290731874155,7.74109909003537,1.33333333333333,1.5,FALSE,0.0789473684210526,0.046,"validation"
396,"Qingchuan","Qingchuan/Fangshi","Qingchuan/Fangshi/Dashiba",0,0,61,1,"2",4,40000,0.25,12,200,46469.77,3.5,2600,2,5,2,0.5,0.7,100,,,2,2,2,4,4,3,4,3,3.66666666666667,0.321970710020053,3.25,2.33333333333333,0,1,0,0,1,FALSE,0.5,FALSE,0.7,FALSE,2,,2,,0,,0,,0,,0,,0,,2,1,2,2,10.5966597327836,2.56494935746154,5.30330490805908,10.7465787917717,1.50407739677627,7.86365126544865,2.66666666666667,2.5,FALSE,0.291666666666667,0.065,"development"
397,"Qingchuan","Qingchuan/Fangshi","Qingchuan/Fangshi/Tianjing",0,0,79,0,"1",2,13000,0.02,42,190,113761.49,18,75000,2,5,2,0.4,0.7,50,,,2,1,4,2,4,4,3,3,3.66666666666667,0.321970710020053,2.5,2.33333333333333,0,1,0,0,1,FALSE,0.4,FALSE,0.7,FALSE,2,,2,,0,,0,,0,,0,,0,,2,1,2,2,9.47278155656217,3.76120011569356,5.25227342804663,11.6418681329832,2.94443897916644,11.2252567257629,1.66666666666667,2.25,FALSE,0.428571428571429,5.76923076923077,"validation"
398,"Qingchuan","Qingchuan/Fangshi","Qingchuan/Fangshi/Lihe",1,0,60,1,"3",6,80000,0,15,0,7619.44,4,1600,3,5,2,0.5,0.7,100,2,1,2,2,2,2,4,4,4,3,4,0.604638193976075,3,2.33333333333333,0,1,0,0,1,FALSE,0.5,FALSE,0.7,FALSE,2,,2,,0,,0,,2,,0,,0,,3,1,2,2,11.2897944135779,2.77258872223978,0,8.93858938979579,1.6094379124341,7.37838371299671,2,2,FALSE,0.266666666666667,0.02,"development"
399,"Qingchuan","Qingchuan/Fangshi","Qingchuan/Fangshi/Xinqiao",0,0,67,1,"2",2,5000,0,8,0,5027.96,0.5,700,1,5,2,0.4,0,0,,,2,2,2,4,4,4,4,3,4,0.604638193976075,3.75,2.33333333333333,0,1,0,0,1,FALSE,0.4,FALSE,0,FALSE,3,100,2,200,0,,0,,0,,0,,0,,2,1,2.5,2.5,8.5173931714189,2.19722457733622,0,8.52296848227276,0.405465108108164,6.55250788703459,2.66666666666667,2.5,FALSE,0.0625,0.14,"validation"
400,"Qingchuan","Qingchuan/Fangshi","Qingchuan/Fangshi/Baixing",0,0,68,1,"2",2,17000,0.1,7.5,36,33844.43,2.5,1500,2,5,2,0.5,0,0,,,2,2,2,2,4,3,4,3,3.66666666666667,0.321970710020053,3,2.33333333333333,0,1,0,0,1,FALSE,0.5,FALSE,0,FALSE,2,,3,,0,,0,,0,,0,,0,,2,1,2.5,2.5,9.74102744483773,2.14006616349627,3.61091791264422,10.4295592618406,1.25276296849537,7.31388683163346,2,2,FALSE,0.333333333333333,0.0882352941176471,"validation"
401,"Qingchuan","Qingchuan/Sanguo","Qingchuan/Sanguo/Yuzhai",0,0,53,0,"3",2,10000,0.2,1.2,4,10433.572,0.5,700,3,5,0,1,1,0,,,2,2,4,2,4,4,3,3,3.66666666666667,0.321970710020053,3.5,2.66666666666667,0,1,0,0,1,TRUE,1,FALSE,1,FALSE,2,,2,,0,,0,,0,,0,,0,,2,1,2,2,9.21044036697652,0.78845736036427,1.6094379124341,9.25287980285796,0.405465108108164,6.55250788703459,2,2.5,FALSE,0.416666666666667,0.07,"validation"
402,"Qingchuan","Qingchuan/Sanguo","Qingchuan/Sanguo/Suyang",0,0,60,1,"2",5,6000,1,6,60,110040.8,4,3000,2,5,1,0.5,0,0,,,2,2,2,2,4,,,1,4,0.604638193976075,3.75,2.66666666666667,0,1,0,0,1,FALSE,0.5,FALSE,0,FALSE,0,,0,,3,,0,,4,,0,,0,,2,1,3.5,3.5,8.69968140098951,1.94591014905531,4.11087386417331,11.6086155725928,1.6094379124341,8.00670084544037,2,2,FALSE,0.666666666666667,0.5,"development"
405,"Qingchuan","Qingchuan/Sanguo","Qingchuan/Sanguo/Hexi",0,0,52,0,"2",2,10000,0,2,0,11853.88,2,3200,4,5,2,1,1,10,,,2,2,3,1,4,4,4,3,4,0.604638193976075,3.75,2.66666666666667,0,1,0,0,1,FALSE,1,FALSE,1,FALSE,0,,0,,0,,0,,0,,0,,0,,0,0,,0,9.21044036697652,1.09861228866811,0,9.38049487613701,1.09861228866811,8.07121853996986,1.66666666666667,2,FALSE,1,0.32,"validation"
406,"Qingchuan","Qingchuan/Sanguo","Qingchuan/Sanguo/Minxing",0,0,51,1,"3",5,40000,0.6,9.5,62,35708.86,5,5000,4,5,1,1,1,0,,,2,2,2,2,3,3,,2,3,-0.24336425789199,4.75,3,0,1,0,0,1,FALSE,1,FALSE,1,FALSE,1,,2,,3,,2,,3,,0,,0,,5,1,2.2,2.2,10.5966597327836,2.35137525716348,4.14313472639153,10.4831821201104,1.79175946922805,8.5173931714189,2,2,FALSE,0.526315789473684,0.125,"validation"
407,"Qingchuan","Qingchuan/Sanguo","Qingchuan/Sanguo/Louqiao",1,0,55,1,"4",4,50000,0.1,5,17,27488.4,1,700,2,4,1,0.6,1,10,3,1,2,2,4,2,3,3,3,3,3,-1.21277595379037,2.75,2,0,1,0,0,1,FALSE,0.6,FALSE,1,FALSE,0,,2,,4,,4,,0,,0,,0,,3,1,3.33333333333333,3.33333333333333,10.8197982842103,1.79175946922805,2.89037175789616,10.2215557548025,0.693147180559945,6.55250788703459,2,2.5,FALSE,0.2,0.014,"validation"
408,"Qingchuan","Qingchuan/Sanguo","Qingchuan/Sanguo/Minli",0,0,38,0,"5",4,80000,0.1,3,2,16115.8,1,1200,4,5,4,0.5,1,10,,,2,2,4,3,4,4,4,3,4,0.604638193976075,3.25,2,0,1,0,0,1,FALSE,0.5,FALSE,1,FALSE,0,,0,,0,,0,,0,,0,,0,,0,0,,0,11.2897944135779,1.38629436111989,1.09861228866811,9.68761748518842,0.693147180559945,7.09090982207998,2.33333333333333,2.75,FALSE,0.333333333333333,0.015,"validation"
409,"Qingchuan","Qingchuan/Fangshi","Qingchuan/Fangshi/Tianjing",1,0,63,1,"3",3,26000,0.1,4,0,12620.92,2,2000,3,5,2,0.8,0.8,100,3,2,2,2,2,2,5,3,4,3,4,0.604638193976075,3.25,3,0,1,0,0,1,FALSE,0.8,FALSE,0.8,FALSE,0,,0,,2,,0,,1,,0,,0,,2,1,1.5,1.5,10.1658902778025,1.6094379124341,0,9.44319026398434,1.09861228866811,7.60140233458373,2,2,FALSE,0.5,0.0769230769230769,"validation"
410,"Qingchuan","Qingchuan/Qvhe","Qingchuan/Qvhe/Qinglonghu",1,0,62,1,"2",3,60000,0,14,44,35251.68,3,3000,3,5,2,0.5,0.8,120,2,1,2,2,2,4,5,3,3,3,3.66666666666667,0.321970710020053,4,2.33333333333333,0,1,0,0,1,FALSE,0.5,FALSE,0.8,FALSE,0,,2,,3,,0,,0,,0,,0,,2,1,2.5,2.5,11.002116507732,2.70805020110221,3.80666248977032,10.4702968337192,1.38629436111989,8.00670084544037,2.66666666666667,2.5,FALSE,0.214285714285714,0.05,"validation"
411,"Qingchuan","Qingchuan/Qvhe","Qingchuan/Qvhe/Yindong",0,0,58,1,"3",4,20000,0.15,12,20,28598.32,5,5000,3,5,2,0.5,0.9,100,,,2,2,2,4,3,4,4,3,3.66666666666667,0.321970710020053,3.5,2,0,1,0,0,1,FALSE,0.5,FALSE,0.9,FALSE,0,,2,,3,,0,,0,,0,,0,,2,1,2.5,2.5,9.90353755128617,2.56494935746154,3.04452243772342,10.2611382203015,1.79175946922805,8.5173931714189,2.66666666666667,2.5,FALSE,0.416666666666667,0.25,"development"
412,"Qingchuan","Qingchuan/Qvhe","Qingchuan/Qvhe/Yindong",0,0,54,1,"2",3,10000,0,4,0,13110.87,0.1,200,2,4,0,0.5,0.7,80,,,2,2,2,3,3,3,4,3,3.33333333333333,-0.930108469834351,4,1.66666666666667,0,1,0,0,1,FALSE,0.5,FALSE,0.7,FALSE,0,,3,,3,,0,,0,,0,,0,,2,1,3,3,9.21044036697652,1.6094379124341,0,9.48127320579245,0.0953101798043249,5.30330490805908,2.33333333333333,2.25,FALSE,0.025,0.02,"development"
413,"Qingchuan","Qingchuan/Qvhe","Qingchuan/Qvhe/Yindong",1,0,55,1,"2",4,30000,0.2,16,14,7412,3,3000,2,5,2,0.6,0.8,80,2,1,2,2,2,4,4,3,3,3,3.33333333333333,0.0393032260640316,3,2,0,1,0,0,1,FALSE,0.6,FALSE,0.8,FALSE,0,,1,,3,,0,,1,,0,,0,,3,1,1.66666666666667,1.66666666666667,10.3089859934221,2.83321334405622,2.70805020110221,8.91099049465672,1.38629436111989,8.00670084544037,2.66666666666667,2.5,FALSE,0.1875,0.1,"development"
414,"Qingchuan","Qingchuan/Fangshi","Qingchuan/Fangshi/Xingfu",0,0,67,1,"2",4,30000,0.3,8,15,48782.32,1,1000,3,5,2,0.8,1,60,,,2,2,2,4,5,4,3,3,4,0.604638193976075,3.5,2.33333333333333,0,1,0,0,1,FALSE,0.8,FALSE,1,FALSE,0,,0,,3,,0,,0,,0,,0,,1,1,3,3,10.3089859934221,2.19722457733622,2.77258872223978,10.7951437301345,0.693147180559945,6.90875477931522,2.66666666666667,2.5,FALSE,0.125,0.0333333333333333,"validation"
415,"Qingchuan","Qingchuan/Fangshi","Qingchuan/Fangshi/Dashiba",0,0,60,1,"3",3,22000,0.2,18,20,41986.28,1,1000,2,5,2,0.5,0.8,60,,,2,2,2,2,5,3,3,3,3.66666666666667,0.321970710020053,3.75,2.33333333333333,0,1,0,0,1,FALSE,0.5,FALSE,0.8,FALSE,0,,2,,3,,0,,0,,0,,0,,2,1,2.5,2.5,9.99884318585288,2.94443897916644,3.04452243772342,10.6451219942522,0.693147180559945,6.90875477931522,2,2,FALSE,0.0555555555555556,0.0454545454545455,"development"
416,"Qingchuan","Qingchuan/Qvhe","Qingchuan/Qvhe/Jianxin",1,0,47,1,"2",3,40000,0,8,20,4890.56,5,5000,2,5,2,0.7,0.9,100,1,1,2,2,2,3,4,3,4,3,3.66666666666667,0.321970710020053,4,2.33333333333333,0,1,0,0,1,FALSE,0.7,FALSE,0.9,FALSE,2,,2,,2,,0,,0,,0,,0,,3,1,2,2,10.5966597327836,2.19722457733622,3.04452243772342,8.49526654999827,1.79175946922805,8.5173931714189,2.33333333333333,2.25,FALSE,0.625,0.125,"validation"
417,"Qingchuan","Qingchuan/Fangshi","Qingchuan/Fangshi/Xinqiao",0,0,61,0,"1",3,7000,0.6,7,15,27205.02,2,2000,3,5,2,0.5,0.8,0,,,2,2,2,2,3,4,5,3,4,0.604638193976075,3.25,2.66666666666667,0,1,0,0,1,FALSE,0.5,FALSE,0.8,FALSE,0,,0,,2,,0,,1,,0,,0,,2,1,1.5,1.5,8.8538082749772,2.07944154167984,2.77258872223978,10.2111935513251,1.09861228866811,7.60140233458373,2,2,FALSE,0.285714285714286,0.285714285714286,"validation"
418,"Qingchuan","Qingchuan/Qvhe","Qingchuan/Qvhe/Qingcheng",1,0,80,1,"3",2,9000,0,10,0,3835.2,4,4000,1,5,2,0.6,0.8,80,1,1,2,2,2,2,4,3,3,3,3.33333333333333,0.0393032260640316,3.5,2.33333333333333,0,1,0,0,1,FALSE,0.6,FALSE,0.8,FALSE,2,,2,,3,,0,,0,,0,,0,,3,1,2.33333333333333,2.33333333333333,9.10509096125709,2.39789527279837,0,8.25223757228759,1.6094379124341,8.29429960885724,2,2,FALSE,0.4,0.444444444444444,"development"
419,"Qingchuan","Qingchuan/Fangshi","Qingchuan/Fangshi/Qianhe",1,0,54,1,"2",5,20000,0.1,7,0,47032,0.8,800,2,5,2,0.5,0.8,80,1,1,2,2,2,2,4,4,4,3,4,0.604638193976075,3.5,2.33333333333333,0,1,0,0,1,FALSE,0.5,FALSE,0.8,FALSE,0,,0,,2,,0,,0,,0,,0,,1,1,2,2,9.90353755128617,2.07944154167984,0,10.7586047619755,0.587786664902119,6.68586094706836,2,2,FALSE,0.114285714285714,0.04,"validation"
420,"Qingchuan","Qingchuan/Fangshi","Qingchuan/Fangshi/Lihe",0,0,58,1,"2",4,15000,0.1,13,0,104767.32,3,3000,2,5,2,0.5,0.8,60,,,2,2,2,4,5,3,4,3,4,0.604638193976075,3.5,2.66666666666667,0,1,0,0,1,FALSE,0.5,FALSE,0.8,FALSE,0,,0,,0,,0,,0,,0,,0,,0,0,,0,9.61587214452889,2.63905732961526,0,11.5595067150939,1.38629436111989,8.00670084544037,2.66666666666667,2.5,FALSE,0.230769230769231,0.2,"development"
421,"Qingchuan","Qingchuan/Sanguo","Qingchuan/Sanguo/Minli",0,0,50,0,"3",4,50000,1,12.5,9,49980.82,2.5,3900,2,5,3,0.5,0.5,50,,,2,2,4,2,4,4,4,3,4,0.604638193976075,3.5,3.33333333333333,0,1,0,0,1,FALSE,0.5,FALSE,0.5,FALSE,0,,0,,0,,0,,0,,0,,0,,0,0,,0,10.8197982842103,2.60268968544438,2.30258509299405,10.8194146182918,1.25276296849537,8.26898820950666,2,2.5,FALSE,0.2,0.078,"validation"
422,"Qingchuan","Qingchuan/Sanguo","Qingchuan/Sanguo/Minli",1,0,31,0,"3",4,60000,0.3,5,16,7958.42,1,1500,3,5,4,0.8,0.5,10,3,3,2,2,3,2,3,4,4,3,3.66666666666667,0.321970710020053,2.5,3.66666666666667,0,1,0,0,1,FALSE,0.8,FALSE,0.5,FALSE,0,,0,,0,,0,,3,0,0,,0,,1,1,3,3,11.002116507732,1.79175946922805,2.83321334405622,8.98211141186209,0.693147180559945,7.31388683163346,2,2.25,FALSE,0.2,0.025,"validation"
423,"Qingchuan","Qingchuan/Sanguo","Qingchuan/Sanguo/Minli",1,0,62,1,"3",4,30000,0.5,19.1,37,17858.106,1,1100,4,4,2,0.5,0.5,50,1,1,2,2,3,3,4,4,2,3,3.33333333333333,-0.930108469834351,3,3.66666666666667,0,1,0,0,1,FALSE,0.5,FALSE,0.5,FALSE,0,,2,,4,,0,,4,0,0,,0,,3,1,3.33333333333333,3.33333333333333,10.3089859934221,3.00071981506503,3.63758615972639,9.79026879718661,0.693147180559945,7.00397413672268,2.33333333333333,2.5,FALSE,0.0523560209424084,0.0366666666666667,"validation"
424,"Qingchuan","Qingchuan/Sanguo","Qingchuan/Sanguo/Minxing",0,0,55,0,"2",4,10000,0.4,2.2,90,72462.262,0,0,2,5,1,0.4,0.7,100,,,2,2,3,1,4,4,4,3,4,0.604638193976075,3.25,3.66666666666667,0,1,0,0,1,FALSE,0.4,FALSE,0.7,FALSE,0,,0,,0,,0,,3,0,0,,0,,1,1,3,3,9.21044036697652,1.16315080980568,4.51085950651685,11.1908349813767,0,0,1.66666666666667,2,FALSE,0,0,"validation"
425,"Qingchuan","Qingchuan/Sanguo","Qingchuan/Sanguo/Hexi",0,0,28,0,"4",6,1e+05,0.4,4.8,8,6829.228,1.5,2060,2,5,3,0.8,0.8,100,,,2,2,2,2,3,4,4,3,3.66666666666667,0.321970710020053,3.75,3.66666666666667,0,1,0,0,1,FALSE,0.8,FALSE,0.8,FALSE,0,,0,,0,,0,,0,,0,,0,,0,0,,0,11.5129354649202,1.75785791755237,2.19722457733622,8.82911333414529,0.916290731874155,7.63094658089046,2,2,FALSE,0.3125,0.0206,"validation"
426,"Qingchuan","Qingchuan/Sanguo","Qingchuan/Sanguo/Hexi",1,0,60,1,"3",4,20000,0.1,8.2,15,115606.032,4.8,5180,2,5,3,0.8,0,0,1,1,2,1,2,1,4,4,4,3,4,0.604638193976075,4.25,3.33333333333333,0,1,0,0,1,FALSE,0.8,FALSE,0,FALSE,0,,2,100,1,,0,,1,0,0,,0,,3,1,1.33333333333333,1.33333333333333,9.90353755128617,2.21920348405499,2.77258872223978,11.6579520638201,1.75785791755237,8.55275336681479,1.33333333333333,1.5,FALSE,0.585365853658537,0.259,"validation"
427,"Qingchuan","Qingchuan/Sanguo","Qingchuan/Sanguo/Suyang",0,0,50,0,"2",4,20000,0.1,8,7,18017.61,2,1100,1,5,2,1,0,0,,,3,2,4,1,4,4,5,3,4.33333333333333,0.887305677932096,3.5,2.66666666666667,0,1,0,0,1,FALSE,1,FALSE,0,FALSE,0,,0,,0,,0,,2,0,0,,0,,1,1,2,2,9.90353755128617,2.19722457733622,2.07944154167984,9.79916039167217,1.09861228866811,7.00397413672268,2,2.5,FALSE,0.25,0.055,"development"
428,"Qingchuan","Qingchuan/Sanguo","Qingchuan/Sanguo/Suyang",0,0,70,0,"2",5,10000,0.05,8.7,6,72575.172,1,250,4,5,1,0.5,0,0,,,2,2,4,2,4,4,5,3,4.33333333333333,0.887305677932096,3.75,2.66666666666667,0,1,0,0,1,FALSE,0.5,FALSE,0,FALSE,0,,0,,0,,0,,0,,0,,0,,0,0,,0,9.21044036697652,2.27212588550934,1.94591014905531,11.192391937574,0.693147180559945,5.52545293913178,2,2.5,FALSE,0.114942528735632,0.025,"development"
429,"Qingchuan","Qingchuan/Sanguo","Qingchuan/Sanguo/Yuzhai",0,0,69,0,"1",2,10000,0.1,5.5,0,24236.46,1,300,2,5,0,0.5,0,0,,,2,2,4,2,4,4,5,3,4.33333333333333,0.887305677932096,3.5,2.66666666666667,0,1,0,0,1,FALSE,0.5,FALSE,0,FALSE,0,,0,,0,,0,,2,0,0,,0,,1,1,2,2,9.21044036697652,1.87180217690159,0,10.0956546492143,0.693147180559945,5.70711026474888,2,2.5,FALSE,0.181818181818182,0.03,"validation"
430,"Qingchuan","Qingchuan/Sanguo","Qingchuan/Sanguo/Yuzhai",1,0,40,0,"5",5,40000,0.1,7,5,38155.68,1,1200,3,5,2,0.8,1,30,1,1,2,2,4,2,3,4,4,3,3.66666666666667,0.321970710020053,3,2.66666666666667,0,1,1,0,2,FALSE,0.8,FALSE,1,FALSE,1,,1,120,0,,1,,3,0,0,,0,,4,1,1.5,1.5,10.5966597327836,2.07944154167984,1.79175946922805,10.5494561196809,0.693147180559945,7.09090982207998,2,2.5,FALSE,0.142857142857143,0.03,"validation"
431,"Qingchuan","Qingchuan/Sanguo","Qingchuan/Sanguo/Louqiao",0,0,57,1,"4",4,1e+05,1,10.5,15,52984.03,0.5,525,2,4,2,1,1,60,,,2,2,2,1,4,4,5,3,4.33333333333333,-0.0821060179662864,3.5,4.33333333333333,0,1,0,0,1,FALSE,1,FALSE,1,FALSE,0,,0,,0,,4,,1,0,0,,0,,2,1,2.5,2.5,11.5129354649202,2.4423470353692,2.77258872223978,10.8777646998068,0.405465108108164,6.26530121273771,1.66666666666667,1.75,FALSE,0.0476190476190476,0.00525,"validation"
432,"Qingchuan","Qingchuan/Sanguo","Qingchuan/Sanguo/Louqiao",1,0,56,1,"2",5,30000,0.1,6,0,3770.97,2,1820,2,5,5,0.8,1,60,2,1,2,1,4,1,3,4,5,3,4,0.604638193976075,3.25,3,0,1,0,0,1,FALSE,0.8,FALSE,1,FALSE,0,,2,100,2,,0,,1,0,0,,0,,3,1,1.66666666666667,1.66666666666667,10.3089859934221,1.94591014905531,0,8.23535269038132,1.09861228866811,7.50714107972761,1.33333333333333,2,FALSE,0.333333333333333,0.0606666666666667,"validation"
433,"Qingchuan","Qingchuan/Qima","Qingchuan/Qima/Shuimo",0,0,42,1,"2",5,50000,0.02,14,0,8798.93,6,2000,1,5,2,1,1,100,,,1,2,2,1,4,5,4,3,4.33333333333333,0.887305677932096,4.25,2.33333333333333,0,1,0,0,1,FALSE,1,FALSE,1,FALSE,2,,2,,0,,0,,0,,0,,0,,2,1,2,2,10.8197982842103,2.70805020110221,0,9.08249904588921,1.94591014905531,7.60140233458373,1.33333333333333,1.5,FALSE,0.428571428571429,0.04,"validation"
434,"Qingchuan","Qingchuan/Qima","Qingchuan/Qima/Zhongyuan",0,0,55,1,"2",3,70000,0.03,6,0,3770.97,0,0,1,5,2,0.5,0.7,100,,,2,1,2,2,4,4,4,3,4,0.604638193976075,3.25,2.66666666666667,0,1,0,0,1,FALSE,0.5,FALSE,0.7,FALSE,2,,2,,0,,0,,0,,0,,0,,2,1,2,2,11.1562648066437,1.94591014905531,0,8.23535269038132,0,0,1.66666666666667,1.75,FALSE,0,0,"validation"
435,"Qingchuan","Qingchuan/Qima","Qingchuan/Qima/Dashu",1,0,53,1,"2",3,10000,0.4,26,0,125646.26,8,2700,4,5,2,0.4,0.8,100,1,1,2,2,2,1,4,4,4,3,4,0.604638193976075,4,2.33333333333333,1,1,0,0,2,FALSE,0.4,FALSE,0.8,FALSE,2,,2,,0,,0,,0,,0,,0,,2,1,2,2,9.21044036697652,3.29583686600433,0,11.7412337361283,2.19722457733622,7.90137735379262,1.66666666666667,1.75,FALSE,0.307692307692308,0.27,"validation"
436,"Qingchuan","Qingchuan/Qima","Qingchuan/Qima/Guangming",0,0,71,1,"3",2,10000,0.2,10.3,10,8960.711,4,2000,1,5,2,0.3,0.5,50,,,2,2,2,1,4,4,3,3,3.66666666666667,0.321970710020053,4.25,2.33333333333333,0,1,0,0,1,FALSE,0.3,FALSE,0.5,FALSE,1,,1,,0,,0,,0,,0,,0,,2,1,1,1,9.21044036697652,2.42480272571829,2.39789527279837,9.1007164475599,1.6094379124341,7.60140233458373,1.66666666666667,1.75,FALSE,0.388349514563107,0.2,"validation"
437,"Qingchuan","Qingchuan/Qima","Qingchuan/Qima/Hongguang",1,0,41,1,"3",2,50000,0.1,7,0,47032,1.5,1000,4,5,2,0.4,0.8,100,1,1,2,1,2,4,3,1,4,3,2.66666666666667,-0.526031741848012,3.5,2.33333333333333,0,1,0,0,1,FALSE,0.4,FALSE,0.8,FALSE,0,,0,,0,,0,,0,,0,,0,,0,0,,0,10.8197982842103,2.07944154167984,0,10.7586047619755,0.916290731874155,6.90875477931522,2.33333333333333,2.25,FALSE,0.214285714285714,0.02,"development"
438,"Qingchuan","Qingchuan/Qima","Qingchuan/Qima/Xinmin",0,0,59,1,"3",6,50000,0.1,12,2,10462.71,1.5,1200,2,5,2,1,1,100,,,2,2,2,2,1,1,4,3,2,-1.09136670976006,3,2.33333333333333,0,1,0,0,1,FALSE,1,FALSE,1,FALSE,4,,0,,0,,0,,0,,0,,0,,1,1,4,4,10.8197982842103,2.56494935746154,1.09861228866811,9.25566835924566,0.916290731874155,7.09090982207998,2,2,FALSE,0.125,0.024,"development"
439,"Qingchuan","Qingchuan/Qima","Qingchuan/Qima/Liping",0,0,57,1,"3",1,70000,0,0.5,2,7435.18,0,0,1,5,1,1,1,50,,,2,2,2,2,4,4,4,3,4,0.604638193976075,3.25,2,0,1,0,0,1,FALSE,1,FALSE,1,FALSE,0,,0,,0,,0,,0,,0,,0,,0,0,,0,11.1562648066437,0.405465108108164,1.09861228866811,8.91411255511103,0,0,2,2,FALSE,0,0,"development"
440,"Qingchuan","Qingchuan/Qima","Qingchuan/Qima/Liping",0,0,52,1,"3",6,80000,0.2,19,0,217936.84,2,6000,1,5,0,1,1,100,,,1,2,2,1,5,4,3,3,4,0.604638193976075,2.75,2.33333333333333,0,0,0,0,0,FALSE,1,FALSE,1,FALSE,2,,0,,0,,0,,0,,0,,0,,1,1,2,2,11.2897944135779,2.99573227355399,0,12.2919651634971,1.09861228866811,8.69968140098951,1.33333333333333,1.5,FALSE,0.105263157894737,0.075,"development"
441,"Qingchuan","Qingchuan/Shazhou","Qingchuan/Shazhou/Xinping",0,0,73,1,"3",3,40000,0.2,14,0,160585.04,5,4000,2,5,2,0.5,0.7,50,,,2,2,2,2,4,3,4,3,3.66666666666667,0.321970710020053,3.25,2.33333333333333,0,1,0,0,1,FALSE,0.5,FALSE,0.7,FALSE,4,,0,,0,,0,,0,,0,,0,,1,1,4,4,10.5966597327836,2.70805020110221,0,11.9865851526818,1.79175946922805,8.29429960885724,2,2,FALSE,0.357142857142857,0.1,"development"
442,"Qingchuan","Qingchuan/Shazhou","Qingchuan/Shazhou/Sandui",0,0,50,1,"3",3,30000,0,4,0,1534.08,4.7,4500,1,5,0,0.5,1,30,,,2,2,2,1,4,1,4,3,3,-0.24336425789199,3.5,2.33333333333333,0,1,0,0,1,FALSE,0.5,FALSE,1,FALSE,2,,0,,0,,0,,0,,0,,0,,1,1,2,2,10.3089859934221,1.6094379124341,0,7.33633777592708,1.7404661748405,8.41205487329293,1.66666666666667,1.75,TRUE,1.175,0.15,"development"
443,"Qingchuan","Qingchuan/Shazhou","Qingchuan/Shazhou/Jiangbian",0,0,53,0,"3",6,60000,0.3,3.8,0,2230.131,2.3,1400,4,5,0,0.5,0.8,50,,,3,2,1,2,2,4,4,3,3.33333333333333,0.0393032260640316,2.75,2.33333333333333,0,1,0,0,1,FALSE,0.5,FALSE,0.8,FALSE,2,,0,,0,,0,,0,,0,,0,,1,1,2,2,11.002116507732,1.56861591791385,0,7.71026391077234,1.19392246847243,7.24494154633701,2.33333333333333,2,FALSE,0.605263157894737,0.0233333333333333,"development"
444,"Qingchuan","Qingchuan/Shazhou","Qingchuan/Shazhou/Jiangbian",0,0,79,1,"3",6,50000,0.02,2.7,0,8042.22,1,700,2,5,2,0.5,0,0,,,2,2,2,2,4,5,5,3,4.66666666666667,1.16997316188812,2.75,2.33333333333333,0,1,0,0,1,FALSE,0.5,FALSE,0,FALSE,0,,2,,0,,0,,0,,0,,0,,1,1,2,2,10.8197982842103,1.30833281965018,0,8.99258477950773,0.693147180559945,6.55250788703459,2,2,FALSE,0.37037037037037,0.014,"development"
445,"Qingchuan","Qingchuan/Qima","Qingchuan/Qima/Shuimo",1,0,51,1,"3",3,30000,0.15,4,0,1534.08,3,4500,3,5,1,0.6,1,100,1,1,3,1,3,1,5,4,3,3,4,0.604638193976075,3.75,2.33333333333333,0,1,0,0,1,FALSE,0.6,FALSE,1,FALSE,0,,2,,3,,0,,0,,0,,0,,2,1,2.5,2.5,10.3089859934221,1.6094379124341,0,7.33633777592708,1.38629436111989,8.41205487329293,1.66666666666667,2,FALSE,0.75,0.15,"validation"
446,"Qingchuan","Qingchuan/Qima","Qingchuan/Qima/Zhongyuan",0,0,50,1,"3",5,30000,0.15,13,0,49657.14,3,4500,1,5,2,0.6,0.7,100,,,2,1,3,2,4,4,5,3,4.33333333333333,0.887305677932096,3,2,0,1,0,0,1,FALSE,0.6,FALSE,0.7,FALSE,0,,2,,2,,3,,0,,0,,0,,3,1,2.33333333333333,2.33333333333333,10.3089859934221,2.63905732961526,0,10.8129176036688,1.38629436111989,8.41205487329293,1.66666666666667,2,FALSE,0.230769230769231,0.15,"validation"
447,"Qingchuan","Qingchuan/Qima","Qingchuan/Qima/Dashu",1,0,55,1,"4",3,40000,0.1,12,0,37862.76,2,3000,2,5,2,0.5,0.5,100,2,3,2,1,3,2,4,3,4,3,3.66666666666667,0.321970710020053,3,2,0,1,0,0,1,FALSE,0.5,FALSE,0.5,FALSE,2,200,1,,3,,3,,0,,0,,0,,4,1,2.25,2.25,10.5966597327836,2.56494935746154,0,10.5417497330915,1.09861228866811,8.00670084544037,1.66666666666667,2,FALSE,0.166666666666667,0.075,"validation"
448,"Qingchuan","Qingchuan/Qima","Qingchuan/Qima/Guangming",1,0,67,1,"1",2,10000,0.5,4,0,1440.92,2,3000,1,5,2,0.6,0.8,0,1,1,2,1,3,2,5,3,4,3,4,0.604638193976075,3.25,3,0,1,0,0,1,FALSE,0.6,FALSE,0.8,FALSE,3,80,2,,4,,3,,0,,0,,0,,4,1,3,3,9.21044036697652,1.6094379124341,0,7.27373083780383,1.09861228866811,8.00670084544037,1.66666666666667,2,FALSE,0.5,0.3,"validation"
449,"Qingchuan","Qingchuan/Qima","Qingchuan/Qima/Hongguang",0,0,50,1,"2",6,30000,0.15,3,0,1150.56,1,2000,3,5,1,0.5,0.6,50,,,2,2,2,2,5,4,3,3,4,0.604638193976075,3.25,2,0,1,0,0,1,FALSE,0.5,FALSE,0.6,FALSE,0,,0,,2,,0,,0,,0,,0,,1,1,2,2,10.3089859934221,1.38629436111989,0,7.04887282385203,0.693147180559945,7.60140233458373,2,2,FALSE,0.333333333333333,0.0666666666666667,"development"
450,"Qingchuan","Qingchuan/Qima","Qingchuan/Qima/Xinmin",1,0,70,1,"2",4,20000,0.15,5,0,13004.44,0.6,900,1,5,1,1,1,100,3,1,2,1,3,1,4,5,3,3,4,0.604638193976075,3,2.33333333333333,0,1,0,0,1,FALSE,1,FALSE,1,FALSE,0,,2,,4,,0,,0,,0,,0,,2,1,3,3,9.90353755128617,1.79175946922805,0,9.47312301045152,0.470003629245736,6.80350525760834,1.33333333333333,1.75,FALSE,0.12,0.045,"development"
451,"Qingchuan","Qingchuan/Qima","Qingchuan/Qima/Liping",1,0,64,0,"1",2,20000,0.1,50,0,19176,30,45000,2,5,2,1,1,100,1,1,2,1,2,1,5,5,3,3,4.33333333333333,0.887305677932096,3,2.33333333333333,0,1,0,0,1,FALSE,1,FALSE,1,FALSE,2,,2,,3,,0,,2,,0,,0,,4,1,2.25,2.25,9.90353755128617,3.93182563272433,0,9.86146692327352,3.43398720448515,10.7144399907278,1.33333333333333,1.5,FALSE,0.6,2.25,"development"
452,"Qingchuan","Qingchuan/Shazhou","Qingchuan/Shazhou/Qingping",0,0,48,1,"3",2,10000,0.5,17,0,194996.12,2,2000,1,5,1,0.6,0.6,100,,,2,2,4,1,4,5,3,3,4,0.604638193976075,2.25,2.33333333333333,0,1,0,0,1,FALSE,0.6,FALSE,0.6,FALSE,0,,0,,0,,0,,0,,0,,0,,0,0,,0,9.21044036697652,2.89037175789616,0,12.180740068206,1.09861228866811,7.60140233458373,1.66666666666667,2.25,FALSE,0.117647058823529,0.2,"development"
453,"Qingchuan","Qingchuan/Shazhou","Qingchuan/Shazhou/Sandui",0,0,51,0,"3",6,40000,0.05,3,0,2620.41,1,1500,3,4,2,0.5,0.5,100,,,2,2,3,3,4,4,3,3,3.66666666666667,-0.64744098587833,3.25,2,0,1,0,0,1,FALSE,0.5,FALSE,0.5,FALSE,2,,2,,2,,4,,0,,0,,0,,4,1,2.5,2.5,10.5966597327836,1.38629436111989,0,7.87146761993364,0.693147180559945,7.31388683163346,2.33333333333333,2.5,FALSE,0.333333333333333,0.0375,"development"
454,"Qingchuan","Qingchuan/Shazhou","Qingchuan/Shazhou/Jiangbian",0,0,39,0,"3",3,20000,0.05,1.2,0,501.942,0.2,300,4,4,1,0.7,0.9,100,,,3,1,2,1,5,4,4,3,4.33333333333333,-0.0821060179662864,3,2,0,1,0,0,1,FALSE,0.7,FALSE,0.9,FALSE,3,300,3,,0,,4,,4,,0,,0,,4,1,3.5,3.5,9.90353755128617,0.78845736036427,0,6.22047485530015,0.182321556793955,5.70711026474888,1.66666666666667,1.75,FALSE,0.166666666666667,0.015,"development"
455,"Qingchuan","Qingchuan/Qima","Qingchuan/Qima/Zhongyuan",0,0,56,1,"3",3,40000,0.1,5,0,18350.75,2,2000,4,4,2,1,1,180,,,2,2,2,2,4,5,4,3,4.33333333333333,-0.0821060179662864,3,2.33333333333333,0,1,0,0,1,FALSE,1,FALSE,1,FALSE,0,,2,,3,,0,,0,,0,,0,,2,1,2.5,2.5,10.5966597327836,1.79175946922805,0,9.8174802167829,1.09861228866811,7.60140233458373,2,2,FALSE,0.4,0.05,"validation"
456,"Qingchuan","Qingchuan/Qima","Qingchuan/Qima/Liping",1,0,54,0,"2",4,27000,0,5,0,1917.6,2,2000,3,5,1,0.7,0.9,90,3,2,2,2,2,3,5,4,4,3,4.33333333333333,0.887305677932096,3.25,2.33333333333333,0,1,0,0,1,FALSE,0.7,FALSE,0.9,FALSE,0,,0,,3,,0,,0,,0,,0,,1,1,3,3,10.2036291813376,1.79175946922805,0,7.55935103238385,1.09861228866811,7.60140233458373,2.33333333333333,2.25,FALSE,0.4,0.0740740740740741,"development"
457,"Qingchuan","Qingchuan/Qima","Qingchuan/Qima/Shuimo",1,0,52,1,"2",4,32000,0.15,8,0,3068.16,3,3000,2,4,2,0.6,0.8,70,3,2,2,2,2,3,5,3,3,3,3.66666666666667,-0.64744098587833,3.75,2.33333333333333,0,1,0,0,1,FALSE,0.6,FALSE,0.8,FALSE,0,,0,,3,,0,,0,,0,,0,,1,1,3,3,10.3735224312936,2.19722457733622,0,8.02915918750648,1.38629436111989,8.00670084544037,2.33333333333333,2.25,FALSE,0.375,0.09375,"validation"
458,"Qingchuan","Qingchuan/Qima","Qingchuan/Qima/Hongguang",0,0,57,1,"3",5,51000,0.1,9,0,81059.56,10,1000,2,5,2,1,1,130,,,2,2,2,2,5,5,4,3,4.66666666666667,1.16997316188812,3.75,2.33333333333333,0,1,0,0,1,FALSE,1,FALSE,1,FALSE,1,,2,,3,,4,,0,,0,,0,,4,1,2.5,2.5,10.8396005193574,2.30258509299405,0,11.3029518086213,2.39789527279837,6.90875477931522,2,2,TRUE,1.11111111111111,0.0196078431372549,"development"
459,"Qingchuan","Qingchuan/Qima","Qingchuan/Qima/Liping",0,0,59,1,"3",4,35000,0.3,19,0,84894.76,5,5000,2,5,2,0.5,0.8,90,,,1,2,2,2,5,4,4,3,4.33333333333333,0.887305677932096,3.25,2.66666666666667,0,1,0,0,1,FALSE,0.5,FALSE,0.8,FALSE,0,,0,,3,,4,,0,,0,,0,,2,1,3.5,3.5,10.463131911492,2.99573227355399,0,11.3491794299452,1.79175946922805,8.5173931714189,1.66666666666667,1.75,FALSE,0.263157894736842,0.142857142857143,"development"
460,"Qingchuan","Qingchuan/Qima","Qingchuan/Qima/Xinmin",0,0,53,1,"2",2,21000,0,3.5,0,29059.42,0,0,2,4,2,0.5,0.8,60,,,2,2,1,3,4,4,3,3,3.66666666666667,-0.64744098587833,2.25,1.33333333333333,0,1,0,0,1,FALSE,0.5,FALSE,0.8,FALSE,0,,0,,0,,4,,0,,0,,0,,1,1,4,4,9.95232533461943,1.50407739677627,0,10.277132389876,0,0,2.33333333333333,2,FALSE,0,0,"development"
461,"Qingchuan","Qingchuan/Qima","Qingchuan/Qima/Guangming",1,0,52,1,"3",4,38000,0.1,5,0,1824.44,0.8,800,2,5,2,0.5,0.8,80,2,1,2,2,2,2,5,3,3,3,3.66666666666667,0.321970710020053,3.75,2.66666666666667,0,1,0,0,1,FALSE,0.5,FALSE,0.8,FALSE,2,,2,,3,,0,,0,,0,,0,,3,1,2.33333333333333,2.33333333333333,10.5453677541517,1.79175946922805,0,7.50957633284806,0.587786664902119,6.68586094706836,2,2,FALSE,0.16,0.0210526315789474,"validation"
462,"Qingchuan","Qingchuan/Shazhou","Qingchuan/Shazhou/Sandui",0,0,83,0,"2",4,40000,0.1,3,0,1150.56,3,3000,2,5,2,0.5,1,60,,,2,2,2,2,5,4,3,3,4,0.604638193976075,3.25,2.66666666666667,0,1,0,0,1,FALSE,0.5,FALSE,1,FALSE,0,,2,,2,,0,,0,,0,,0,,2,1,2,2,10.5966597327836,1.38629436111989,0,7.04887282385203,1.38629436111989,8.00670084544037,2,2,FALSE,1,0.075,"development"
463,"Qingchuan","Qingchuan/Qima","Qingchuan/Qima/Dashu",0,0,58,1,"3",4,52000,0.15,21,0,130009.16,7,7000,2,5,2,0.7,0.9,100,,,2,2,2,2,4,3,4,3,3.66666666666667,0.321970710020053,3.25,2.66666666666667,0,1,0,0,1,FALSE,0.7,FALSE,0.9,FALSE,2,,2,,3,,0,,2,,0,,0,,4,1,2.25,2.25,10.8590182281479,3.09104245335832,0,11.77536788023,2.07944154167984,8.8538082749772,2,2,FALSE,0.333333333333333,0.134615384615385,"validation"
465,"Qingchuan","Qingchuan/Guanyindian","Qingchuan/Guanyindian/Guanyin",0,0,51,0,"2",3,50000,0.02,19,10,174500.68,4,2400,4,5,1,1,1,0,,,3,1,2,2,4,4,,2,4,0.604638193976075,3.5,2.33333333333333,0,1,0,0,1,FALSE,1,FALSE,1,FALSE,0,,2,,2,,0,,0,,0,,0,,2,1,2,2,10.8197982842103,2.99573227355399,2.39789527279837,12.0696896480854,1.6094379124341,7.78364059622125,2,2,FALSE,0.210526315789474,0.048,"development"
466,"Qingchuan","Qingchuan/Guanyindian","Qingchuan/Guanyindian/Guanyin",0,0,48,0,"3",4,80000,0.02,7,5,3140.24,4,2400,2,5,1,1,1,0,,,2,1,2,2,4,4,3,3,3.66666666666667,0.321970710020053,3.75,2,0,1,0,0,1,FALSE,1,FALSE,1,FALSE,0,,2,,3,,0,,0,,0,,0,,2,1,2.5,2.5,11.2897944135779,2.07944154167984,1.79175946922805,8.05237290540665,1.6094379124341,7.78364059622125,1.66666666666667,1.75,FALSE,0.571428571428571,0.03,"development"
467,"Qingchuan","Qingchuan/Guanyindian","Qingchuan/Guanyindian/Heba",0,0,48,1,"2",3,50000,0.05,4,1,1625.2,1,500,4,5,2,0.5,0.8,15,,,2,1,4,4,3,3,,2,3,-0.24336425789199,4.25,2.33333333333333,0,1,0,0,1,FALSE,0.5,FALSE,0.8,FALSE,0,,2,,4,,0,,3,,0,,0,,3,1,3,3,10.8197982842103,1.6094379124341,0.693147180559945,7.39400128377374,0.693147180559945,6.21660610108486,2.33333333333333,2.75,FALSE,0.25,0.01,"validation"
469,"Qingchuan","Qingchuan/Yaodu","Qingchuan/Yaodu/Shiping",1,1,38,0,"5",6,60000,1,7,19,76603.48,0.9,400,4,5,1,0.5,0.7,20,,1,2,1,4,2,4,,,1,4,0.604638193976075,2,2.33333333333333,0,1,0,0,1,FALSE,0.5,FALSE,0.7,FALSE,2,,0,,0,,0,,0,,0,,0,,1,1,2,2,11.002116507732,2.07944154167984,2.99573227355399,11.2464108396582,0.641853886172395,5.99396142730657,1.66666666666667,2.25,FALSE,0.128571428571429,0.00666666666666667,"validation"
470,"Qingchuan","Qingchuan/Guanyindian","Qingchuan/Guanyindian/Yuba",0,0,81,1,"2",6,40000,0.07,9,10,9675.04,6,3000,2,5,0,0.4,1,15,,,2,1,2,2,5,4,,2,4.5,1.02863941991011,3.5,2.33333333333333,0,1,0,0,1,FALSE,0.4,FALSE,1,FALSE,0,,2,,3,,0,,0,,0,,0,,2,1,2.5,2.5,10.5966597327836,2.30258509299405,2.39789527279837,9.17740800566102,1.94591014905531,8.00670084544037,1.66666666666667,1.75,FALSE,0.666666666666667,0.075,"development"
471,"Qingchuan","Qingchuan/Guanyindian","Qingchuan/Guanyindian/Heba",0,0,52,1,"2",6,20000,0.1,14,7,63196.24,5,4000,4,5,0,0.6,0,0,,,2,1,2,2,3,3,,2,3,-0.24336425789199,3.75,2.33333333333333,0,1,0,0,1,FALSE,0.6,FALSE,0,FALSE,3,,3,,4,,0,,2,,0,,0,,4,1,3,3,9.90353755128617,2.70805020110221,2.07944154167984,11.0540159082953,1.79175946922805,8.29429960885724,1.66666666666667,1.75,FALSE,0.357142857142857,0.2,"validation"
473,"Qingchuan","Qingchuan/Guanyindian","Qingchuan/Guanyindian/Lianghe",0,0,64,0,"1",4,20000,0,4.5,5,3982.94,4,1500,2,5,1,0.8,0.8,5,,,2,2,2,2,4,4,3,3,3.66666666666667,0.321970710020053,3,2.33333333333333,0,1,0,0,1,FALSE,0.8,FALSE,0.8,FALSE,2,,2,,2,,0,,2,,0,,0,,4,1,2,2,9.90353755128617,1.70474809223843,1.79175946922805,8.29002655835012,1.6094379124341,7.31388683163346,2,2,FALSE,0.888888888888889,0.075,"validation"
474,"Qingchuan","Qingchuan/Guanyindian","Qingchuan/Guanyindian/Qingzhu",0,0,66,0,"2",2,20000,0.05,3.1,8,1938.731,0.5,500,4,5,0,0.5,1,5,,,2,2,2,2,4,4,4,3,4,0.604638193976075,3.5,2.33333333333333,0,0,0,0,0,FALSE,0.5,FALSE,1,FALSE,0,,3,,3,,0,,0,,0,,0,,2,1,3,3,9.90353755128617,1.41098697371026,2.19722457733622,7.5703045826494,0.405465108108164,6.21660610108486,2,2,FALSE,0.161290322580645,0.025,"development"
475,"Qingchuan","Qingchuan/Guanyindian","Qingchuan/Guanyindian/Lianghe",0,0,58,0,"2",4,0,0,4.1,17,9513.516,3,800,2,5,0,0.8,1,5,,,2,2,4,2,3,4,,2,3.5,0.180636968042042,3.25,2.33333333333333,0,1,0,0,1,FALSE,0.8,FALSE,1,FALSE,0,,3,,4,,0,,0,,0,,0,,2,1,3.5,3.5,0,1.62924053973028,2.89037175789616,9.16057391138445,1.38629436111989,6.68586094706836,2,2.5,FALSE,0.731707317073171,,"validation"
476,"Qingchuan","Qingchuan/Guanyindian","Qingchuan/Guanyindian/Qingzhu",0,0,57,0,"2",3,5000,0.1,8,8,48144.48,0,300,4,5,0,0.6,0,10,,,2,2,4,2,4,,,1,4,0.604638193976075,3.25,2,0,1,0,0,1,FALSE,0.6,FALSE,0,FALSE,0,,4,,0,,0,,0,,0,,0,,1,1,4,4,8.5173931714189,2.19722457733622,2.19722457733622,10.7819825395073,0,5.70711026474888,2,2.5,FALSE,0,0.06,"development"
477,"Qingchuan","Qingchuan/Guanyindian","Qingchuan/Guanyindian/Qingzhu",0,0,48,0,"2",2,1e+05,0.05,9,0,69972.72,1,600,3,5,3,0.5,0.5,60,,,2,2,4,3,4,4,2,3,3.33333333333333,0.0393032260640316,2.5,3,0,1,0,0,1,FALSE,0.5,FALSE,0.5,FALSE,0,,0,,0,,0,,0,,0,,0,,0,0,,0,11.5129354649202,2.30258509299405,0,11.1558750219691,0.693147180559945,6.39859493453521,2.33333333333333,2.75,FALSE,0.111111111111111,0.006,"development"
478,"Qingchuan","Qingchuan/Guanyindian","Qingchuan/Guanyindian/Lianghe",1,0,79,1,"2",6,51000,0.1,7,18,17891.48,4,3600,1,5,3,1,1,15,1,1,2,2,3,2,4,4,4,3,4,0.604638193976075,3.5,2.66666666666667,0,1,0,0,1,FALSE,1,FALSE,1,FALSE,0,,0,,0,,0,,1,0,0,,0,,1,1,1,1,10.8396005193574,2.07944154167984,2.94443897916644,9.79213579182534,1.6094379124341,8.18896686364888,2,2.25,FALSE,0.571428571428571,0.0705882352941176,"validation"
479,"Qingchuan","Qingchuan/Guanyindian","Qingchuan/Guanyindian/Yuba",0,0,63,0,"2",6,50000,0.05,8,0,5027.96,3,900,1,5,1,0.5,0.5,20,,,2,2,4,1,5,4,4,3,4.33333333333333,0.887305677932096,2.5,3.66666666666667,0,1,0,0,1,FALSE,0.5,FALSE,0.5,FALSE,0,,2,100,3,,0,,0,,0,,0,,2,1,2.5,2.5,10.8197982842103,2.19722457733622,0,8.52296848227276,1.38629436111989,6.80350525760834,1.66666666666667,2.25,FALSE,0.375,0.018,"development"
480,"Qingchuan","Qingchuan/Guanyindian","Qingchuan/Guanyindian/Heba",0,0,57,1,"3",1,20000,0.5,14,0,5369.28,7,6720,4,5,2,1,1,300,,,2,2,3,2,3,4,4,3,3.66666666666667,0.321970710020053,4.5,3.66666666666667,0,1,0,0,1,FALSE,1,FALSE,1,FALSE,0,,2,100,3,,0,,0,,0,,0,,2,1,2.5,2.5,9.90353755128617,2.70805020110221,0,8.58863532767059,2.07944154167984,8.81299223196997,2,2.25,FALSE,0.5,0.336,"validation"
481,"Qingchuan","Qingchuan/Guanyindian","Qingchuan/Guanyindian/Guanyin",0,0,58,0,"1",5,20000,0.1,8.5,15,49907.4,0.5,300,3,5,2,0.5,0.5,40,,,3,2,4,2,4,2,4,3,3.33333333333333,0.0393032260640316,3,2.66666666666667,0,1,0,0,1,FALSE,0.5,FALSE,0.5,FALSE,0,,0,,0,,0,,0,,0,,0,,0,0,,0,9.90353755128617,2.2512917986065,2.77258872223978,10.8179446042459,0.405465108108164,5.70711026474888,2.33333333333333,2.75,FALSE,0.0588235294117647,0.015,"development"
482,"Qingchuan","Qingchuan/Guanyindian","Qingchuan/Guanyindian/Guanyin",0,0,55,0,"1",3,30000,0.05,0.6,0,230.112,0.6,300,2,4,2,1,1,10,,,2,2,3,2,5,4,4,3,4.33333333333333,-0.0821060179662864,3,2.33333333333333,0,1,0,0,1,FALSE,1,FALSE,1,FALSE,0,,0,,0,,0,,0,,0,,0,,0,0,,0,10.3089859934221,0.470003629245736,0,5.44290244150559,0.470003629245736,5.70711026474888,2,2.25,FALSE,1,0.01,"development"
483,"Qingchuan","Qingchuan/Guanyindian","Qingchuan/Guanyindian/Guanyin",1,0,60,1,"3",1,1e+05,0.02,14.2,0,83035.232,7.2,3350,4,5,2,1,1,300,1,1,2,2,4,1,2,4,5,3,3.66666666666667,0.321970710020053,3.25,2.33333333333333,0,1,0,0,1,FALSE,1,FALSE,1,FALSE,1,500,1,500,1,,0,,0,,0,,0,,3,1,1,1,11.5129354649202,2.72129542785223,0,11.3270323216477,2.10413415427021,8.11701408773731,1.66666666666667,2.25,FALSE,0.507042253521127,0.0335,"development"
484,"Qingchuan","Qingchuan/Yaodu","Qingchuan/Yaodu/Liutian",1,1,57,0,"2",2,50000,1,2,1,3686.14,0.6,1000,3,5,1,0.5,0,0,1,1,2,2,4,1,4,4,4,3,4,0.604638193976075,3.5,4.33333333333333,0,1,0,0,1,FALSE,0.5,FALSE,0,FALSE,0,,0,,3,,0,,3,0,0,,0,,2,1,3,3,10.8197982842103,1.09861228866811,0.693147180559945,8.21260636876359,0.470003629245736,6.90875477931522,1.66666666666667,2.25,FALSE,0.3,0.02,"validation"
485,"Qingchuan","Qingchuan/Yaodu","Qingchuan/Yaodu/Liutian",0,1,63,1,"3",4,10000,0.1,6,5,10199.37,2.5,600,1,5,1,0.5,0,0,,,2,2,4,1,4,4,3,3,3.66666666666667,0.321970710020053,3.5,4.33333333333333,0,1,0,0,1,FALSE,0.5,FALSE,0,FALSE,1,,1,,2,,0,,0,,0,,0,,3,1,1.33333333333333,1.33333333333333,9.21044036697652,1.94591014905531,1.79175946922805,9.23017927312426,1.25276296849537,6.39859493453521,1.66666666666667,2.25,FALSE,0.416666666666667,0.06,"validation"
486,"Qingchuan","Qingchuan/Shazhou","Qingchuan/Shazhou/Nanfeng",0,0,54,1,"3",4,50000,0,6.4,0,2650.508,2.3,2100,2,5,2,0.5,0.9,80,,,2,1,2,3,5,4,4,3,4.33333333333333,0.887305677932096,3.5,2.33333333333333,0,1,0,0,1,FALSE,0.5,FALSE,0.9,FALSE,2,,0,,3,,0,,0,,0,,0,,2,1,2.5,2.5,10.8197982842103,2.00148000021012,0,7.88288381373273,1.19392246847243,7.650168700845,2,2,FALSE,0.359375,0.042,"validation"
487,"Qingchuan","Qingchuan/Shazhou","Qingchuan/Shazhou/Dongshan",1,0,61,1,"3",2,32000,0,100,0,48151,50,20000,2,5,2,0.6,0.9,200,1,1,2,2,2,4,5,3,4,3,4,0.604638193976075,3.75,2.66666666666667,0,1,0,0,1,FALSE,0.6,FALSE,0.9,FALSE,2,,2,,3,,0,,0,,0,,0,,3,1,2.33333333333333,2.33333333333333,10.3735224312936,4.61512051684126,0,10.7821179532276,3.93182563272433,9.90353755128617,2.66666666666667,2.5,FALSE,0.5,0.625,"development"
488,"Qingchuan","Qingchuan/Shazhou","Qingchuan/Shazhou/Leyuan",0,0,55,1,"2",5,35000,0,11,0,4427.31,6.3,4200,3,5,2,0.8,1,80,,,1,2,2,4,5,3,5,3,4.33333333333333,0.887305677932096,3.75,2.66666666666667,0,1,0,0,1,FALSE,0.8,FALSE,1,FALSE,0,,0,,3,,0,,2,,0,,0,,2,1,2.5,2.5,10.463131911492,2.484906649788,0,8.39577330041143,1.98787434815435,8.34307787116938,2.33333333333333,2.25,FALSE,0.572727272727273,0.12,"development"
489,"Qingchuan","Qingchuan/Shazhou","Qingchuan/Shazhou/Dongshan",0,0,54,0,"4",3,50000,0,100,0,1681667,50,4000,2,5,2,0.5,0.8,70,,,2,2,2,3,3,4,5,3,4,0.604638193976075,3.25,2.33333333333333,0,1,0,0,1,FALSE,0.5,FALSE,0.8,FALSE,0,,0,,0,,4,,3,,0,,0,,2,1,3.5,3.5,10.8197982842103,4.61512051684126,0,14.3352967159656,3.93182563272433,8.29429960885724,2.33333333333333,2.25,FALSE,0.5,0.08,"development"
490,"Qingchuan","Qingchuan/Shazhou","Qingchuan/Shazhou/Yonghong",1,0,64,1,"3",3,24000,0.1,6,15,4157.87,1,1000,2,5,2,0.5,0.8,60,2,1,2,2,2,4,5,2,3,3,3.33333333333333,0.0393032260640316,3.75,2.33333333333333,0,1,0,0,1,FALSE,0.5,FALSE,0.8,FALSE,2,,1,,3,,0,,0,,0,,0,,3,1,2,2,10.0858507751287,1.94591014905531,2.77258872223978,8.33299868174056,0.693147180559945,6.90875477931522,2.66666666666667,2.5,FALSE,0.166666666666667,0.0416666666666667,"development"
491,"Qingchuan","Qingchuan/Shazhou","Qingchuan/Shazhou/Baihe",0,0,63,1,"3",4,14000,0.2,8,0,3766.7,3,3000,2,5,2,1,1,120,,,2,2,2,4,5,5,4,3,4.66666666666667,1.16997316188812,3.75,2.66666666666667,0,1,0,0,1,FALSE,1,FALSE,1,FALSE,0,,0,,3,,0,,0,,0,,0,,1,1,3,3,9.54688403461792,2.19722457733622,0,8.23422001469219,1.38629436111989,8.00670084544037,2.66666666666667,2.5,FALSE,0.375,0.214285714285714,"validation"
492,"Qingchuan","Qingchuan/Shazhou","Qingchuan/Shazhou/Sigou",0,0,69,1,"2",1,6000,0,2,0,22940.72,0,0,2,5,0,0.5,1,0,,,2,2,2,3,5,4,3,3,4,0.604638193976075,3.5,1.33333333333333,0,1,0,0,1,FALSE,0.5,FALSE,1,FALSE,0,,0,,0,,4,,0,,0,,0,,1,1,4,4,8.69968140098951,1.09861228866811,0,10.0407123660766,0,0,2.33333333333333,2.25,FALSE,0,0,"development"
493,"Qingchuan","Qingchuan/Shazhou","Qingchuan/Shazhou/Baihe",1,0,66,1,"3",4,20000,0.25,9,0,14538.52,2,3000,3,5,0,1,1,100,1,1,3,1,3,2,4,3,3,3,3.33333333333333,0.0393032260640316,3.5,2.33333333333333,0,1,0,0,1,FALSE,1,FALSE,1,FALSE,3,,1,,3,,4,,0,,0,,0,,4,1,2.75,2.75,9.90353755128617,2.30258509299405,0,9.58462573816295,1.09861228866811,8.00670084544037,2,2.25,FALSE,0.222222222222222,0.15,"validation"
494,"Qingchuan","Qingchuan/Shazhou","Qingchuan/Shazhou/Dongshan",0,0,72,0,"3",1,10000,0.5,3,0,1150.56,0.5,800,1,4,0,0.5,0.7,100,,,2,2,4,3,3,4,3,3,3.33333333333333,-0.930108469834351,2.5,2,0,1,0,0,1,FALSE,0.5,FALSE,0.7,FALSE,0,,0,,1,,4,,0,,0,,0,,2,1,2.5,2.5,9.21044036697652,1.38629436111989,0,7.04887282385203,0.405465108108164,6.68586094706836,2.33333333333333,2.75,FALSE,0.166666666666667,0.08,"development"
495,"Qingchuan","Qingchuan/Shazhou","Qingchuan/Shazhou/Leyuan",1,0,62,1,"4",6,20000,0.25,5,0,1917.6,2,3000,4,4,3,0.5,0.5,50,2,1,2,2,4,3,2,3,1,3,2,-2.06077840565844,2.5,2.33333333333333,0,1,0,0,1,FALSE,0.5,FALSE,0.5,FALSE,2,,2,70,0,,0,,0,,0,,0,,2,1,2,2,9.90353755128617,1.79175946922805,0,7.55935103238385,1.09861228866811,8.00670084544037,2.33333333333333,2.75,FALSE,0.4,0.15,"development"
496,"Qingchuan","Qingchuan/Shazhou","Qingchuan/Shazhou/Nanfeng",0,0,67,0,"1",2,8000,0.2,2,0,767.04,0.5,750,1,4,0,1,1,50,,,2,1,3,2,5,4,4,3,4.33333333333333,-0.0821060179662864,2.75,2,0,1,0,0,1,FALSE,1,FALSE,1,FALSE,2,,2,,3,,0,,4,,0,,0,,4,1,2.75,2.75,8.98732181285012,1.09861228866811,0,6.64384181512472,0.405465108108164,6.62140565176413,1.66666666666667,2,FALSE,0.25,0.09375,"validation"
497,"Qingchuan","Qingchuan/Shazhou","Qingchuan/Shazhou/Sigou",0,0,50,1,"2",3,30000,0.15,1,0,11470.36,0.2,1000,3,5,1,0.5,0.8,100,,,1,2,3,2,3,3,4,3,3.33333333333333,0.0393032260640316,3,1.66666666666667,0,1,0,0,1,FALSE,0.5,FALSE,0.8,FALSE,0,,0,,0,,4,,0,,0,,0,,1,1,4,4,10.3089859934221,0.693147180559945,0,9.34760877327761,0.182321556793955,6.90875477931522,1.66666666666667,2,FALSE,0.2,0.0333333333333333,"development"
498,"Qingchuan","Qingchuan/Shazhou","Qingchuan/Shazhou/Yonghong",1,0,55,1,"2",5,20000,0.5,6,0,3187.86,0.4,600,3,5,2,0.5,0.6,50,1,1,3,2,4,2,2,1,3,3,2,-1.09136670976006,3.75,2,0,1,0,0,1,FALSE,0.5,FALSE,0.6,FALSE,0,,2,,3,,0,,0,,0,,0,,2,1,2.5,2.5,9.90353755128617,1.94591014905531,0,8.06741876513701,0.336472236621213,6.39859493453521,2.33333333333333,2.75,FALSE,0.0666666666666667,0.03,"development"
499,"Qingchuan","Qingchuan/Shazhou","Qingchuan/Shazhou/Baihe",0,0,65,1,"3",3,80000,0.03,9,0,5130.12,0.6,300,2,5,2,0.4,0.7,50,,,2,2,2,3,4,1,3,3,2.66666666666667,-0.526031741848012,2.5,2.33333333333333,0,1,0,0,1,FALSE,0.4,FALSE,0.7,FALSE,3,,2,,0,,0,,0,,0,,0,,2,1,2.5,2.5,11.2897944135779,2.30258509299405,0,8.54307923792243,0.470003629245736,5.70711026474888,2.33333333333333,2.25,FALSE,0.0666666666666667,0.00375,"validation"
500,"Qingchuan","Qingchuan/Shazhou","Qingchuan/Shazhou/Dongshan",0,0,59,1,"2",3,8000,0.3,3,0,1640.51,2,1000,2,5,0,1,1,100,,,2,1,2,2,4,4,4,3,4,0.604638193976075,4,2.33333333333333,0,1,0,0,1,FALSE,1,FALSE,1,FALSE,0,,0,,0,,0,,0,,0,,0,,0,0,,0,8.98732181285012,1.38629436111989,0,7.40337182891213,1.09861228866811,6.90875477931522,1.66666666666667,1.75,FALSE,0.666666666666667,0.125,"development"
501,"Qingchuan","Qingchuan/Shazhou","Qingchuan/Shazhou/Leyuan",1,0,62,1,"3",2,70000,0.02,7,14,16544.44,2,2000,2,5,2,0.4,0.7,100,1,1,1,2,2,2,4,3,4,3,3.66666666666667,0.321970710020053,3.75,2.33333333333333,0,1,0,0,1,FALSE,0.4,FALSE,0.7,FALSE,2,,0,,0,,0,,0,,0,,0,,1,1,2,2,11.1562648066437,2.07944154167984,2.70805020110221,9.7138658141393,1.09861228866811,7.60140233458373,1.66666666666667,1.75,FALSE,0.285714285714286,0.0285714285714286,"development"
502,"Qingchuan","Qingchuan/Shazhou","Qingchuan/Shazhou/Leyuan",1,0,56,1,"2",3,30000,0.2,39,0,254098.4,2,1500,4,5,2,0.7,0.8,100,3,1,2,2,2,4,3,3,4,3,3.33333333333333,0.0393032260640316,4,2.33333333333333,0,1,0,0,1,FALSE,0.7,FALSE,0.8,FALSE,2,,4,,0,,0,,4,,0,,0,,3,1,3.33333333333333,3.33333333333333,10.3089859934221,3.68887945411394,0,12.4454808080304,1.09861228866811,7.31388683163346,2.66666666666667,2.5,FALSE,0.0512820512820513,0.05,"development"
503,"Qingchuan","Qingchuan/Shazhou","Qingchuan/Shazhou/Nanfeng",1,0,71,1,"3",6,20000,0.2,20,44,41587.83,1,500,4,5,2,0.4,0.5,100,3,1,2,2,2,4,4,4,4,3,4,0.604638193976075,2.75,2,0,1,0,0,1,FALSE,0.4,FALSE,0.5,FALSE,2,,3,,0,,0,,0,,0,,0,,2,1,2.5,2.5,9.90353755128617,3.04452243772342,3.80666248977032,10.6355869005788,0.693147180559945,6.21660610108486,2.66666666666667,2.5,FALSE,0.05,0.025,"validation"
504,"Qingchuan","Qingchuan/Shazhou","Qingchuan/Shazhou/Sigou",0,0,56,1,"4",4,1e+05,0.3,10,0,114703.6,0.5,4000,1,5,0,1,1,100,,,3,2,2,1,4,4,4,3,4,0.604638193976075,3.75,2.33333333333333,0,1,0,0,1,FALSE,1,FALSE,1,FALSE,2,,1,,0,,0,,0,,0,,0,,2,1,1.5,1.5,11.5129354649202,2.39789527279837,0,11.650115406934,0.405465108108164,8.29429960885724,2,2,FALSE,0.05,0.04,"development"
505,"Qingchuan","Qingchuan/Shazhou","Qingchuan/Shazhou/Yonghong",0,0,72,1,"2",2,40000,0.02,14,0,41079.55,0.5,400,4,5,2,0.5,0.8,100,,,2,2,1,4,5,4,4,3,4.33333333333333,0.887305677932096,3.75,2.33333333333333,0,1,0,0,1,FALSE,0.5,FALSE,0.8,FALSE,3,,2,,4,,0,,0,,0,,0,,3,1,3,3,10.5966597327836,2.70805020110221,0,10.6232900524631,0.405465108108164,5.99396142730657,2.66666666666667,2.25,FALSE,0.0357142857142857,0.01,"development"
506,"Qingchuan","Qingchuan/Yaodu","Qingchuan/Yaodu/Handaohe",0,1,48,1,"3",3,30000,0.1,5,18,14940.96,0.5,495,3,5,2,0.8,0,0,,,3,2,4,2,4,4,4,3,4,0.604638193976075,2.5,3.66666666666667,0,1,0,0,1,FALSE,0.8,FALSE,0,FALSE,0,,0,,0,,0,,4,,0,,0,,1,1,4,4,10.3089859934221,1.79175946922805,2.94443897916644,9.61192864151436,0.405465108108164,6.20657592672493,2.33333333333333,2.75,FALSE,0.1,0.0165,"validation"
507,"Qingchuan","Qingchuan/Yaodu","Qingchuan/Yaodu/Handaohe",0,1,47,0,"2",6,20000,0.05,3.2,1,14234.672,0.6,500,1,5,1,0.5,0,0,,,2,1,4,2,4,4,,2,4,0.604638193976075,2.75,3.66666666666667,0,1,0,0,1,FALSE,0.5,FALSE,0,FALSE,0,,0,,0,,0,,0,,0,,0,,0,0,,0,9.90353755128617,1.43508452528932,0.693147180559945,9.56350620618483,0.470003629245736,6.21660610108486,1.66666666666667,2.25,FALSE,0.1875,0.025,"validation"
508,"Qingchuan","Qingchuan/Yaodu","Qingchuan/Yaodu/Shiping",0,1,63,1,"3",5,20000,1,2,0,1256.99,1,1040,1,5,2,1,1,100,,,2,2,4,2,5,4,3,3,4,0.604638193976075,3.25,3.66666666666667,0,1,0,0,1,FALSE,1,FALSE,1,FALSE,2,,2,100,4,,0,,0,,0,,0,,3,1,2.66666666666667,2.66666666666667,9.90353755128617,1.09861228866811,0,7.1372704881032,0.693147180559945,6.94793706861497,2,2.5,FALSE,0.5,0.052,"validation"
509,"Qingchuan","Qingchuan/Shazhou","Qingchuan/Shazhou/Gaofeng",0,1,62,1,"3",5,10000,0.15,10,0,114703.6,6,1500,1,5,1,1,1,100,,,2,1,4,1,4,5,,2,4.5,1.02863941991011,4.75,3.66666666666667,0,1,0,0,1,FALSE,1,FALSE,1,FALSE,2,,2,,3,,1,,1,,0,,0,,5,1,1.8,1.8,9.21044036697652,2.39789527279837,0,11.650115406934,1.94591014905531,7.31388683163346,1.33333333333333,2,FALSE,0.6,0.15,"validation"
510,"Qingchuan","Qingchuan/Shazhou","Qingchuan/Shazhou/Baishuiguan",1,0,49,1,"4",5,50000,0.7,2.9,13,7764.87,0.5,500,4,5,2,1,1,30,2,3,2,1,4,1,4,5,2,3,3.66666666666667,0.321970710020053,2.75,3.33333333333333,0,1,1,0,2,FALSE,1,FALSE,1,FALSE,2,200,2,600,0,,0,,0,,0,,0,,2,1,2,2,10.8197982842103,1.3609765531356,2.63905732961526,8.9574937705172,0.405465108108164,6.21660610108486,1.33333333333333,2,FALSE,0.172413793103448,0.01,"validation"
511,"Qingchuan","Qingchuan/Shazhou","Qingchuan/Shazhou/Xingfu",0,0,66,1,"3",2,30000,0.1,24,52,145869.28,4.5,2500,1,5,1,1,1,120,,,2,2,3,1,4,4,5,3,4.33333333333333,0.887305677932096,4.75,3,0,1,0,0,1,FALSE,1,FALSE,1,FALSE,0,,1,100,3,,0,,0,,0,,0,,2,1,2,2,10.3089859934221,3.2188758248682,3.97029191355212,11.8904730125958,1.70474809223843,7.82444593087762,1.66666666666667,2,FALSE,0.1875,0.0833333333333333,"validation"
513,"Qingchuan","Qingchuan/Shazhou","Qingchuan/Shazhou/Baishuiguan",1,0,61,1,"3",5,50000,0.1,6,10,6908.48,1,700,2,5,1,0.8,0,0,1,1,2,2,4,2,4,,,1,4,0.604638193976075,3.25,3.66666666666667,0,1,0,0,1,FALSE,0.8,FALSE,0,FALSE,3,,2,,3,,4,,0,,0,,0,,4,1,3,3,10.8197982842103,1.94591014905531,2.39789527279837,8.8406496606739,0.693147180559945,6.55250788703459,2,2.5,FALSE,0.166666666666667,0.014,"validation"
517,"Qingchuan","Qingchuan/Shazhou","Qingchuan/Shazhou/Gaofeng",0,1,49,1,"5",4,20000,0.1,2,16,22533.84,0.5,300,4,5,1,0.5,0.6,10,,,2,2,4,2,4,5,,2,4.5,1.02863941991011,3.5,2.66666666666667,0,1,0,0,1,FALSE,0.5,FALSE,0.6,FALSE,3,,3,,4,,0,,0,,0,,0,,3,1,3.33333333333333,3.33333333333333,9.90353755128617,1.09861228866811,2.83321334405622,10.022817835033,0.405465108108164,5.70711026474888,2,2.5,FALSE,0.25,0.015,"validation"
518,"Qingchuan","Qingchuan/Shazhou","Qingchuan/Shazhou/Gaofeng",0,1,55,1,"3",2,10000,0.05,12,26,78045.68,1,800,4,4,1,0.7,0,0,,,2,2,4,2,5,,,1,5,0.483228949945757,3,2.66666666666667,0,1,0,0,1,FALSE,0.7,FALSE,0,FALSE,2,,0,,0,,0,,0,,0,,0,,1,1,2,2,9.21044036697652,2.56494935746154,3.29583686600433,11.2650623882035,0.693147180559945,6.68586094706836,2,2.5,FALSE,0.0833333333333333,0.08,"validation"
519,"Qingchuan","Qingchuan/Shazhou","Qingchuan/Shazhou/Gaofeng",0,1,53,1,"3",4,20000,0,13.1,10,75524.836,1.5,1400,2,5,1,0.5,0.7,10,,,2,2,4,2,5,,,1,5,1.45264064584414,3,2.33333333333333,0,1,0,0,1,FALSE,0.5,FALSE,0.7,FALSE,0,,0,,0,,0,,0,,0,,0,,0,0,,0,9.90353755128617,2.64617479738412,2.39789527279837,11.232230075376,0.916290731874155,7.24494154633701,2,2.5,FALSE,0.114503816793893,0.07,"validation"
520,"Qingchuan","Qingchuan/Yaodu","Qingchuan/Yaodu/Handaohe",1,1,49,1,"3",3,30000,0.3,63,0,126190.31,3.5,4880,4,4,1,1,1,0,2,2,3,3,4,2,3,4,3,3,3.33333333333333,-0.930108469834351,4.5,3.33333333333333,0,1,0,0,1,FALSE,1,FALSE,1,FALSE,4,400,0,,4,,0,,0,,0,,0,,2,1,4,4,10.3089859934221,4.15888308335967,0,11.7455543677643,1.50407739677627,8.49310539588715,2.66666666666667,3,FALSE,0.0555555555555556,0.162666666666667,"validation"
521,"Qingchuan","Qingchuan/Shazhou","Qingchuan/Shazhou/Xingfu",0,0,75,1,"2",2,2000,1,10,4,6649.43,4,2000,2,5,1,0,0,0,,,3,2,4,2,3,,,1,3,-0.24336425789199,3.25,2.33333333333333,0,1,0,0,1,FALSE,0,FALSE,0,FALSE,0,,0,,0,,0,,0,,0,,0,,0,0,,0,7.60140233458373,2.39789527279837,1.6094379124341,8.80243679321356,1.6094379124341,7.60140233458373,2.33333333333333,2.75,FALSE,0.4,1,"validation"
522,"Qingchuan","Qingchuan/Yaodu","Qingchuan/Yaodu/Shiping",0,1,58,0,"2",2,5000,0.8,4,0,1534.08,0,900,3,4,0,0.5,1,10,,,4,4,4,2,3,,,1,3,-1.21277595379037,2.5,2,1,0,0,0,1,FALSE,0.5,FALSE,1,FALSE,0,,2,500,2,,0,,2,,0,,0,,3,1,2,2,8.5173931714189,1.6094379124341,0,7.33633777592708,0,6.80350525760834,3.33333333333333,3.5,FALSE,0,0.18,"validation"
523,"Qingchuan","Qingchuan/Qiaozhuang","Qingchuan/Qiaozhuang/Dawu",0,0,83,0,"1",2,5000,0,4,11,4384.48,2,1000,2,5,1,0.5,0.5,0,,,2,2,3,2,4,4,3,3,3.66666666666667,0.321970710020053,3.5,2.66666666666667,0,1,0,0,1,FALSE,0.5,FALSE,0.5,FALSE,0,,0,,2,,0,,0,,0,,0,,1,1,2,2,8.5173931714189,1.6094379124341,2.484906649788,8.38605436289763,1.09861228866811,6.90875477931522,2,2.25,FALSE,0.5,0.2,"validation"
524,"Qingchuan","Qingchuan/Qiaozhuang","Qingchuan/Qiaozhuang/Nanxi",1,0,61,1,"3",5,30000,0.3,12,45,255274.83,2.9,3900,2,4,1,0.7,0.8,50,1,1,2,2,4,4,5,,,1,5,0.483228949945757,3.5,2,0,1,0,0,1,FALSE,0.7,FALSE,0.8,FALSE,0,,2,400,2,,0,,2,,0,,0,,3,1,2,2,10.3089859934221,2.56494935746154,3.8286413964891,12.450099925814,1.3609765531356,8.26898820950666,2.66666666666667,3,FALSE,0.241666666666667,0.13,"development"
525,"Qingchuan","Qingchuan/Qiaozhuang","Qingchuan/Qiaozhuang/Daba",1,0,71,1,"2",3,6000,1,14,2,145649.13,1,1000,2,5,1,0.5,0.5,4.5,1,1,2,2,4,2,5,5,,2,5,1.45264064584414,2.75,2.66666666666667,1,1,0,0,2,FALSE,0.5,FALSE,0.5,FALSE,3,,3,,0,,0,,0,,0,,0,,2,1,3,3,8.69968140098951,2.70805020110221,1.09861228866811,11.8889626549378,0.693147180559945,6.90875477931522,2,2.5,FALSE,0.0714285714285714,0.166666666666667,"development"
527,"Qingchuan","Qingchuan/Qiaozhuang","Qingchuan/Qiaozhuang/Daba",0,0,46,1,"2",5,4000,0.1,28,16,283999.02,10,11400,2,5,0,0.8,0,0,,,2,2,4,1,5,,,1,5,1.45264064584414,3.75,3,0,1,0,0,1,FALSE,0.8,FALSE,0,FALSE,2,,2,,2,,0,,0,,0,,0,,3,1,2,2,8.29429960885724,3.36729582998647,2.83321334405622,12.5567295875659,2.39789527279837,9.34145634983372,1.66666666666667,2.25,FALSE,0.357142857142857,2.85,"development"
528,"Qingchuan","Qingchuan/Qiaozhuang","Qingchuan/Qiaozhuang/Daba",0,0,55,1,"2",4,3000,0.5,20,3,190877.44,4,2000,4,5,0,0.8,0,0,,,3,1,2,1,4,,,1,4,0.604638193976075,3.25,2.66666666666667,0,1,0,0,1,FALSE,0.8,FALSE,0,FALSE,0,,0,,0,,0,,0,,0,,0,,0,0,,0,8.00670084544037,3.04452243772342,1.38629436111989,12.1593920646244,1.6094379124341,7.60140233458373,1.66666666666667,1.75,FALSE,0.2,0.666666666666667,"development"
529,"Qingchuan","Qingchuan/Qiaozhuang","Qingchuan/Qiaozhuang/Nanxi",0,0,55,0,"2",6,0,0,19,22,61751.82,3,2000,4,5,0,0.5,0,0,,,2,2,4,4,4,,,1,4,0.604638193976075,3.75,3,0,1,0,0,1,FALSE,0.5,FALSE,0,FALSE,3,,3,,3,,0,,3,,0,,0,,4,1,3,3,0,2.99573227355399,3.13549421592915,11.0308949214637,1.38629436111989,7.60140233458373,2.66666666666667,3,FALSE,0.157894736842105,,"development"
530,"Qingchuan","Qingchuan/Qiaozhuang","Qingchuan/Qiaozhuang/Dawu",1,0,58,1,"3",6,20000,0.05,16,11,9195.31,4,3000,2,5,1,0.7,0.8,10,1,1,2,2,2,2,3,5,,2,4,0.604638193976075,3,3.33333333333333,0,1,0,0,1,FALSE,0.7,FALSE,0.8,FALSE,0,,3,,4,,0,,0,,0,,0,,2,1,3.5,3.5,9.90353755128617,2.83321334405622,2.484906649788,9.12655759562372,1.6094379124341,8.00670084544037,2,2,FALSE,0.25,0.15,"validation"
531,"Qingchuan","Qingchuan/Qiaozhuang","Qingchuan/Qiaozhuang/Nanxi",0,0,74,0,"1",1,10000,1,8,1,26312.86,4.5,2300,2,5,1,1,0,0,,,3,2,4,1,4,3,4,3,3.66666666666667,0.321970710020053,3,3,0,1,0,0,1,FALSE,1,FALSE,0,FALSE,0,,0,,2,,0,,1,,0,,0,,2,1,1.5,1.5,9.21044036697652,2.19722457733622,0.693147180559945,10.1778510755498,1.70474809223843,7.74109909003537,2,2.5,FALSE,0.5625,0.23,"development"
532,"Qingchuan","Qingchuan/Qiaozhuang","Qingchuan/Qiaozhuang/Dawu",1,0,64,0,"4",1,10000,0.1,8,15,6394.76,2.5,1300,1,5,2,0.5,0.5,80,1,1,3,2,4,1,4,3,4,3,3.66666666666667,0.321970710020053,3.25,4.33333333333333,0,1,0,0,1,FALSE,0.5,FALSE,0.5,FALSE,1,100,0,100,2,,0,,0,,0,,0,,2,1,1.5,1.5,9.21044036697652,2.19722457733622,2.77258872223978,8.76339054979766,1.25276296849537,7.1708884785125,2,2.5,FALSE,0.3125,0.13,"validation"
533,"Qingchuan","Qingchuan/Qiaozhuang","Qingchuan/Qiaozhuang/Daba",1,0,52,0,"3",4,10000,0.1,8,8,7605,2,1300,1,5,2,0.8,0.8,80,1,1,2,2,4,1,4,4,,2,4,0.604638193976075,4.5,2.66666666666667,0,1,0,0,1,FALSE,0.8,FALSE,0.8,FALSE,0,,0,,2,,0,,0,,0,,0,,1,1,2,2,9.21044036697652,2.19722457733622,2.19722457733622,8.9366926884882,1.09861228866811,7.1708884785125,1.66666666666667,2.25,FALSE,0.25,0.13,"development"
534,"Qingchuan","Qingchuan/Qiaozhuang","Qingchuan/Qiaozhuang/Daba",0,0,60,0,"2",3,10000,0.1,71,15,1015962.41,30.5,503300,1,5,0,0.7,0.7,100,,,3,1,2,1,4,3,3,3,3.33333333333333,0.0393032260640316,4.5,4,0,1,0,0,1,FALSE,0.7,FALSE,0.7,FALSE,0,,2,200,0,,0,,0,,0,,0,,1,1,2,2,9.21044036697652,4.27666611901606,2.77258872223978,13.8313478926925,3.44998754583159,13.128943679649,1.66666666666667,1.75,FALSE,0.429577464788732,50.33,"development"
535,"Qingchuan","Qingchuan/Qiaozhuang","Qingchuan/Qiaozhuang/Daba",0,0,75,0,"2",2,20000,0.05,4.5,10,52527.82,0.5,1000,1,5,0,0.5,0.5,0,,,2,2,4,1,4,3,,2,3.5,0.180636968042042,3,3.33333333333333,0,1,0,0,1,FALSE,0.5,FALSE,0.5,FALSE,0,,0,,0,,0,,0,,0,,0,,0,0,,0,9.90353755128617,1.70474809223843,2.39789527279837,10.8691172503414,0.405465108108164,6.90875477931522,1.66666666666667,2.25,FALSE,0.111111111111111,0.05,"development"
536,"Qingchuan","Qingchuan/Qiaozhuang","Qingchuan/Qiaozhuang/Wulong",1,0,62,1,"3",4,10000,0.2,3,0,1150.56,1,1500,3,5,2,0.5,0.6,100,1,1,2,2,4,3,4,1,3,3,2.66666666666667,-0.526031741848012,2.75,2,0,1,0,0,1,FALSE,0.5,FALSE,0.6,FALSE,0,,3,,4,,3,,4,,0,,0,,4,1,3.5,3.5,9.21044036697652,1.38629436111989,0,7.04887282385203,0.693147180559945,7.31388683163346,2.33333333333333,2.75,FALSE,0.333333333333333,0.15,"development"
537,"Qingchuan","Qingchuan/Qiaozhuang","Qingchuan/Qiaozhuang/Mingjing",0,0,51,1,"4",4,10000,0.2,4,0,12620.92,1,1500,3,5,4,0.5,0.5,100,,,2,1,4,3,2,4,3,3,3,-0.24336425789199,3,2,0,1,0,0,1,FALSE,0.5,FALSE,0.5,FALSE,0,,2,,4,,4,,0,,0,,0,,3,1,3.33333333333333,3.33333333333333,9.21044036697652,1.6094379124341,0,9.44319026398434,0.693147180559945,7.31388683163346,2,2.5,FALSE,0.25,0.15,"validation"
538,"Qingchuan","Qingchuan/Qiaozhuang","Qingchuan/Qiaozhuang/Wali",0,0,46,1,"2",3,30000,0.1,4,0,45881.44,0,0,3,5,2,0.5,0.5,100,,,3,1,3,3,1,2,,2,1.5,-1.51536793569409,2.5,1.66666666666667,0,1,0,0,1,FALSE,0.5,FALSE,0.5,FALSE,0,,0,,0,,0,,0,,0,,0,,0,0,,0,10.3089859934221,1.6094379124341,0,10.7338377520437,0,0,2.33333333333333,2.5,FALSE,0,0,"development"
539,"Qingchuan","Qingchuan/Qiaozhuang","Qingchuan/Qiaozhuang/Zaoshu",0,0,72,1,"1",2,10000,0.1,4,0,45881.44,0,0,3,4,2,0.5,0.6,50,,,3,1,4,2,4,5,3,3,4,-0.364773501922308,1.75,1.33333333333333,0,1,0,0,1,FALSE,0.5,FALSE,0.6,FALSE,0,,0,,0,,0,,0,,0,,0,,0,0,,0,9.21044036697652,1.6094379124341,0,10.7338377520437,0,0,2,2.5,FALSE,0,0,"development"
540,"Qingchuan","Qingchuan/Qiaozhuang","Qingchuan/Qiaozhuang/Wulong",0,0,50,1,"3",5,30000,0.1,1.4,0,879.893,0.4,500,1,5,2,0.5,0.5,100,,,1,2,2,4,4,3,3,3,3.33333333333333,0.0393032260640316,3,2.33333333333333,0,1,0,0,1,FALSE,0.5,FALSE,0.5,FALSE,0,,3,,0,,0,,0,,0,,0,,1,1,3,3,10.3089859934221,0.8754687373539,0,6.78093616566574,0.336472236621213,6.21660610108486,2.33333333333333,2.25,FALSE,0.285714285714286,0.0166666666666667,"development"
541,"Qingchuan","Qingchuan/Qiaozhuang","Qingchuan/Qiaozhuang/Mingjing",0,0,45,1,"3",2,60000,0.7,28,20,218274.91,0.5,300,4,5,2,0.5,0.8,100,,,2,2,2,4,4,3,1,3,2.66666666666667,-0.526031741848012,2.5,2,0,1,0,0,1,FALSE,0.5,FALSE,0.8,FALSE,0,,2,,2,,0,,0,,0,,0,,2,1,2,2,11.002116507732,3.36729582998647,3.04452243772342,12.2935151837231,0.405465108108164,5.70711026474888,2.66666666666667,2.5,FALSE,0.0178571428571429,0.005,"validation"
542,"Qingchuan","Qingchuan/Qiaozhuang","Qingchuan/Qiaozhuang/Wali",0,0,55,1,"3",3,20000,0.1,4,0,2513.98,1,800,2,5,2,1,1,100,,,2,2,2,2,4,3,4,3,3.66666666666667,0.321970710020053,3.5,2.33333333333333,0,1,0,0,1,FALSE,1,FALSE,1,FALSE,0,,2,,2,,0,,0,,0,,0,,2,1,2,2,9.90353755128617,1.6094379124341,0,7.83002013021594,0.693147180559945,6.68586094706836,2,2,FALSE,0.25,0.04,"development"
543,"Qingchuan","Qingchuan/Qiaozhuang","Qingchuan/Qiaozhuang/Zaoshu",0,0,75,1,"3",2,5000,0.4,2,0,22940.72,0,0,4,5,0,0.6,0.8,50,,,2,1,2,2,4,4,4,3,4,0.604638193976075,2.75,2.33333333333333,0,1,0,0,1,FALSE,0.6,FALSE,0.8,FALSE,0,,0,,0,,0,,0,,0,,0,,0,0,,0,8.5173931714189,1.09861228866811,0,10.0407123660766,0,0,1.66666666666667,1.75,FALSE,0,0,"development"
544,"Qingchuan","Qingchuan/Qiaozhuang","Qingchuan/Qiaozhuang/Wulong",0,0,32,1,"3",4,36000,0.1,14,0,71890.32,1,1000,4,4,2,0.5,0.7,70,,,2,2,1,4,3,4,4,3,3.66666666666667,-0.64744098587833,3.25,2.66666666666667,0,1,0,0,1,FALSE,0.5,FALSE,0.7,FALSE,0,,2,,3,,0,,0,,0,,0,,2,1,2.5,2.5,10.4913019948302,2.70805020110221,0,11.1829108131948,0.693147180559945,6.90875477931522,2.66666666666667,2.25,FALSE,0.0714285714285714,0.0277777777777778,"development"
545,"Qingchuan","Qingchuan/Qiaozhuang","Qingchuan/Qiaozhuang/Mingjing",0,0,67,1,"2",6,40000,0,15,0,5752.8,6,6000,2,5,1,0.5,0.8,40,,,2,2,2,2,4,5,4,3,4.33333333333333,0.887305677932096,3.25,2.33333333333333,0,1,0,0,1,FALSE,0.5,FALSE,0.8,FALSE,2,,1,,3,,0,,0,,0,,0,,3,1,2,2,10.5966597327836,2.77258872223978,0,8.65761578507849,1.94591014905531,8.69968140098951,2,2,FALSE,0.4,0.15,"validation"
546,"Qingchuan","Qingchuan/Qiaozhuang","Qingchuan/Qiaozhuang/Wali",0,0,69,1,"2",6,60000,0,10,0,48182.56,3,2700,2,5,2,0.5,0.7,60,,,2,2,2,3,4,3,1,3,2.66666666666667,-0.526031741848012,3.25,2,0,1,0,0,1,FALSE,0.5,FALSE,0.7,FALSE,2,,2,,3,,0,,0,,0,,0,,3,1,2.33333333333333,2.33333333333333,11.002116507732,2.39789527279837,0,10.7827731630199,1.38629436111989,7.90137735379262,2.33333333333333,2.25,FALSE,0.3,0.045,"development"
547,"Qingchuan","Qingchuan/Chaba","Qingchuan/Chaba/Qingling",1,0,63,1,"2",2,10000,0.9,11,0,4125.56,6,6000,2,5,1,0.8,1,60,1,1,2,2,2,2,4,2,4,3,3.33333333333333,0.0393032260640316,3,2.66666666666667,0,1,0,0,1,FALSE,0.8,FALSE,1,FALSE,0,,0,,3,,0,,0,,0,,0,,1,1,3,3,9.21044036697652,2.484906649788,0,8.32519940909424,1.94591014905531,8.69968140098951,2,2,FALSE,0.545454545454545,0.6,"validation"
548,"Qingchuan","Qingchuan/Chaba","Qingchuan/Chaba/Yueming",0,0,78,0,"2",1,10000,1,5,0,2407.55,0,0,4,4,1,0.5,0.8,0,,,2,2,2,2,5,4,3,3,4,-0.364773501922308,3,2.33333333333333,0,1,0,0,1,FALSE,0.5,FALSE,0.8,FALSE,0,,0,,3,,0,,0,,0,,0,,1,1,3,3,9.21044036697652,1.79175946922805,0,7.7867801856638,0,0,2,2,FALSE,0,0,"validation"
549,"Qingchuan","Qingchuan/Chaba","Qingchuan/Chaba/Yueming",0,0,79,1,"3",2,15000,1,7,2,6469.88,2,2000,2,5,1,0.7,1,60,,,2,2,2,2,5,5,4,3,4.66666666666667,1.16997316188812,3,2.33333333333333,0,1,0,0,1,FALSE,0.7,FALSE,1,FALSE,0,,2,,2,,0,,3,,0,,0,,3,1,2.33333333333333,2.33333333333333,9.61587214452889,2.07944154167984,1.09861228866811,8.77506739061086,1.09861228866811,7.60140233458373,2,2,FALSE,0.285714285714286,0.133333333333333,"validation"
550,"Qingchuan","Qingchuan/Chaba","Qingchuan/Chaba/Shanghe",1,0,80,1,"2",1,6000,1,5,1,3856.8,3,3000,2,5,1,0.5,0.9,60,1,1,2,2,2,2,4,5,3,3,4,0.604638193976075,3,2.33333333333333,0,1,0,0,1,FALSE,0.5,FALSE,0.9,FALSE,2,,0,,3,,0,,0,,0,,0,,2,1,2.5,2.5,8.69968140098951,1.79175946922805,0.693147180559945,8.25785235179014,1.38629436111989,8.00670084544037,2,2,FALSE,0.6,0.5,"development"
551,"Qingchuan","Qingchuan/Chaba","Qingchuan/Chaba/Luchang",0,0,39,0,"2",5,25000,0.1,21,0,12860.26,3,2000,1,5,0,0.8,,60,,,1,2,2,1,4,3,4,3,3.66666666666667,0.321970710020053,3,2.33333333333333,0,1,0,0,1,FALSE,0.8,FALSE,1.5,TRUE,1,,1,,0,,0,,0,,0,,0,,2,1,1,1,10.1266711030504,3.09104245335832,0,9.46197497121912,1.38629436111989,7.60140233458373,1.33333333333333,1.5,FALSE,0.142857142857143,0.08,"validation"
552,"Qingchuan","Qingchuan/Chaba","Qingchuan/Chaba/Luchang",0,0,39,0,"2",5,150000,0.02,18,0,11709.7,5,7500,4,5,2,0.5,0.8,100,,,2,2,2,4,1,4,4,3,3,-0.24336425789199,3.25,2.33333333333333,0,1,0,0,1,FALSE,0.5,FALSE,0.8,FALSE,1,,1,,1,,0,,1,,1,,1,,6,1,1,1,11.9183972397228,2.94443897916644,0,9.36825823277268,1.79175946922805,8.92279162396964,2.66666666666667,2.5,FALSE,0.277777777777778,0.05,"validation"
553,"Qingchuan","Qingchuan/Chaba","Qingchuan/Chaba/Qingling",1,0,61,1,"2",4,20000,0.05,8,0,3954.9,2,1500,1,5,2,1,1,50,1,1,2,2,2,2,3,3,4,3,3.33333333333333,0.0393032260640316,3.25,2.33333333333333,0,1,0,0,1,FALSE,1,FALSE,1,FALSE,1,,1,,0,,0,,0,,0,,0,,2,1,1,1,9.90353755128617,2.19722457733622,0,8.28296341436446,1.09861228866811,7.31388683163346,2,2,FALSE,0.25,0.075,"validation"
554,"Qingchuan","Qingchuan/Chaba","Qingchuan/Chaba/Yueming",1,0,68,1,"2",5,50000,0.02,21,0,10317.35,7,3500,2,5,2,0.5,0.8,100,3,1,1,2,2,2,3,3,3,3,3,-0.24336425789199,3.5,2.33333333333333,0,1,0,0,1,FALSE,0.5,FALSE,0.8,FALSE,1,,1,,1,,1,,0,,1,,1,,6,1,1,1,10.8197982842103,3.09104245335832,0,9.24167914253186,2.07944154167984,8.16080392095467,1.66666666666667,1.75,FALSE,0.333333333333333,0.07,"validation"
555,"Qingchuan","Qingchuan/Chaba","Qingchuan/Chaba/Yueming",1,0,66,0,"1",1,5000,1,10,7,42806.41,4,3000,2,5,2,0.5,0.8,50,1,1,2,2,2,2,3,4,4,3,3.66666666666667,0.321970710020053,3.75,2.33333333333333,0,1,0,0,1,FALSE,0.5,FALSE,0.8,FALSE,1,,1,,1,,1,,1,,1,,1,,7,1,1,1,8.5173931714189,2.39789527279837,2.07944154167984,10.6644664974256,1.6094379124341,8.00670084544037,2,2,FALSE,0.4,0.6,"validation"
556,"Qingchuan","Qingchuan/Chaba","Qingchuan/Chaba/Shanghe",1,0,71,0,"1",1,5000,1,10,9,45996.93,4,2100,2,5,0,0.5,0.8,50,1,1,1,2,2,2,4,4,3,3,3.66666666666667,0.321970710020053,3.25,2.33333333333333,0,1,0,0,1,FALSE,0.5,FALSE,0.8,FALSE,1,,1,,0,,0,,0,,0,,0,,2,1,1,1,8.5173931714189,2.39789527279837,2.30258509299405,10.7363516744587,1.6094379124341,7.650168700845,1.66666666666667,1.75,FALSE,0.4,0.42,"development"
557,"Qingchuan","Qingchuan/Chaba","Qingchuan/Chaba/Luchang",0,0,49,0,"3",3,30000,0.1,2.5,0,912.22,1,1500,2,5,2,0.6,0.6,50,,,3,1,3,1,4,4,5,3,4.33333333333333,0.887305677932096,2.75,2,0,1,0,0,1,FALSE,0.6,FALSE,0.6,FALSE,0,,0,,0,,2,,0,,0,,0,,1,1,2,2,10.3089859934221,1.25276296849537,0,6.81697681542326,0.693147180559945,7.31388683163346,1.66666666666667,2,FALSE,0.4,0.05,"validation"
558,"Qingchuan","Qingchuan/Chaba","Qingchuan/Chaba/Qingling",0,0,55,1,"2",2,30000,0.1,6.5,0,2446.3,2,3000,3,5,1,0.7,1,50,,,3,1,3,1,4,2,3,3,3,-0.24336425789199,3,2,0,1,0,0,1,FALSE,0.7,FALSE,1,FALSE,0,,1,,1,,2,,0,,0,,0,,3,1,1.33333333333333,1.33333333333333,10.3089859934221,2.01490302054226,0,7.80274065502896,1.09861228866811,8.00670084544037,1.66666666666667,2,FALSE,0.307692307692308,0.1,"validation"
559,"Qingchuan","Qingchuan/Chaba","Qingchuan/Chaba/Yueming",0,0,56,1,"2",4,30000,0.1,7,0,30204.63,3,4500,1,5,2,0.8,1,100,,,2,1,4,2,5,3,4,3,4,0.604638193976075,3,2,0,1,0,0,1,FALSE,0.8,FALSE,1,FALSE,2,,2,,4,,1,,0,,0,,0,,4,1,2.25,2.25,10.3089859934221,2.07944154167984,0,10.3157836098293,1.38629436111989,8.41205487329293,1.66666666666667,2.25,FALSE,0.428571428571429,0.15,"validation"
560,"Qingchuan","Qingchuan/Chaba","Qingchuan/Chaba/Shanghe",1,0,72,1,"2",2,1000,1,8,0,3068.16,5,7500,1,5,2,0.5,0.6,50,1,1,2,1,3,1,5,4,3,3,4,0.604638193976075,3,2.33333333333333,0,1,0,0,1,FALSE,0.5,FALSE,0.6,FALSE,0,,2,,0,,0,,0,,0,,0,,1,1,2,2,6.90875477931522,2.19722457733622,0,8.02915918750648,1.79175946922805,8.92279162396964,1.33333333333333,1.75,FALSE,0.625,7.5,"development"
561,"Qingchuan","Qingchuan/Chaba","Qingchuan/Chaba/Xinshi",0,0,53,1,"2",4,15000,0.1,22,4,14079.65,6,3300,1,5,2,1,1,0,,,2,2,1,1,4,4,,2,4,0.604638193976075,3.75,3,0,1,0,0,1,FALSE,1,FALSE,1,FALSE,0,,0,,0,,0,,0,,0,,0,,0,0,,0,9.61587214452889,3.13549421592915,1.6094379124341,9.5525567934192,1.94591014905531,8.10198073185319,1.66666666666667,1.5,FALSE,0.272727272727273,0.22,"validation"
562,"Qingchuan","Qingchuan/Chaba","Qingchuan/Chaba/Xinshi",0,0,69,1,"3",2,8000,0.05,29,6,17298.07,8,3000,1,5,3,1,1,200,,,2,1,1,1,5,4,,2,4.5,1.02863941991011,3.5,2.66666666666667,0,0,0,0,0,FALSE,1,FALSE,1,FALSE,0,,0,,0,,0,,4,,0,,0,,1,1,4,4,8.98732181285012,3.40119738166216,1.94591014905531,9.75840802181547,2.19722457733622,8.00670084544037,1.33333333333333,1.25,FALSE,0.275862068965517,0.375,"validation"
563,"Qingchuan","Qingchuan/Chaba","Qingchuan/Chaba/Pingxi",1,0,55,1,"3",3,20000,0.05,17.2,97,84808.694,2.5,1600,1,5,2,0.5,0.5,80,3,1,2,1,2,1,4,3,,2,3.5,0.180636968042042,3.25,2.33333333333333,0,1,0,0,1,FALSE,0.5,FALSE,0.5,FALSE,0,,0,,4,,0,,4,,0,,0,,2,1,4,4,9.90353755128617,2.90142159408275,4.58496747867057,11.3481651312841,1.25276296849537,7.37838371299671,1.33333333333333,1.5,FALSE,0.145348837209302,0.08,"development"
564,"Qingchuan","Qingchuan/Chaba","Qingchuan/Chaba/Pingxi",0,0,61,1,"3",3,10000,0.1,15,27,27171.83,5,920,1,5,1,0.5,1,100,,,2,2,2,1,4,5,,2,4.5,1.02863941991011,3.5,3,0,1,0,0,1,FALSE,0.5,FALSE,1,FALSE,3,,0,,4,,0,,4,,0,,0,,3,1,3.66666666666667,3.66666666666667,9.21044036697652,2.77258872223978,3.3322045101752,10.2099728559951,1.79175946922805,6.82546003625531,1.66666666666667,1.75,FALSE,0.333333333333333,0.092,"development"
565,"Qingchuan","Qingchuan/Chaba","Qingchuan/Chaba/Xinglong",1,0,65,1,"1",3,5000,0.05,4,10,6009.515,3,1500,2,5,2,0.5,0.8,50,1,1,1,1,4,1,3,4,,2,3.5,0.180636968042042,3.25,3.33333333333333,1,1,0,0,2,FALSE,0.5,FALSE,0.8,FALSE,1,,1,,2,,0,,1,,0,,0,,4,1,1.25,1.25,8.5173931714189,1.6094379124341,2.39789527279837,8.70126571437384,1.38629436111989,7.31388683163346,1,1.75,FALSE,0.75,0.3,"development"
566,"Qingchuan","Qingchuan/Chaba","Qingchuan/Chaba/Xinglong",0,0,64,0,"3",2,10000,0.1,12,7,10709.72,3,1000,2,5,1,1,1,100,,,2,1,4,2,4,,,1,4,0.604638193976075,3.25,2.33333333333333,0,1,0,0,1,FALSE,1,FALSE,1,FALSE,4,,1,,4,,0,,0,,0,,0,,3,1,3,3,9.21044036697652,2.56494935746154,2.07944154167984,9.27900038807292,1.38629436111989,6.90875477931522,1.66666666666667,2.25,FALSE,0.25,0.1,"development"
567,"Qingchuan","Qingchuan/Chaba","Qingchuan/Chaba/Qingxin",0,0,67,1,"2",2,20000,0.6,60,15,393416.74,6,5000,1,5,1,1,1,800,,,2,2,2,1,4,,,1,4,0.604638193976075,3.75,3.66666666666667,0,1,0,0,1,FALSE,1,FALSE,1,FALSE,0,,1,,4,,0,,4,,0,,0,,3,1,3,3,9.90353755128617,4.11087386417331,2.77258872223978,12.8826272779722,1.94591014905531,8.5173931714189,1.66666666666667,1.75,FALSE,0.1,0.25,"development"
568,"Qingchuan","Qingchuan/Chaba","Qingchuan/Chaba/Qingxin",0,0,69,0,"2",3,40000,0.3,16,9,8711.32,8,6400,1,5,3,0.5,0.5,40,,,2,2,4,1,3,3,,2,3,-0.24336425789199,3.5,3.66666666666667,0,1,0,0,1,FALSE,0.5,FALSE,0.5,FALSE,2,,2,,4,,0,,1,,0,,0,,4,1,2.25,2.25,10.5966597327836,2.83321334405622,2.30258509299405,9.07249339488405,2.19722457733622,8.764209507142,1.66666666666667,2.25,FALSE,0.5,0.16,"development"
569,"Qingchuan","Qingchuan/Chaba","Qingchuan/Chaba/Qingxin",1,0,50,0,"2",4,20000,0.05,50,41,144945.7,10,2500,1,5,2,0.5,0.6,300,1,1,2,2,3,1,4,5,,2,4.5,1.02863941991011,3.75,2.66666666666667,0,1,0,0,1,FALSE,0.5,FALSE,0.6,FALSE,1,,1,,4,,0,,0,,0,,0,,3,1,2,2,9.90353755128617,3.93182563272433,3.73766961828337,11.8841213676194,2.39789527279837,7.82444593087762,1.66666666666667,2,FALSE,0.2,0.125,"development"
570,"Qingchuan","Qingchuan/Chaba","Qingchuan/Chaba/Qingxin",0,0,59,1,"2",6,20000,1,20,11,16651.2,5,4500,4,3,0,0.5,1,100,,,4,4,3,4,5,4,3,3,4,-1.33418519782069,3.5,2,0,1,0,0,1,FALSE,0.5,FALSE,1,FALSE,0,,2,140,3,,0,,3,,0,,0,,3,1,2.66666666666667,2.66666666666667,9.90353755128617,3.04452243772342,2.484906649788,9.72029761881204,1.79175946922805,8.41205487329293,4,3.75,FALSE,0.25,0.225,"development"
571,"Qingchuan","Qingchuan/Chaba","Qingchuan/Chaba/Pingxi",1,0,79,1,"2",2,5000,1,8,1,6477.21,3,2700,4,3,1,0.8,1,60,1,1,3,2,2,2,3,4,4,3,3.66666666666667,-1.61685268177671,3.5,2.33333333333333,0,1,0,0,1,FALSE,0.8,FALSE,1,FALSE,0,,0,,3,,0,,0,,0,,0,,1,1,3,3,8.5173931714189,2.19722457733622,0.693147180559945,8.77619951661862,1.38629436111989,7.90137735379262,2.33333333333333,2.25,FALSE,0.375,0.54,"development"
572,"Qingchuan","Qingchuan/Chaba","Qingchuan/Chaba/Xinglong",0,0,78,1,"1",3,5000,0.7,2,0,767.04,1,900,2,4,2,1,1,9,,,4,4,2,3,4,1,3,3,2.66666666666667,-1.49544343774639,2.5,2,0,1,0,0,1,FALSE,1,FALSE,1,FALSE,0,,2,,2,,0,,2,,0,,0,,3,1,2,2,8.5173931714189,1.09861228866811,0,6.64384181512472,0.693147180559945,6.80350525760834,3.66666666666667,3.25,FALSE,0.5,0.18,"development"
573,"Qingchuan","Qingchuan/Chaba","Qingchuan/Chaba/Xinshi",0,0,43,1,"3",2,30000,0.08,4,20,18534.08,0.3,300,2,4,2,1,1,50,,,2,2,4,2,3,4,4,3,3.66666666666667,-0.64744098587833,2.5,1.66666666666667,0,1,0,0,1,FALSE,1,FALSE,1,FALSE,0,,2,,2,,0,,0,,0,,0,,2,1,2,2,10.3089859934221,1.6094379124341,3.04452243772342,9.82742043173414,0.262364264467491,5.70711026474888,2,2.5,FALSE,0.075,0.01,"validation"
574,"Qingchuan","Qingchuan/Chaba","Qingchuan/Chaba/Pingxi",1,0,75,1,"2",2,5000,0.5,15,0,10652.3,2,1400,4,4,1,0.5,0.8,10,1,1,2,2,2,4,3,4,3,3,3.33333333333333,-0.930108469834351,2.75,2,0,1,0,0,1,FALSE,0.5,FALSE,0.8,FALSE,0,,2,50,3,,0,,0,,0,,0,,2,1,2.5,2.5,8.5173931714189,2.77258872223978,0,9.27362498229607,1.09861228866811,7.24494154633701,2.66666666666667,2.5,FALSE,0.133333333333333,0.28,"development"
575,"Qingchuan","Qingchuan/Chaba","Qingchuan/Chaba/Xinshi",0,0,61,1,"3",4,30000,0.05,10,2,6624.4,0.2,300,4,5,2,0.3,0.5,40,,,4,3,4,1,4,5,3,3,4,0.604638193976075,2.5,1.66666666666667,0,1,0,0,1,FALSE,0.3,FALSE,0.5,FALSE,5,1000,2,150,0,,0,,0,,0,,0,,2,1,3.5,3.5,10.3089859934221,2.39789527279837,1.09861228866811,8.79866602639027,0.182321556793955,5.70711026474888,2.66666666666667,3,FALSE,0.02,0.01,"validation"
576,"Qingchuan","Qingchuan/Chaba","Qingchuan/Chaba/Qingxin",0,0,61,0,"2",2,10000,1,15,6,7058.4,5,4500,4,4,1,1,1,60,,,4,3,2,4,1,3,4,3,2.66666666666667,-1.49544343774639,2.75,2,0,1,0,0,1,FALSE,1,FALSE,1,FALSE,0,,2,70,3,,0,,2,,0,,0,,3,1,2.33333333333333,2.33333333333333,9.21044036697652,2.77258872223978,1.94591014905531,8.86211534104009,1.79175946922805,8.41205487329293,3.66666666666667,3.25,FALSE,0.333333333333333,0.45,"development"
577,"Qingchuan","Qingchuan/Chaba","Qingchuan/Chaba/Pingxi",1,0,67,1,"3",2,20000,0.5,14,4,11631.96,3,2700,2,5,1,1,1,0,2,1,2,2,2,1,4,4,4,3,4,0.604638193976075,3.75,2.33333333333333,0,1,0,0,1,FALSE,1,FALSE,1,FALSE,0,,2,30,3,,0,,0,,0,,0,,2,1,2.5,2.5,9.90353755128617,2.70805020110221,1.6094379124341,9.36159772731692,1.38629436111989,7.90137735379262,1.66666666666667,1.75,FALSE,0.214285714285714,0.135,"development"
578,"Qingchuan","Qingchuan/Shiba","Qingchuan/Shiba/Magong",0,0,52,1,"2",3,10000,0.05,17,8,81739.8,7,4600,1,5,1,1,1,0,,,2,2,2,1,4,5,,2,4.5,1.02863941991011,3.5,4,0,1,0,0,1,FALSE,1,FALSE,1,FALSE,0,,1,,2,,0,,0,,0,,0,,2,1,1.5,1.5,9.21044036697652,2.89037175789616,2.19722457733622,11.3113085442003,2.07944154167984,8.43402895015547,1.66666666666667,1.75,FALSE,0.411764705882353,0.46,"development"
579,"Qingchuan","Qingchuan/Shiba","Qingchuan/Shiba/Magong",0,0,70,0,"1",1,8000,0.1,3.5,6,5538.62,1,600,1,5,1,1,0,0,,,2,2,4,1,3,4,,2,3.5,0.180636968042042,3.25,3,0,1,0,0,1,FALSE,1,FALSE,0,FALSE,0,,0,,0,,0,,0,,0,,0,,0,0,,0,8.98732181285012,1.50407739677627,1.94591014905531,8.61968118533103,0.693147180559945,6.39859493453521,1.66666666666667,2.25,FALSE,0.285714285714286,0.075,"development"
580,"Qingchuan","Qingchuan/Shiba","Qingchuan/Shiba/Santai",0,0,54,1,"3",2,20000,0.1,19,6,10475.26,2.5,1300,1,5,2,0.5,0.5,80,,,2,2,2,2,3,4,,2,3.5,0.180636968042042,3.25,3.66666666666667,0,1,0,0,1,FALSE,0.5,FALSE,0.5,FALSE,0,,0,,4,,0,,0,,0,,0,,1,1,4,4,9.90353755128617,2.99573227355399,1.94591014905531,9.25686702395269,1.25276296849537,7.1708884785125,2,2,FALSE,0.131578947368421,0.065,"development"
581,"Qingchuan","Qingchuan/Shiba","Qingchuan/Shiba/Santai",1,0,73,1,"2",1,8000,0.9,3,4,45735.8,0.5,1100,2,5,1,1,0.5,40,2,3,2,2,4,1,5,3,,2,4,0.604638193976075,3,3,0,1,0,0,1,FALSE,1,FALSE,0.5,FALSE,0,,0,,4,,0,,0,,0,,0,,1,1,4,4,8.98732181285012,1.38629436111989,1.6094379124341,10.7306585044823,0.405465108108164,7.00397413672268,1.66666666666667,2.25,FALSE,0.166666666666667,0.1375,"development"
582,"Qingchuan","Qingchuan/Shiba","Qingchuan/Shiba/Santai",1,0,54,1,"2",1,20000,0.15,7,33,50508.58,0.5,300,1,4,2,0.5,0.5,40,3,3,2,2,4,1,4,3,,2,3.5,-0.78877472785634,2.75,2,0,1,0,0,1,FALSE,0.5,FALSE,0.5,FALSE,0,,0,,4,,0,,1,,0,,0,,2,1,2.5,2.5,9.90353755128617,2.07944154167984,3.52636052461616,10.8299183002424,0.405465108108164,5.70711026474888,1.66666666666667,2.25,FALSE,0.0714285714285714,0.015,"development"
583,"Qingchuan","Qingchuan/Shiba","Qingchuan/Shiba/Qinglong",0,0,51,1,"2",3,10000,0.9,15,18,53275.48,0.5,300,4,4,0,1,1,100,,,2,2,4,2,1,,,1,1,-2.9087808575265,3,2,0,1,0,0,1,FALSE,1,FALSE,1,FALSE,0,,3,,4,,0,,0,,0,,0,,2,1,3.5,3.5,9.21044036697652,2.77258872223978,2.94443897916644,10.8832502369657,0.405465108108164,5.70711026474888,2,2.5,FALSE,0.0333333333333333,0.03,"validation"
584,"Qingchuan","Qingchuan/Shiba","Qingchuan/Shiba/Qinglong",0,0,50,0,"3",3,20000,0.05,31,127,702129.52,5,4000,3,5,1,1,0,0,,,2,2,2,1,4,5,,2,4.5,1.02863941991011,3.5,2.66666666666667,0,1,0,0,1,FALSE,1,FALSE,0,FALSE,0,,0,,4,,0,,0,,0,,0,,1,1,4,4,9.90353755128617,3.46573590279973,4.85203026391962,13.4618745916518,1.79175946922805,8.29429960885724,1.66666666666667,1.75,FALSE,0.161290322580645,0.2,"validation"
585,"Qingchuan","Qingchuan/Shiba","Qingchuan/Shiba/Zhongxin",0,0,79,0,"2",1,20000,0.05,8,62,36860.48,2.5,1400,3,4,0,0.5,0.5,80,,,2,2,4,2,4,,,1,4,-0.364773501922308,3.25,2,0,1,0,0,1,FALSE,0.5,FALSE,0.5,FALSE,2,,0,,0,,0,,0,,0,,0,,1,1,2,2,9.90353755128617,2.19722457733622,4.14313472639153,10.514922382344,1.25276296849537,7.24494154633701,2,2.5,FALSE,0.3125,0.07,"validation"
586,"Qingchuan","Qingchuan/Shiba","Qingchuan/Shiba/Zhongxin",0,0,73,0,"1",1,30000,0.05,5,0,24091.28,3,1000,3,4,0,0.5,0.5,40,,,2,2,2,2,4,,,1,4,-0.364773501922308,3,2.33333333333333,0,1,0,0,1,FALSE,0.5,FALSE,0.5,FALSE,1,,2,,0,,0,,3,,0,,0,,3,1,2,2,10.3089859934221,1.79175946922805,0,10.0896467362113,1.38629436111989,6.90875477931522,2,2,FALSE,0.6,0.0333333333333333,"validation"
587,"Qingchuan","Qingchuan/Shiba","Qingchuan/Shiba/Dafang",1,0,67,1,"3",2,8000,0.9,7,0,4061.33,5,2900,4,5,2,1,1,210,2,2,2,2,4,2,4,,,1,4,0.604638193976075,2.75,2.33333333333333,0,1,0,0,1,FALSE,1,FALSE,1,FALSE,0,,0,,0,,0,,0,,0,,0,,0,0,,0,8.98732181285012,2.07944154167984,0,8.30951197960857,1.79175946922805,7.9728107841214,2,2.5,FALSE,0.714285714285714,0.3625,"development"
588,"Qingchuan","Qingchuan/Shiba","Qingchuan/Shiba/Dafang",1,0,53,0,"2",1,25000,0.05,10,8,19348.8,5,3000,4,5,1,1,1,300,1,1,2,2,2,1,4,3,,2,3.5,0.180636968042042,3.25,2.33333333333333,1,1,0,0,2,FALSE,1,FALSE,1,FALSE,1,,1,,0,,0,,1,,0,,0,,3,1,1,1,10.1266711030504,2.39789527279837,2.19722457733622,9.8704373624872,1.79175946922805,8.00670084544037,1.66666666666667,1.75,FALSE,0.5,0.12,"development"
589,"Qingchuan","Qingchuan/Shiba","Qingchuan/Shiba/Sanjiang",0,0,53,0,"3",1,30000,0.05,9.2,17,8778.414,5,2800,4,5,0,1,0,0,,,2,2,2,2,4,4,,2,4,0.604638193976075,3.25,2.33333333333333,0,1,0,0,1,FALSE,1,FALSE,0,FALSE,0,,2,,4,,0,,3,,0,,0,,3,1,3,3,10.3089859934221,2.32238772029023,2.89037175789616,9.08016494180496,1.79175946922805,7.93773177526011,2,2,FALSE,0.543478260869565,0.0933333333333333,"validation"
590,"Qingchuan","Qingchuan/Guanzhuang","Qingchuan/Guanzhuang/Taolong",1,0,61,1,"2",4,50000,0.1,21,0,30531.23,2,2000,2,5,0,0.8,0.9,100,2,1,2,2,2,2,4,3,4,3,3.66666666666667,0.321970710020053,3.75,2.33333333333333,0,1,0,0,1,FALSE,0.8,FALSE,0.9,FALSE,0,,1,,0,,0,,0,,0,,0,,1,1,1,1,10.8197982842103,3.09104245335832,0,10.32653812597,1.09861228866811,7.60140233458373,2,2,FALSE,0.0952380952380952,0.04,"validation"
591,"Qingchuan","Qingchuan/Guanzhuang","Qingchuan/Guanzhuang/Hongguang",0,0,52,0,"4",5,60000,0.3,9,0,38182.05,1,1000,4,5,1,0.8,0.9,100,,,2,1,2,4,4,3,4,3,3.66666666666667,0.321970710020053,3.5,2.33333333333333,0,1,0,0,1,FALSE,0.8,FALSE,0.9,FALSE,1,,1,,0,,0,,0,,0,,0,,2,1,1,1,11.002116507732,2.30258509299405,0,10.5501469788455,0.693147180559945,6.90875477931522,2.33333333333333,2.25,FALSE,0.111111111111111,0.0166666666666667,"validation"
592,"Qingchuan","Qingchuan/Guanzhuang","Qingchuan/Guanzhuang/missing_592",0,0,58,0,"2",2,5000,1,6,0,37031.49,1.5,2000,2,5,2,0.4,0,0,,,2,2,2,2,4,3,4,3,3.66666666666667,0.321970710020053,4.25,2.33333333333333,0,1,0,0,1,FALSE,0.4,FALSE,0,FALSE,1,,1,,0,,0,,0,,0,,0,,2,1,1,1,8.5173931714189,1.94591014905531,0,10.5195509144231,0.916290731874155,7.60140233458373,2,2,FALSE,0.25,0.4,"development"
593,"Qingchuan","Qingchuan/Guanzhuang","Qingchuan/Guanzhuang/Donghekou",0,0,74,0,"1",5,40000,0.03,1.8,0,1397.313,1.5,1500,2,5,2,0.5,0,0,,,2,2,2,2,4,4,3,3,3.66666666666667,0.321970710020053,4,2.66666666666667,0,1,0,0,1,FALSE,0.5,FALSE,0,FALSE,1,,1,,0,,0,,0,,0,,0,,2,1,1,1,10.5966597327836,1.02961941718116,0,7.24302178900709,0.916290731874155,7.31388683163346,2,2,FALSE,0.833333333333333,0.0375,"validation"
594,"Qingchuan","Qingchuan/Guanzhuang","Qingchuan/Guanzhuang/Gujing",0,0,55,1,"3",6,20000,0.02,28,3,119299.69,10.5,10000,2,5,1,0.7,0.8,100,,,2,2,2,2,4,4,4,3,4,0.604638193976075,3.5,2.33333333333333,0,1,0,0,1,FALSE,0.7,FALSE,0.8,FALSE,1,,1,,0,,0,,0,,0,,0,,2,1,1,1,9.90353755128617,3.36729582998647,1.38629436111989,11.6894023918078,2.4423470353692,9.21044036697652,2,2,FALSE,0.375,0.5,"validation"
595,"Qingchuan","Qingchuan/Guanzhuang","Qingchuan/Guanzhuang/Shaba",1,0,60,1,"4",6,30000,0.1,3,0,1359.15,0.5,500,4,5,2,1,0,0,2,1,2,2,2,2,4,3,4,3,3.66666666666667,0.321970710020053,3,2.66666666666667,0,1,0,0,1,FALSE,1,FALSE,0,FALSE,2,,2,,0,,0,,0,,0,,0,,2,1,2,2,10.3089859934221,1.38629436111989,0,7.2153502667658,0.405465108108164,6.21660610108486,2,2,FALSE,0.166666666666667,0.0166666666666667,"development"
596,"Qingchuan","Qingchuan/Guanzhuang","Qingchuan/Guanzhuang/Siba",1,0,62,1,"4",2,20000,0.12,14,0,8308.98,1.5,1200,2,5,2,0.5,0.8,100,3,3,2,2,2,2,3,3,3,3,3,-0.24336425789199,3.5,2.66666666666667,1,1,0,0,2,FALSE,0.5,FALSE,0.8,FALSE,0,,2,,0,,0,,0,,0,,0,,1,1,2,2,9.90353755128617,2.70805020110221,0,9.02521248110773,0.916290731874155,7.09090982207998,2,2,FALSE,0.107142857142857,0.06,"validation"
597,"Qingchuan","Qingchuan/Guanzhuang","Qingchuan/Guanzhuang/Shufang",1,0,62,1,"3",4,20000,1,34,16,147910.46,3.5,5000,2,5,2,0.5,1,100,3,2,2,2,2,2,2,3,4,3,3,-0.24336425789199,3.5,2.66666666666667,0,1,0,0,1,FALSE,0.5,FALSE,1,FALSE,0,,3,,0,,0,,0,,0,,0,,1,1,3,3,9.90353755128617,3.55534806148941,2.83321334405622,11.9043691304841,1.50407739677627,8.5173931714189,2,2,FALSE,0.102941176470588,0.25,"development"
598,"Qingchuan","Qingchuan/Guanzhuang","Qingchuan/Guanzhuang/Suhe",0,0,69,0,"2",3,5000,0.1,3,0,1150.56,1,600,2,5,2,0.6,0.8,50,,,2,2,2,2,3,4,4,3,3.66666666666667,0.321970710020053,3.25,2.33333333333333,0,1,0,0,1,FALSE,0.6,FALSE,0.8,FALSE,3,,0,,0,,0,,0,,0,,0,,1,1,3,3,8.5173931714189,1.38629436111989,0,7.04887282385203,0.693147180559945,6.39859493453521,2,2,FALSE,0.333333333333333,0.12,"validation"
599,"Qingchuan","Qingchuan/Guanzhuang","Qingchuan/Guanzhuang/Yingtao",0,0,59,0,"3",3,15000,0.02,18,2,15681.26,3,3000,2,5,2,0.5,0.8,100,,,1,2,2,2,3,5,4,3,4,0.604638193976075,3.25,2.33333333333333,0,1,0,0,1,FALSE,0.5,FALSE,0.8,FALSE,1,,0,,0,,0,,0,,0,,0,,1,1,1,1,9.61587214452889,2.94443897916644,1.09861228866811,9.66028541617135,1.38629436111989,8.00670084544037,1.66666666666667,1.75,FALSE,0.166666666666667,0.2,"development"
600,"Qingchuan","Qingchuan/Guanzhuang","Qingchuan/Guanzhuang/Zhanghe",1,0,62,1,"4",4,40000,0.12,10.8,2,20502.578,2,1500,4,5,2,0.5,0.7,100,1,1,2,2,1,4,3,3,1,3,2.33333333333333,-0.808699225804033,4,2.33333333333333,1,1,0,0,2,FALSE,0.5,FALSE,0.7,FALSE,0,,3,,4,,0,,0,,0,,0,,2,1,3.5,3.5,10.5966597327836,2.46809953147162,1.09861228866811,9.92835468648213,1.09861228866811,7.31388683163346,2.66666666666667,2.25,FALSE,0.185185185185185,0.0375,"validation"
601,"Qingchuan","Qingchuan/Guanzhuang","Qingchuan/Guanzhuang/Qunli",1,0,62,0,"2",2,10000,0.1,3,0,1150.56,2,1500,2,5,0,0.4,0.8,50,1,1,1,2,4,2,5,4,3,3,4,0.604638193976075,3.75,2.33333333333333,0,1,1,0,2,FALSE,0.4,FALSE,0.8,FALSE,2,,0,,0,,0,,0,,0,,0,,1,1,2,2,9.21044036697652,1.38629436111989,0,7.04887282385203,1.09861228866811,7.31388683163346,1.66666666666667,2.25,FALSE,0.666666666666667,0.15,"validation"
602,"Qingchuan","Qingchuan/Guanzhuang","Qingchuan/Guanzhuang/Taolong",1,0,52,0,"3",3,30000,0.2,4,2,5412.48,1.5,1600,2,5,1,0.5,0.8,80,1,1,2,2,2,4,4,5,3,3,4,0.604638193976075,3.5,2.33333333333333,0,1,0,0,1,FALSE,0.5,FALSE,0.8,FALSE,0,,2,,3,,0,,0,,0,,0,,2,1,2.5,2.5,10.3089859934221,1.6094379124341,1.09861228866811,8.59664741827659,0.916290731874155,7.37838371299671,2.66666666666667,2.5,FALSE,0.375,0.0533333333333333,"validation"
603,"Qingchuan","Qingchuan/Guanzhuang","Qingchuan/Guanzhuang/Hongguang",0,0,52,1,"2",4,20000,0.3,9,0,3451.68,6,6000,2,5,1,0.5,0.8,90,,,3,2,2,3,1,5,4,3,3.33333333333333,0.0393032260640316,3.25,2.33333333333333,0,1,0,0,1,FALSE,0.5,FALSE,0.8,FALSE,0,,2,,3,,0,,0,,0,,0,,2,1,2.5,2.5,9.90353755128617,2.30258509299405,0,8.14690602005764,1.94591014905531,8.69968140098951,2.66666666666667,2.5,FALSE,0.666666666666667,0.3,"validation"
604,"Qingchuan","Qingchuan/Guanzhuang","Qingchuan/Guanzhuang/Donghekou",1,0,31,1,"4",4,30000,0.2,10,2,7713.6,4,4000,2,5,1,0.5,0.8,60,1,1,2,2,2,3,5,4,5,3,4.66666666666667,1.16997316188812,3.5,2.33333333333333,0,1,0,0,1,FALSE,0.5,FALSE,0.8,FALSE,0,,2,,3,,0,,0,,0,,0,,2,1,2.5,2.5,10.3089859934221,2.39789527279837,1.09861228866811,8.95086991640196,1.6094379124341,8.29429960885724,2.33333333333333,2.25,FALSE,0.4,0.133333333333333,"validation"
605,"Qingchuan","Qingchuan/Guanzhuang","Qingchuan/Guanzhuang/Gujing",0,0,55,0,"1",4,30000,0.8,18,0,117771.76,9,9000,2,4,1,0.5,0.7,80,,,2,4,2,3,4,4,,2,4,-0.364773501922308,3.25,2.33333333333333,0,1,0,0,1,FALSE,0.5,FALSE,0.7,FALSE,0,,0,,3,,0,,0,,0,,0,,1,1,3,3,10.3089859934221,2.94443897916644,0,11.6765122840709,2.30258509299405,9.10509096125709,3,2.75,FALSE,0.5,0.3,"validation"
606,"Qingchuan","Qingchuan/Guanzhuang","Qingchuan/Guanzhuang/Shaba",0,0,52,0,"3",1,12000,0,15,2,87239.08,4,4000,2,4,1,0.5,0.8,40,,,2,2,2,3,5,3,4,3,4,-0.364773501922308,3.5,2.66666666666667,0,1,0,0,1,FALSE,0.5,FALSE,0.8,FALSE,2,,2,,3,,0,,0,,0,,0,,3,1,2.33333333333333,2.33333333333333,9.39274525863144,2.77258872223978,1.09861228866811,11.3764191373257,1.6094379124341,8.29429960885724,2.33333333333333,2.25,FALSE,0.266666666666667,0.333333333333333,"development"
607,"Qingchuan","Qingchuan/Guanzhuang","Qingchuan/Guanzhuang/Siba",0,0,40,0,"5",5,50000,0.15,5,2,16882.84,0.5,500,2,4,1,0.6,0.9,70,,,2,2,2,3,5,4,4,3,4.33333333333333,-0.0821060179662864,3,2.33333333333333,0,1,0,0,1,FALSE,0.6,FALSE,0.9,FALSE,0,,2,,3,,0,,0,,0,,0,,2,1,2.5,2.5,10.8197982842103,1.79175946922805,1.09861228866811,9.7341122304301,0.405465108108164,6.21660610108486,2.33333333333333,2.25,FALSE,0.1,0.01,"validation"
608,"Qingchuan","Qingchuan/Guanzhuang","Qingchuan/Guanzhuang/Shufang",0,0,35,1,"5",3,38000,0,13,0,82314.16,1,1000,2,4,1,0.8,1,80,,,2,2,2,2,5,3,4,3,4,-0.364773501922308,3.5,2.33333333333333,0,1,0,0,1,FALSE,0.8,FALSE,1,FALSE,0,,2,,3,,4,,0,,0,,0,,3,1,3,3,10.5453677541517,2.63905732961526,0,11.3183105738329,0.693147180559945,6.90875477931522,2,2,FALSE,0.0769230769230769,0.0263157894736842,"development"
609,"Qingchuan","Qingchuan/Guanzhuang","Qingchuan/Guanzhuang/Suhe",1,0,48,1,"2",3,36000,0,11,2,8097.12,4,4000,2,4,1,0.5,0.8,40,2,2,3,2,2,2,1,5,3,3,3,-1.21277595379037,3,2.33333333333333,0,1,0,0,1,FALSE,0.5,FALSE,0.8,FALSE,0,,2,,3,,0,,0,,0,,0,,2,1,2.5,2.5,10.4913019948302,2.484906649788,1.09861228866811,8.99938721495601,1.6094379124341,8.29429960885724,2.33333333333333,2.25,FALSE,0.363636363636364,0.111111111111111,"validation"
610,"Qingchuan","Qingchuan/Guanzhuang","Qingchuan/Guanzhuang/Yingtao",1,0,53,1,"3",1,80000,0,100,90,101995.2,15,15000,3,5,1,0.5,0.8,120,2,2,2,2,2,4,5,4,3,3,4,0.604638193976075,3.5,2.33333333333333,0,1,0,0,1,FALSE,0.5,FALSE,0.8,FALSE,0,,0,,3,20000,0,,0,,0,,0,,1,1,3,3,11.2897944135779,4.61512051684126,4.51085950651685,11.5326908366705,2.77258872223978,9.61587214452889,2.66666666666667,2.5,FALSE,0.15,0.1875,"development"
611,"Qingchuan","Qingchuan/Guanzhuang","Qingchuan/Guanzhuang/Zhanghe",0,0,34,1,"3",5,40000,0.4,9,0,25532.2,2,2000,1,4,1,0.65,0.8,80,,,3,2,2,2,3,4,5,3,4,-0.364773501922308,3.5,2.33333333333333,0,1,0,0,1,FALSE,0.65,FALSE,0.8,FALSE,2,,2,,3,,0,,3,,0,,0,,4,1,2.5,2.5,10.5966597327836,2.30258509299405,0,10.1477348451148,1.09861228866811,7.60140233458373,2.33333333333333,2.25,FALSE,0.222222222222222,0.05,"validation"
612,"Qingchuan","Qingchuan/Guanzhuang","Qingchuan/Guanzhuang/Qunli",0,0,53,0,"3",2,46000,0.05,1,0,383.52,1,1000,2,5,1,0.6,0.9,80,,,2,2,2,2,5,3,4,3,4,0.604638193976075,3,2.33333333333333,0,1,0,0,1,FALSE,0.6,FALSE,0.9,FALSE,0,,0,,2,,0,,0,,0,,0,,1,1,2,2,10.7364184143654,0.693147180559945,0,5.95199580319762,0.693147180559945,6.90875477931522,2,2,FALSE,1,0.0217391304347826,"validation"
613,"Qingchuan","Qingchuan/Guanzhuang","Qingchuan/Guanzhuang/Taolong",1,0,62,1,"3",6,30000,0.15,21,10,164490.76,10,15000,1,5,1,1,1,100,1,1,2,1,2,2,5,3,3,3,3.66666666666667,0.321970710020053,3.25,2.33333333333333,0,1,0,0,1,FALSE,1,FALSE,1,FALSE,0,,2,600,2,,0,,2,,0,,0,,3,1,2,2,10.3089859934221,3.09104245335832,2.39789527279837,12.0106157567475,2.39789527279837,9.61587214452889,1.66666666666667,1.75,FALSE,0.476190476190476,0.5,"validation"
614,"Qingchuan","Qingchuan/Guanzhuang","Qingchuan/Guanzhuang/Hongguang",0,0,61,1,"3",2,30000,0.1,2,0,22940.72,0,0,3,4,1,0.7,0.7,0,,,3,1,2,2,5,4,3,3,4,-0.364773501922308,2.75,1.66666666666667,0,1,0,0,1,FALSE,0.7,FALSE,0.7,FALSE,0,,3,,4,,4,,0,,0,,0,,3,1,3.66666666666667,3.66666666666667,10.3089859934221,1.09861228866811,0,10.0407123660766,0,0,2,2,FALSE,0,0,"validation"
615,"Qingchuan","Qingchuan/Guanzhuang","Qingchuan/Guanzhuang/Donghekou",0,0,67,0,"2",5,10000,0.1,5.5,0,13149.62,4,5500,2,5,1,0.5,0.6,50,,,3,1,2,2,3,4,5,3,4,0.604638193976075,3.5,2,0,1,0,0,1,FALSE,0.5,FALSE,0.6,FALSE,1,,1,400,2,,2,,1,,0,,0,,5,1,1.4,1.4,9.21044036697652,1.87180217690159,0,9.48422418478344,1.6094379124341,8.61268517287546,2,2,FALSE,0.727272727272727,0.55,"validation"
616,"Qingchuan","Qingchuan/Guanzhuang","Qingchuan/Guanzhuang/Gujing",0,0,54,1,"3",3,40000,0.1,12,70,461505.6,5,5500,2,5,1,0.8,0.8,100,,,3,1,3,2,5,4,3,3,4,0.604638193976075,3.5,2.33333333333333,0,1,0,0,1,FALSE,0.8,FALSE,0.8,FALSE,0,,2,200,2,,3,,2,,0,,0,,4,1,2.25,2.25,10.5966597327836,2.56494935746154,4.26267987704132,13.0422516340145,1.79175946922805,8.61268517287546,2,2.25,FALSE,0.416666666666667,0.1375,"validation"
617,"Qingchuan","Qingchuan/Guanzhuang","Qingchuan/Guanzhuang/Shaba",0,0,49,0,"2",3,30000,0.15,18,0,139945.44,5,12000,3,5,2,0.5,0.6,50,,,2,2,4,2,4,3,4,3,3.66666666666667,0.321970710020053,3.25,2,0,1,0,0,1,FALSE,0.5,FALSE,0.6,FALSE,4,500,2,300,4,,2,,0,,0,,0,,4,1,3,3,10.3089859934221,2.94443897916644,0,11.8490150569638,1.79175946922805,9.39274525863144,2,2.5,FALSE,0.277777777777778,0.4,"development"
618,"Qingchuan","Qingchuan/Guanzhuang","Qingchuan/Guanzhuang/Siba",1,0,62,1,"3",6,50000,0.05,1,0,383.52,1,1500,2,5,2,0.7,0.7,100,3,3,2,1,3,2,5,4,3,3,4,0.604638193976075,3.25,2,0,1,0,0,1,FALSE,0.7,FALSE,0.7,FALSE,2,,3,50,2,,3,,0,,0,,0,,4,1,2.5,2.5,10.8197982842103,0.693147180559945,0,5.95199580319762,0.693147180559945,7.31388683163346,1.66666666666667,2,FALSE,1,0.03,"validation"
619,"Qingchuan","Qingchuan/Guanzhuang","Qingchuan/Guanzhuang/Shufang",1,0,71,1,"1",2,10000,0.15,21,0,33773.72,2,3000,2,5,1,0.7,0.8,100,3,2,3,1,4,3,4,5,3,3,4,0.604638193976075,3.25,2,0,1,0,0,1,FALSE,0.7,FALSE,0.8,FALSE,0,,2,,2,,0,,0,,0,,0,,2,1,2,2,9.21044036697652,3.09104245335832,0,10.4274678726386,1.09861228866811,8.00670084544037,2.33333333333333,2.75,FALSE,0.0952380952380952,0.3,"development"
620,"Qingchuan","Qingchuan/Guanzhuang","Qingchuan/Guanzhuang/Suhe",0,0,63,1,"3",3,40000,0.25,22,35,153020.99,1,1500,3,5,1,0.5,0.5,0,,,3,1,4,2,4,4,3,3,3.66666666666667,0.321970710020053,3,2.33333333333333,0,1,0,0,1,FALSE,0.5,FALSE,0.5,FALSE,2,500,2,,3,,0,,0,,0,,0,,3,1,2.33333333333333,2.33333333333333,10.5966597327836,3.13549421592915,3.58351893845611,11.9383369155372,0.693147180559945,7.31388683163346,2,2.5,FALSE,0.0454545454545455,0.0375,"validation"
621,"Qingchuan","Qingchuan/Guanzhuang","Qingchuan/Guanzhuang/Suhe",0,0,70,1,"1",2,10000,0.1,22,0,146037.39,1,1500,2,5,1,0.5,0.8,100,,,3,1,4,3,5,3,2,3,3.33333333333333,0.0393032260640316,2.75,2,0,1,0,0,1,FALSE,0.5,FALSE,0.8,FALSE,0,,2,,3,,0,,1,,0,,0,,3,1,2,2,9.21044036697652,3.13549421592915,0,11.8916248113319,0.693147180559945,7.31388683163346,2.33333333333333,2.75,FALSE,0.0454545454545455,0.15,"validation"
622,"Qingchuan","Qingchuan/Guanzhuang","Qingchuan/Guanzhuang/Yingtao",0,0,53,0,"3",6,30000,0.1,13,0,4985.76,5,6000,3,5,2,1,1,100,,,2,2,4,1,1,4,5,3,3.33333333333333,0.0393032260640316,3,2.33333333333333,0,1,0,0,1,FALSE,1,FALSE,1,FALSE,1,,1,,1,,0,,2,,0,,0,,4,1,1.25,1.25,10.3089859934221,2.63905732961526,0,8.51454167926275,1.79175946922805,8.69968140098951,1.66666666666667,2.25,FALSE,0.384615384615385,0.2,"development"
623,"Qingchuan","Qingchuan/Guanzhuang","Qingchuan/Guanzhuang/Zhanghe",0,0,68,1,"3",2,10000,0.4,10,0,14828.88,1,1500,2,5,0,0.8,0.8,0,,,3,1,4,1,3,5,4,3,4,0.604638193976075,3,2,0,1,0,0,1,FALSE,0.8,FALSE,0.8,FALSE,3,,0,,0,,0,,2,,0,,0,,2,1,2.5,2.5,9.21044036697652,2.39789527279837,0,9.60439934339324,0.693147180559945,7.31388683163346,1.66666666666667,2.25,FALSE,0.1,0.15,"validation"
624,"Qingchuan","Qingchuan/Guanzhuang","Qingchuan/Guanzhuang/Qunli",0,0,66,1,"1",2,10000,0.3,3,25,3428.56,4,3500,2,4,1,0.5,0.5,100,,,2,2,4,2,1,1,3,3,1.66666666666667,-2.34344588961446,3.5,1.66666666666667,0,1,0,0,1,FALSE,0.5,FALSE,0.5,FALSE,0,,0,,3,,0,,0,,0,,0,,1,1,3,3,9.21044036697652,1.38629436111989,3.25809653802148,8.14018725204803,1.6094379124341,8.16080392095467,2,2.5,TRUE,1.33333333333333,0.35,"validation"
625,"Qingchuan","Qingchuan/Shiba","Qingchuan/Shiba/Dafang",0,0,73,1,"2",2,6000,1,8,1,5007.36,1.5,1350,4,4,1,0.5,1,0,,,2,2,4,4,3,5,4,3,4,-0.364773501922308,3,2,0,1,0,0,1,FALSE,0.5,FALSE,1,FALSE,0,,2,280,2,,0,,0,,0,,0,,2,1,2,2,8.69968140098951,2.19722457733622,0.693147180559945,8.51886379518036,0.916290731874155,7.2086003379602,2.66666666666667,3,FALSE,0.1875,0.225,"development"
626,"Qingchuan","Qingchuan/Shiba","Qingchuan/Shiba/Santai",0,0,60,1,"3",2,20000,0.8,6,7,108179.52,0.5,450,4,3,1,0.5,0.8,20,,,4,4,5,4,2,2,1,3,1.66666666666667,-3.31285758551284,3,2,0,1,0,0,1,FALSE,0.5,FALSE,0.8,FALSE,0,,2,,2,,0,,0,,0,,0,,2,1,2,2,9.90353755128617,1.94591014905531,2.07944154167984,11.5915565922173,0.405465108108164,6.11146733950268,4,4.25,FALSE,0.0833333333333333,0.0225,"development"
627,"Qingchuan","Qingchuan/Shiba","Qingchuan/Shiba/Qinglong",0,0,49,1,"2",2,40000,0.1,6,0,2697.91,0.7,630,4,3,0,0.5,0.8,40,,,4,4,3,4,3,4,1,3,2.66666666666667,-2.46485513364478,2.5,1.66666666666667,0,0,0,0,0,FALSE,0.5,FALSE,0.8,FALSE,0,,0,,3,,0,,3,,0,,0,,2,1,3,3,10.5966597327836,1.94591014905531,0,7.90060326677844,0.53062825106217,6.44730586254121,4,3.75,FALSE,0.116666666666667,0.01575,"validation"
628,"Qingchuan","Qingchuan/Shiba","Qingchuan/Shiba/Magong",0,0,52,1,"2",2,10000,0.7,10,0,3835.2,2,1800,4,4,0,0.3,0.8,50,,,2,2,2,3,5,3,4,3,4,-0.364773501922308,2.75,2,0,1,0,0,1,FALSE,0.3,FALSE,0.8,FALSE,0,,2,140,3,,0,,0,,0,,0,,2,1,2.5,2.5,9.21044036697652,2.39789527279837,0,8.25223757228759,1.09861228866811,7.49609734517596,2.33333333333333,2.25,FALSE,0.2,0.18,"development"
629,"Qingchuan","Qingchuan/Shiba","Qingchuan/Shiba/Zhongxin",0,0,63,0,"1",1,6000,1,3,7,5484.56,2,1800,2,4,0,0.5,0.8,15,,,3,2,2,4,4,5,3,3,4,-0.364773501922308,2.75,2,0,1,0,0,1,FALSE,0.5,FALSE,0.8,FALSE,0,,2,300,0,,0,,0,,0,,0,,1,1,2,2,8.69968140098951,1.38629436111989,2.07944154167984,8.60987446412499,1.09861228866811,7.49609734517596,3,2.75,FALSE,0.666666666666667,0.3,"validation"
630,"Qingchuan","Qingchuan/Shiba","Qingchuan/Shiba/Sanjiang",0,0,60,1,"3",5,20000,0.5,12,0,7541.94,2,1800,4,4,0,0.5,1,0,,,2,2,3,2,3,4,4,3,3.66666666666667,-0.64744098587833,2.75,2,0,1,0,0,1,FALSE,0.5,FALSE,1,FALSE,0,,2,300,2,,0,,0,,0,,0,,2,1,2,2,9.90353755128617,2.56494935746154,0,8.92836730542719,1.09861228866811,7.49609734517596,2,2.25,FALSE,0.166666666666667,0.09,"validation"
631,"Qingchuan","Qingchuan/Zhuyuan","Qingchuan/Zhuyuan/Baisha",0,0,49,1,"4",3,30000,0.05,1.5,2,4453.68,1.5,1600,1,4,0,1,1,20,,,2,2,2,2,3,4,4,3,3.66666666666667,-0.64744098587833,2.75,2,0,1,0,0,1,FALSE,1,FALSE,1,FALSE,0,,0,,0,,0,,0,,0,,0,,0,0,,0,10.3089859934221,0.916290731874155,1.09861228866811,8.40171050791989,0.916290731874155,7.37838371299671,2,2,FALSE,1,0.0533333333333333,"development"
632,"Qingchuan","Qingchuan/Zhuyuan","Qingchuan/Zhuyuan/Jinzishan",1,0,64,1,"3",1,30000,0.05,7.2,0,17045.452,0.5,450,1,5,0,1,1,40,1,1,2,2,2,1,2,5,,2,3.5,0.180636968042042,3.25,4,0,1,0,0,1,FALSE,1,FALSE,1,FALSE,0,,0,,0,,0,,0,,0,,0,,0,0,,0,10.3089859934221,2.10413415427021,0,9.74369736721549,0.405465108108164,6.11146733950268,1.66666666666667,1.75,FALSE,0.0694444444444444,0.015,"validation"
633,"Qingchuan","Qingchuan/Zhuyuan","Qingchuan/Zhuyuan/Huangsha",1,0,45,0,"4",6,25000,1,3.5,35,4531.52,2,2000,1,5,2,0.5,0.5,150,1,1,2,2,1,1,5,4,4,3,4.33333333333333,0.887305677932096,3.5,3.66666666666667,0,1,0,0,1,FALSE,0.5,FALSE,0.5,FALSE,1,,2,,0,,0,,0,,0,,0,,2,1,1.5,1.5,10.1266711030504,1.50407739677627,3.58351893845611,8.41903335519511,1.09861228866811,7.60140233458373,1.66666666666667,1.5,FALSE,0.571428571428571,0.08,"validation"
634,"Qingchuan","Qingchuan/Zhuyuan","Qingchuan/Zhuyuan/Huangsha",0,0,70,1,"1",2,15000,1,4,26,6168.46,2,2000,3,5,1,0.8,0.8,100,,,2,2,4,1,3,4,,2,3.5,0.180636968042042,3.25,2.33333333333333,0,1,0,0,1,FALSE,0.8,FALSE,0.8,FALSE,0,,2,,0,,0,,0,,0,,0,,1,1,2,2,9.61587214452889,1.6094379124341,3.29583686600433,8.72736659280999,1.09861228866811,7.60140233458373,1.66666666666667,2.25,FALSE,0.5,0.133333333333333,"validation"
635,"Qingchuan","Qingchuan/Zhuyuan","Qingchuan/Zhuyuan/Zhuyuanba",0,0,51,0,"4",3,30000,0.02,3,0,1150.56,2,1200,3,5,2,1,1,40,,,3,2,2,2,3,3,,2,3,-0.24336425789199,3.5,2.33333333333333,0,1,0,0,1,FALSE,1,FALSE,1,FALSE,0,,2,,4,,0,,1,,0,,0,,3,1,2.33333333333333,2.33333333333333,10.3089859934221,1.38629436111989,0,7.04887282385203,1.09861228866811,7.09090982207998,2.33333333333333,2.25,FALSE,0.666666666666667,0.04,"validation"
636,"Qingchuan","Qingchuan/Zhuyuan","Qingchuan/Zhuyuan/Yinsha",1,0,56,1,"4",5,25000,0.1,3.6,15,3041.442,1.5,1100,4,5,0,1,1,50,2,3,2,2,3,2,3,,,1,3,-0.24336425789199,3,2.33333333333333,0,1,0,0,1,FALSE,1,FALSE,1,FALSE,0,,0,,0,,0,,0,,0,,0,,0,0,,0,10.1266711030504,1.52605630349505,2.77258872223978,8.02041576140964,0.916290731874155,7.00397413672268,2,2.25,FALSE,0.416666666666667,0.044,"development"
637,"Qingchuan","Qingchuan/Zhuyuan","Qingchuan/Zhuyuan/Yinsha",0,0,37,0,"4",3,30000,0.1,3,12,2978.925,0.5,350,4,4,1,0.5,1,100,,,4,3,2,2,1,,,1,1,-2.9087808575265,2.75,2,0,1,0,0,1,FALSE,0.5,FALSE,1,FALSE,2,,0,,0,,0,,0,,0,,0,,1,1,2,2,10.3089859934221,1.38629436111989,2.56494935746154,7.9996534113975,0.405465108108164,5.86078622346587,3,2.75,FALSE,0.166666666666667,0.0116666666666667,"development"
638,"Qingchuan","Qingchuan/Zhuyuan","Qingchuan/Zhuyuan/Qingjiang",0,0,43,1,"3",4,20000,1,14,16,12104.93,2,1600,3,5,2,1,1,200,,,2,1,2,2,5,4,,2,4.5,1.02863941991011,3.25,2.33333333333333,0,1,0,0,1,FALSE,1,FALSE,1,FALSE,1,,1,,0,,0,,0,,0,,0,,2,1,1,1,9.90353755128617,2.70805020110221,2.83321334405622,9.40145069417818,1.09861228866811,7.37838371299671,1.66666666666667,1.75,FALSE,0.142857142857143,0.08,"development"
639,"Qingchuan","Qingchuan/Zhuyuan","Qingchuan/Zhuyuan/Qingjiang",0,0,49,1,"4",4,30000,0.1,6,6,3337.79,1.5,1600,2,5,2,1,1,80,,,2,2,4,1,4,3,,2,3.5,0.180636968042042,3,2.33333333333333,0,1,0,0,1,FALSE,1,FALSE,1,FALSE,0,,0,,0,,0,,0,,0,,0,,0,0,,0,10.3089859934221,1.94591014905531,1.94591014905531,8.11336374488404,0.916290731874155,7.37838371299671,1.66666666666667,2.25,FALSE,0.25,0.0533333333333333,"development"
640,"Qingchuan","Qingchuan/Zhuyuan","Qingchuan/Zhuyuan/Hekou",0,0,52,1,"1",2,5000,1,2,0,767.04,2,3000,3,5,0,0.8,0.8,50,,,2,1,3,2,2,4,5,3,3.66666666666667,0.321970710020053,3,2,0,1,0,0,1,FALSE,0.8,FALSE,0.8,FALSE,0,,2,,2,,0,,0,,0,,0,,2,1,2,2,8.5173931714189,1.09861228866811,0,6.64384181512472,1.09861228866811,8.00670084544037,1.66666666666667,2,FALSE,1,0.6,"development"
641,"Qingchuan","Qingchuan/Zhuyuan","Qingchuan/Zhuyuan/Hengbai",0,0,72,1,"1",8,60000,0.03,1.3,0,470.628,0.4,600,2,5,1,0.5,0.5,50,,,3,1,3,2,4,5,3,3,4,0.604638193976075,2.75,2,0,1,0,0,1,FALSE,0.5,FALSE,0.5,FALSE,0,,2,,0,,0,,0,,0,,0,,1,1,2,2,11.002116507732,0.832909122935104,0,6.1561905392502,0.336472236621213,6.39859493453521,2,2.25,FALSE,0.307692307692308,0.01,"development"
642,"Qingchuan","Qingchuan/Zhuyuan","Qingchuan/Zhuyuan/Fangshi",0,0,52,0,"2",4,50000,0,3,0,1150.56,0.7,1000,3,5,1,0.7,0.7,0,,,2,2,4,1,4,1,3,3,2.66666666666667,-0.526031741848012,2.5,2.33333333333333,0,1,0,0,1,FALSE,0.7,FALSE,0.7,FALSE,0,,0,,0,,0,,0,,0,,0,,0,0,,0,10.8197982842103,1.38629436111989,0,7.04887282385203,0.53062825106217,6.90875477931522,1.66666666666667,2.25,FALSE,0.233333333333333,0.02,"validation"
643,"Qingchuan","Qingchuan/Zhuyuan","Qingchuan/Zhuyuan/Fangshi",0,0,71,1,"2",2,20000,0.1,4,0,1883.35,1.5,2300,2,5,0,0.8,0.8,50,,,2,2,3,1,3,3,4,3,3.33333333333333,0.0393032260640316,3.5,2.33333333333333,0,1,0,0,1,FALSE,0.8,FALSE,0.8,FALSE,2,,0,,4,,3,,0,,0,,0,,3,1,3,3,9.90353755128617,1.6094379124341,0,7.5413382128292,0.916290731874155,7.74109909003537,1.66666666666667,2,FALSE,0.375,0.115,"validation"
644,"Qingchuan","Qingchuan/Zhuyuan","Qingchuan/Zhuyuan/Malu",0,0,50,1,"3",4,30000,0.05,0.5,0,191.76,0,0,3,4,1,0.6,0.6,50,,,2,2,4,1,4,3,2,3,3,-1.21277595379037,2.75,1.66666666666667,0,1,0,0,1,FALSE,0.6,FALSE,0.6,FALSE,0,,0,,0,,0,,0,,0,,0,,0,0,,0,10.3089859934221,0.405465108108164,0,5.26144589177213,0,0,1.66666666666667,2.25,FALSE,0,0,"development"
645,"Qingchuan","Qingchuan/Zhuyuan","Qingchuan/Zhuyuan/Caixi",0,0,69,1,"3",2,10000,0.3,2.8,0,2053.756,0,0,3,4,1,0.8,0.8,50,,,2,2,4,1,4,3,4,3,3.66666666666667,-0.64744098587833,2.5,2.33333333333333,0,1,0,0,1,FALSE,0.8,FALSE,0.8,FALSE,0,,0,,3,,0,,0,,0,,0,,1,1,3,3,9.21044036697652,1.33500106673234,0,7.62791238508761,0,0,1.66666666666667,2.25,FALSE,0,0,"validation"
646,"Qingchuan","Qingchuan/Zhuyuan","Qingchuan/Zhuyuan/Caixi",0,0,49,1,"3",5,10000,0,1,0,383.52,0.6,700,1,4,2,0.4,0.5,50,,,3,2,4,2,5,4,1,3,3.33333333333333,-0.930108469834351,2.75,1.66666666666667,0,1,0,0,1,FALSE,0.4,FALSE,0.5,FALSE,0,,0,,0,,0,,1,,0,,0,,1,1,1,1,9.21044036697652,0.693147180559945,0,5.95199580319762,0.470003629245736,6.55250788703459,2.33333333333333,2.75,FALSE,0.6,0.07,"validation"
647,"Qingchuan","Qingchuan/Zhuyuan","Qingchuan/Zhuyuan/Taoyuan",0,0,63,1,"3",7,30000,0.5,15,31,638851.34,1,1500,2,4,0,0.5,0.6,50,,,2,1,3,2,3,4,5,3,4,-0.364773501922308,3.5,2,0,1,0,0,1,FALSE,0.5,FALSE,0.6,FALSE,0,,0,,0,,0,,4,,0,,0,,1,1,4,4,10.3089859934221,2.77258872223978,3.46573590279973,13.3674286268444,0.693147180559945,7.31388683163346,1.66666666666667,2,FALSE,0.0666666666666667,0.05,"validation"
648,"Qingchuan","Qingchuan/Zhuyuan","Qingchuan/Zhuyuan/Lianghsa",0,0,70,0,"1",5,10000,0,1,0,383.52,0,0,2,4,1,0.5,0.5,50,,,2,2,4,2,4,3,3,3,3.33333333333333,-0.930108469834351,2,1.33333333333333,0,1,0,0,1,FALSE,0.5,FALSE,0.5,FALSE,0,,0,,0,,0,,0,,0,,0,,0,0,,0,9.21044036697652,0.693147180559945,0,5.95199580319762,0,0,2,2.5,FALSE,0,0,"development"
649,"Qingchuan","Qingchuan/Zhuyuan","Qingchuan/Zhuyuan/Longfeng",1,0,58,1,"3",4,70000,0.05,6,0,2301.12,1,1500,2,4,1,0.5,1,0,2,1,3,1,4,2,5,4,3,3,4,-0.364773501922308,3.25,2,0,1,0,0,1,FALSE,0.5,FALSE,1,FALSE,0,,0,,0,,0,,0,,0,,0,,0,0,,0,11.1562648066437,1.94591014905531,0,7.74158571650702,0.693147180559945,7.31388683163346,2,2.5,FALSE,0.166666666666667,0.0214285714285714,"validation"
650,"Qingchuan","Qingchuan/Zhuyuan","Qingchuan/Zhuyuan/Sanlang",1,0,55,1,"3",6,80000,0.03,2,0,1256.99,0.4,600,3,4,3,0.3,0.5,50,2,3,2,1,4,1,3,3,3,3,3,-1.21277595379037,3.5,2,0,1,0,0,1,FALSE,0.3,FALSE,0.5,FALSE,0,,2,,0,,3,,0,,0,,0,,2,1,2.5,2.5,11.2897944135779,1.09861228866811,0,7.1372704881032,0.336472236621213,6.39859493453521,1.33333333333333,2,FALSE,0.2,0.0075,"development"
651,"Qingchuan","Qingchuan/Zhuyuan","Qingchuan/Zhuyuan/Hekou",0,0,48,0,"3",6,50000,0.1,13,11,17074.92,5,8000,4,5,0,1,1,100,,,2,2,2,4,3,4,5,3,4,0.604638193976075,3,2.66666666666667,0,1,0,0,1,FALSE,1,FALSE,1,FALSE,2,,2,,0,,0,,0,,0,,0,,2,1,2,2,10.8197982842103,2.63905732961526,2.484906649788,9.74542456292895,1.79175946922805,8.98732181285012,2.66666666666667,2.5,FALSE,0.384615384615385,0.16,"development"
652,"Qingchuan","Qingchuan/Zhuyuan","Qingchuan/Zhuyuan/Hengbai",1,0,55,1,"4",3,60000,0.11,15.5,14,11849.72,10,5000,2,4,2,0.7,0.9,50,3,1,2,2,2,4,3,3,3,3,3,-1.21277595379037,4,2.66666666666667,0,1,0,0,1,FALSE,0.7,FALSE,0.9,FALSE,1,,2,,4,,0,,0,,0,,0,,3,1,2.33333333333333,2.33333333333333,11.002116507732,2.80336038090653,2.70805020110221,9.38014390421116,2.39789527279837,8.5173931714189,2.66666666666667,2.5,FALSE,0.645161290322581,0.0833333333333333,"development"
653,"Qingchuan","Qingchuan/Zhuyuan","Qingchuan/Zhuyuan/Fangshi",0,0,58,1,"3",4,20000,0.05,4,0,2513.98,0,0,4,5,1,1,1,100,,,2,2,2,1,3,4,4,3,3.66666666666667,0.321970710020053,3.25,2.33333333333333,0,1,0,0,1,FALSE,1,FALSE,1,FALSE,2,,0,,0,,0,,0,,0,,0,,1,1,2,2,9.90353755128617,1.6094379124341,0,7.83002013021594,0,0,1.66666666666667,1.75,FALSE,0,0,"validation"
654,"Qingchuan","Qingchuan/Zhuyuan","Qingchuan/Zhuyuan/Malu",0,0,55,1,"2",3,20000,0.1,3,13,2580.095,1,700,1,5,1,0.6,0.6,100,,,2,2,2,3,4,3,4,3,3.66666666666667,0.321970710020053,3.5,2.33333333333333,0,1,0,0,1,FALSE,0.6,FALSE,0.6,FALSE,2,,2,,0,,0,,0,,0,,0,,2,1,2,2,9.90353755128617,1.38629436111989,2.63905732961526,7.85596900648021,0.693147180559945,6.55250788703459,2.33333333333333,2.25,FALSE,0.333333333333333,0.035,"development"
655,"Qingchuan","Qingchuan/Zhuyuan","Qingchuan/Zhuyuan/Caixi",1,0,63,0,"1",5,30000,0.1,3,13,266840.51,0,0,2,5,1,0.5,0,0,1,1,2,2,2,2,5,3,5,3,4.33333333333333,0.887305677932096,3.75,2.33333333333333,0,1,0,0,1,FALSE,0.5,FALSE,0,FALSE,2,,3,,0,,0,,0,,0,,0,,2,1,2.5,2.5,10.3089859934221,1.38629436111989,2.63905732961526,12.4944101656292,0,0,2,2,FALSE,0,0,"validation"
656,"Qingchuan","Qingchuan/Zhuyuan","Qingchuan/Zhuyuan/Taoyuan",0,0,55,1,"2",8,50000,0.08,12,88,1275484.38,2,1500,4,5,2,0.5,0.6,100,,,1,1,1,4,5,4,4,3,4.33333333333333,0.887305677932096,4,2.66666666666667,0,1,0,0,1,FALSE,0.5,FALSE,0.6,FALSE,1,,1,,0,,0,,0,,1,,0,,3,1,1,1,10.8197982842103,2.56494935746154,4.48863636973214,14.0588373543266,1.09861228866811,7.31388683163346,2,1.75,FALSE,0.166666666666667,0.03,"validation"
658,"Qingchuan","Qingchuan/Zhuyuan","Qingchuan/Zhuyuan/Longfeng",0,0,71,1,"2",6,50000,0.04,5,0,3387.45,1,700,2,5,0,0.5,0.8,100,,,2,2,2,2,4,4,3,3,3.66666666666667,0.321970710020053,3.25,2.33333333333333,,,,,,FALSE,0.5,FALSE,0.8,FALSE,0,,3,,0,,0,,0,,0,,0,,1,1,3,3,10.8197982842103,1.79175946922805,0,8.12812786867565,0.693147180559945,6.55250788703459,2,2,FALSE,0.2,0.014,"validation"
659,"Qingchuan","Qingchuan/Zhuyuan","Qingchuan/Zhuyuan/Sanlang",0,0,63,1,"4",6,30000,0.03,9,0,5620.07,3,2300,4,5,2,0.8,0,0,,,2,2,2,2,4,3,4,3,3.66666666666667,0.321970710020053,3.25,2.33333333333333,0,1,0,0,1,FALSE,0.8,FALSE,0,FALSE,1,,0,,0,,0,,0,,0,,0,,1,1,1,1,10.3089859934221,2.30258509299405,0,8.63427731622466,1.38629436111989,7.74109909003537,2,2,FALSE,0.333333333333333,0.0766666666666667,"development"
660,"Qingchuan","Qingchuan/Zhuyuan","Qingchuan/Zhuyuan/Hekou",0,0,73,1,"2",5,70000,0.1,2,0,767.04,2,2000,2,4,1,0.5,0.5,0,,,2,2,2,3,4,4,2,3,3.33333333333333,-0.930108469834351,3.5,2,1,1,0,0,2,FALSE,0.5,FALSE,0.5,FALSE,0,,2,,3,,0,,0,,0,,0,,2,1,2.5,2.5,11.1562648066437,1.09861228866811,0,6.64384181512472,1.09861228866811,7.60140233458373,2.33333333333333,2.25,FALSE,1,0.0285714285714286,"development"
661,"Qingchuan","Qingchuan/Zhuyuan","Qingchuan/Zhuyuan/Hengbai",0,0,77,1,"2",6,60000,0.1,3.5,0,1295.74,0.2,200,3,4,1,0.5,0.8,60,,,2,2,2,3,5,3,3,3,3.66666666666667,-0.64744098587833,3,2.33333333333333,0,0,0,0,0,FALSE,0.5,FALSE,0.8,FALSE,2,,0,,3,,0,,0,,0,,0,,2,1,2.5,2.5,11.002116507732,1.50407739677627,0,7.16760870161512,0.182321556793955,5.30330490805908,2.33333333333333,2.25,FALSE,0.0571428571428571,0.00333333333333333,"development"
662,"Qingchuan","Qingchuan/Zhuyuan","Qingchuan/Zhuyuan/Fangshi",0,0,75,1,"1",6,80000,0.1,4.4,0,1650.224,1.4,1400,2,4,1,0.5,0.8,60,,,2,2,2,2,5,4,3,3,4,-0.364773501922308,3.5,2.66666666666667,0,1,0,0,1,FALSE,0.5,FALSE,0.8,FALSE,0,,0,,3,,0,,0,,0,,0,,1,1,3,3,11.2897944135779,1.68639895357023,0,7.40927211006533,0.8754687373539,7.24494154633701,2,2,FALSE,0.318181818181818,0.0175,"validation"
663,"Qingchuan","Qingchuan/Zhuyuan","Qingchuan/Zhuyuan/Malu",0,0,66,1,"2",5,40000,0.3,6,2,6669.47,0.5,500,2,4,1,0.5,0.8,70,,,2,2,2,3,5,3,4,3,4,-0.364773501922308,3,2.33333333333333,0,1,0,0,1,FALSE,0.5,FALSE,0.8,FALSE,0,,2,,3,,0,,0,,0,,0,,2,1,2.5,2.5,10.5966597327836,1.94591014905531,1.09861228866811,8.80544560119476,0.405465108108164,6.21660610108486,2.33333333333333,2.25,FALSE,0.0833333333333333,0.0125,"development"
664,"Qingchuan","Qingchuan/Zhuyuan","Qingchuan/Zhuyuan/Caixi",0,0,55,1,"4",6,60000,0,5,0,2897.5,0,0,2,4,1,0.7,0.9,60,,,2,2,2,3,5,3,4,3,4,-0.364773501922308,3.25,2.33333333333333,0,0,0,0,0,FALSE,0.7,FALSE,0.9,FALSE,0,,0,,3,,0,,0,,0,,0,,1,1,3,3,11.002116507732,1.79175946922805,0,7.97194864077979,0,0,2.33333333333333,2.25,FALSE,0,0,"validation"
665,"Qingchuan","Qingchuan/Zhuyuan","Qingchuan/Zhuyuan/Longfeng",0,0,44,1,"5",8,60000,0.15,11.5,2,8242.3,5,5000,2,5,2,0.6,0.9,80,,,2,2,2,2,5,3,4,3,4,0.604638193976075,3.5,2.66666666666667,0,1,0,0,1,FALSE,0.6,FALSE,0.9,FALSE,0,,2,,3,,0,,0,,0,,0,,2,1,2.5,2.5,11.002116507732,2.52572864430826,1.09861228866811,9.01715602816752,1.79175946922805,8.5173931714189,2,2,FALSE,0.434782608695652,0.0833333333333333,"validation"
666,"Qingchuan","Qingchuan/Zhuyuan","Qingchuan/Zhuyuan/Sanlang",0,0,56,1,"2",2,40000,0.1,2,0,767.04,0,0,2,3,1,0.5,0.8,0,,,2,2,2,3,5,2,4,3,3.66666666666667,-1.61685268177671,2.25,2,0,1,0,0,1,FALSE,0.5,FALSE,0.8,FALSE,0,,0,,0,,0,,0,,0,,0,,0,0,,0,10.5966597327836,1.09861228866811,0,6.64384181512472,0,0,2.33333333333333,2.25,FALSE,0,0,"development"
667,"Qingchuan","Qingchuan/Zhuyuan","Qingchuan/Zhuyuan/Huangsha",0,0,56,1,"2",4,10000,1,2,1,2706.24,0.6,450,3,4,0,0.5,0.8,10,,,3,2,3,3,3,4,3,3,3.33333333333333,-0.930108469834351,2,2,0,1,0,0,1,FALSE,0.5,FALSE,0.8,FALSE,0,,2,,0,,0,,0,,0,,0,,1,1,2,2,9.21044036697652,1.09861228866811,0.693147180559945,7.90368494471646,0.470003629245736,6.11146733950268,2.66666666666667,2.75,FALSE,0.3,0.045,"validation"
668,"Qingchuan","Qingchuan/Zhuyuan","Qingchuan/Zhuyuan/Jinzishan",1,0,56,1,"2",7,80000,0.5,6,7,7615.02,1.5,1350,2,5,0,0.5,0.8,30,3,2,4,4,2,4,3,4,4,3,3.66666666666667,0.321970710020053,3.5,2.33333333333333,1,1,0,0,2,FALSE,0.5,FALSE,0.8,FALSE,0,,2,,2,,0,,0,,0,,0,,2,1,2,2,11.2897944135779,1.94591014905531,2.07944154167984,8.93800920251817,0.916290731874155,7.2086003379602,4,3.5,FALSE,0.25,0.016875,"validation"
669,"Qingchuan","Qingchuan/Zhuyuan","Qingchuan/Zhuyuan/Baisha",0,0,48,1,"2",4,30000,0.1,5,0,1917.6,5,4500,4,4,0,0.5,1,0,,,2,2,2,2,4,3,1,3,2.66666666666667,-1.49544343774639,3.25,2,0,1,0,0,1,FALSE,0.5,FALSE,1,FALSE,0,,2,70,0,,4,,0,,0,,0,,2,1,3,3,10.3089859934221,1.79175946922805,0,7.55935103238385,1.79175946922805,8.41205487329293,2,2,FALSE,1,0.15,"development"
670,"Qingchuan","Qingchuan/Zhuyuan","Qingchuan/Zhuyuan/Zhuyuanba",0,0,35,0,"5",6,1e+05,0.02,5,0,2897.5,0.5,450,4,3,0,0.5,0.8,25,,,4,4,2,4,4,4,3,3,3.66666666666667,-1.61685268177671,2.75,2,0,1,0,0,1,FALSE,0.5,FALSE,0.8,FALSE,0,,2,,0,,0,,0,,0,,0,,1,1,2,2,11.5129354649202,1.79175946922805,0,7.97194864077979,0.405465108108164,6.11146733950268,4,3.5,FALSE,0.1,0.0045,"validation"
671,"Qingchuan","Qingchuan/Zhuyuan","Qingchuan/Zhuyuan/Jinzishan",0,0,71,1,"1",2,30000,0.8,6,36,16669.92,2,1800,2,4,0,0.5,1,0,,,3,3,3,3,3,3,3,3,3,-1.21277595379037,3.25,2.33333333333333,0,1,0,0,1,FALSE,0.5,FALSE,1,FALSE,0,,0,,2,,0,,2,,0,,0,,2,1,2,2,10.3089859934221,1.94591014905531,3.61091791264422,9.72142116318419,1.09861228866811,7.49609734517596,3,3,FALSE,0.333333333333333,0.06,"validation"
672,"Qingchuan","Qingchuan/Zhuyuan","Qingchuan/Zhuyuan/Zhuyuanba",0,0,40,0,"3",4,60000,0.05,4,35,13963.68,1,900,4,4,0,0.5,0.7,30,,,4,4,2,4,3,4,1,3,2.66666666666667,-1.49544343774639,3,2,0,1,0,0,1,FALSE,0.5,FALSE,0.7,FALSE,0,,0,,2,,0,,0,,0,,0,,1,1,2,2,11.002116507732,1.6094379124341,3.58351893845611,9.54428656368781,0.693147180559945,6.80350525760834,4,3.5,FALSE,0.25,0.015,"validation"
673,"Qingchuan","Qingchuan/Zhuyuan","Qingchuan/Zhuyuan/Yinsha",0,0,59,1,"3",6,30000,0.1,1,0,383.52,0.2,180,2,4,0,0.5,0,0,,,2,1,2,3,4,3,4,3,3.66666666666667,-0.64744098587833,3,2.33333333333333,0,1,0,0,1,FALSE,0.5,FALSE,0,FALSE,0,,2,,2,,0,,0,,0,,0,,2,1,2,2,10.3089859934221,0.693147180559945,0,5.95199580319762,0.182321556793955,5.19849703126583,2,2,FALSE,0.2,0.006,"development"
674,"Qingchuan","Qingchuan/Zhuyuan","Qingchuan/Zhuyuan/Qingjiang",0,0,57,1,"2",3,10000,0.8,4,0,1534.08,2,1800,3,4,0,0.5,0.8,30,,,4,4,2,3,4,4,3,3,3.66666666666667,-0.64744098587833,2.75,1.66666666666667,0,1,0,0,1,FALSE,0.5,FALSE,0.8,FALSE,0,,2,70,2,,0,,0,,0,,0,,2,1,2,2,9.21044036697652,1.6094379124341,0,7.33633777592708,1.09861228866811,7.49609734517596,3.66666666666667,3.25,FALSE,0.5,0.18,"development"
