"ID","repetition","fold","application","propensity","mu0","mu1","score","weight"
1,1,1,0,0.631369828060043,2.45712973727476,2.20383936272812,2.79528375064589,2.71274593378341
3,1,1,1,0.717418841635946,2.07022312197606,1.99381704882194,0.39684088497871,1.39388588919644
4,1,1,1,0.513497842527764,2.11333190848422,2.20563983870692,-0.957303435984957,1.94742785106431
5,1,1,1,0.66906723131816,2.29407166038195,2.04165475463096,0.183531179955916,1.49461810890044
6,1,1,1,0.489753183531445,2.05202136115001,2.00257932900433,-0.0547086217076517,2.04184481821912
7,1,5,1,0.601176820436812,2.17573966552869,2.03579841269841,0.909447600036453,1.66340412006139
8,1,1,1,0.656798629148629,2.19743642572599,1.96607368569989,-1.19473313132356,1.52253667352541
9,1,1,1,0.429590397586909,2.2207714335473,2.12050291887621,0.395157862763395,2.32779877207961
10,1,1,1,0.514492135642136,2.07943124441634,2.25410566748067,-1.61499789719013,1.94366430645612
11,1,1,0,0.707444867570796,2.08855023837818,2.03418575504847,3.66647346382748,3.41815914045532
12,1,1,1,0.867143143260249,2.47424763030508,2.1806208994709,-1.6551330849432,1.15321214008594
13,1,1,1,0.405287948871816,2.27097887595951,2.01769217623037,-2.76432158014756,2.46738153153495
14,1,1,0,0.6409139716149,2.26814121899055,2.11480027461645,-0.334891072169287,2.78484797778753
15,1,5,1,0.506659779669701,2.17452785940086,2.05878038720539,0.426140708285184,1.97371103870119
18,1,1,1,0.576259285159285,2.22783146145542,2.27144814814815,-0.427435416308296,1.73532995606932
19,1,1,0,0.755253185381446,2.27664419813902,2.03532033429533,0.889004220589945,4.08585501534937
20,1,1,1,0.459624414474414,2.27245019658502,2.13497386039886,-1.1563673676117,2.17568947276987
21,1,1,0,0.599151117401117,2.13846536872141,2.08848195935471,-0.53612163519511,2.49470571931385
22,1,1,1,0.459803820907581,2.37145378551265,2.14359204515062,0.184795309351457,2.1748405614076
23,1,5,1,0.669776082087847,2.62740252525252,1.90988227513228,-1.08064998104084,1.49303629488048
24,1,1,0,0.323504284604285,2.31948478698488,2.04065740104122,0.193436931056484,1.47820596234678
25,1,1,0,0.334660032564764,2.07197562392572,1.91556949912832,-0.549224416497355,1.50299102555768
26,1,1,1,0.384999567099567,2.00469922747271,1.95801273541274,0.0623714606634055,2.59740551796876
27,1,1,1,0.582500279292826,2.46127514291342,2.21277640893499,-0.041534156133587,1.71673737429625
29,1,1,1,0.544343892445131,2.09943382304828,2.10342108829729,-0.186004924858491,1.8370739781944
30,1,5,1,0.500420657892832,2.14422552887021,1.95597824027824,-0.100277779285287,1.99831878286319
31,1,5,1,0.570693018838971,1.89420835030607,1.97310245876128,-0.458059703802794,1.75225553316636
32,1,5,1,0.399867563830694,2.02248343134893,2.01225247715248,-0.874481625531553,2.5008280002011
33,1,5,0,0.570837476762172,1.99670243836491,1.89348169238169,2.2192151248036,2.33011958373129
34,1,5,1,0.63835246536877,2.07949089354631,2.1659873977874,-1.74006086185888,1.56653268257108
35,1,5,0,0.441300693822889,1.99616854540602,1.92401666666667,1.71086187193502,1.78987156229436
36,1,5,1,0.554892087721388,1.95688890452237,1.99225177404295,-1.75282585401581,1.80215220603776
40,1,5,0,0.679848193473193,2.28480080309765,2.13285179760613,1.77880423040887,3.12351821733753
41,1,5,0,0.550897110914569,2.05706913201747,1.88185079365079,0.694075702795773,2.22666124913255
42,1,5,1,0.580128188005847,2.29401024136894,1.94685108176424,0.893627962594529,1.72375695695366
43,1,5,0,0.585189327150117,2.13968039345115,2.11852261349761,-2.89874270726845,2.41073835716347
44,1,5,0,0.695169061494062,2.44254446474789,2.14531326700094,-2.12596793288399,3.28050690950623
45,1,5,0,0.517059657484026,2.05918665701652,1.83554110704111,-0.791307126742005,2.07064912984966
46,1,5,1,0.479396958510089,2.30403001788871,2.13230145502645,0.247614686480964,2.08595399334173
47,1,5,1,0.712982252319301,2.2163338724679,1.92208486958136,0.750071237432506,1.40255945606927
48,1,5,0,0.462637936956479,2.27888996904866,2.15342804232804,-0.226777907190684,1.86094268422334
49,1,5,1,0.646662063316677,2.09042350982351,2.09052548736666,0.891048287807625,1.54640276077289
50,1,5,1,0.643121423923863,2.03587766453819,2.09781565090683,1.98306459864703,1.55491632341949
52,1,5,1,0.641010567210567,2.32591589336589,1.95833198593632,-0.302580276920013,1.56003668449901
53,1,5,1,0.688538938838939,2.34929315684316,1.94676367880486,-1.7775623562098,1.45235068576698
54,1,5,1,0.606863674658675,2.29181896621896,2.03888881107999,0.232260398437912,1.64781653896559
55,1,5,1,0.542458577702491,2.45934706837635,1.90589275539275,2.07797348005879,1.84345872865604
56,1,5,1,0.490774844123501,2.49423575056835,1.84142601102601,-1.00889837458934,2.03759424912243
59,1,5,1,0.65508353676337,2.13679414343179,2.06054538239538,0.84900924081478,1.52652286903864
60,1,5,1,0.446238328584657,1.97583709146604,2.11606724386724,1.37409866509883,2.2409549694481
61,1,5,1,0.607896729109859,1.99150576548621,2.06296666666667,1.06455721358207,1.64501625377109
62,1,5,1,0.521294273031933,1.97585764128659,2.22785550745551,-0.185097876568216,1.91830229437173
63,1,5,1,0.516392692492692,2.01486621755649,2.1755637910383,-0.179283595095214,1.93651074954774
65,1,5,1,0.415142027446866,1.96067025012025,2.00302222222222,0.0350720003756476,2.40881417415149
67,1,5,0,0.695543531734405,2.07739252650156,1.96399450669157,-2.04889357200515,3.28454181215701
68,1,5,0,0.486347438375807,2.05066122437897,2.04383962888963,-1.20608640659018,1.94684125946526
69,1,5,1,0.597980652680653,2.39385296370297,2.34347926332926,1.04752258394195,1.67229490706289
71,1,5,1,0.695379679384942,2.05024321789322,2.02096940271058,0.89927972628294,1.43806330504868
73,1,5,1,0.608245744432925,2.21261406825193,2.05975831564949,-1.34715096792435,1.6440723328567
74,1,5,1,0.631653435143689,2.26750011192511,2.07907962962963,-1.89676174918681,1.58314661863989
75,1,5,1,0.776644794094794,2.13953511581011,2.24888960473078,-0.211113254664572,1.28758990931695
76,1,5,1,0.757063550338551,2.1472588761679,2.11926508418959,-0.185530215619705,1.32089307370935
77,1,5,1,0.709946098346098,2.08946460446495,2.11688450365901,-1.54577630015251,1.40855763885401
78,1,4,1,0.606271594745124,2.40209979401117,2.15453936073128,1.14696414381851,1.64942578320925
80,1,4,0,0.559101523476524,2.49901064057202,1.99622707983479,0.629020396733342,2.2680958389448
81,1,4,0,0.580048036320405,2.29358926611486,2.04101308991961,-1.14095730741542,2.3812247268427
83,1,5,1,0.64712952047952,2.17138616568617,2.26857734487734,0.712352919138288,1.54528570920239
84,1,5,1,0.545589144189144,2.09241111111111,2.14937200577201,1.00510047259085,1.8328810436399
85,1,5,1,0.66570056030714,2.02054345839346,2.17279497354497,-0.107317101502872,1.50217689397561
86,1,5,1,0.703520200000779,2.20149264069264,2.20585211640212,0.659372011616816,1.42142329388537
87,1,5,0,0.665349354179933,2.26149052429052,2.1165491045991,0.636442174085121,2.98819085661551
89,1,5,1,0.669206598713178,2.29378985088985,2.26643878713879,0.570712195483797,1.49430684324229
90,1,4,0,0.469975024975025,2.14421636321195,1.9989685462866,2.0135492532656,1.88670354628644
91,1,4,1,0.811691492951493,2.56860740740741,2.19891961926962,-1.4360859128598,1.23199517142132
92,1,4,0,0.554609388272546,2.24250447990007,1.9839548999067,2.53114658149732,2.24522020372519
95,1,4,1,0.412964730006835,1.9822321166051,2.0374400138793,-2.45696793396961,2.42151430216195
96,1,4,1,0.505789815413345,2.30977535792095,2.18896697269046,-1.81248665411355,1.97710584421866
97,1,4,1,0.437334299034299,2.07496546119458,2.03495935389601,1.40444340001326,2.28658031672373
99,1,4,1,0.765397498717064,2.1962743148198,1.99281143207593,-0.194070942038395,1.30651067148269
100,1,4,1,0.479579614451596,1.97469134358403,2.03339218999182,-0.0109271965397904,2.08515952276977
106,1,4,0,0.582231613426222,2.19571060177052,1.90967799135926,-3.00912695676126,2.39367082847328
108,1,4,1,0.75513547213021,2.33562462283159,2.09711887227104,0.515726854602273,1.32426569391455
110,1,4,1,0.871474712422081,2.13318137376246,1.98146402768069,0.252045724305771,1.14748022604203
114,1,4,1,0.827869344982503,2.37575491497966,2.0858319376106,-1.19888114672025,1.20792007345209
115,1,4,0,0.665670128117497,2.24419329733447,1.94848559650226,-1.55935000402631,2.99105788653979
116,1,4,1,0.632162896460265,2.09820041222394,2.06934900586742,-1.72042332849105,1.58187075767876
117,1,4,0,0.57896532122848,2.10960339921776,2.04974060838724,0.200456381779099,2.37510126937231
118,1,4,1,0.678833805083805,2.01548775287893,1.90182860698078,0.0309585680165266,1.47311461584702
119,1,4,1,0.558588588535647,2.29159838489397,1.94173845970651,-0.245558581606091,1.79022633208731
120,1,4,1,0.74846618206355,2.24848890687263,1.95655854694363,-0.67924496040663,1.3360657087311
121,1,4,1,0.623722652195064,2.10595000164957,2.07463777142286,0.917873907490565,1.60327670717218
122,1,4,0,0.571357110667111,2.20763088355,1.95787405283781,-1.32066176006044,2.33294433405004
123,1,4,1,0.861208685758686,2.38445006267998,2.14420315521691,0.366416169778758,1.16115874878694
124,1,4,1,0.761012360884729,2.44404926739927,2.002963581982,0.431046120580029,1.31403910290949
125,1,4,1,0.694912755957493,2.18501657601064,1.8729747899958,0.830104288965848,1.43902956367831
126,1,4,1,0.459080175380175,2.48176529165167,1.97358978077907,-0.450646955650054,2.17826875048977
127,1,4,0,0.802677289583482,2.46420090824209,1.96518286034952,-1.52508219427088,5.06784038131825
128,1,4,1,0.547331754468442,2.53442381193679,2.01363357917892,0.0633157533179801,1.82704546527029
129,1,5,1,0.623228804528805,2.63383035366194,2.32251887125221,0.240889880739163,1.60454714662307
130,1,5,1,0.530241586275837,2.20981628001628,2.01780026455027,1.03170241573763,1.88593280097761
131,1,5,1,0.622390481497061,2.42785490620491,2.31324116809117,-0.617900946712617,1.60670837637918
132,1,5,1,0.61037451992452,2.43680622895623,2.26240254375254,0.487917741588696,1.63833837645068
133,1,5,1,0.584950055256634,2.42559617604618,2.32979444444444,0.480097388664915,1.70954766310992
135,1,5,1,0.581311871461871,2.40730755170755,2.36272275132275,0.478273806613132,1.720246994931
136,1,5,1,0.634294666444667,2.29493346560847,1.98190052910053,0.766538079600983,1.57655432546071
137,1,5,1,0.515910714096504,2.2588670995671,2.3176488039738,-1.2030299221403,1.93831989271877
138,1,5,1,0.515910714096504,2.2588670995671,2.3176488039738,-1.2030299221403,1.93831989271877
139,1,5,1,0.645508729915309,2.30579829244829,2.34198703703704,-2.04277157747089,1.54916572566137
140,1,5,1,0.538716412375663,2.50115860990861,2.34536587301587,-0.796883049127439,1.85626421810715
141,1,5,1,0.587170435120435,2.4504556998557,2.35351676286676,0.436381348007485,1.70308302357711
142,1,5,1,0.649187892419472,2.51958982683983,2.2545044973545,-2.1975066084452,1.54038609111005
143,1,5,0,0.505376302455714,2.24943936988937,2.26901100936101,0.523872931803142,2.02173896027387
144,1,5,1,0.613843806193806,2.35780755170755,2.35733481888482,-2.21167826294137,1.62907891211054
145,1,5,1,0.701905019736599,2.17000437710438,2.29478455433455,-0.295197663140841,1.42469418494153
146,1,5,0,0.656916561216561,2.23916825396825,1.95050793650794,-1.53470825907565,2.91474284957025
147,1,5,1,0.620668786768787,2.44121892736893,2.30782026862027,-0.629347988217579,1.61116528060968
148,1,5,1,0.490252514236765,2.34644201354201,2.30408174603175,-2.70238078379863,2.03976516378875
150,1,5,1,0.55031153905222,2.25628278388278,2.10527433862434,-2.15946049503358,1.81715252004757
151,1,5,0,0.549556088356089,2.45817534872535,2.39961587301587,-0.521416920447536,2.22003222632195
152,1,5,1,0.594319363969364,2.27500014430014,2.028558994709,-1.97709146500308,1.68259703557555
153,1,5,1,0.630066394716395,2.25395738890739,2.10147126022126,-1.37162419624436,1.58713432169338
154,1,5,1,0.596996675546675,2.34764458874459,2.22457619047619,0.617455786034051,1.67505120373458
155,1,5,1,0.650609607059607,2.32485645095645,2.19418376068376,-1.96615705405392,1.53702003344132
156,1,5,0,0.427882022636861,1.90514391534392,2.01783439153439,1.69478359536788,1.74789123846264
157,1,5,0,0.587469312169312,1.98135340802988,1.98387645502646,0.765343245944703,2.42406208677116
158,1,5,1,0.553531636601729,2.2311938949939,1.99104788359788,-1.42836093313459,1.80658147407663
159,1,5,0,0.605694355644355,2.06431402116402,2.02453783068783,-2.41277285494198,2.53610369091762
160,1,5,1,0.669497496947497,2.09314113748359,2.21474084731536,0.796622128006322,1.49365756341046
161,1,5,1,0.580127439227439,2.23984078884079,2.33374365079365,-0.48139082048026,1.7237591818303
163,1,5,0,0.432322721246378,2.22050599996767,2.13325058460059,-0.873196095745516,1.76156425037052
164,1,5,1,0.590133606095801,2.13772755109625,1.94259109583227,1.03183242662148,1.69453152586206
165,1,5,1,0.537363846163955,2.20027770729544,2.01324231553047,-0.211678500200719,1.86093650910577
166,1,5,0,0.492010799351537,2.20477537727267,1.98728024796841,-3.75147699434327,1.96854578546841
167,1,5,1,0.552754547484467,2.31865590238222,2.02931702045518,0.863703909149045,1.80912125382035
168,1,5,0,0.542084810129908,1.98268634419867,2.09822094757095,-1.37814880700342,2.18381050055075
169,1,5,1,0.629043128903919,2.1013626726215,2.14743377825878,0.87150399656263,1.58971611651248
170,1,5,1,0.469160178945663,1.93787602088794,1.8835582010582,0.904363569724478,2.13146819546212
171,1,5,1,0.53288367754464,2.05518519141677,2.01720412292863,-1.94684817362371,1.87658215505434
172,1,5,1,0.590587561967587,1.93080149308323,2.08104430661931,-0.55139343253065,1.69322902207494
173,1,5,1,0.655495611773051,2.41642833478921,2.20187868872518,-0.522528349657658,1.52556322580879
174,1,5,1,0.658741995944435,2.34157081336326,2.16432200885534,-0.426697010128627,1.5180450102719
175,1,5,1,0.579985044532276,1.99054056791534,1.94115908525026,0.626798449524966,1.724182389576
176,1,5,1,0.54035356916064,2.25754103304103,2.2970664021164,-1.74399772355467,1.85064013096712
177,1,5,1,0.549937980853285,2.27492432915668,2.1044411014911,-0.360397554603048,1.81838686327574
178,1,5,0,0.478123534298739,2.22156177068423,2.01089341018459,2.13004223092889,1.91616228307263
179,1,5,1,0.744514494794511,2.36276438185892,1.967299825991,-0.799262146682196,1.34315719437538
180,1,5,1,0.433753008268675,1.86516689665111,2.0651411014911,0.0497940326007002,2.30545951483195
181,1,5,1,0.387990063886392,2.16296106934002,2.03235476190476,-2.79138259527093,2.57738559071145
182,1,5,1,0.414470638533769,2.40675596174371,1.94599804639805,0.473772183832226,2.41271614205918
183,1,5,0,0.557890581640581,2.70939940789058,2.06656801335919,-0.546174912110166,2.26188350320788
184,1,5,0,0.484729154090479,1.91735780162817,1.95134947089947,-0.126394269556574,1.94072691660804
185,1,5,1,0.57691357135527,2.18379408507428,2.01262311207311,0.962523200732847,1.73336189275428
186,1,5,1,0.562288184960906,2.27700235925957,1.87775613216047,-0.774657752967243,1.77844747008071
187,1,5,1,0.389240440953571,2.13857920561823,1.98199225589226,1.6024142709516,2.56910612255544
188,1,5,1,0.675216462482767,2.30653673178673,2.02246655196655,0.669994406122223,1.48100654466126
189,1,5,0,0.749605314130314,2.27177317146791,2.13924708994709,-0.378378590936549,3.99369498009409
191,1,5,0,0.640558882540462,2.31869314574315,2.24517407407407,-1.04161510748971,2.78209684820649
192,1,5,1,0.601335725385725,2.11595040885041,2.26108629148629,-1.95200592725304,1.662964560036
193,1,5,1,0.722084629422865,2.11363104858105,2.1394537037037,3.06408097033304,1.38487922225856
194,1,5,1,0.62174092019092,2.30619760694006,2.18985511463845,-0.421702986476816,1.60838697844261
196,1,1,0,0.556504965558455,2.11279354117674,1.99270605753488,2.38905795149923,2.2548166773935
197,1,1,1,0.21816807549181,2.22923438581536,1.84227600037819,1.86386283049083,4.58362204344394
198,1,1,1,0.397794328012472,2.23549945272449,1.98136471531613,-2.72115009235167,2.51386188686091
199,1,1,0,0.42736728250403,2.16571921564274,2.06920624011895,0.19288581462464,1.74632005724863
200,1,1,1,0.266055774379687,2.04814345703553,2.14938626373626,-0.460241957479107,3.75861039788185
201,1,1,1,0.39920545212001,2.47854297012091,2.02024986067244,-1.34401045656396,2.50497580804427
202,1,2,1,0.442754292818457,1.85476569598246,1.99354917763721,-2.10523581697823,2.25858905542003
203,1,1,1,0.384535415956746,2.06371916257921,1.95130361536177,-1.71947241736526,2.60054070055405
204,1,2,1,0.388037495959519,1.9534728813192,1.83261749674617,-2.26656940812974,2.57707054192599
205,1,2,0,0.306689276633056,2.05522116667045,1.87655747780484,-0.0990151780185858,1.44235472825759
206,1,1,0,0.351702746866385,2.22344999551125,2.09736077744114,-0.295584518707204,1.54250229376477
207,1,1,0,0.336986255709102,2.1801510989373,1.85283958887085,-0.558350814628472,1.50826435893801
208,1,2,0,0.500453801175866,1.88957815632958,1.80156268964094,0.358212510198415,2.00181685368414
209,1,1,0,0.268625179435162,2.00117256198549,1.80870193455454,-0.19086739752404,1.36728797858765
210,1,2,0,0.42948518177921,2.00806897319189,2.09069221239487,1.26530179251872,1.75280285114873
211,1,2,0,0.230546300971154,1.99842406868172,1.96431264702871,0.397048247127285,1.29962335779545
212,1,1,1,0.313462268396168,2.02185552869797,1.99484941827648,-1.07396705180994,3.19017662035213
213,1,2,0,0.278555855400092,1.99280487134144,1.78146122097685,-0.221316880742042,1.38610869252334
214,1,2,0,0.401595837884024,2.33333574193751,1.81079986554833,0.591542396250976,1.67111137139148
215,1,1,0,0.603444161948588,1.91142681980485,2.04765778404327,-0.0871251730218035,2.52171296963822
216,1,2,0,0.518408459618356,2.23506789486497,1.90666917232946,0.851857117813891,2.076448434305
217,1,2,1,0.466688237866643,1.90426044586207,1.88945517663017,-0.492187152653531,2.14275809600702
218,1,2,1,0.468385276630114,1.93415201749379,1.68510900333441,-1.00008214274172,2.13499452244675
219,1,2,0,0.408550042823311,1.96661983009456,1.92907868644745,1.0331944090009,1.69076011903618
220,1,2,0,0.467326749272919,1.94827443019943,1.96355266776678,-1.3333763747802,1.87732347857722
221,1,2,0,0.454472219960284,2.04149515263656,2.02199293643974,-0.554467054606198,1.83308721679984
222,1,2,0,0.170861456658433,2.1155882745122,1.79488192424902,-0.181298677757255,1.20607105776296
223,1,2,1,0.401809121982383,2.05933141210622,1.69207826041889,-0.430496100545366,2.48874389676958
224,1,2,0,0.305761317204166,2.04215310463671,1.88452472907209,-2.49762123722384,1.44042679381219
225,1,2,0,0.464914412200703,2.14200101684457,1.94971655665567,-4.2875775618052,1.86885990353955
226,1,2,0,0.133435093612769,2.00628238275477,1.74837959781929,-1.01997413013348,1.15398164941743
227,1,2,0,0.442538360278457,1.94245419478851,2.1099281756467,0.0642457026931883,1.79384540342454
228,1,2,0,0.418859556183868,2.14288898702053,2.07605292764879,-0.96812882813291,1.72075444178927
229,1,2,0,0.342345096433948,1.87562139227172,1.92206175007738,-0.649535508229439,1.52055431287386
230,1,1,1,0.271729186254922,2.13618570464623,1.99783816849817,-1.35710326274423,3.68013467298965
231,1,1,0,0.310175961756345,2.14429578991814,2.12782435010195,-2.70658385573986,1.44964504650502
232,1,1,0,0.329677141892198,2.34691103894371,2.09233047491724,-2.7206891579101,1.49181843928583
233,1,1,0,0.323743262141343,2.04334675826255,2.06690841038671,-0.405249713199929,1.47872833499074
234,1,1,1,0.246529895163341,1.9233112490113,1.71918578767568,0.934942123706198,4.05630318926409
235,1,1,1,0.303859682093549,2.22926673104073,1.9304823056573,1.02699537172701,3.29099271449949
236,1,1,0,0.478911580768777,1.94545068184357,1.9776750613994,-1.35183244881723,1.91906011167035
237,1,1,0,0.293562950824264,2.21382383813285,1.98378504583381,0.544491892500968,1.4155542962629
238,1,1,0,0.238667146582602,2.05478482562961,1.82632190230609,-0.156503825034649,1.31348594180758
239,1,1,0,0.252843772957927,1.9416352879886,1.85881036089967,0.285195322719479,1.33840817195476
240,1,1,1,0.247260025788491,2.18614957520939,1.9679364531747,5.30389614655613,4.04432538907608
241,1,5,0,0.506765398296176,2.0728067630451,1.84655318200318,-0.078642762997936,2.0274327805584
242,1,5,1,0.389783895616742,2.3284527973878,2.00319823295613,1.37688972929487,2.56552415645016
244,1,5,0,0.427413275661466,2.24848272026112,1.86044058534058,-1.11838380829524,1.74646033080006
245,1,5,0,0.294037338833645,2.05083132571897,1.92289941724942,-0.0559290554645675,1.41650551085499
246,1,5,0,0.438380799537497,2.21975654781727,1.94240257335257,0.113937042003928,1.78056590511237
247,1,5,0,0.400451020676498,2.06478443663169,1.96871322501028,0.0119840747119816,1.66792044434526
248,1,5,0,0.455596498697209,2.14017034053941,2.36896429033929,-2.57518567647779,1.83687282981637
249,1,5,1,0.249130218316134,1.98309134316493,1.73149645909646,-3.18779613673317,4.01396509327123
250,1,5,1,0.37749984162498,1.88539017294447,2.07631592913259,0.87176684765557,2.64900773387193
251,1,5,1,0.410698490127997,2.07985772327331,2.00659521096188,-1.71257186896068,2.43487625116017
252,1,5,1,0.338781012442172,1.87236903165408,2.0724854959855,-1.98168279686045,2.9517592877809
253,1,5,0,0.332814260341217,2.16794901088581,1.92791931002243,1.51053081244005,1.49883299440936
254,1,5,1,0.387154980240841,2.17255276105149,2.21262712362362,-0.509129792031145,2.58294494720931
255,1,1,1,0.374150028610183,2.12136128869738,2.02226859012119,-0.158610508060027,2.67272463860179
256,1,1,0,0.142356774088402,2.19873520059836,1.88866531468792,-0.467009425183208,1.16598600652047
257,1,4,1,0.528188603137599,1.9539227409767,1.96519677618311,-1.18500971475775,1.89326311484136
258,1,4,1,0.272025773399943,2.30280722659985,2.1005955266348,-0.57201315435482,3.67612225673102
259,1,4,1,0.349002646203581,2.28940041011592,1.87210647835464,-1.00594222403851,2.86530778742771
260,1,4,0,0.332416324908719,2.11530496229716,2.07107840106902,-0.370819884539045,1.49793956519872
261,1,4,1,0.366959449339596,2.09269714631577,2.00509055312295,0.806886737885342,2.72509674243207
262,1,4,0,0.273915774633483,1.84311199193973,1.93587537380912,-0.123310735401333,1.37725068947093
263,1,4,0,0.276992766847088,2.10070819124242,1.85652886637328,-0.104888614313938,1.38311202730182
264,1,4,1,0.371636872584604,2.12334639779867,1.85216006527462,-0.77031172155746,2.69079866334401
265,1,4,0,0.421924526627118,2.12709738299833,2.13520159752359,-2.65516270231079,1.72987792435705
266,1,4,0,0.331423516432476,2.03424103276184,2.03898390621522,-0.442614022762201,1.49571518678611
267,1,1,0,0.392735905583537,2.17764404984993,2.03498286751047,-0.399039395566456,1.64672999637979
268,1,1,0,0.524295164305197,2.01617371152071,2.07109616497324,-3.41465117981795,2.10214386099192
269,1,4,1,0.426636534543888,2.14051503126503,2.21903304473304,-1.99748729711,2.34391553238423
270,1,2,0,0.264272235552571,2.0318799376232,1.88683164163403,-1.91398166863088,1.35919839962959
271,1,2,0,0.403741312811585,2.24869419914563,2.0977319922627,-0.851954035600655,1.67712441174715
272,1,2,1,0.550931911019161,2.03141672771673,2.00596481239603,-1.24634957183583,1.81510633165197
273,1,2,0,0.451854332235487,2.62998071232557,1.85011564276279,-0.238681591451853,1.82433257947339
274,1,2,0,0.590581122983297,2.14041132231139,2.09359267588614,-2.96051432092458,2.44248630470256
275,1,2,1,0.474687728607497,2.05888200399347,1.90182321401139,-1.35466691510832,2.10664809670457
276,1,2,1,0.523056359589199,2.44581216759869,1.84242322439655,0.972432528345336,1.91183986518276
277,1,3,1,0.341165390898532,2.14604532777119,2.11175464460155,-1.33890126152477,2.93112967105569
278,1,3,1,0.335842359040888,2.03581770035965,1.69378420608945,2.55480912961922,2.97758746947776
279,1,3,0,0.349560977487799,2.0933407710569,1.9367443199502,0.499382187355497,1.53742313328263
280,1,3,1,0.325196830064199,1.86678282623299,2.0834148563954,2.01016676466803,3.07506072492338
281,1,3,1,0.298727920786984,1.95998598676437,1.88093113918382,0.319531466355208,3.34752773482154
282,1,3,0,0.215682407627357,2.01629454548568,1.91545073025314,0.344929532476456,1.27499371393021
283,1,3,1,0.27661231610431,1.96115572829757,1.82063418862799,-0.697140001673493,3.61516802318702
284,1,2,1,0.278081024997207,2.06127818810478,1.87387510580632,0.266151395915026,3.59607420179081
285,1,2,0,0.245347046116863,2.0138906103998,1.77545024454588,-0.220033745528216,1.32511241737597
286,1,2,1,0.339584248330811,2.04443947488604,1.82017198796698,-0.676306478877171,2.94477734145617
287,1,2,1,0.51646768971415,1.96946135531135,2.00754036617947,0.668888979511418,1.93622954526637
288,1,2,0,0.560680917264266,1.87229088732267,1.90393256805167,-0.259056168957051,2.27624985869675
289,1,2,1,0.230214090123315,1.94822285964439,1.86143650407983,3.41095855724902,4.34378277830148
290,1,2,0,0.581434314118048,2.06716323859118,1.99968878591536,0.0929859979931436,2.38911127626938
291,1,2,0,0.540796082073673,2.15916584953146,2.13596193035403,-3.30606096434982,2.1776817682998
292,1,2,0,0.42029699075527,2.02891733795776,1.91201508783056,-1.21703338372232,1.72502123337751
293,1,2,1,0.363873818204229,2.07995078233676,2.06292877587435,1.64217373829287,2.74820542169027
294,1,2,1,0.456366281955662,2.04735773300773,2.24403571009482,3.31397873488072,2.19122235699515
295,1,2,0,0.254524819211248,2.19385741767377,2.06243217756094,-0.765663993028304,1.34142628188097
296,1,2,1,0.572634324254372,2.09663409658944,2.12795120207625,-0.192126018085735,1.74631515723774
297,1,2,0,0.343129514332205,2.21083779996692,1.9352827575468,0.0454181243869917,1.52237011986217
298,1,2,0,0.357668233747074,2.1238331234221,1.83201705062479,-0.617971839829302,1.55682787702304
299,1,2,0,0.378041019420513,2.079409555915,2.0392958289377,-0.984319259960377,1.60782307390801
300,1,2,0,0.312515021761995,2.00551171086109,2.00525954441069,0.00776504270406844,1.45457723681899
301,1,2,1,0.499615585265451,2.10111568427941,1.97567211221122,-0.0767503597140271,2.00153884204531
302,1,2,0,0.312464638311776,2.09818990323402,2.12814997175908,-0.312049147585549,1.45447064358192
303,1,3,1,0.188276180265958,2.26800052704855,1.87863197001603,-1.51518969409797,5.31134633487573
304,1,3,0,0.185691914963647,1.96743301362018,1.80644693841885,0.617711437372842,1.22803643777571
305,1,3,0,0.305783269555221,2.09292251214693,2.00164655845591,1.00289125015458,1.44047234263471
306,1,3,0,0.294587765115995,1.94310063517864,2.04375222210252,0.965064297238682,1.41761079628061
307,1,2,0,0.223252341687769,2.05320138778796,1.61579436625348,-0.368914523078089,1.28741939457258
308,1,2,0,0.467150561410486,1.9382088672697,2.0020234640915,1.19898616712036,1.87670273735685
309,1,2,1,0.417120834889928,2.05535641543374,2.07446001311267,-1.757663750744,2.39738683938884
310,1,2,1,0.465363451525394,1.99739064925247,1.70609313401855,-0.37601939707197,2.14885805217867
311,1,2,0,0.520158018909229,2.04574095402708,1.717186588712,1.15611694058923,2.08401940515253
312,1,2,0,0.386590324782319,2.06969409856856,1.64980829889893,0.237142363048653,1.63023186689243
313,1,2,0,0.314914349839453,2.01645057582214,1.79499745631156,0.289116484557914,1.45967150204599
315,1,3,0,0.230089778337576,2.25428777803553,2.07840272920411,-0.278553584816207,1.29885273875278
316,1,2,0,0.605909553638725,2.22527425722426,2.06306669071669,0.409423284491903,2.53748856191066
317,1,2,0,0.295247833699504,1.94830340713051,1.87653889334918,-0.145118801063434,1.41893852593511
318,1,2,1,0.460459468418852,2.26719293927173,1.99275370053636,1.1891270735058,2.17174380936035
319,1,2,0,0.242480067385423,1.97639045830456,1.8835389826702,-1.00408321838154,1.32009727658057
320,1,3,1,0.358470199702566,2.11944857824758,1.91323380938943,-0.894046401522042,2.78963216699668
321,1,3,0,0.548852972269277,2.22518624338625,2.37480649350649,-0.0900955926086076,2.21657228914932
322,1,2,0,0.493823347546174,2.3693284807066,1.93685740932152,-1.01989086745557,1.97559487414568
323,1,3,0,0.593765168162329,2.12679399434988,2.01415970342057,0.199485656482157,2.46163037146848
324,1,2,0,0.235389448477056,1.97734274610878,1.81451155121276,-1.50031895497767,1.30785534937781
325,1,2,0,0.295676486754053,2.08597175453962,1.9187481920573,-1.93823014587057,1.41980209547655
326,1,3,0,0.135173983316456,2.24606068999607,1.80232991589731,0.22622365852952,1.15630193901292
327,1,2,1,0.504672859292868,1.94138529826874,1.97713537962355,0.0810559066145336,1.98148163030041
328,1,2,0,0.484944430121735,2.13676164379931,1.8743227856119,0.00308908053895229,1.94153807566114
329,1,2,0,0.497047995560226,1.92851133478335,2.21869621684329,-0.51470702606737,1.98826128770254
330,1,2,0,0.468578192708534,2.08908558324886,1.96371405098103,0.0422647634704058,1.88174438135456
331,1,2,0,0.333068291229648,2.08271918501814,1.80231119692683,-0.156378520110773,1.49940389225718
332,1,3,0,0.24542996345216,2.25049172654904,1.83849237614238,-0.521785855001113,1.32525802982451
333,1,3,0,0.269683148822633,2.39331927046668,2.31032544351074,-0.457279858778039,1.36926869260632
334,1,2,1,0.366144097519045,2.00621425920169,1.94555200341306,-0.822344169101158,2.73116515267048
335,1,2,1,0.444744879599616,2.03587425689521,1.9192630568663,-0.68456915027453,2.24848007446484
336,1,2,1,0.414195794788843,1.95917895865207,1.94979157345744,-0.692940695858037,2.41431712388533
337,1,3,1,0.324351610274915,2.18221426571976,1.92815026455026,-0.0325459535518541,3.08307394913938
338,1,3,0,0.450826491899913,2.33511809517643,1.88712567078654,0.162230192385268,1.8209181347068
339,1,2,1,0.359394592864865,2.18495908893993,2.24851560099964,-0.627927461081435,2.78245699811073
340,1,3,0,0.31631261426385,2.16722132686534,1.96459112554113,0.0419572085857786,1.46265679441089
341,1,3,1,0.276135347518862,2.20195790089245,2.0276497392838,0.932698227816568,3.62141250290925
342,1,3,1,0.427735857975438,2.20696198621811,1.95648457106501,-0.148743066433873,2.3378914377981
343,1,3,0,0.350951940153318,1.97639918686042,1.78114928358311,-0.23161209985356,1.54071795582629
344,1,3,0,0.281815271217903,2.49619987059987,1.92220683965793,1.04518166139457,1.39239942026588
345,1,3,0,0.167489918893352,2.11762949261543,1.76679480571763,0.190855841761388,1.20118665550657
346,1,3,0,0.269835326114687,2.06578303477182,2.08963874965191,0.570467160735713,1.3695540687813
347,1,3,0,0.171708562660101,2.21852743269063,1.80426926239117,0.654440671016763,1.20730452461461
348,1,3,1,0.200406677840963,2.10989249534208,1.7460142024642,-0.759810886803231,4.98985368538255
349,1,3,1,0.282058653357689,1.99661564068973,1.75493967962498,-1.73642303325257,3.54536188872696
350,1,3,0,0.35591160897649,2.05703255577661,1.77222153078509,0.838791313645974,1.55258193430705
351,1,3,1,0.218252689311186,2.09816897292995,1.6404424603009,-1.864852939968,4.58184503089533
352,1,3,0,0.456655924964788,2.41235528263045,1.88394543397936,0.843996054395628,1.84045441175593
353,1,3,0,0.194200424386404,2.09520945040663,1.69787608466874,-0.279178115613654,1.24100338379866
354,1,3,0,0.246928443800766,2.1197670836901,1.75194066691258,-0.208788297884058,1.32789506092491
355,1,3,1,0.260226936468099,2.23846724507529,2.13903066305675,-1.91463681763285,3.84279972539503
356,1,3,0,0.41552028523029,2.05806262810499,1.95767744967451,-0.00104447140890768,1.71092336437032
357,1,3,1,0.285632340912851,2.15594192122428,1.94369553515223,-2.34912696432955,3.50100411180367
358,1,3,1,0.362440045936811,2.04159744214875,1.86830063204769,1.10976422716279,2.75907701483501
359,1,1,0,0.360347741147741,2.77376174196174,2.11721825396825,-0.489116462116587,1.56334943895035
360,1,1,0,0.25861988091034,2.02619439109725,2.00491917711918,0.463668629501363,1.34883573790446
361,1,1,0,0.262414984302822,2.31376018518073,1.64891845217058,-1.14330384107286,1.35577591561399
362,1,1,0,0.59148443924783,2.36402607670427,2.17812576478782,-0.110767939199907,2.44788717021886
363,1,1,0,0.33126244934311,2.32581062603211,2.06615028706518,0.227542190204749,1.49535494009229
364,1,1,1,0.187298476231371,2.3082286585361,2.03782047472159,1.30735616620986,5.33907173256815
367,1,3,0,0.237834690402398,2.23974970348202,1.9346150524956,-0.427921175999897,1.31205131932332
368,1,3,1,0.162096382253526,2.17809282525136,1.82925580273189,6.87368195657169,6.16916914552696
369,1,3,1,0.188492308591286,2.19365673556726,1.97393438180177,-0.0814375696645925,5.30525625938581
370,1,3,0,0.202333308846616,2.12159380927765,1.95109786324786,-0.853830054667155,1.25365645963485
371,1,3,0,0.336784100895657,2.10651973395263,1.9244004362081,0.481093191401122,1.50780462493507
372,1,1,1,0.298947564447578,2.11964231398231,1.95459556190827,2.21687967731241,3.3450682290986
373,1,1,1,0.294062147503025,1.9889414665206,1.96912497196256,-1.04836881883426,3.40064169595209
374,1,1,1,0.286615196455266,2.19291162037465,2.27817086205668,-2.0482779990255,3.4889985331119
375,1,1,0,0.52347725980017,2.52772637079502,2.14826194227276,-2.76957134219028,2.09853573741444
376,1,4,0,0.281574251146907,2.08262806858911,1.62145663394711,-0.346158757659002,1.39193229306775
377,1,4,0,0.182708974206361,2.06424508962952,1.68189910851659,-0.711590075580397,1.22355436244873
378,1,4,0,0.516366547002227,2.01432288334532,1.81198930406738,1.20573599446828,2.06768161673176
379,1,4,0,0.317186730806858,1.97994567887515,1.85569926844558,-0.641792964373624,1.4645292426459
380,1,4,0,0.297019793962892,2.21999724534731,1.88877444092135,0.930070051901169,1.42251515961918
381,1,3,0,0.609790973140554,2.04083896008737,1.760558267047,1.53286451389734,2.56272902769162
382,1,3,1,0.280531140026648,2.11833755703625,1.95523457432893,-1.19175138029644,3.5646666530675
383,1,3,1,0.299290663292863,2.20080811960619,2.05187255473994,-0.322253884152351,3.34123353197114
384,1,3,1,0.324896881648802,2.06512588646879,1.99508467146888,-2.10684543047055,3.0778996551926
385,1,3,0,0.401056663228744,2.14836846475508,1.8402193000046,1.05263921268666,1.66960702057516
386,1,3,0,0.437853435269714,2.10106480940492,1.7564000129027,1.02104927922096,1.77889551007004
387,1,3,1,0.315139558644691,2.1841883758758,2.01754991952492,-0.222327813791112,3.17319731074278
388,1,3,0,0.439092431011062,2.30414645439598,2.03930519616835,1.46594858084084,1.78282493460116
389,1,4,1,0.272161420997791,1.97162029844398,1.86762732858094,-0.842380729515065,3.67429004571561
390,1,4,1,0.439313018729827,2.61481084656085,2.11013348244348,0.762148704074904,2.27628127864562
391,1,4,0,0.407199007304636,2.09273421135402,1.73999902851232,-1.88320797189828,1.68690675677376
392,1,4,0,0.376605957873793,2.01136899024379,1.91666754732943,-0.0764641973272593,1.60412184336781
393,1,4,1,0.386584524770993,2.20545095804509,1.9745518010238,2.42168555154578,2.58675641657509
394,1,3,0,0.554569920618903,2.06459313199568,1.82699894993457,-1.5892620701111,2.2450212643687
395,1,3,0,0.226719387679609,1.99472159904826,1.91578520439966,0.776365361502104,1.29319160996328
396,1,3,0,0.556348374674803,2.37061799369879,2.23224896813426,-0.805668897960741,2.25402081930163
397,1,3,0,0.418569585032299,2.03244991304991,1.9326171957672,0.529276522562545,1.7198962666161
398,1,3,1,0.360134722061411,2.10229809216892,1.99296732598178,-0.089802868466066,2.77673864457167
399,1,3,0,0.549660119852003,2.03338439748201,1.90823569143748,-1.53138052583481,2.22054506847443
400,1,3,0,0.510536884815839,2.15909867465428,1.82249955313702,-0.0115517998321115,2.04305486762521
401,1,1,0,0.259317509553938,1.90371353919673,2.10233600135089,0.0686255173832894,1.350106169511
402,1,1,0,0.420963635294246,2.47277930185383,2.22084659835742,0.564560578569009,1.72700725024095
405,1,1,0,0.21795154632525,2.20713188349151,1.98554946798625,0.469506754590612,1.27869314912794
406,1,1,0,0.396306088538216,2.23385926154692,2.26062012833502,0.414141387126053,1.65646858617242
407,1,1,1,0.543013246313059,2.31637808705456,2.05031201632813,-0.358719457489527,1.84157570149491
408,1,1,0,0.246882416267943,2.619415995116,1.88592614163614,-0.353625317101634,1.32781390529288
409,1,3,1,0.343390057150246,2.11059417261909,1.89218334163506,0.0955663973017882,2.91214022997312
410,1,4,1,0.466512077995881,2.35643727061996,1.86521528442318,1.22674292842343,2.14356722401693
411,1,4,0,0.485167349562771,2.0676798216582,2.01383485675358,-1.21730428416063,1.94237874996999
412,1,4,0,0.360354879355338,2.06668356780825,2.07912361218641,-0.404431369033611,1.56336688536318
413,1,4,1,0.384461867090298,2.12554608552401,2.06958413181975,1.49707252372202,2.60103819285966
414,1,3,0,0.498450933186594,2.29109178611401,1.97661179471944,-1.06330977775799,1.99382287031956
415,1,3,0,0.531394070107363,2.24410384661124,2.13393915665231,0.41075028580156,2.13398921398437
416,1,4,1,0.438523088142109,2.52962368872167,2.03991386958518,0.179398539539185,2.28038164247338
417,1,3,0,0.442799981090807,2.29287863432863,2.19770555555556,0.430452593139119,1.79468766343127
418,1,4,1,0.414869615377261,1.92860149962003,2.08038147926523,-0.0419712045482621,2.41039585193688
419,1,3,1,0.332314114782409,1.96048932672173,1.88779667185487,0.264949723695952,3.00920110075606
420,1,3,0,0.295683176435271,1.9263332937705,1.93373027869828,-1.0437398729839,1.41981558091818
421,1,1,0,0.36038085969586,2.22073099640248,2.14617796309286,0.270544513798677,1.56343038690884
422,1,1,1,0.395791707862368,2.70914655344655,2.12316233211233,-0.897163888986988,2.52658148246941
423,1,1,1,0.366546192686655,2.28880456047457,2.12609734562495,0.402667605140775,2.72816910924746
424,1,1,0,0.316607341771918,2.32514090693447,2.15107375772376,0.789470038875431,1.46328759602543
425,1,1,0,0.441208627405745,3.05418783068783,2.07405241240241,0.906414522157721,1.78957666321401
426,1,1,1,0.329706489588419,2.25403232644498,2.01185891702764,-2.30014195150254,3.03300065839871
427,1,1,0,0.267918477142575,2.01174206499833,1.92923152588153,-0.0664712530103888,1.36596809068046
428,1,1,0,0.219680027638272,2.03427349998509,1.8842113310981,-0.106139802166893,1.28152557337907
429,1,1,0,0.316588501648962,1.98343741441311,1.91250952849724,-0.0951630438358831,1.46324725646677
430,1,1,1,0.250395848595849,2.33859909785204,1.91056935952936,-0.0708726968935173,3.99367643516347
431,1,1,0,0.581891845112531,2.63187314504667,2.33749986772487,2.01413581798581,2.39172565354327
432,1,1,1,0.277199914670832,1.96888545157487,1.93775923743682,-2.2115955148636,3.60750471798476
433,1,5,0,0.262943202061101,2.22214670994187,1.95765381840382,0.941402473777089,1.35674754346801
434,1,5,0,0.425289157377254,2.233227847531,1.82990040977541,0.582492106345539,1.74000545289246
435,1,5,1,0.227138863453083,1.98099763996812,2.23551367243867,-2.24988588767687,4.4025931309045
436,1,5,0,0.349704341166824,2.0002893683571,1.95629769052757,0.469040659321622,1.53776207239996
437,1,5,1,0.35260879667397,2.28204698205725,1.82720290388433,0.980543904835868,2.8360041196721
438,1,5,0,0.514215789276458,1.98194006507245,1.89084406809412,-0.128272863844078,2.05852717714017
439,1,5,0,0.502839322454684,2.20496482482202,2.025247108155,0.232553072394607,2.01142215216498
440,1,5,0,0.424686652720454,2.06047509952353,2.41250736853923,1.61593787737433,1.73818320873077
441,1,4,0,0.444294320970589,2.04698650251847,1.95246082216872,-0.00997282387987342,1.79951373134532
442,1,4,0,0.510590249434195,2.16553348099976,1.94509766603235,0.798887591965848,2.04327763973624
443,1,4,0,0.309589373266194,2.22186823745018,2.00126950953838,-0.382046265894337,1.4484133952729
444,1,4,0,0.333888131571687,2.03207433950724,1.88152233758562,-0.102400421042391,1.50124933573019
445,1,5,1,0.311772708858342,2.11045212486771,1.73126684987985,-0.586388090942272,3.20746483443605
446,1,5,0,0.281504422740086,1.92016798477653,2.0047800160786,0.437434409244359,1.39179701538824
447,1,5,1,0.411412782722132,2.11464783590232,2.05480125430126,-1.00326546388877,2.43064883250213
448,1,5,1,0.249228085189093,2.17892517283252,1.85386766024748,-1.07618069935905,4.01238888964414
449,1,5,0,0.299026804878425,2.17128861764523,1.75069478206978,-0.176235536517346,1.42658807349483
450,1,5,1,0.341209711850714,1.92652697526034,1.92279867046534,-1.73130321447373,2.93074893611914
451,1,5,1,0.389813520631202,1.95861152020996,2.08564143264143,-1.80288800855272,2.56532918196567
452,1,4,0,0.388158507813498,1.98022724956843,2.17780502640503,0.710064404347275,1.63441023985863
453,1,4,0,0.250297366395739,1.97651072103127,1.88258238621067,-0.569880527474115,1.33386219439088
454,1,4,0,0.227227873151173,2.31856536752446,1.67626980432421,0.201289082529764,1.29404253240571
455,1,5,0,0.355454674623964,2.01437368659496,1.89338955612098,-0.098683624940758,1.55148127002021
456,1,5,1,0.315217238174981,2.08042572925033,1.99784195923902,0.981734209667455,3.17241533423019
457,1,5,1,0.289401349048267,1.9188664817238,1.74756895789396,1.85275791808754,3.4554089097671
458,1,5,0,0.408484691345508,2.03896637222384,1.84810282536807,-0.124988037543123,1.69057332138145
459,1,5,0,0.42032771735948,2.16586394831305,2.14289289042476,0.838200498171694,1.72511267132664
460,1,5,0,0.323528233373505,2.09094374070812,1.95250547138047,-0.496752695122518,1.47825829448421
461,1,5,1,0.266933322609114,2.0834051020481,1.74997956243963,0.603214498872198,3.74625389676192
462,1,4,0,0.32746960931658,2.19308564275938,1.92390007895526,0.017917659238587,1.48692165269113
463,1,5,0,0.517850843602171,2.00546809726422,2.08805845079032,0.0939314441235994,2.07404697639849
465,1,2,0,0.379225788590496,1.94415560083403,1.95610243813772,-0.0780124395792383,1.61089166015683
466,1,2,0,0.438461560986686,2.22060215902828,1.96231582571277,0.7281741721041,1.78082198924283
467,1,2,0,0.447489026469132,2.22659505691336,1.83875882020881,-0.581023850224425,1.80991880325818
469,1,3,1,0.48163626614931,2.57138465608466,2.04961082621083,-1.31686378978446,2.07625561088873
470,1,2,0,0.426877751936463,2.08664800207285,1.94530088565999,0.591448263325439,1.74482844345826
471,1,2,0,0.280881103670105,2.07798890909436,1.9206358420446,0.414627789699973,1.39059063126225
473,1,2,0,0.398947256706001,2.03858867939079,2.08452266750388,0.110135807040508,1.66374750162459
474,1,2,0,0.248605419565952,2.00715914785349,1.81511257958497,-0.182518754201303,1.33085868069789
475,1,2,0,0.424709696382205,1.97897382246317,2.1504434092581,0.134920774126613,1.73825283289386
476,1,2,0,0.402066648586706,1.98822957421066,1.91675862454391,-0.0911561298988242,1.67242719884477
477,1,2,0,0.361523129178811,2.14794338734224,1.92930486812574,-0.509001341212939,1.5662274480105
478,1,2,1,0.469898176275868,2.17677089991575,1.89874120922532,-0.0625387697058112,2.12812062376024
479,1,2,0,0.310315884060699,2.10689508757994,1.9243773298579,0.455786664170752,1.44993914879143
480,1,2,0,0.479487903686241,1.9932433528798,1.98369937782203,-0.0225247437431609,1.9211849389898
481,1,2,0,0.40881208350088,2.01361662092822,1.89745164223286,-0.656968847452366,1.69150953883119
482,1,2,0,0.423368769903987,1.97649820152217,1.72037137805259,-0.296883891854374,1.73421061469996
483,1,2,1,0.379500880633432,2.04939963320349,1.91255561283965,-0.784771228760732,2.6350399986711
484,1,3,1,0.391175386655849,2.43389569032639,1.87261325435166,-1.08776389342436,2.55639806110753
485,1,3,0,0.41337514132405,2.05706506836761,2.00215904280904,0.61059322140839,1.70466693528308
486,1,4,0,0.432243472075599,1.97720966574034,2.00967223344025,-0.00767846659691474,1.76131836591257
487,1,4,1,0.614496762947132,2.08298060118961,1.99652806260784,1.00409609318781,1.62734787276013
488,1,4,0,0.447605992206347,1.96954814652295,1.96568802794752,-0.662421184911753,1.81030204146159
489,1,4,0,0.381564545177045,2.03935460308442,2.21769923520924,-0.297014159089823,1.61698361923037
490,1,4,1,0.484836631377671,2.16845690506957,1.83711788774868,1.37964716901741,2.06255042478635
491,1,4,0,0.400803399989764,2.07423493968723,2.07124776900652,-0.991697265112684,1.66890132551306
492,1,4,0,0.288647289698327,2.04876949590763,1.96508044282972,-0.483721039045923,1.4057723904305
493,1,4,1,0.360008149737155,2.13874552968506,1.93451006511016,-0.0223230969308554,2.77771489542698
494,1,4,0,0.333631234321656,2.19110941540167,1.95226802451802,-0.45227263985115,1.50067057687199
495,1,4,1,0.299426125294876,2.18851717677351,1.97980746848783,0.971968378829629,3.33972193981135
496,1,4,0,0.241526216393492,2.19377166301487,1.78086868131868,0.282051817983033,1.31843713205886
497,1,4,0,0.266590142217001,1.83145937466561,1.79356738034457,0.186801887619807,1.36349408095341
498,1,4,1,0.302475795977649,2.2405328170401,1.81835031584481,1.28037692450692,3.30604965189973
499,1,4,0,0.485597965715613,1.93817241096814,1.7996899420377,-0.906677180514198,1.94400475377426
500,1,4,0,0.293278689576276,2.32075042599347,1.82022211159668,0.424990344343865,1.41498492439748
501,1,4,1,0.619605542455313,2.15104149744654,1.9725188377863,-0.672146667456605,1.61393004335839
502,1,4,1,0.43935904415617,1.99962069061175,2.01305850892413,1.50107797602861,2.27604282488504
503,1,4,1,0.422790654281193,2.06017701170295,1.94111636506636,1.59703760258759,2.36523676640901
504,1,4,0,0.32641483818824,2.39880191958682,2.30754100529101,0.500797732771399,1.48459327297275
505,1,4,0,0.441976098468761,2.04842483164804,1.76783225090156,-1.38850540190369,1.7920379346762
506,1,3,0,0.49340000371893,2.16745958199586,1.9739151682456,-0.520969902410238,1.97394395448275
507,1,3,0,0.287706906525728,2.26445620158729,1.90669134336504,0.481481710918068,1.40391646242478
508,1,3,0,0.462231637571101,2.34736420120597,1.82446183446183,0.12303410976604,1.85953668877688
509,1,4,0,0.420608289819995,2.06494841114028,2.06212890673897,1.25991012212312,1.72594806316666
510,1,4,1,0.36470409035409,2.33416847168426,2.13698124579125,-2.40074878089957,2.7419489565612
511,1,4,0,0.53137378316303,2.02487503220098,1.85555259529965,0.595057259890003,2.13389683306576
513,1,4,1,0.454647108689666,2.07132269475162,1.9055603440578,0.0419584378852196,2.19950810394921
517,1,4,0,0.372109782734094,2.11753390793391,1.9121133187292,-0.018231961795129,1.59263510164948
518,1,4,0,0.4931224979171,2.10638229311601,1.99015872241872,0.0936541466582038,1.97286325767216
519,1,4,0,0.489779724668889,2.10906934875779,1.86769587415587,-0.027604335994072,1.95993779226246
520,1,3,1,0.452935825840826,1.9900091754753,2.0589398989899,1.41068099585967,2.2078182889234
521,1,4,0,0.56684374846754,2.50827186120898,2.0054248645076,-0.098977660274317,2.30863573239935
522,1,3,0,0.527972040425461,2.48741479594844,1.94603084014751,-2.33347808968945,2.11851857441103
523,1,1,0,0.285550329718591,2.06027978560229,1.97979963191234,0.00389217946341296,1.39967871999453
524,1,1,1,0.394918604909197,2.19729753253519,2.23540971843732,1.13012695266275,2.53216735694164
525,1,1,1,0.343667698625945,2.43045534200021,2.02332679114938,-0.475004557943269,2.90978757677317
527,1,1,0,0.45167470142609,2.29858453046892,2.06539366014118,0.919259810765678,1.82373492997826
528,1,1,0,0.440318032717687,2.44865033670748,2.23999011317593,1.18853267485313,1.78672899692618
529,1,1,0,0.371731910773608,2.18732983621583,2.05387753357753,-0.896401812044481,1.59167721096791
530,1,1,1,0.341666522679784,2.04634015176781,1.98493770626529,-0.0173176647737252,2.9268305017323
531,1,1,0,0.267152021625717,2.25850433536625,1.93830636591908,0.032541402147609,1.36453948091438
532,1,1,1,0.497242733963961,2.16754536389536,1.9914473952601,-0.158897908874272,2.01109022152645
533,1,1,1,0.234943004718052,2.0244340844691,2.04409893175383,-1.58681952342511,4.25635145511172
534,1,1,0,0.463595223295223,2.08733166848979,2.17458051625896,0.871479376824742,1.86426378628312
535,1,1,0,0.251189990541195,2.05640764381512,1.78227440755286,0.246347222365866,1.33545223403563
536,1,1,1,0.321143270069591,2.1838460350645,1.95408565572882,0.951169482661224,3.11387499972615
537,1,1,0,0.465966751561431,2.05253768206911,2.04236347413795,0.0882048391089249,1.87254258592297
538,1,1,0,0.435530621422834,2.14565725170137,1.84503247458345,-0.633107084847404,1.77157528459853
539,1,1,0,0.299078972111472,2.02845505004971,1.85905836258278,-0.128800031185371,1.42669424972514
540,1,1,0,0.235040487949643,1.95803299980093,1.62855306086719,-0.820094576205811,1.30725872970669
541,1,1,0,0.521165749311115,2.40094863823777,2.18290846560847,-0.772967118741904,2.0884053272324
542,1,1,0,0.453138116168497,1.87321220818285,1.97122995491427,-0.133828347439253,1.82861528580792
543,1,1,0,0.188199732881156,1.97939087843856,1.85003561074832,0.255867827741575,1.23183009479548
544,1,1,0,0.233188123039444,2.1627211177322,1.89431195061743,-0.925604972338825,1.30410082322113
545,1,1,0,0.328866672944708,2.15624437505278,1.87203201090577,-0.0514056046640193,1.49001690079625
546,1,1,0,0.362542937511963,2.2659867920865,1.98228662481039,-0.389348916360449,1.5687331097987
547,1,1,1,0.328912886472162,2.30554021509559,1.99279810314242,-0.290846050248729,3.04031870178682
548,1,1,0,0.268648628783077,2.29841281420549,1.85952035386545,-0.0308631245791042,1.36733181799613
549,1,1,0,0.33172685327996,2.14261444519533,1.92642805349076,-0.00277897604631794,1.4963941090677
550,1,1,1,0.345756574824332,2.38046811164605,1.97983660910919,-0.342314778115781,2.89220819736565
551,1,1,0,0.448390499704973,2.25826713981824,1.86143440302388,1.27995819227812,1.81287668081343
552,1,1,0,0.266618520060329,2.68027937966173,1.88944498503446,-0.772272822829488,1.36354684070051
553,1,1,1,0.280318318821744,1.91349067207806,1.87431796227179,0.409181997287035,3.56737299297198
554,1,1,1,0.44192129637688,2.07477447730774,1.89836486136035,-0.700707034047122,2.26284636698563
555,1,1,1,0.434499590753767,2.44282613837806,2.20739244095515,-0.712747014554845,2.3014981401138
556,1,1,1,0.382790987279946,2.39655761985954,2.03203130579402,-1.31900186669954,2.61239170521189
557,1,1,0,0.22147253033692,2.30851196693301,1.75939261549785,0.275315656033639,1.2844761925135
558,1,1,0,0.443139677674477,2.04740517231373,1.91272345094396,0.549041809258248,1.79578246089408
559,1,1,0,0.39774274612586,1.99837049687302,1.93976203729684,0.492159219970402,1.66042001747144
560,1,1,1,0.218189569630671,2.26444026804319,1.88390703806296,-2.90390639425008,4.58317050486281
561,1,1,0,0.502440610631083,2.07428486051518,2.05671247134947,0.801662867082836,2.0098103289104
562,1,1,0,0.486881648071769,2.06910350154203,1.99652606809695,1.36134159409266,1.94886812417083
563,1,1,1,0.313364936036345,1.97966678180444,2.19497650463468,-2.53433796334678,3.1911675015357
564,1,1,0,0.339787814678583,2.09684489791491,2.08914465025554,0.643875474225881,1.51466456123218
565,1,1,1,0.314002445544315,2.07998811498958,2.0052862846607,-3.27622557298019,3.18468857230244
566,1,1,0,0.343278685377262,2.06638298491505,1.97068170459931,0.512953120490493,1.52271591881324
567,1,1,0,0.528642468207174,2.376517856075,2.12478688068718,1.25424090695038,2.12153181513078
568,1,1,0,0.37209446213312,2.22112975563904,2.030574002849,0.692480079090017,1.59259624209909
569,1,1,1,0.405774976874977,2.07178893115359,1.97166481111481,-0.851767670848758,2.46442007760402
570,1,1,0,0.530658663752279,2.41565782088602,2.16340054572584,-3.62792878915987,2.13064548713049
571,1,1,1,0.30030750012642,2.40668521343596,1.89000324617583,0.959571829168118,3.32992016376225
572,1,1,0,0.170238033802445,2.11427437607561,1.84438728129999,-2.14077580000877,1.20516490359587
573,1,1,0,0.411503137446664,2.44308259099289,1.99461454794214,0.304437569853394,1.69924440320932
574,1,1,1,0.227263036431914,2.26106957470144,1.8583543173269,3.15401073744832,4.40018762267832
575,1,1,0,0.45673945713818,1.95863128278162,1.94422418577448,-1.3177143097033,1.8407374014909
576,1,1,0,0.407376711981925,2.31202498459887,2.1992395380763,-2.39862488188826,1.68741259450725
577,1,1,1,0.429433562277748,2.0023330919431,2.04790068302829,-0.842192588486079,2.32864891764846
578,1,4,0,0.344662356897516,1.95172376996036,1.95271957268608,0.435973262503828,1.5259309617342
579,1,4,0,0.321774410947475,1.9438212140829,1.86478772893773,0.32961306533874,1.47443566881189
580,1,4,0,0.551999912521851,1.82480915962787,1.94694586721942,-0.268914199023903,2.23214242128641
581,1,4,1,0.317155226139337,2.45277215700326,1.94142740267702,-1.37767364745204,3.15303018075025
582,1,4,1,0.378389626252431,2.08188749526954,1.99188361050011,-0.949480258512532,2.64277858223545
583,1,4,0,0.328612735946124,2.37651831395089,2.07329434577565,0.2575824904958,1.4894533357126
584,1,4,0,0.423083266806247,2.04508366796602,1.96409619688953,0.574942543649333,1.73335239292523
585,1,4,0,0.379542875214037,2.05127523412598,1.80429510540545,-0.164339069286053,1.6117149115581
586,1,4,0,0.31183138250148,1.93799023777983,1.8402586846279,-0.187839937410388,1.45313223325263
587,1,4,1,0.357829840095333,2.02548645891152,1.95442749021124,0.0562990788471661,2.79462439391186
588,1,4,1,0.419195226048931,1.9264259722991,1.85942806575938,-0.526834725077848,2.38552335012344
589,1,4,0,0.530985522131558,2.13920889491636,1.92815281033055,0.0857554244086109,2.13213034391765
590,1,3,1,0.428835634415391,2.08274705411778,1.887611585627,0.0669425990798289,2.33189576552622
591,1,3,0,0.364559147466628,2.17934604164898,2.07462233692234,-0.347055136630079,1.57371059165177
592,1,3,0,0.488366710236762,2.37967186185295,2.0763448395468,0.43875108216716,1.95452489118282
593,1,3,0,0.122375158867944,2.14759911377571,1.75524607984608,-0.224172842510571,1.13943903263961
594,1,3,0,0.384533763634851,2.02126935889348,1.86494973985996,-0.121761494417143,1.62478449818117
595,1,3,1,0.27135404261593,2.20660026971912,1.79410221047069,0.346281089734936,3.68522241408205
596,1,3,1,0.575990972927343,1.92238053601371,1.9758515897358,0.0953960341457832,1.73613831987284
597,1,3,1,0.362198405020393,2.3821828349646,2.10081726003042,-0.559713736143617,2.76091773497373
598,1,3,0,0.263094948597734,2.07217143764916,1.8667285029785,-0.107504350165335,1.35702693053479
599,1,3,0,0.37397860188311,2.07032903532946,1.86232615314072,0.43680314181784,1.59738948701763
600,1,3,1,0.458936294980019,2.12205963375767,2.06313506736928,1.25614161142102,2.17895165611937
601,1,3,1,0.195547230131126,2.19399105751731,1.91192788569455,-1.53629325661313,5.11385407673349
602,1,3,1,0.28681366220664,2.13495685724033,1.92173912797442,2.38403490145273,3.48658425929352
603,1,3,0,0.440588139551789,2.13774772513241,2.06485044187996,-1.0183883944178,1.78759170246906
604,1,3,1,0.313311339827644,2.32210286298727,2.01280386650387,0.713739196152054,3.19171339457458
605,1,3,0,0.287493493427546,2.27124439210027,2.1107354016354,-1.18331453845269,1.40349595516053
606,1,3,0,0.385840070326695,2.07380211844867,1.93579957216273,-0.560581751384389,1.62824038444178
607,1,3,0,0.359175164378106,2.37593677248677,2.05760923890924,-0.25184534252435,1.56048883316069
608,1,3,0,0.364840547590238,2.46030062406729,2.07470218806958,0.339102459692237,1.57440780611239
609,1,3,1,0.253661352842514,2.18555691395894,2.13974343465492,0.717368994135691,3.94226392311663
610,1,3,1,0.60628422753083,2.25578270979021,2.02498042328042,0.827589494519373,1.64939141510019
611,1,3,0,0.248071878091032,2.33961089501592,1.93369925303455,-0.397563022612478,1.32991435067123
612,1,3,0,0.172164503261735,2.05105558880635,1.68291132522872,-0.306470671411662,1.20796946245972
613,1,3,1,0.370226511566672,2.03827299927376,2.12424369149369,-1.14996733634187,2.70104913818392
614,1,3,0,0.289126472262794,2.15489159150563,1.90512806334271,-0.031874430507719,1.40671998742606
615,1,3,0,0.353172633234911,2.08395536340013,1.88054551273298,-0.0736142240225788,1.54600756149388
616,1,3,0,0.499948169823761,2.11455686064858,2.06684705849706,0.181380171598213,1.99979270078376
617,1,3,0,0.263602502400683,1.93602778410185,1.99874042970811,-0.024159208394739,1.35796224628687
618,1,3,1,0.251023314900733,1.96055192751554,1.66812408133438,-0.298233739822107,3.98369370747673
619,1,3,1,0.399453230042568,1.96157584876137,1.95553634757056,0.939745780661868,2.50342198983704
620,1,3,0,0.472861805397022,2.19689528954425,2.12272490842491,0.299347022021108,1.89703574933166
621,1,3,0,0.350633576304494,1.89190152815594,1.98500885225885,-0.586681142115022,1.53996259047251
622,1,3,0,0.214332062031121,2.03187608341711,1.83566613908494,0.268629460588166,1.27280235284288
623,1,3,0,0.408115153340571,1.97013335980632,1.95350435913702,0.496083387310234,1.68951782706375
624,1,3,0,0.351963154844238,2.3574407605835,1.97335937950938,0.167493368502945,1.54312213491448
625,1,4,0,0.565451560634856,2.45156624500554,1.95246300773758,-0.994100807562727,2.30123942329872
626,1,4,0,0.364255106084242,2.28697118261684,2.00197813088302,-2.97951538888082,1.57295797350519
627,1,4,0,0.331105528369304,1.85522652108766,1.80821842357361,-3.25345331402721,1.49500413355503
628,1,4,0,0.43544109561914,2.31662881561222,1.97745481986762,-0.368762613675328,1.77129435430069
629,1,4,0,0.473173504631569,2.39944374825954,1.98410603655604,-1.55528844884414,1.89815813895362
630,1,4,0,0.394492210085006,1.97352283212491,1.92298125564802,-0.0942687891008711,1.65150641602875
631,1,2,0,0.410230355467961,2.0098345350365,1.83109992846904,-0.162059392561997,1.69557726354917
632,1,2,1,0.495939135327554,2.03505419308532,1.84101774590651,-0.545593859813107,2.01637646389719
633,1,2,1,0.533441259699609,2.48792967772967,2.03694523567645,-1.14511629308082,1.87462064813494
634,1,2,0,0.426024751832561,2.39005561378193,1.91080200639112,0.781060229181172,1.74223540682765
635,1,2,0,0.483170767249163,1.98118620553502,1.9291659908472,-0.733380914669901,1.93487507406939
636,1,2,1,0.603185302713698,1.99545358094713,2.01048116797028,-0.00234877795644082,1.65786532845057
637,1,2,0,0.52184561988191,2.14721338965694,1.9478438888751,-1.98286588981931,2.09137475589585
638,1,2,0,0.423738952277003,2.31950429693763,2.11299774909845,0.926378683343022,1.73532464835397
639,1,2,0,0.520672165558456,2.17812417821829,1.94306927948839,0.831975794673321,2.08625480964418
640,1,2,0,0.39552517924379,2.51926673881674,1.73191427190338,0.623128239435095,1.65432862654061
641,1,2,0,0.323245164965753,2.13790489417989,1.75295240321651,-0.1811787060699,1.47763997866287
642,1,2,0,0.344626643752846,2.12890144245469,2.0942281076952,0.670626585327141,1.52584780944754
643,1,2,0,0.346121612621091,1.94060340929125,1.71034534796098,0.188683362506457,1.52933637095505
644,1,2,0,0.496221527330633,1.97089673142184,1.68097117264658,0.313970957769312,1.98499946752649
645,1,2,0,0.201526409006822,2.06614779859175,1.82743323067909,0.26159143648279,1.25238957340612
646,1,2,0,0.518284441155919,2.00657340474851,1.84396723066575,-0.840931635209468,2.07591384924246
647,1,2,0,0.435506415001366,2.30116386114459,2.06050684555755,0.883354330758832,1.77149931651113
648,1,2,0,0.387726082017356,1.97520634553147,1.82005817458939,-0.195642553832374,1.63325591802907
649,1,2,1,0.349416602522373,2.08799713434534,1.85480472075796,0.182343878030985,2.86191323703907
650,1,2,1,0.225626496996701,2.07009225113151,1.89420072899809,-2.66171390173167,4.43210355747632
651,1,2,0,0.429172466420543,2.1356888867405,1.96597951054645,-1.09989887948692,1.75184261650687
652,1,2,1,0.634637782689862,1.98265946460946,2.0555684725431,1.03581763202071,1.57570196303406
653,1,2,0,0.319557460659268,2.03396299404925,1.99845799156124,0.504285363555896,1.46963180898255
654,1,2,0,0.376369561677781,1.95946859449095,2.01634206659206,-0.542623787603226,1.60351377763142
655,1,2,1,0.413853839727524,2.09375991477402,1.91749997353119,0.023085862877603,2.41631200198212
656,1,2,0,0.414380532028358,2.21467952045799,2.09386242375153,0.245768258117136,1.7075935051538
658,1,2,0,0.411932592530819,2.0649656475755,1.76310007222222,-0.191392444636701,1.70048533093106
659,1,2,0,0.415897846404957,2.06203420653421,1.9281627937519,-0.0276670337153965,1.71202929803491
660,1,2,0,0.249819005464812,2.08710031323804,1.71891776877688,-0.696414027115368,1.33301164290306
661,1,2,0,0.367142470168643,2.06087779849566,1.8956213910805,-0.595772790636951,1.58013447397312
662,1,2,0,0.329351876484888,1.88366014448514,1.90854340850752,-0.148590501780588,1.4910949049684
663,1,2,0,0.535715599416821,2.2505782407231,1.92238645292326,-0.506434030068348,2.15385224819942
664,1,2,0,0.437510755644735,2.03816733821734,2.04211962395873,-0.520797294944933,1.77781177157657
665,1,2,0,0.535193692022263,2.25321847781848,2.03623772005772,0.327802033419876,2.15143379690944
666,1,2,0,0.162279582319251,2.08355710344784,1.71144097786597,-0.670277928271371,1.1937156823377
667,1,2,0,0.392364406111298,2.52794010199004,1.92904797463826,-0.827197654664318,1.64572320986049
668,1,2,1,0.415441556100782,2.42941181552189,1.93443820350667,4.47699360253142,2.40707744643006
669,1,2,0,0.494121948944167,2.1712381243773,1.84388904054403,0.0111477614437754,1.97676099588205
670,1,2,0,0.36301901986902,2.20437009072171,2.03276747170958,-2.99057204712451,1.56990558775299
671,1,2,0,0.403017256228007,2.34433137937436,1.85697436088847,-1.58566116122014,1.67509029437195
672,1,2,0,0.490944001268769,2.14698064030857,1.90558155407655,-3.88150815932003,1.96442042229617
673,1,2,0,0.583441466107193,2.02118598323534,1.68466007448548,-0.285666349980633,2.40062300645923
674,1,2,0,0.408392331282921,2.37551174111702,1.90055365044394,-2.65740939045011,1.69030939400859
1,2,3,0,0.60385336020059,2.48912037772696,2.20676297776297,2.63521636761578,2.52431776401373
3,2,3,1,0.697823818205458,2.15551055385838,1.87688766479093,0.375475834183659,1.43302646586588
4,2,3,1,0.520184039206408,2.22267676423041,2.11212325174825,-0.966897712817821,1.92239654551031
5,2,3,1,0.653510228660229,2.27420166679838,2.04519411375661,0.211902484690068,1.53019793133172
6,2,3,1,0.475165945165945,2.03084872900851,2.07411835016835,-0.112714516429114,2.10452792371466
7,2,5,1,0.634851456997109,2.2481612364244,1.98505722166722,0.810547841101367,1.57517162318579
8,2,3,1,0.691892024642025,2.19527807384576,1.99115099206349,-1.15487898424928,1.44531222269455
9,2,3,1,0.536685216239392,2.36848212542691,1.95723961038961,0.28952902023817,1.86328963373931
10,2,3,1,0.525406871637135,2.06705589731905,2.14299066859067,-1.46507540382277,1.90328686962936
11,2,3,0,0.734132231657232,2.12788528138528,2.08684721759722,4.20124105269049,3.76126826592517
12,2,3,1,0.879825696525697,2.38369571909572,2.15198417508418,-1.54104381247471,1.13658876292072
13,2,3,1,0.416017231055061,2.31677767554132,1.94088605468605,-2.6375432651871,2.40374658872638
14,2,3,0,0.616175385725386,2.3336308282564,2.08457346574994,-0.248282282139025,2.60535662073129
15,2,5,1,0.499733148305942,2.18427607978744,2.09160567467391,0.391043071726786,2.00106797675905
18,2,3,1,0.63958727938728,2.22594824288771,2.15213576447707,-0.311678004164713,1.56350826889177
19,2,3,0,0.801872274086067,2.27262320827321,2.15114285714286,1.25451691031118,5.0472491691264
20,2,3,1,0.493476734799017,2.27788698708699,2.11720791245791,-1.07367296880879,2.02643798477608
21,2,3,0,0.588114227877386,2.11407932913761,2.17908718133718,-0.467309647057124,2.42785759470786
22,2,3,1,0.506965511249314,2.42469648825425,2.02972828282828,0.203899062205078,1.97252076879096
23,2,5,1,0.799131755499403,2.74583932178932,1.93937333333333,-1.14771968634745,1.25135810599226
24,2,3,0,0.45051773372191,2.52066758056758,2.03613193843194,0.463024656933359,1.81989494724458
25,2,3,0,0.454850169402533,2.3887990642473,1.82793193843194,-0.459123113800946,1.83435808629718
26,2,3,1,0.407670987345987,2.00407418099212,2.05078148148148,-0.0778575644574344,2.45295846660608
27,2,3,1,0.628858472445429,2.80634520792236,2.00248912938913,-0.27775327728185,1.59018291685142
29,2,3,1,0.553869658119658,2.14070502189562,2.05475989057239,-0.184812960188053,1.80547893415017
30,2,2,1,0.476882342039166,2.1390291005291,1.90780913900914,-0.0379000314998022,2.096953298216
31,2,2,1,0.64116956566825,2.0242246031746,2.03407943722944,-0.563180428746263,1.5596498236122
32,2,2,1,0.516712404163044,2.03191806258875,2.14455627534415,-0.812227543954191,1.93531254899865
33,2,2,0,0.59492046928533,2.05963346994137,1.98225317460318,2.53848495974366,2.46865102819619
34,2,2,1,0.847934720189653,2.16785640519296,2.07583323172111,-1.3607921082791,1.17933606938083
35,2,2,0,0.408886847351708,1.96793915343916,1.95477830687831,1.62432454706069,1.69172348055499
36,2,2,1,0.593787756736441,2.00273546872231,2.04998208273208,-1.72103181682714,1.68410343368508
40,2,2,0,0.799718559218559,2.37747037037037,2.11940014800015,3.29095409526175,4.99297386766484
41,2,2,0,0.4945110628421,2.07982056530214,1.86961507936508,0.6071297082977,1.97828266158005
42,2,2,1,0.656633436824613,2.4710119047619,1.89538181818182,0.59897480746045,1.52291970514913
43,2,2,0,0.786498099064798,2.1273915935328,2.15095616245823,-5.62482420193863,4.6837990463771
44,2,2,0,0.793438106338106,2.52162267917268,2.13926912346913,-2.69825661190976,4.84116398369597
45,2,2,0,0.56155069590752,1.95487799422799,1.89562313612313,-0.922422698885633,2.28076539446183
46,2,2,1,0.661109287225346,2.48075403211093,1.95951322021529,0.0442029359708513,1.51260921503155
47,2,2,1,0.823333350748868,2.21729655889919,2.10282213285909,0.570356977054078,1.21457487309416
48,2,2,0,0.545534367700426,2.49345694216384,2.14873734719942,0.00761421743034058,2.20038640752668
49,2,2,1,0.791339758389758,2.1917906353237,2.06207823472824,0.634293736501278,1.26367971455754
50,2,2,1,0.761693256743256,2.06150901369586,2.07199992784993,1.66645070415726,1.3128644518604
52,2,2,1,0.693940069287438,2.30872754652755,1.95994348928045,-0.291060757365188,1.44104663249499
53,2,2,1,0.814336073186073,2.38519392589278,1.95660010303706,-1.60329323079719,1.22799423103967
54,2,2,1,0.735242167189536,2.33303528138528,2.06810652125652,0.0958051910952853,1.36009609435555
55,2,2,1,0.655378401277086,2.50005168350168,1.93754391534392,1.56723806305905,1.52583606364106
56,2,2,1,0.524307400056084,2.58110754341444,1.92152195767196,-1.14566549035193,1.90727805843105
59,2,2,1,0.732267432825572,2.19880230880231,1.99105908720909,0.714880876068255,1.3656212951344
60,2,2,1,0.688578427128428,2.02679202279202,1.77376964886965,1.04370285390775,1.45226739700558
61,2,2,1,0.723887836620866,2.11177762703452,2.14312856894064,0.754581905655861,1.3814294831476
62,2,2,1,0.731225341583481,2.08869913419913,1.94568222703222,-0.0687336870994134,1.36756748314341
63,2,2,1,0.70073815998816,2.1482624528493,1.96016077441077,-0.131248451564307,1.42706656651451
65,2,2,1,0.514577078477079,2.13082149242839,1.87087438423645,-0.00901168731057106,1.94334345975837
67,2,2,0,0.703847296323804,2.07550035473001,2.0043859253238,-2.06726811835925,3.37663640273016
68,2,2,0,0.491390035017858,2.20890350305156,1.95973417259624,-1.14919724011529,1.96614315261226
69,2,2,1,0.778431116661116,2.33977254227254,1.82832784992785,0.993726574571952,1.28463518299377
71,2,2,1,0.604572444222444,2.02101896511225,1.90677592592593,1.14266297431559,1.65406149346771
73,2,2,1,0.715035801235802,2.18767316555491,2.07883720908721,-1.15144651452006,1.3985313718162
74,2,2,1,0.675307384128442,2.43019636015326,1.95162306148513,-1.88774352818265,1.4808071457572
75,2,2,1,0.760282373182373,2.27504484359107,2.05404786324786,-0.29208617713943,1.31530078201632
76,2,2,1,0.788750532800533,2.18085500323263,2.08081691400387,-0.20250003460067,1.26782798668852
77,2,2,1,0.816531895881896,2.13683886623509,2.07803439153439,-1.37906446328334,1.22469190125139
78,2,3,1,0.624907342657343,2.29401787106655,2.12967377840025,1.22838433631773,1.60023723796815
80,2,3,0,0.499654589854589,2.67971473685509,1.9096568061568,0.588433069863807,1.9986193132248
81,2,3,0,0.648468811808347,2.47513830662515,1.96394066859067,-1.05603794374612,2.84469780659918
83,2,2,1,0.844128882487022,2.2278817053317,2.10987705627705,0.5415979565915,1.18465322150066
84,2,2,1,0.519427994227994,2.14608333333333,1.87040853775854,1.2572771010429,1.92519465857103
85,2,2,1,0.873840332714384,2.07587464957098,2.05839174603175,-0.0843048890275465,1.14437382043666
86,2,2,1,0.793843829588727,2.33992322355978,2.11243250833458,0.470674512838893,1.25969361066657
87,2,2,0,0.735416558754986,2.26788797594487,2.03943347359928,0.784035072528437,3.77952601755588
89,2,2,1,0.811794700613128,2.36424776430466,1.96267130428711,0.465632160398238,1.23183854149913
90,2,3,0,0.606320929070929,2.1621378436309,1.99187883597883,2.78173394662993,2.54014011372266
91,2,3,1,0.695212298812299,2.50826428571429,2.29170687830688,-1.5950910533323,1.43840953577548
92,2,3,0,0.585466847455146,2.35944105074934,1.96426825396825,2.88427793569619,2.4123522904282
95,2,3,1,0.492929942279942,1.99629595626989,2.04686693121693,-2.07319315748702,2.028685852141
96,2,3,1,0.63307143967144,2.23709605246999,2.17082611832612,-1.3891740054876,1.57960055901273
97,2,3,1,0.60749884004884,2.14818785141179,2.03070206830207,0.929371521693479,1.64609367800538
99,2,3,1,0.776862937355042,2.30696315536315,1.99805894870025,-0.306405630393635,1.28722835382605
100,2,3,1,0.704288975327273,2.15646563161663,1.99246455026455,-0.15330170936213,1.41987172173938
106,2,3,0,0.462808661564725,2.21546008935551,1.9362925268087,-2.36012673667265,1.86153410982535
108,2,3,1,0.778136572123529,2.53253135252547,2.12192235172235,0.289453603191591,1.28512145017295
110,2,3,1,0.857010295260295,2.12680872090872,2.19264934164065,0.229997332116538,1.16684712602697
114,2,3,1,0.82117945942946,2.31195747280949,2.1016044973545,-1.14592333732808,1.2177606106889
115,2,3,0,0.753122931175105,2.27802955747956,2.07678650793651,-1.77545612262017,4.05059896716969
116,2,3,1,0.754739454989455,2.20710270562771,2.05977027417027,-1.55148623203631,1.32496054550901
117,2,3,0,0.622596453546454,2.28483734704563,2.08060211640212,0.5504936258345,2.64968363280361
118,2,3,1,0.718948185148185,2.23831818181818,2.01236842231842,-0.243153255626358,1.3909208210796
119,2,3,1,0.603835697635698,2.29616718157203,2.01411291486291,-0.305426377563402,1.6560796321176
120,2,3,1,0.765730497280497,2.27121527176527,2.16443096742227,-0.75683585971845,1.30594250007217
121,2,3,1,0.482274417249417,2.15272644418045,2.23319215969216,0.979278697230225,2.07350828539352
122,2,3,0,0.563736091686092,2.25060031000859,2.03194457949458,-1.17235909384312,2.29219053179266
123,2,3,1,0.787729381729382,2.30530898371688,2.22117698412698,0.481404456041163,1.26947150023095
124,2,3,1,0.709933516483517,2.52414232804233,2.03251456530587,0.401627854355571,1.40858260214739
125,2,3,1,0.716078321678322,2.29871031746032,1.98222834757835,0.639332915679923,1.39649528511941
126,2,3,1,0.569580622517579,2.60100037443341,1.86870839345839,-0.50178623455181,1.75567770472939
127,2,3,0,0.767874545261503,2.59675231990232,2.18709126984127,-0.71085312243894,4.30801525462409
128,2,3,1,0.645605133755134,2.55530580074848,2.05314882154882,-0.0681695507620484,1.54893439924113
129,2,3,1,0.68629464979465,2.61688968253968,2.4330578904992,0.156559578105515,1.45710009585419
130,2,3,1,0.694459807635062,2.40540747863248,2.00975687830688,0.550278568126712,1.43996814359269
131,2,3,1,0.677256005106005,2.45962201882992,2.47925978835979,-0.688011604926061,1.47654652370853
132,2,3,1,0.659184432234432,2.4222626984127,2.43198571428572,0.365740149932838,1.5170261175773
133,2,3,1,0.710496195833153,2.57019841280631,2.42818783068783,0.193640526750843,1.40746707141389
135,2,3,1,0.717867968504925,2.47813517223517,2.4412626984127,0.277118368704473,1.39301381851966
136,2,3,1,0.712162093462094,2.33038227513227,2.2348955026455,0.510795375896272,1.40417470851139
137,2,3,1,0.756207953157954,2.343515418997,2.35442585377585,-0.898573767598389,1.32238757318534
138,2,3,1,0.756207953157954,2.343515418997,2.35442585377585,-0.898573767598389,1.32238757318534
139,2,3,1,0.706234926184926,2.45023868549659,2.44323597883598,-2.05056629340125,1.41595942500605
140,2,3,1,0.666918606806905,2.72827254793045,2.3370828042328,-0.896622941680681,1.49943334882773
141,2,3,1,0.751388863052656,2.52618042328043,2.35833795093795,0.242502597820095,1.33086880731412
142,2,3,1,0.668639593739594,2.63341302412092,2.40461560846561,-2.32950401696473,1.49557401231231
143,2,3,0,0.645474880674881,2.4649338013838,2.1402474025974,0.986740566583104,2.8206746024192
144,2,3,1,0.708547996447997,2.35368576238576,2.47225846560847,-1.95928013524273,1.41133699483038
145,2,3,1,0.752348240648241,2.38814397650188,2.28052222222222,-0.480483957001783,1.32917171327254
146,2,3,0,0.71160807284503,2.31313411495911,2.26294894179894,-1.27606051299788,3.46750344180973
147,2,3,1,0.699532362082362,2.42831512746513,2.48619788359788,-0.637149968515711,1.42952642966111
148,2,3,1,0.780547170272425,2.52218485958486,2.29027287157287,-1.88494837160754,1.28115255308783
150,2,3,1,0.759322708209666,2.49454359267518,2.15234259259259,-1.85979369174538,1.31696311619312
151,2,3,0,0.736020965507923,2.56029835164835,2.47616043771044,-0.487080197680174,3.78817962541647
152,2,3,1,0.730234840521797,2.34091481481481,2.22521931216931,-1.79353836110706,1.36942247138666
153,2,3,1,0.760750680237638,2.38716396011396,2.21534814814815,-1.3312164378572,1.31449110198315
154,2,3,1,0.747589258326215,2.46744363784364,2.30635555555556,0.320875920134604,1.33763291655489
155,2,3,1,0.757152347652348,2.31341931216931,2.25101957671958,-1.71466903184501,1.32073816201011
156,2,3,0,0.502110870099168,2.11146421356421,1.99517741702741,2.11606604431673,2.00847927770421
157,2,3,0,0.675599686837985,2.11296447811448,2.04677619047619,1.30957429131125,3.08261108089797
158,2,3,1,0.756301518288475,2.48141502124661,2.12500423280423,-1.40317703223158,1.32222397525132
159,2,3,0,0.772278887778888,2.04859066859067,2.09754725829726,-4.12900180040322,4.39133635984099
160,2,3,1,0.729416622266622,2.20336662596663,2.33062619047619,0.587957149308562,1.37095861195561
161,2,3,1,0.761045529832487,2.37404279609279,2.25109403559403,-0.452881761549699,1.31398183262453
163,2,5,0,0.435385418503066,2.2246464880928,2.0097923526009,-0.997724775144812,1.77111968548306
164,2,5,1,0.54851523768914,1.90694219039371,2.10346404674195,1.22329847297872,1.82310340951135
165,2,5,1,0.521632324860382,2.14006736997873,2.08274348131171,-0.215948033238313,1.91705910914868
166,2,5,0,0.409657215182478,2.1553054456395,1.88213971067326,-3.39795120165185,1.69393109515026
167,2,5,1,0.570705723443223,2.18298632731428,1.99188501570325,0.991262248530395,1.75221652582478
168,2,5,0,0.443567985935633,2.0310849824089,2.06003356725146,-1.11329641219718,1.79716474739773
169,2,5,1,0.599519937194756,2.28762693310506,2.1135028692711,0.748553837394651,1.66800124225918
170,2,5,1,0.497535738244656,1.99949415954416,1.88627791549581,0.785323063730362,2.00990586832632
171,2,5,1,0.726210808082041,2.14825426055426,2.1437959681974,-1.57947749541475,1.37701062676422
172,2,5,1,0.79421940632467,2.1120011089857,2.03015067223067,-0.539512390957408,1.25909791681823
173,2,5,1,0.685987588208146,2.20177095094921,2.22101463900875,-0.302940915288839,1.45775232262158
174,2,5,1,0.794834432834433,2.3870903371186,2.15854554254966,-0.428014691694904,1.25812365278884
175,2,5,1,0.579673689231518,1.94324584001057,1.90346003212314,0.701792271635357,1.72510848530268
176,2,5,1,0.682973323735089,2.24287292827945,2.2046580993081,-1.31399637957366,1.46418603076784
177,2,5,1,0.570588302163121,2.40701188393134,2.08051791239791,-0.467607822084988,1.75257711419768
178,2,5,0,0.515536364194427,2.17184746019158,1.93950583387403,2.18651372955042,2.06413841224055
179,2,5,1,0.735241859971328,2.33881846814496,1.98232126202045,-0.785817967820658,1.36009666266689
180,2,5,1,0.593875683600287,1.95548105550052,1.89934022867812,0.113355541022879,1.68385409205112
181,2,5,1,0.497086134047684,2.04657855107855,1.97273671143671,-2.03071942042626,2.0117237868962
182,2,5,1,0.456702434355157,2.40131628880464,1.9063035472542,0.440015745175455,2.18960952422326
183,2,5,0,0.722969524919525,2.68113148148148,1.84327269732133,-0.785644980568283,3.60971116881458
184,2,5,0,0.41840109002109,1.77098461932665,1.90095886294241,-0.263794342851597,1.71939799549532
185,2,5,1,0.592929143079143,2.29877999665391,1.98747272838273,0.834181946100728,1.68654216388639
186,2,5,1,0.473313278414851,2.166029002479,2.03786774662862,-0.912422118349576,2.11276557325636
187,2,5,1,0.490173260863741,2.21639170402123,1.91178807001807,1.23542038794862,2.04009496200973
188,2,5,1,0.76116240061369,2.39841628873772,1.87845237978238,0.515576320368636,1.31378008056329
189,2,3,0,0.765173118612654,2.38136815776816,2.20523008867139,0.0284161290897298,4.25845624696819
191,2,3,0,0.709986968586969,2.47555210541001,2.32813821548822,-0.806400006254192,3.44812091762807
192,2,3,1,0.814563268615443,2.27607135642135,2.15779271284271,-1.53964486208083,1.22765172274433
193,2,3,1,0.770632184482185,2.24630627705628,2.24284312169312,2.70923202365391,1.29763591520893
194,2,3,1,0.727229401218936,2.32254391534391,2.28831878306879,-0.430687077550613,1.37508191820059
196,2,4,0,0.547735368443358,2.19457308867603,1.85844695783221,2.30518827962522,2.21109485514735
197,2,4,1,0.262304768069332,2.3089696363072,1.74073619265725,1.69095972709505,3.81235921619115
198,2,4,1,0.443917884095283,2.34294016546448,1.8441483398889,-2.40037851566648,2.25266887374459
199,2,4,0,0.376884361274127,2.2137569084052,1.9296851975023,0.0589736166743132,1.60483855299278
200,2,4,1,0.367407574045092,1.98725566993817,2.06827958682382,-0.10481761618911,2.72177295908786
201,2,4,1,0.53101826606696,2.55608279434307,2.03404149527695,-1.21387216833411,1.88317439135682
202,2,2,1,0.456899664443413,1.82625268425975,2.05005181421388,-2.07441182516452,2.18866433447304
203,2,4,1,0.348496896258646,2.23969384878129,1.82809662510978,-1.83130367468463,2.86946601457771
204,2,2,1,0.302262864030945,1.94945722638054,1.8778858745948,-2.97595021886657,3.30837862999148
205,2,2,0,0.370556853142857,2.03647734358546,1.86573737753474,-0.112788197463523,1.58870583466208
206,2,4,0,0.435042493753341,2.3118490806234,1.88670659704769,-0.463170569710308,1.77004462980514
207,2,4,0,0.320074348240028,2.15366214439777,1.78103529925241,-0.636878073894403,1.47074904059219
208,2,2,0,0.430728742247524,1.93447244375599,1.78621760378997,0.322181307024156,1.75663181019901
209,2,4,0,0.229233951276317,1.99734544657956,1.75216532911533,-0.248624163066442,1.29741054585358
210,2,2,0,0.473534634810693,1.99572597097482,1.95551123161437,1.21797370272881,1.89946018507869
211,2,2,0,0.21814386731593,1.98973597934783,1.95877638667375,0.38224854009593,1.2790076821001
212,2,4,1,0.388545724915571,2.02365832954697,1.93854156354084,-0.784841095576997,2.57369965971777
213,2,2,0,0.184370803021758,2.04194041063205,1.90319616971722,-0.0873233124004588,1.22604733094992
214,2,2,0,0.289333344493573,2.3877114650968,1.77645026455026,0.403342190288385,1.40712947800737
215,2,4,0,0.575804450375081,1.91529407004399,2.00381730845139,-0.111162802690644,2.35740332703683
216,2,2,0,0.552487008485725,2.24801837169558,1.92193848003848,0.972992349936955,2.23457199894073
217,2,2,1,0.448513643901112,1.89973024043949,1.91413149443149,-0.53734300424819,2.22958657690351
218,2,2,1,0.241577717433982,1.84140987744282,1.70801387615652,-1.68436910759351,4.13945462612162
219,2,2,0,0.474920713077456,1.95743308536756,1.86480177899443,1.09595062320942,1.90447428589487
220,2,2,0,0.35067263782347,2.00993450395351,1.97448757183363,-1.04685073391226,1.54005522984281
221,2,2,0,0.477236724676234,2.06531055080538,2.06787529813737,-0.510139176565416,1.91291172736008
222,2,2,0,0.116928394267548,2.19771082264551,1.87385651755652,-0.0999643947328311,1.13241099986514
223,2,2,1,0.390056411301797,2.10390317706155,1.74642777144882,-0.561961481142056,2.5637317347574
224,2,2,0,0.314003520212171,2.04418664495249,1.77909737784002,-2.63023263084516,1.45773342788769
225,2,2,0,0.372803615009402,2.60831475811197,1.93613665223665,-3.42254245188031,1.59439694477032
226,2,2,0,0.157984089852887,2.0548923553574,1.74006829499476,-1.04138314782974,1.18762601507765
227,2,2,0,0.431719231252755,2.00826580018547,2.02350094905095,0.0297804240886587,1.75969354409875
228,2,2,0,0.417808260531208,2.22716068894413,1.97742199184831,-1.00465490068805,1.71764718082814
229,2,2,0,0.306314075406125,2.05161046971082,1.93238479867267,-0.525350191710019,1.44157458663365
230,2,4,1,0.273649951437451,2.16634325489326,2.07697980108303,-1.58877221402024,3.65430359021486
231,2,4,0,0.298473545125898,2.07068181044824,1.97966966026176,-2.84118383102209,1.42546299295222
232,2,4,0,0.344639869292171,2.48925668480303,2.0364543104345,-2.75801327202456,1.52587860192218
233,2,4,0,0.357379380652258,2.15514731673754,2.08126391478593,-0.351163668458858,1.55612809469917
234,2,4,1,0.253026640613795,1.98147572641735,1.6246136012136,1.12672236169369,3.95215301271909
235,2,4,1,0.245292208461681,2.27558668490188,1.93806856661857,1.27388555896196,4.0767703396344
236,2,4,0,0.433762955074554,1.95523300861287,1.87063428282244,-1.3410224522661,1.76604481985396
237,2,4,0,0.320561167980651,2.17416577501216,1.98916778600943,0.561940638036234,1.47180283621399
238,2,4,0,0.269763736755201,2.11916378107613,1.73530096862202,-0.220677570808307,1.36941980333393
239,2,4,0,0.295824408384042,1.97831736345565,1.76094758496864,0.225205483279446,1.42010034415589
240,2,4,1,0.311076871735243,2.16156057816422,2.00163027283405,4.12101495771945,3.2146395018756
241,2,2,0,0.497528671298017,2.12503221390631,1.96666476671477,0.090467076818618,1.99016330460738
242,2,2,1,0.427019855298758,2.37004918233225,2.03563430861078,1.14334394762045,2.34181148157705
244,2,2,0,0.447952983694667,2.37326779848745,1.93120332303645,-0.973538896131398,1.81143991447081
245,2,2,0,0.367575583379656,2.03060876574531,1.89651702741703,-0.0856926491392836,1.58121662244473
246,2,2,0,0.482508470398107,2.20665589269673,2.02080401727902,0.213489719324351,1.93239877910524
247,2,2,0,0.510504691065507,2.10811509888971,2.08915927220927,0.201914724919018,2.04292049739301
248,2,2,0,0.402556572217592,2.02358519705131,2.29159085618086,-2.4821818786498,1.67379864519023
249,2,2,1,0.196142557039546,1.95974304413562,1.83938677248677,-4.39982924863026,5.0983326366974
250,2,2,1,0.387920751968625,1.88277768401056,1.99756411084199,0.980347809632887,2.57784610626059
251,2,2,1,0.465678568552595,2.02652474252397,2.02395284433072,-1.48561096770411,2.14740395528221
252,2,2,1,0.411330615997277,1.84518307839554,1.98606887274675,-1.446002013236,2.43113437490056
253,2,2,0,0.440584566744662,2.18385525374751,1.93154344816976,1.86392450713613,1.78758028569363
254,2,2,1,0.379619330205398,2.15008591028854,2.13557275132275,-0.371641314819703,2.63421780829479
255,2,4,1,0.385691794856026,2.05809501124596,2.02724772819772,-0.101493660702948,2.59274377452932
256,2,4,0,0.190687724652497,2.19984106345836,1.798323831426,-0.566462549113649,1.23561699292232
257,2,5,1,0.555804528175694,1.97709747357731,1.95770704905117,-1.14275967408444,1.79919369005913
258,2,5,1,0.263349263728564,2.31460114319327,2.04634232501411,-0.444231685382138,3.79723863982664
259,2,5,1,0.370778683485681,2.24428432920722,1.82181579221858,-0.840909867254342,2.69702667531754
260,2,5,0,0.331440282311789,2.13547593991051,2.12182021205903,-0.30960145743714,1.49575269574701
261,2,5,1,0.325058041281749,2.05152708844838,2.02714655313892,0.917564413928145,3.07637367178139
262,2,5,0,0.237927072469731,1.93155746928858,1.95597227731502,-0.0653961906836592,1.31221037236004
263,2,5,0,0.259942805690774,2.23356753178322,1.83435533036857,-0.0836047948800359,1.35124691400832
264,2,5,1,0.366659022075514,2.20670315530426,1.85685938804224,-0.868562003892242,2.72732958905358
265,2,5,0,0.438261478240666,2.14010906352262,2.28394302751301,-2.5737250853035,1.78018768744585
266,2,5,0,0.304045220946758,2.02199110777405,2.07632307978528,-0.393027877981937,1.43687496673329
267,2,4,0,0.482693557871194,2.18152548614623,1.95569418018628,-0.519289563627083,1.93309017356294
268,2,4,0,0.428399834851971,1.98794870274029,1.97359447879238,-2.95122874967802,1.74947465199039
269,2,5,1,0.37147828882896,2.0992325826092,2.22612129869041,-2.27644949292014,2.69194736293305
270,2,3,0,0.261082885514428,2.03939828664618,1.81397077396861,-1.97655090841591,1.35333176129801
271,2,3,0,0.481486811208373,2.33057727106202,2.1750150691698,-0.803741270177617,1.92859125209613
272,2,3,1,0.479883393111876,2.32754227873576,2.17992950752951,-1.91178337253983,2.08383956259738
273,2,3,0,0.388464751748488,2.65693015406146,2.27010563695564,0.142330297196945,1.63522871798343
274,2,3,0,0.500392040657146,2.23987548018133,2.15436192745128,-2.27414532431001,2.00156939316044
275,2,3,1,0.481098053469012,2.03376606710917,1.89951557210905,-1.31110464083005,2.07857835380831
276,2,3,1,0.506569301827082,2.47558982291527,1.84224496534062,0.99411598214174,1.97406356128021
277,2,1,1,0.310988822189772,2.1893444911937,2.06831562166954,-1.4125510283424,3.21554965531776
278,2,1,1,0.354918246937627,1.91486905341448,1.59920588501715,2.6919612376736,2.81755026299265
279,2,1,0,0.375944972293714,1.99620078949512,1.88744603553379,0.419298235275309,1.60242279222635
280,2,1,1,0.258153493337992,1.94397357537307,2.00023988845306,2.63778000710958,3.87366441208965
281,2,1,1,0.375529917926612,2.04841934458549,1.88058521164839,0.15015594628463,2.66290367894316
282,2,1,0,0.279879377846513,2.14882624643642,1.87439157344629,0.395119239141809,1.38865624624045
283,2,1,1,0.261109250714306,1.91156996402589,1.85977015965058,-0.791350365895617,3.82981452117971
284,2,1,1,0.183729232021096,2.196637681698,1.88930708202473,0.2951479322272,5.4427920315107
285,2,1,0,0.26231569981925,2.15253442766055,1.76781944109521,-0.177940316664984,1.35559344255392
286,2,1,1,0.30956507207955,2.18227984702664,1.7639727096676,-0.732638603590877,3.23033859499183
287,2,1,1,0.559186013072689,2.03070627199311,1.96378201058201,0.593949426613858,1.78831368564651
288,2,1,0,0.499636941507296,1.91139712053114,1.86084656084656,-0.227627739874033,1.99854881975581
289,2,1,1,0.258265353130165,1.98739554449461,1.78648253621635,3.20714819614782,3.87198665202298
290,2,1,0,0.553370044455828,2.13308661077322,2.00093150298728,0.165824481628459,2.23898999067719
291,2,3,0,0.409374712912705,2.16386195035214,2.15170619933673,-2.55658577995254,1.69312087014012
292,2,3,0,0.511237419219927,1.98532374785753,2.00266368683333,-1.37667618583004,2.04598314053417
293,2,3,1,0.286209727022573,2.11304584549911,2.10192312236559,1.96205809841324,3.49394134994276
294,2,3,1,0.455175876383965,2.17910645845383,2.46506971916972,2.92581526043685,2.19695298429315
295,2,3,0,0.217525767406872,2.13313545053808,2.09029334063127,-0.724693593195224,1.27799735549884
296,2,3,1,0.480687329024045,2.15064191360048,2.08943753335279,-0.247266146290866,2.08035440008442
297,2,3,0,0.280662318148908,2.40951655159163,1.92019773925198,0.079977864205651,1.39016768512206
298,2,3,0,0.304938185727805,2.11102176233812,1.87902218983472,-0.551843889124354,1.43872095900867
299,2,3,0,0.372582387504383,2.03138810553024,2.00839186870829,-1.03552529001435,1.5938347602682
300,2,3,0,0.284869875957376,2.06932949859801,2.0597692665572,0.0873864581728356,1.39834691111459
301,2,3,1,0.491599364427852,2.10368448414638,2.00018737093785,-0.103878258814915,2.03417675521987
302,2,3,0,0.320075586759628,2.1308138118882,2.18366649895443,-0.245003247360315,1.47075171964221
303,2,1,1,0.204373594984232,2.34483116581578,1.88117981298453,-1.51326417749391,4.89299999873836
304,2,1,0,0.215374457951612,2.01433010869444,1.70437365217003,0.557969374163261,1.27449330465249
305,2,1,0,0.272145068536477,2.12500035919478,1.97745094755171,0.94012203446449,1.373900150665
306,2,1,0,0.300877159147114,2.02355888530824,2.05058111802574,1.01429587283041,1.43036379526674
307,2,1,0,0.183231989498803,2.14277145911825,1.570976566994,-0.396994389065074,1.22433786233421
308,2,1,0,0.349947985172093,2.01007476092868,1.83366085393074,0.864643442504322,1.53833843629381
309,2,1,1,0.359514152277597,2.04077239734407,2.05359735103406,-1.99061222155805,2.78153166896154
310,2,1,1,0.453463332266838,2.17782722420231,1.61180439598715,-0.445037807430213,2.20524997027004
311,2,1,0,0.525976320667327,2.16715817577725,1.66100073940221,1.25287882868617,2.1095992533702
312,2,1,0,0.486955680522161,2.11717950811071,1.58920736879118,0.35014467113958,1.94914934643029
313,2,1,0,0.261220415237988,2.11961355456093,1.78390002956991,0.277387997082277,1.35358369482034
315,2,1,0,0.241845492722126,2.35632152292152,2.10864949945274,-0.217350777116597,1.31899235630803
316,2,1,0,0.514046580167712,2.23771960251078,2.09361413664308,0.345076403853111,2.05781039743505
317,2,1,0,0.257077896150776,2.12342553454599,1.74607922544666,-0.211211079165398,1.34603613867296
318,2,1,1,0.472249905809184,2.25178963749234,1.99471598272916,1.16579732026887,2.11752292101898
319,2,1,0,0.150286353519751,2.10569075533413,1.83736674088439,-0.928518085306737,1.17686705885245
320,2,4,1,0.339312178718316,2.04912415340923,1.89619756764794,-0.829385950845916,2.94713854297037
321,2,4,0,0.659951570628804,2.21367656018636,2.43017733085329,-0.135380793286285,2.94075759105596
322,2,1,0,0.48366872611022,2.44780420679394,1.92687376155885,-0.944810366789962,1.93674110124398
323,2,4,0,0.553983322677002,2.14822813051146,2.04044688013136,0.224556390896299,2.24206862846928
324,2,1,0,0.197754844726381,2.05210292915789,1.82241910038653,-1.41123919823795,1.24650176249295
325,2,1,0,0.335704578331423,2.25400135624626,1.86356340579261,-2.01521503287882,1.50535434594476
326,2,4,0,0.241970762518376,2.16274540330262,1.73338436271835,0.225071152933828,1.31921032930375
327,2,1,1,0.525492748195638,1.96142230415644,1.89532555795598,0.13309618729565,1.90297583255651
328,2,1,0,0.437196335440765,2.25602334279143,1.76810264550265,-0.0330136685793384,1.77681856564164
329,2,1,0,0.521382175954141,2.05404554994527,2.21029892337891,-0.42727646886764,2.08934968519723
330,2,1,0,0.426418503675774,2.15554008245477,2.00323014296505,0.118863526620222,1.74343141542825
331,2,1,0,0.331044360790208,2.09377286043088,1.81805582104896,-0.135539044109099,1.49486743423115
332,2,4,0,0.302861148868182,2.13849970075218,1.72175642875643,-0.696219350921548,1.43443447223818
333,2,4,0,0.414361528667411,2.46788921368327,2.44577326776537,-0.361536019416631,1.70753809551574
334,2,1,1,0.263453754603734,2.06758505492082,1.83058071417727,-0.85917823140283,3.79573258124227
335,2,1,1,0.222466798114971,2.11369346886324,1.78284886779887,-0.853089727603022,4.49505278303687
336,2,1,1,0.266585710919137,2.04330334999497,1.91669426072003,-1.06449729487798,3.75113878591688
337,2,4,1,0.367256788051452,2.1395467417921,1.89509168732222,0.0411987879938356,2.72289044759576
338,2,4,0,0.423521478264511,2.38446810495242,1.973962521897,0.256419706363829,1.73467000468552
339,2,1,1,0.343142348089682,2.30782326865725,2.29979156145327,-0.881697004192963,2.91424245817262
340,2,4,0,0.272529645567354,2.1450320551997,1.90701025641026,-0.0386568977787191,1.37462646265482
341,2,4,1,0.290755359296084,2.13800963648947,1.91022250127411,1.2274253605528,3.43931751566331
342,2,4,1,0.377961316100057,2.17620931604204,2.08715361072337,-0.319644411122352,2.64577340961336
343,2,4,0,0.296629526732264,1.96476979105552,1.75325900165544,-0.261598488960176,1.42172587278817
344,2,4,0,0.396466765489643,2.71786296296296,1.88334137824966,1.45951882675284,1.65690958313388
345,2,4,0,0.34175967495299,2.03310069001063,1.76062712212039,0.284213723058997,1.51920197221065
346,2,4,0,0.252455513890297,2.09547897061285,2.03067020828989,0.508819044334759,1.3377130305704
347,2,4,0,0.285207973889363,2.18881482417477,1.90987164197456,0.917882551148174,1.39900833175385
348,2,4,1,0.280491620731045,2.07052671257327,1.65592140466746,-0.376296634116546,3.56516888951514
349,2,4,1,0.306317904402551,1.84873142986875,1.75839702780283,-1.47798980307341,3.26458227099203
350,2,4,0,0.250992292921152,1.92443314666022,1.65771733850945,0.522461402898488,1.33509974670358
351,2,4,1,0.256827614724382,2.10159868450033,1.66885756282828,-1.73915916341971,3.89366229590678
352,2,4,0,0.397961698214335,2.32761368889095,1.90854731684163,0.678782419736671,1.6610238867427
353,2,4,0,0.28040657212096,2.07015612121996,1.69935757655724,-0.273304434097058,1.38967361465132
354,2,4,0,0.304777575468959,2.02340162054595,1.86803898135404,-0.121702015310656,1.43838858574584
355,2,4,1,0.278623671275191,2.18714092807028,1.98901698790613,-1.35506196974415,3.58907050295924
356,2,4,0,0.421947071342932,2.15262065472654,1.97566109815811,0.0870658417304889,1.72994539154606
357,2,4,1,0.353703372108121,2.20457924102682,1.99520360855284,-2.08063366225942,2.82722778140299
358,2,4,1,0.312822384380986,2.0814410957917,1.80431863321863,1.41397998574282,3.19670218606256
359,2,4,0,0.332625422709474,2.67186455026454,2.17181989247312,-0.492256102795848,1.49840889064115
360,2,4,0,0.239125160535614,2.02391136207164,2.07717537462538,0.522782357589897,1.31427660389447
361,2,4,0,0.250247489953936,2.36780845501138,1.68104236065042,-1.08537524558198,1.3337734607098
362,2,4,0,0.521015506529274,2.35485617096645,2.116366999871,-0.193554861265993,2.08775025837265
363,2,4,0,0.355571333529213,2.28185458171573,2.05984469540122,0.215361379708314,1.55176212982036
364,2,4,1,0.181426808988502,2.28390242905243,2.02326982281098,1.44839547098172,5.51186456717856
367,2,4,0,0.322425608528213,2.30660392275804,1.83524678192178,-0.510805813796332,1.47585270722505
368,2,4,1,0.197625329735194,2.16002934263449,1.7924335234328,5.74278728900243,5.06008010886024
369,2,4,1,0.350589840293243,2.23083818534502,1.89784156573274,-0.0416064464634747,2.85233593524437
370,2,4,0,0.306362526837538,2.10982588260957,1.87241551927604,-1.04019395793709,1.4416752823932
371,2,4,0,0.350614761854617,2.00465749672824,1.85864624955941,0.374466906949453,1.53991797358369
372,2,4,1,0.415176805820262,2.07601238067385,1.87256494738205,1.70923580949127,2.40861239351824
373,2,4,1,0.274959974434168,2.0509223428807,1.95499356556973,-1.14454285103717,3.63689297708828
374,2,4,1,0.362166567924358,2.28296757049648,2.29227316535497,-1.71809432025174,2.76116043988042
375,2,4,0,0.552541331632426,2.5599834696168,2.0292399155701,-3.00400706481359,2.23484328429309
376,2,5,0,0.219583762851578,1.96552317289221,1.58169084942571,-0.428009809103861,1.28136749647076
377,2,5,0,0.174972328032891,2.10707091301446,1.69962732322243,-0.681691870191395,1.21208055678388
378,2,5,0,0.412676601082955,2.15426003633864,1.81817210108599,1.06165427035162,1.70263946889206
379,2,5,0,0.242642941797587,2.01398573194553,1.84641498026563,-0.589231311820153,1.32038117182601
380,2,5,0,0.189543870544995,2.15278615540509,1.91546809257897,0.773782713995442,1.23387307919116
381,2,3,0,0.612070328454395,1.97787945279832,1.71855666521907,1.40217971336882,2.57778683444285
382,2,3,1,0.221076080520916,2.04388000346708,2.00343249682489,-1.56375038664945,4.52332969556782
383,2,3,1,0.246176484551344,2.16952815887816,2.20683377913801,-0.802879336946629,4.06212641236833
384,2,3,1,0.378040264926229,2.06360323796715,2.07115564563705,-1.94415057414791,2.6452208740123
385,2,3,0,0.452944247400332,2.08479787771389,1.79177924034552,1.08063393974012,1.82796725059172
386,2,3,0,0.436064997108719,1.97676070692618,1.7870744643195,0.951273921763346,1.7732540006792
387,2,3,1,0.33913470271129,2.06181480255473,2.00262246137077,-0.0669251427810959,2.94868083981165
388,2,3,0,0.41522146866149,2.29609009718078,2.03422635504592,1.38449759340148,1.71004909792273
389,2,5,1,0.306192544864328,2.01401240587145,1.91315016965381,-0.905857351615877,3.26591883693019
390,2,5,1,0.44075846692514,2.56821216931217,2.12259598290598,0.788780256517033,2.26881631333436
391,2,5,0,0.372229571829491,2.06986137145434,1.97682299931538,-1.57469247180136,1.59293900305923
392,2,5,0,0.423306513153523,2.02984513714608,1.90358092058801,-0.0745120504129622,1.73402339857917
393,2,5,1,0.35571790970435,2.15363592926807,2.12635935044963,2.42871629001542,2.81121633946162
394,2,3,0,0.550094853923641,2.03316462830725,1.9881973532366,-1.45304638659941,2.22269073541621
395,2,3,0,0.317129718225298,1.97647601556998,1.94126993094917,0.90661654172806,1.46440696965332
396,2,3,0,0.500156249413466,2.33596058805177,2.18310731120731,-0.814472189208245,2.00062519302595
397,2,3,0,0.411581165960476,2.1054791189326,1.98720264550265,0.627472008571315,1.69946973507791
398,2,3,1,0.363415940066952,2.11475044366568,2.13682274641068,-0.354418465341482,2.75166796430495
399,2,3,0,0.525934853594789,2.04717353828491,1.93273176788253,-1.42120969687686,2.10941472407938
400,2,3,0,0.483034923488674,2.14321159369564,1.87996737267634,0.0137795088273778,1.93436664377481
401,2,4,0,0.335107544752302,1.90472629531672,2.11105986765786,0.0630416701224707,1.50400262795501
402,2,4,0,0.444896453769538,2.55883511611845,2.14027626262626,0.588163441678373,1.80146570273365
405,2,4,0,0.215329652862894,2.17531847074899,2.02886155472208,0.501779385928624,1.27442053041577
406,2,4,0,0.425420334372892,2.28054802931751,2.17043664633527,0.378155164027066,1.74040269752425
407,2,4,1,0.544044179637638,2.33298558601892,2.0702556377316,-0.391865853717631,1.8380860184297
408,2,4,0,0.217756687756688,2.54477526455026,2.01867037037037,-0.255802894907367,1.27837462378835
409,2,3,1,0.400437287151974,2.01855759298462,1.8811736459421,0.159357535008342,2.49726993985073
410,2,5,1,0.412880281910178,2.34166111170863,1.84974092272092,1.48668179259946,2.42200958440915
411,2,5,0,0.528599561101809,2.07625254218159,2.11576131822863,-1.21295956247436,2.12133871223648
412,2,5,0,0.30343708452303,2.04984604956765,2.02244242288914,-0.434383782335469,1.43562049856652
413,2,5,1,0.474494676234505,2.15728983043621,2.06516003617827,1.17554856045371,2.10750520519177
414,2,3,0,0.548224764600994,2.23109483379325,2.03350598290598,-1.1617227802044,2.21349007569396
415,2,3,0,0.499399245243336,2.23312771870351,2.15528975585606,0.387857936506177,1.99759986475867
416,2,5,1,0.352380194520316,2.41423269607519,1.99426535754536,0.542254662197356,2.8378439411479
417,2,3,0,0.409336740696198,2.24923795518207,2.08173253968254,0.254457439403348,1.69301202376913
418,2,5,1,0.327236517546558,1.92716721093776,2.06988691235791,-0.0708472711227923,3.05589366216662
419,2,3,1,0.283810763846255,1.8720059216065,1.86741362748654,0.462572413506438,3.52347453792034
420,2,3,0,0.323472085619668,1.93894041056626,2.00981094238137,-1.00480756014798,1.47813560792381
421,2,4,0,0.355262881288294,2.25031029506556,2.15119998640651,0.289125900799033,1.5510197427413
422,2,4,1,0.358721215789042,2.66284769304769,2.15515873927501,-0.940221885881885,2.78768011476657
423,2,4,1,0.367303973025192,2.3086803192498,2.02745426361079,0.551542147773719,2.72254065689459
424,2,4,0,0.377314392194685,2.28652573960172,2.13442135642136,0.843356352004727,1.60594686542467
425,2,4,0,0.4459833975693,3.02563650793651,2.154411826953,0.980049276216725,1.80500005886572
426,2,4,1,0.303838579022961,2.28679404802587,1.9280866747182,-2.3161722327649,3.29122128998777
427,2,4,0,0.224026189872047,1.94068604247662,1.90876996222282,-0.108354172299203,1.28870328733789
428,2,4,0,0.220669231749393,2.03217899588449,1.83329832548378,-0.157590120616925,1.2831522130773
429,2,4,0,0.289101853926693,1.94417370520156,1.86570143745144,-0.157001512912459,1.40667127284487
430,2,4,1,0.214054317904318,2.26963602693603,1.95674721019721,-0.110824264964043,4.67171141320774
431,2,4,0,0.605161547023023,2.69582116402116,2.33360833969952,2.24430761358136,2.53268138515959
432,2,4,1,0.255425236075965,1.93154652777395,1.93778452469959,-2.36021255687355,3.91503993639295
433,2,1,0,0.374548803470382,2.27781223245169,1.93320898071222,1.16547284110182,1.59884577013939
434,2,1,0,0.349460034251003,2.26861336694695,1.76223749488238,0.418927309865587,1.53718457381577
435,2,1,1,0.291727153201553,2.0654534539017,2.14498260547456,-1.56007118579246,3.42786055060532
436,2,1,0,0.430530082605907,1.95013901307957,1.98285141870968,0.530495234458148,1.75601900900406
437,2,1,1,0.341995709564878,2.20909570924643,1.80873928344617,1.13356354809241,2.92401329031964
438,2,1,0,0.470112105073489,1.99235614428945,1.92815310633352,-0.0786284584717355,1.88719162972894
439,2,1,0,0.426979498540253,1.96866823005507,1.9469608416781,-0.0763856588142605,1.74513825849606
440,2,1,0,0.340472600090491,2.14824753832388,2.23148211441882,1.31883783549304,1.51623723311148
441,2,4,0,0.383817709509934,1.91304892985527,1.83732271955747,-0.216838786051283,1.6228963659515
442,2,4,0,0.420190705030349,2.11634574410874,1.87519912250235,0.534417139346442,1.72470501710798
443,2,4,0,0.377402737600564,2.13146495841193,1.97793301841777,-0.47776782587554,1.60617474632973
444,2,4,0,0.199490034341546,2.09636829519361,1.75839498401209,-0.217589681585674,1.24920368627448
445,2,1,1,0.204380214526419,2.03793563383149,1.790251770236,-0.852366189894537,4.89284152243972
446,2,1,0,0.213551517927769,2.00994091451985,1.98857906594224,0.415124781733741,1.27153910624263
447,2,1,1,0.41298412784129,2.07417349095379,1.98727513227513,-0.863219878065656,2.42140056381126
448,2,1,1,0.24935031698148,2.12489757885774,1.9164901508078,-1.21030502804252,4.01042201231399
449,2,1,0,0.259152158995136,2.36353968392936,1.78586813563068,-0.0869639241308552,1.3498048379862
450,2,1,1,0.472150533843004,2.08306103222954,1.85713710268199,-1.33532385987321,2.1179685890867
451,2,1,1,0.397333713642014,1.93379449739464,2.02265556518549,-1.64600866056353,2.51677611455083
452,2,4,0,0.404119613137644,2.0899459491685,2.23012453842454,0.850521288619978,1.67818915011712
453,2,4,0,0.155338530576386,2.08924403959511,1.84576295449694,-0.532459927597982,1.18390625854212
454,2,4,0,0.176019114083956,2.39802230621231,1.62947118963412,0.119036996260829,1.21362038500234
455,2,1,0,0.2575471899468,1.97195038217566,1.86721848724891,-0.142511559094676,1.34688694885315
456,2,1,1,0.260750018915016,2.14271031275658,2.11669515640496,0.804811924044411,3.83509080521265
457,2,1,1,0.251637028951899,2.14033142325189,1.78828771211154,1.8139555596823,3.97397793228258
458,2,1,0,0.257723721813136,2.08091865332,1.81144100917143,-0.160463445934322,1.34720727226077
459,2,1,0,0.279790197144961,2.30752824293217,2.04343290806961,0.625730898722457,1.38848429448728
460,2,1,0,0.285147190676482,2.13514106422213,1.96946482377463,-0.442925300010907,1.39888937548741
461,2,1,1,0.201887742004896,2.12429664515616,1.77361608331756,0.77065505980084,4.95324773098779
462,2,4,0,0.199255032755585,2.164387411592,1.74335176113768,-0.215742556752213,1.24883707161005
463,2,1,0,0.394126973593198,2.06494615557508,1.96535358401676,0.00760176247607909,1.6505108437169
465,2,2,0,0.352410439285474,1.97177937745141,2.03165028937609,0.0162929664781062,1.54418795586612
466,2,2,0,0.452131525310035,2.35928398898485,2.01068901283901,0.915608668187101,1.82525559727796
467,2,2,0,0.360677449162364,2.2404672781495,1.80975080660081,-0.575973439353383,1.56415568118129
469,2,1,1,0.469633606393607,2.42779215969216,2.03954299852195,-1.18222200889433,2.12931950862538
470,2,2,0,0.374064787225883,2.14534777798525,1.99478845350052,0.614186134070142,1.59760943240123
471,2,2,0,0.276928366955974,2.02125150624833,1.97529285465492,0.444428224861574,1.38298884135469
473,2,2,0,0.415626885706886,2.21015132231282,2.02081984126984,0.170286915445075,1.71123546847231
474,2,2,0,0.242040183542344,2.20070054829156,1.86430074555074,-0.0716093165781885,1.31933115488038
475,2,2,0,0.400030945147465,2.17750131630821,2.02956216682423,0.147911636273365,1.6667526298432
476,2,2,0,0.469409935687173,2.03480122199907,1.95128507136295,-0.0179264904826822,1.88469416835973
477,2,2,0,0.342237345722918,2.30530378104371,2.00409730639731,-0.343819949442157,1.52030522483685
478,2,2,1,0.374551196468814,2.28708037631266,1.92394150785358,-0.160073191821326,2.66986198262822
479,2,2,0,0.306493432290095,2.15187517066568,1.88588200809408,0.433651983690337,1.44194741125841
480,2,2,0,0.578709019655307,2.034389343503,1.90652286591404,-0.0462379948835759,2.37365632461871
481,2,2,0,0.486309978267919,2.0762360990861,1.90657835312835,-0.67014874903455,1.94669928885938
482,2,2,0,0.220934043611352,1.98415681954464,1.758336002886,-0.246156938812918,1.28358836860937
483,2,2,1,0.446667737330377,2.14387038166019,1.88483617247444,-0.747472230502718,2.23880060372561
484,2,1,1,0.37010732882771,2.36503248117832,1.75957617576394,-0.856490267350653,2.70191893569747
485,2,1,0,0.426387061206237,2.04594040652774,1.9939586055841,0.609219706572288,1.7433358496112
486,2,4,0,0.372168405013251,2.08341016226304,1.97982939422867,0.0292735880207824,1.59278381015709
487,2,4,1,0.657268325956565,2.00479565653037,1.97021230668658,1.02503618829003,1.5214486390237
488,2,4,0,0.391165903937176,2.11701830434557,1.9948706211671,-0.477441564363209,1.64248357059295
489,2,4,0,0.47784818338777,2.04662568118156,2.16259251478369,-0.433121847180324,1.91515181635888
490,2,4,1,0.454019206332178,2.15717549331648,1.95263326886479,1.36815203130511,2.20254999359732
491,2,4,0,0.403308545088256,1.86831902086511,1.93260687504503,-1.27366937518854,1.67590802879506
492,2,4,0,0.325749599339151,2.08422444294965,1.88579373268057,-0.567891210610679,1.48312852171816
493,2,4,1,0.366536428195487,2.0485740080861,1.86978665943134,0.176466128359026,2.72824178738018
494,2,4,0,0.24882569847638,2.15638826003453,1.82198675427886,-0.569959448752261,1.33124894977329
495,2,4,1,0.453749422178607,2.22861977151588,1.88260123672325,0.647331703420266,2.20385955578446
496,2,4,0,0.303708586985689,2.08886988178755,1.77881766381766,0.296307715858862,1.43618028502019
497,2,4,0,0.376587879908344,1.75971503538323,1.89679509700362,0.286336654037753,1.60407532637155
498,2,4,1,0.271426940329052,2.34716337503689,1.91182986898272,1.11758332614981,3.68423266602679
499,2,4,0,0.496443666103925,1.95908745015364,1.76885501227534,-0.933438029761354,1.98587512992416
500,2,4,0,0.327367191703714,2.31771492746249,1.83321234197411,0.483407770304206,1.48669524838211
501,2,4,1,0.51136319019846,2.25091627700931,2.03512552910053,-0.936333152008817,1.95555726178081
502,2,4,1,0.5633476052309,1.92033886482241,2.09496829411053,1.18945290106237,1.77510295724099
503,2,4,1,0.436241100669997,2.14213005888924,1.93108855311355,1.47513183374547,2.29231037255352
504,2,4,0,0.473132776332929,2.65634651934848,2.196190775003,0.785597435706631,1.89801140606139
505,2,4,0,0.472366004050808,1.98277756742337,1.75489206146232,-1.52402848479434,1.89525316351355
506,2,1,0,0.473688154286598,2.06599185562008,1.96377788803331,-0.610166581404311,1.9000142370813
507,2,1,0,0.347577257615844,2.2148451284565,1.95702546356056,0.582400067154808,1.53274853103019
508,2,1,0,0.462811978484943,2.3413824338066,1.89183709106985,0.185953626216026,1.86154560405061
509,2,4,0,0.383186056202274,2.06372551695782,2.04415868728133,1.16457012275272,1.62123442580269
510,2,4,1,0.435140493845235,2.44986341251341,2.05474455067051,-2.05300000032816,2.29810834464803
511,2,4,0,0.46492561540037,2.07635563826629,1.87938754976907,0.568699234385703,1.86889903307229
513,2,4,1,0.409398154408401,2.10904530668078,1.95124205869786,-0.0387066160682052,2.44260993663991
517,2,4,0,0.323480163246715,2.18678901191401,1.99679920634921,0.0861129807340234,1.4781532568197
518,2,4,0,0.483230870655837,2.12867877550917,2.05067822933771,0.171005766710418,1.93510011186061
519,2,4,0,0.390694182084755,2.14906794797458,1.91153303934252,0.00711719149824896,1.64121196712272
520,2,1,1,0.434660803144609,2.10646947883932,2.17162001424501,1.20407690935103,2.30064453193242
521,2,4,0,0.585338611117382,2.49567654688683,2.00199255347801,-0.102176083808272,2.41160625708288
522,2,1,0,0.450099064513959,2.18889289673176,1.93489056415333,-2.33517798213436,1.8185093631749
523,2,4,0,0.238913796059189,2.01418982683983,1.89381095571095,-0.101734692892093,1.31391161056674
524,2,4,1,0.443402371788521,2.22447167912831,2.14035889324041,1.10286276253627,2.25528789114585
525,2,4,1,0.449276525008956,2.47457097036458,2.01293901812447,-0.490431627727748,2.22580069141174
527,2,4,0,0.359886210297449,2.21435608101512,2.03512268280287,0.676379186861031,1.56222224249329
528,2,4,0,0.424434849864855,2.49917206291764,2.21462470300489,1.16186647535073,1.73742277440737
529,2,4,0,0.403761432503447,2.23070076035076,2.01233309283309,-0.949561404525342,1.67718100524549
530,2,4,1,0.355084097168495,2.16821166214912,1.93921199742523,-0.0578064092120143,2.81623426105021
531,2,4,0,0.430689625343725,2.33105778062571,1.9086212972213,0.159070187408657,1.75651111329871
532,2,4,1,0.471014284298166,2.15788788654013,1.94895681344799,-0.100562413682868,2.12307786268106
533,2,4,1,0.2080186369395,1.96989573371052,2.01085955001884,-1.61366140581674,4.80726157383119
534,2,4,0,0.422734244558118,2.02905367942402,2.1115909127211,0.710301844901237,1.73230438593144
535,2,4,0,0.256628858670252,2.0352112897673,1.74227021100566,0.202833646150843,1.3452230580423
536,2,4,1,0.361537250598507,2.1892644190595,1.88224936218752,0.940668191255471,2.76596671116061
537,2,4,0,0.450564278816312,2.07703391855058,2.05692615055211,0.120097747552325,1.82004911847673
538,2,4,0,0.334766494629053,2.03947933543371,1.89385956020187,-0.58735037888772,1.50323155993531
539,2,4,0,0.311245709479562,1.96948887731301,1.83002057494163,-0.183767297102776,1.45189658164507
540,2,4,0,0.257213245500907,2.01752233970744,1.55048039446438,-0.892212415385417,1.34628141110885
541,2,4,0,0.482235440343664,2.41003445113824,2.23229178534831,-0.673396937103451,1.93137977744893
542,2,4,0,0.447634717674883,1.95170204168085,1.87892032549512,-0.160220155683316,1.81039618527547
543,2,4,0,0.309135607570473,2.09707536432763,1.89838683674999,0.42431173466973,1.44746206485379
544,2,4,0,0.237661862883883,2.11240322144751,1.88020811535579,-0.959252324186438,1.31175386788721
545,2,4,0,0.40274704789982,2.1076693781319,1.85584811532239,-0.0715469288722828,1.67433245241166
546,2,4,0,0.368198155885343,2.22206175582873,1.83647331400286,-0.561706284059347,1.5827747407121
547,2,5,1,0.349955610255397,2.1890399456757,1.89350819172208,0.00876914923865357,2.85750526836875
548,2,5,0,0.268130552549278,2.25612288956241,1.75900434448,-0.147161472199334,1.36636391023459
549,2,5,0,0.310476651451738,2.03691107296495,1.97346180627268,-0.0099179786761918,1.45027721266499
550,2,5,1,0.367093128208141,2.19663895167634,1.98810357383357,-0.176128271165245,2.72410438430491
551,2,5,0,0.446022918513576,2.17712563189883,1.89660040288172,1.24262857420782,1.8051288282844
552,2,5,0,0.293919027711454,2.57503931560866,1.88792356785357,-0.816884647717124,1.41626816080145
553,2,5,1,0.298339680126326,1.91895886420416,1.84468927852213,0.446313936469989,3.35188399872444
554,2,5,1,0.318904752480918,2.00854581879687,1.86988287428353,-0.775894613329628,3.13573251016331
555,2,5,1,0.382267626147502,2.21564036685939,2.22966565515095,-0.586772789917471,2.61596832061876
556,2,5,1,0.323768302398998,2.16233068796867,2.1746619047619,-1.55667734374586,3.08862848089324
557,2,5,0,0.227912655369656,2.32663809111151,1.81309417634872,0.341244638675839,1.2951902488167
558,2,5,0,0.455960591262709,1.87110377429512,1.7941229363815,0.298795446570895,1.83810213734514
559,2,5,0,0.467893306758785,2.03283675088259,1.82261002706859,0.477924898533533,1.87932234775833
560,2,5,1,0.274029763363368,2.30275196050752,1.8793651466408,-2.4159872037135,3.64923863643959
561,2,5,0,0.46459582999702,1.96850633067612,2.02434133514634,0.619595395069662,1.86774787352596
562,2,5,0,0.409122342176635,1.97561398018845,2.01506061450118,1.12644093567302,1.69239771847819
563,2,5,1,0.369529903161926,1.98165917617467,2.20691802852511,-2.13878445704576,2.70614094135111
564,2,5,0,0.438652418941444,1.9982741797975,2.13628561733769,0.728746170030719,1.78142746801235
565,2,5,1,0.265735392231353,1.98287168078086,1.97438079668869,-3.67522412766545,3.76314194207667
566,2,5,0,0.408941665536098,1.96391393420473,1.92821025817599,0.467203144171452,1.69188038082064
567,2,5,0,0.370288321257346,2.33485135601913,2.08429795566184,0.81054283131278,1.588028352907
568,2,5,0,0.331283962430382,2.22938158688235,1.90039320574386,0.51249722501029,1.49540304676167
569,2,5,1,0.324840341120267,2.14163654647158,1.98141924704925,-1.12916277983004,3.0784353832142
570,2,5,0,0.436885023650584,2.38801389230374,2.01863207617096,-3.23200521525903,1.77583627145355
571,2,5,1,0.374161124940388,2.2360319164246,1.84075064077629,0.921217579318302,2.67264537479494
572,2,5,0,0.194850668783059,2.14728102269276,1.72486742117532,-2.30949912101659,1.24200562706617
573,2,5,0,0.441482593405228,2.39046297933745,2.00292211736479,0.311565333692868,1.79045449289917
574,2,5,1,0.338190491260234,2.10089738420754,1.85223572051137,2.15954012553923,2.95691341372017
575,2,5,0,0.583144216217719,1.96479181363857,1.86790912164367,-1.78061812361045,2.39891117960903
576,2,5,0,0.356964457328754,2.26706861645398,2.04450719087108,-2.39910993237086,1.55512399181837
577,2,5,1,0.4429703184151,1.94826062938277,2.00197952137625,-0.703245718884507,2.25748759776477
578,2,5,0,0.246152703337003,1.97316629097627,1.9971757989558,0.430590025899221,1.32652860125204
579,2,5,0,0.233635822463339,2.00057139475481,1.86313138528139,0.298259802542085,1.30486266100579
580,2,5,0,0.617694554709989,1.84149349269931,2.05184931201944,-0.204251163796343,2.61570953885162
581,2,5,1,0.185678547062779,2.26251547697205,1.9174175479432,-1.69555486249329,5.38565179348315
582,2,5,1,0.356162232307873,2.0237065036098,1.98701077748489,-0.936128854512639,2.80770926642099
583,2,5,0,0.305960766925958,2.24281242684734,2.1013506722689,0.208392281441797,1.44084073687131
584,2,5,0,0.34584526562705,2.08460667695886,2.15262812550053,0.706922290087693,1.52869030437969
585,2,5,0,0.295059964663831,2.02628043396669,1.86983677131677,-0.119163280419739,1.4185603737531
586,2,5,0,0.234663032398172,2.06423579219312,1.81773941539941,-0.162564991126549,1.30661400446066
587,2,5,1,0.270968537869119,2.06772309610482,1.97818507450771,-0.00903079495064257,3.69046535019875
588,2,5,1,0.385495580293438,1.99502122453113,1.90453937241937,-0.707538746957709,2.59406346303323
589,2,5,0,0.573883123738887,2.15939537199632,1.97296344846555,0.187632988882243,2.34677398551853
590,2,2,1,0.373095786143009,2.00709441961887,1.98674033754241,0.0151854843031829,2.68027685420359
591,2,2,0,0.411477979533766,2.15365971256546,2.05759114959115,-0.401364906219943,1.69917176456335
592,2,2,0,0.477125554901247,2.46515041837967,2.06425100357888,0.488703094443691,1.91250501793243
593,2,2,0,0.133998307791534,2.10290621926772,1.80311310093415,-0.180963998028628,1.15473215467953
594,2,2,0,0.346120957265376,2.03428188841759,2.02356164206164,0.0417082399191524,1.52933483816494
595,2,2,1,0.329512733634155,2.06207775499354,1.82336575276575,0.297334800231616,3.03478408549231
596,2,2,1,0.577568842681865,1.98833297563576,1.97881253746254,0.0271634356297345,1.73139533524113
597,2,2,1,0.331604863252817,2.31896755096755,2.1291917989418,-0.579371361916741,3.01563731662643
598,2,2,0,0.2944759685865,2.16267500995753,1.80134258626364,-0.130759115465661,1.4173861632984
599,2,2,0,0.416373894871187,2.05847817585335,1.95106356084003,0.563925316054715,1.71342575531176
600,2,2,1,0.43724959729361,2.17780309176691,2.02698083213083,1.31215412386483,2.28702326128961
601,2,2,1,0.288869028665712,2.21796948658065,1.91296185666185,-1.15762651790698,3.46177644802909
602,2,2,1,0.417529480923677,2.20935696053659,1.91955647685648,1.49955864889514,2.39504045986826
603,2,2,0,0.482047787524182,2.03105156632053,2.12447324278531,-1.13374771298118,1.93068004328042
604,2,2,1,0.348487915721609,2.30642033064402,1.97163925333925,0.703114538803259,2.8695399607453
605,2,2,0,0.301036064393696,2.23637072557073,2.07257852332852,-1.25630818987592,1.43068897987214
606,2,2,0,0.39563586466252,2.01127604095594,1.82996178451178,-0.714200431427975,1.65463160622792
607,2,2,0,0.422136716616716,2.40775105177474,2.01143121693122,-0.267538995878114,1.73051313131574
608,2,2,0,0.402792622498166,2.5060180787612,2.02036312761313,0.361652195119801,1.67446022549668
609,2,2,1,0.413220061942423,2.1925025291233,2.0911733231112,0.484702384719028,2.42001802937471
610,2,2,1,0.439254397603314,2.22200062812775,2.06471072631073,1.2131139999774,2.27658506199656
611,2,2,0,0.272052689359893,2.33249381587911,1.90330891171204,-0.430338170951561,1.3737257977101
612,2,2,0,0.245001409720316,1.95015545884479,1.76885295107942,-0.247321890843614,1.32450578434796
613,2,2,1,0.397220773190192,2.09216926877602,2.24034312169312,-1.29605186171282,2.51749170107272
614,2,2,0,0.350320407480309,2.03614311651438,1.88603654454246,-0.0944743542902695,1.53922027336835
615,2,2,0,0.353908976988791,1.95596113145486,1.95726507687715,-0.0668580735141324,1.54776953151174
616,2,2,0,0.356595052959603,2.06125038619661,2.11139651274651,0.145343383702426,1.55423113328536
617,2,2,0,0.391370715512347,1.87843839581834,2.08681306807887,0.00864454543301243,1.64303628742052
618,2,2,1,0.298732084707338,1.90021212830688,1.74785590167486,-0.424135654301247,3.34748107482222
619,2,2,1,0.358715484189014,1.94418807054086,1.93873097010202,1.09458563711801,2.78772465666155
620,2,2,0,0.371947042386233,2.13720310605574,2.22962433862434,0.310879094111086,1.59222241990455
621,2,2,0,0.31449269793502,1.88117215682494,1.91247632844738,-0.628296645387575,1.4587736658496
622,2,2,0,0.393229797327871,2.12638603445329,1.84773554071201,0.478999380563833,1.64807038248771
623,2,2,0,0.458376688981088,2.03757349661576,1.91360435685173,0.560836743593043,1.84630162634393
624,2,2,0,0.280415370740371,2.30393333333333,1.91898306878307,0.0374230338427893,1.38969060668915
625,2,5,0,0.275957745834114,2.24355133238876,1.91576966434532,-0.912161007568796,1.38113486367177
626,2,5,0,0.348687159632839,2.22658659116378,2.03291879273765,-2.91649667408057,1.53536048734472
627,2,5,0,0.397269670562736,1.90665770010787,1.79592363733746,-3.58383338705125,1.65911677438506
628,2,5,0,0.3286909975612,2.15563780449964,1.91902631155337,-0.501311546406215,1.48962697709564
629,2,5,0,0.357433417665925,2.30435676897579,2.13504396202926,-1.25191381694201,1.55625895820411
630,2,5,0,0.422402512290411,1.93147883834494,1.96601152486207,-0.0840986495137373,1.73130946944629
631,2,1,0,0.367395706801808,2.07238548987992,1.76790952380952,-0.190051371330503,1.58076701462838
632,2,1,1,0.461515266350657,2.02350481936286,1.79891388096195,-0.511140970301263,2.1667755606598
633,2,1,1,0.456382290708097,2.50058333333333,2.06245423280423,-1.30535724280316,2.19114549438028
634,2,1,0,0.423437108084554,2.40763132107544,1.91132387875282,0.78883363213529,1.73441616521282
635,2,1,0,0.398252428348235,2.20853340218984,1.85738201058201,-0.558547211753681,1.66182639882543
636,2,1,1,0.47364256692819,2.23996002244404,1.93023465608466,-0.162430024287818,2.11129672420598
637,2,1,0,0.409884657230464,2.28794363253494,1.85476931216931,-1.63981362603633,1.69458396947754
638,2,1,0,0.417072795851617,2.40105407436876,2.1689505922373,1.02772347820912,1.71548006832334
639,2,1,0,0.499546284272078,2.21809558068425,1.83785687830688,0.721619265078258,1.99818678245895
640,2,1,0,0.353808456140534,2.49194226819879,1.72579250440917,0.510987966306716,1.54752876217997
641,2,1,0,0.330524705881664,2.15575775675581,1.74296724386724,-0.180134045765406,1.4937070998519
642,2,1,0,0.203061597668471,2.33493372190892,2.14671526222507,0.650324460681344,1.25480212407181
643,2,1,0,0.346315466953492,1.94589502782134,1.5634135384748,0.0446792388617995,1.52978990544488
644,2,1,0,0.629840602417323,2.13671276546732,1.56720126850274,0.700336308792303,2.70153886820243
645,2,1,0,0.163720280757801,2.08889540587357,1.88489603072534,0.300889993195544,1.19577215253547
646,2,1,0,0.54424301840196,2.15081346547001,1.83232306626962,-0.718966695193369,2.19415179662999
647,2,1,0,0.475662750615523,2.32145835940834,2.12183976901912,1.04918014269781,1.90716948142423
648,2,1,0,0.355573513577925,2.07344951769955,1.87993605098605,-0.0795369011205035,1.55176737932065
649,2,1,1,0.308414043249261,2.11348867395481,1.77586877692025,0.389101949734938,3.24239450793036
650,2,1,1,0.209140048435205,2.22527793668979,1.87692166999667,-2.94751573294786,4.78148497852058
651,2,1,0,0.401082609136895,2.07545566087752,1.94696306304348,-1.11562540581136,1.66967935020035
652,2,1,1,0.64995834041003,2.04564032127716,2.04743597883598,0.954519315878275,1.53856014736136
653,2,1,0,0.211614009928503,2.08280867475011,1.8331328023828,0.278164567879105,1.2684142191686
654,2,1,0,0.274530379035559,2.16751626136172,1.81328778170522,-0.582793628602612,1.3784174707007
655,2,1,1,0.335179268937667,2.2263158041033,1.97533892133551,-0.177401095271597,2.98347807479099
656,2,1,0,0.428930483435506,2.22037346786061,2.20377951386754,0.369302091003974,1.7511002968884
658,2,1,0,0.362102176845177,2.1685739263938,1.78690637516892,-0.117402773583707,1.56764918095243
659,2,1,0,0.392119203418826,2.10934134802819,1.95638684463684,0.0269185056642853,1.64505936957405
660,2,1,0,0.242383216889739,2.21004144382524,1.65159673386417,-0.721181191328262,1.31992852097954
661,2,1,0,0.349573112276302,2.15139145856325,1.80349277087198,-0.627625553545212,1.53745181645197
662,2,1,0,0.338367861835738,1.93429411298271,1.89647703222703,-0.137125870681745,1.51141388442006
663,2,1,0,0.456283836439935,2.31265121437517,1.97342109416159,-0.377268568110261,1.83919490907231
664,2,1,0,0.407787196270756,2.12450183369051,2.09853121693122,-0.378599770211877,1.68858220170666
665,2,1,0,0.536958419489008,2.23584232026144,2.10287333485228,0.376363934544107,2.15963326424475
666,2,1,0,0.106528058730815,2.20891817630842,1.56664283055165,-0.781524438289194,1.11922932753713
667,2,1,0,0.292167533782152,2.53991467265526,1.87563903863542,-0.843346247563013,1.41276368028622
668,2,1,1,0.428765998588917,2.45200189398967,2.02094716647637,4.18463970729906,2.33227448839468
669,2,1,0,0.297067592647388,2.22093479255049,1.7041475794773,-0.202482750454125,1.42261188919459
670,2,1,0,0.347267738927739,2.34242376351507,1.99902227032227,-2.88284428672347,1.53202171799701
671,2,1,0,0.450025810959105,2.31982393523012,1.89523578351473,-1.66132994491853,1.81826714767089
672,2,1,0,0.467909130029768,2.19232626214922,1.87204842180237,-3.71758051902636,1.87937823487921
673,2,1,0,0.55689014959418,2.12780600127476,1.64353907514055,-0.195837316280784,2.25677673173854
674,2,1,0,0.272433441990514,2.17327700933121,1.9365463834511,-2.28931212635637,1.37444470061385
1,3,4,0,0.614782164576044,2.38609919166837,2.14753950395701,2.49435078923061,2.59593380171362
3,3,4,1,0.687660859140859,2.10366611156502,1.884227561821,0.433653400368468,1.45420520407308
4,3,4,1,0.516993237320174,2.09080965022431,2.12188921766841,-0.849439785887056,1.93426127812326
5,3,4,1,0.699645598705717,2.30424934590689,2.01365765617516,0.166319177355183,1.429295062886
6,3,4,1,0.444269524919525,1.99521272829646,2.04760089075438,-0.0547560103570031,2.25088587874926
7,3,2,1,0.642456857164541,2.26491883597883,1.9370487012987,0.807798287613787,1.5565247515817
8,3,4,1,0.627509099549981,2.18461573056573,1.970433903532,-1.22946681757102,1.5936023887417
9,3,4,1,0.493767110773656,2.1931909475591,1.95647969898319,0.526510169229079,2.02524627133054
10,3,4,1,0.527754988189199,1.98811071931494,2.1515540135575,-1.38693651937436,1.89481866089251
11,3,4,0,0.750003873903874,2.11002383951331,2.07844037999038,4.4085807016069,4.00006198342245
12,3,4,1,0.856251430111108,2.43454169246646,2.16810723905724,-1.63064500883646,1.16788126108033
13,3,4,1,0.438413095999641,2.22827007493545,1.94197686157379,-2.43489887813077,2.28095376056197
14,3,4,0,0.611910582767064,2.38476070479629,2.12425600550411,-0.127990466284669,2.57672576369117
15,3,2,1,0.533623647117088,2.2416983176531,2.10842324580269,0.288201916183613,1.87397992087217
18,3,4,1,0.614975319980771,2.23519803090887,2.1611675362649,-0.336102046181908,1.62608151499684
19,3,4,0,0.754635480575869,2.31758795648796,2.06162669552669,1.03839033165423,4.07556888154406
20,3,4,1,0.511646659560594,2.29218675135734,2.11481952861953,-1.05327025773024,1.95447381765144
21,3,4,0,0.559509230168716,2.16267052127587,2.1352753028734,-0.414833103021098,2.27019512890819
22,3,4,1,0.460833534565792,2.34276461797321,2.03238570546792,0.342671712703602,2.16998096925004
23,3,2,1,0.76621351056351,2.71864576719577,1.95935899470899,-1.14128516328396,1.30511924706803
24,3,4,0,0.400613003663004,2.25484106760658,1.97297939003288,0.143307819202136,1.66837119609076
25,3,4,0,0.410255944055944,2.05840646103668,1.84584892144892,-0.678737519742971,1.6956508334776
26,3,4,1,0.39579807969808,1.90081479751099,2.0419475949976,0.0351504869367563,2.52654080778465
27,3,4,1,0.579422997937734,2.55165466518746,2.05034734567955,-0.0129145759320144,1.72585486520068
29,3,4,1,0.516744192557332,2.12159140799006,2.04919588646339,-0.167599080989859,1.93519349496908
30,3,1,1,0.487691542854309,2.09458253968254,1.95048457283457,-0.0425677519181994,2.05047640184061
31,3,1,1,0.602308339825454,1.89978383838384,2.04116503850327,-0.480390651728298,1.6602791857237
32,3,1,1,0.514848452027007,2.01205917287626,2.13554789590676,-0.787228260567415,1.94231913500547
33,3,1,0,0.510446452333952,2.03452760768471,1.9691608630491,2.04783948707659,2.04267746555512
34,3,1,1,0.858673259811815,2.1149690577981,2.1122767183044,-1.29803571439763,1.16458733118015
35,3,1,0,0.326957272535256,1.87636873496873,1.82909798518622,1.25482895237145,1.48578977112918
36,3,1,1,0.591019856569579,1.89317536446913,2.12211621695445,-1.66966915948193,1.6919905293948
40,3,1,0,0.794974093636859,2.33364177283817,2.1851913923578,3.10467561711994,4.87743240714569
41,3,1,0,0.46504404687203,1.94217573352573,1.84047498487498,0.413311871076394,1.86931278015105
42,3,1,1,0.659710022841755,2.42931851851852,1.88339582824583,0.641372956755436,1.51581750371537
43,3,1,0,0.778114841193397,2.09871561388907,2.15276685967572,-5.51016821839286,4.50683590276359
44,3,1,0,0.801704391117157,2.36190180452761,2.22687980238831,-3.35293589880754,5.04297601764252
45,3,1,0,0.525459588697354,2.01240343915344,1.88906318605142,-0.799636489494025,2.10730208888835
46,3,1,1,0.637923741871263,2.5240364997965,1.92041811691521,0.0436615180154731,1.56758548767386
47,3,1,1,0.796561095282557,2.12054680571307,2.18860155092963,0.668216011650811,1.25539648612299
48,3,1,0,0.560193289527907,2.47195111111111,2.08218158492868,-0.0745906658394777,2.27372610783176
49,3,1,1,0.786121917793379,2.09443518276315,2.09604421001377,0.727479205574381,1.27206731852353
50,3,1,1,0.769951461824227,2.12020585684713,2.0301865304725,1.60248580865469,1.29878316956594
52,3,1,1,0.698730027702794,2.37874194522253,1.97106195542047,-0.366264788748414,1.43116791944335
53,3,1,1,0.783191348604115,2.35528810968444,1.9693725333585,-1.62363677317805,1.2768271786739
54,3,1,1,0.730729754642521,2.35798003925584,2.06167434821032,0.0754582660084913,1.36849497867951
55,3,1,1,0.634723481605213,2.47467374847375,1.87597823472824,1.69735172704579,1.57548921535249
56,3,1,1,0.531746601143553,2.48827268443646,1.78822443480159,-0.928649180742852,1.88059500117056
59,3,1,1,0.730440829678596,2.02887812650313,2.13243075688076,0.834940975715584,1.36903628517044
60,3,1,1,0.736343641866408,1.99217835682836,1.79389043532867,0.986995934725071,1.35806156683217
61,3,1,1,0.668886785915342,1.95414651318301,2.17722922394691,0.954802118331482,1.49502131161336
62,3,1,1,0.747019704692471,2.05077855940356,1.87246461670285,-0.00758834805303699,1.33865277410811
63,3,1,1,0.73432406685205,2.13573318581446,1.92009721365501,-0.106824631292571,1.36179657611777
65,3,1,1,0.541036041182311,2.09007207792208,1.80738729833439,0.0733223752123822,1.84830570217601
67,3,1,0,0.700760167025957,2.06578373025055,1.97126431444352,-2.10255066767663,3.34180108998638
68,3,1,0,0.469595593248479,2.16395677840678,1.84899153113863,-1.26275127970094,1.88535386823902
69,3,1,1,0.801697079166045,2.51722830687831,1.78158413547237,0.784151641989157,1.24735392704716
71,3,1,1,0.591355355755356,1.98495091172995,1.89904734214734,1.21216419466182,1.69103059652292
73,3,1,1,0.667851814914051,2.13431288329159,2.0777897367093,-1.17122611923466,1.49733814847639
74,3,1,1,0.658927867967887,2.44568968253968,1.92842621143507,-1.92625868373434,1.51761679633306
75,3,1,1,0.75516896991897,2.24242198965751,2.10618998564788,-0.276849521251206,1.32420695213059
76,3,1,1,0.802472577422577,2.14133306569477,2.09226902356902,-0.164044947598399,1.24614850168694
77,3,1,1,0.806038862248862,2.11414304256208,2.08215585585586,-1.37454758489425,1.24063497039086
78,3,4,1,0.63769919072773,2.37515524524194,2.14115598747349,1.11278622512735,1.56813747694868
80,3,4,0,0.464824603827545,2.44710243218654,1.98122151595372,0.369550673829419,1.86854628809909
81,3,4,0,0.565188402533139,2.35915500359816,1.96416952861953,-1.1022151460822,2.29984665962415
83,3,1,1,0.843297552447552,2.22023226310726,2.02275471380471,0.566086807066195,1.18582106291859
84,3,1,1,0.537618260483478,2.01381758241758,1.85837409426233,1.34802585397134,1.86005586770937
85,3,1,1,0.867776779302568,2.03606988289488,2.04092127314843,-0.0423050607191519,1.15237008393299
86,3,1,1,0.774193710838465,2.35043443638821,2.11360102413818,0.477542892782864,1.29166639563241
87,3,1,0,0.693672464307219,2.29953056803434,2.02918330989217,0.707464179399456,3.2644796287687
89,3,1,1,0.830265993000747,2.42806180531558,1.9688547384636,0.381260848353163,1.20443328816323
90,3,4,0,0.511109494962402,2.22658918780688,1.98892394823675,2.27125889613701,2.04544778369769
91,3,4,1,0.798350865800866,2.53367883597884,2.14486471861472,-1.40532380006772,1.25258209496253
92,3,4,0,0.483227448323111,2.35890809583371,1.87561853698134,2.14631623469095,1.93508729663577
95,3,4,1,0.404404630879117,2.06714366651867,2.085310191623,-2.66555692599387,2.4727708924256
96,3,4,1,0.521841089420575,2.32883567765568,2.2190150002131,-1.80704553158962,1.91629218218586
97,3,4,1,0.4749217149062,2.12327083559715,2.08384696410977,1.18776723025453,2.10561018503335
99,3,4,1,0.757777531357532,2.2787633062895,1.93663506659693,-0.258508798918767,1.31964852297552
100,3,4,1,0.510920416004881,2.131035804364,1.93835797902078,-0.072028857229506,1.95725198812655
106,3,4,0,0.48730759273253,2.28386227066509,1.96925923037458,-2.36158296000821,1.95048724308161
108,3,4,1,0.691624264878679,2.44199761763291,2.1150626984127,0.470613686670192,1.44587176994927
110,3,4,1,0.807092043132172,2.1247407474721,2.11829971889708,0.259989072261745,1.23901605586296
114,3,4,1,0.801261777111778,2.40302614044423,2.08615244286995,-1.25641571872276,1.24803157790029
115,3,4,0,0.664939693639693,2.27440359766939,1.94618208273208,-1.49894529674946,2.98453735347765
116,3,4,1,0.61446161265635,2.15013809523809,2.06695156325156,-1.81958721394138,1.62744096523288
117,3,4,0,0.583461341945828,2.25193886206386,2.01717411658692,0.370074342546186,2.40073755620048
118,3,4,1,0.668657910802647,2.0949017873274,1.91754771524771,-0.0540439557702677,1.49553304289725
119,3,4,1,0.521844929849153,2.34836206325879,1.98545348166629,-0.335033407375678,1.91627807956104
120,3,4,1,0.730366583416583,2.26281562280249,2.02432383357383,-0.728187203871097,1.36917545614162
121,3,4,1,0.491068206725524,2.10177576119586,2.12160651476,1.12977870873957,2.03637699672734
122,3,4,0,0.577052207805115,2.23478423756,1.95882813152623,-1.29708078637651,2.36435800931955
123,3,4,1,0.824953117358832,2.38026543034823,2.17378002824753,0.390986900321965,1.21219009778592
124,3,4,1,0.722093181087918,2.50986029475054,2.04510153920154,0.396023680491546,1.38486282129597
125,3,4,1,0.702025371120108,2.28907748606795,1.87532077922078,0.713475897557519,1.42444994317579
126,3,4,1,0.514879744699745,2.34698092688872,1.86948183341404,-0.224006568415124,1.94220108732993
127,3,4,0,0.795314713319128,2.47225269218799,2.05456553631554,-1.36750615669682,4.88554901143977
128,3,4,1,0.590308791163277,2.54718842490843,2.03343897253707,-0.00571981553453738,1.69402864224566
129,3,3,1,0.74327002734108,2.48807361712362,2.32225112785658,0.297556264269109,1.34540606134399
130,3,3,1,0.648289865036924,2.30287348475622,1.98221021571022,0.735124408457588,1.54251987256201
131,3,3,1,0.746749281340556,2.36489973544974,2.37699717134717,-0.492753630943084,1.33913754587726
132,3,3,1,0.70043221578962,2.33708809523809,2.2575335978836,0.504560652634486,1.4276898998323
133,3,3,1,0.733307824791696,2.43430185185185,2.3321785930915,0.354012707973923,1.36368379852494
135,3,3,1,0.725709917859918,2.41679444444444,2.3797291005291,0.358323445842045,1.3779610494355
136,3,3,1,0.733180223337628,2.2957090725179,2.22544774114774,0.531526484878328,1.36392113176176
137,3,3,1,0.735098804040079,2.33005305399938,2.4309464997965,-0.938803298272351,1.36036134803108
138,3,3,1,0.735098804040079,2.33005305399938,2.4309464997965,-0.938803298272351,1.36036134803108
139,3,3,1,0.789978221062092,2.35663566643567,2.32761992266992,-1.7095936220837,1.26585768232388
140,3,3,1,0.689623264254194,2.49045555555555,2.30005742907033,-0.625501529493,1.4500670900096
141,3,3,1,0.736352656058539,2.44992830687831,2.38658492063492,0.317020212267869,1.35804494187973
142,3,3,1,0.768436546070418,2.47088148148148,2.22714029304029,-1.84067238505796,1.30134362441992
143,3,3,0,0.534589637486696,2.30182619047619,2.21452142857143,0.561211504141124,2.14864145826021
144,3,3,1,0.756064372521776,2.37190767195767,2.42330885225885,-1.8311221920296,1.32263870160235
145,3,3,1,0.826643409434685,2.36952878812879,2.21647627187627,-0.414926341659671,1.20971145307245
146,3,3,0,0.763395732045733,2.24602181964573,2.14452063492063,-1.87934251725017,4.22646644815928
147,3,3,1,0.755647889005293,2.38499126984127,2.37628954008954,-0.506671148530723,1.3233676882448
148,3,3,1,0.706319862816922,2.30818809523809,2.26476391941392,-1.83406321345484,1.41578915254037
150,3,3,1,0.722791446072376,2.29555616246498,2.16463658315212,-1.74222335093428,1.38352495098547
151,3,3,0,0.676249994449995,2.40259074074074,2.39009523809524,-0.828174024340973,3.08880303585213
152,3,3,1,0.661880743817586,2.32119081854964,2.16129074074074,-1.91443176888464,1.51084618995291
153,3,3,1,0.740570163170164,2.31000079365079,2.20666613756614,-1.28260550395992,1.35031094922768
154,3,3,1,0.75645897990898,2.41264100529101,2.22954126984127,0.39475763479127,1.32194874614394
155,3,3,1,0.793149803757208,2.24876878306878,2.2408,-1.57236430346385,1.26079587394831
156,3,3,0,0.44324775948166,1.88432465127465,1.97108544973545,1.6751237845735,1.79613107451349
157,3,3,0,0.700366510613569,1.87297076144467,1.99055917167471,0.80610989426195,3.33741065475602
158,3,3,1,0.739230595811526,2.2479873015873,2.05781197997751,-1.17021950640012,1.3527578615739
159,3,3,0,0.809405927405928,1.89416838049229,2.05644021164021,-5.63975340739616,5.24675288370485
160,3,3,1,0.789497916118969,2.20077361712362,2.27484550032779,0.570363460850126,1.26662778910908
161,3,3,1,0.714724614274615,2.3131955804544,2.30136587301587,-0.433482840683048,1.39914028428266
163,3,2,0,0.449488163518804,2.27411554636526,2.03907256108436,-0.948108707555911,1.81649136990746
164,3,2,1,0.548962623427946,1.98719704739705,2.11324206349206,1.13417303712274,1.82161764266498
165,3,2,1,0.545131199717744,2.23695272682418,2.06218587206532,-0.288841910630764,1.83442077892033
166,3,2,0,0.46663027539866,2.18432691891349,1.95041226767406,-3.63806940044948,1.87487207067749
167,3,2,1,0.534802376011638,2.30091369574973,1.98528750701059,0.958450349098166,1.86984958342488
168,3,2,0,0.453525970108323,2.02248894901395,2.00960715435933,-1.1916710552905,1.82991312542011
169,3,2,1,0.614124454293838,2.24011099516694,2.10134919532228,0.781764108856417,1.62833444102119
170,3,2,1,0.469851307951308,1.93278585126629,1.9168066252588,0.870528273334627,2.12833290676639
171,3,2,1,0.736577021310765,2.17196645021645,2.10326177859548,-1.56652736588882,1.35763127421551
172,3,2,1,0.769134467162253,2.13478516605398,2.10038942875775,-0.598305925447482,1.30016277087352
173,3,2,1,0.64134466225782,2.44638758043758,2.28781938366938,-0.607343092089117,1.55922401611569
174,3,2,1,0.749215451215451,2.426908994709,2.20530376201505,-0.495630230018795,1.33472954725867
175,3,2,1,0.577039895264503,1.95966702176702,1.8121059128805,0.755716852880599,1.7329824301691
176,3,2,1,0.654840187590188,2.28595185185185,2.27816208397338,-1.45062844599475,1.52709014955237
177,3,2,1,0.568993634188019,2.46713299239629,2.02614695682004,-0.486939022128291,1.75748890657986
178,3,2,0,0.573028026682099,2.21667967305176,1.9046238907963,2.53749816761442,2.34207409968676
179,3,2,1,0.786592952384079,2.38012971554419,1.98676727703969,-0.800308126744944,1.27130556785324
180,3,2,1,0.616921517985464,1.94686810077403,2.00080733556913,0.0526305828100561,1.62095172699676
181,3,2,1,0.509900244200244,2.12398463684463,1.98403922558922,-2.06981156994425,1.96116791740011
182,3,2,1,0.452665743682104,2.42705794223396,1.94057138263318,0.381177839974329,2.20913557952438
183,3,2,0,0.706565932526255,2.75751748436748,1.86417336169578,-0.583731750519501,3.40792058880305
184,3,2,0,0.447501727946112,1.78050880921753,1.93668626959807,-0.241092905672412,1.80996041179015
185,3,2,1,0.604344434402118,2.22200884154832,1.90515925925926,0.943205717402369,1.65468554532037
186,3,2,1,0.490838184963185,2.16512752933341,1.89756832546833,-0.737982381758181,2.03733130517342
187,3,2,1,0.502883770462261,2.2787681163785,1.8969468997087,1.14879045180863,1.9885310656989
188,3,2,1,0.766222921670708,2.43924281168567,1.82240833248142,0.48500978870722,1.30510321698489
189,3,3,0,0.815529345800399,2.39071472144413,2.22041557909162,0.140760567170233,5.42091642889702
191,3,3,0,0.763334376018248,2.32949364364364,2.20699346764347,-1.5471811979006,4.22537072843795
192,3,3,1,0.759000427350427,2.27863994708995,2.14052724867725,-1.6407827992171,1.3175223148304
193,3,3,1,0.811773881673882,2.20109021164021,2.17374735449735,2.6329866109387,1.23187013351303
194,3,3,1,0.752615043436097,2.21588367003367,2.14629805245975,-0.263971916035111,1.32870052056687
196,3,3,0,0.599837026190457,2.04033960528636,1.95590398064094,2.51535414446377,2.49898182852857
197,3,3,1,0.274500909469951,2.27123079517101,1.90792177449276,1.18645472932909,3.64297517968503
198,3,3,1,0.377902578687603,2.24890895914088,1.96043194891528,-2.82995728339736,2.64618464227697
199,3,3,0,0.465294184595816,2.1901764703797,2.02335651806822,0.188845658386894,1.87018725286184
200,3,3,1,0.319541315447837,2.07975168905169,2.06426758496134,-0.216608596775326,3.1294857711858
201,3,3,1,0.492866495626158,2.5432391955084,2.05650050026929,-1.27769088424388,2.02894700466413
202,3,3,1,0.403151402953887,1.82899110903056,2.02144303788078,-2.34119431520766,2.48045769572674
203,3,3,1,0.345290000012551,2.22961017899381,1.8439322416146,-1.86443176246162,2.89611630792566
204,3,3,1,0.324515153551816,1.98739720777545,1.80860512935137,-2.67052511616111,3.08152019730052
205,3,3,0,0.350832438390001,1.95605063412819,1.85792318678054,-0.165828559465469,1.54043433334824
206,3,3,0,0.40405248905586,2.27738040158733,2.04624903183237,-0.325020396420013,1.67800012859477
207,3,3,0,0.318925710013767,1.97634597397353,1.8726033455107,-0.62789596181949,1.46826860843655
208,3,3,0,0.384202173322701,1.90914047933255,1.77190962342668,0.256524695285694,1.62390959610196
209,3,3,0,0.309819866926219,1.9944214969702,1.75590599302658,-0.246598180860085,1.44889710972469
210,3,3,0,0.362476442677754,2.04232441983167,2.1048272042203,1.17460457004856,1.56856948816173
211,3,3,0,0.280406750651276,1.9684208042536,1.910585948975,0.361505011875578,1.38967395942786
212,3,3,1,0.317464725219406,2.08942218895853,2.01363412962889,-1.168720392906,3.14995626461769
213,3,3,0,0.278193556097039,2.13390234695315,1.75732258606294,-0.191069714416932,1.38541295723655
214,3,3,0,0.267713641757945,2.39823801943245,1.9397731706565,0.540558749754567,1.36558600163005
215,3,3,0,0.52035096538853,1.98734151782509,1.98770068763516,-0.0260319646684252,2.0848577352189
216,3,3,0,0.448585979291109,2.21469640209297,1.91225363692226,0.691419767961411,1.81351935649807
217,3,3,1,0.39051369960062,1.88754491469815,1.91032197722358,-0.601158309795962,2.56072962618905
218,3,3,1,0.193032266379806,1.86697994505233,1.58461611879465,-1.58412953710988,5.18048106026181
219,3,3,0,0.405928330109132,1.93809871058072,1.91095853807779,0.990860529935012,1.68329858278497
220,3,3,0,0.363817615685719,1.95616288645994,1.99954753348322,-1.07343939231656,1.57187628053843
221,3,3,0,0.29092098784782,2.12065971581121,2.10786241659575,-0.312726663753583,1.41028007156047
222,3,3,0,0.141658741234611,2.16680438150327,1.70094006049837,-0.271530913633573,1.16503778629769
223,3,3,1,0.344499682455969,2.09622685420115,1.76753119495243,-0.621481207167635,2.9027602953678
224,3,3,0,0.278447296974552,1.9774944509638,1.81351638903923,-2.50500209055092,1.38590015089269
225,3,3,0,0.496689544999943,2.7053126984127,1.96650962185962,-3.9734281846694,1.98684527624185
226,3,3,0,0.179566614111969,2.00594756858921,1.6625165784657,-1.14876035560551,1.21886799976772
227,3,3,0,0.467719344384027,1.9843209480177,2.09988028635127,0.0861029757607865,1.87870813911651
228,3,3,0,0.368513834035372,2.01123366729356,2.03100156353462,-1.0181534941221,1.58356596533267
229,3,3,0,0.386875285211389,2.11673977057919,1.90325958885337,-0.566742018232961,1.63098954565022
230,3,3,1,0.296034927479928,2.32780536899174,1.97973503144199,-1.40560894436347,3.37797978269913
231,3,3,0,0.373880374896589,1.98456133956395,2.02113655836266,-3.18236023639194,1.59713888513691
232,3,3,0,0.300220126320708,2.4927256727008,2.12226220153099,-2.52438984715184,1.42902080727503
233,3,3,0,0.393460088495556,2.00919103161487,2.12997604129633,-0.41362714617234,1.64869612210618
234,3,3,1,0.253620381877933,1.99751459071856,1.6988083442021,0.888862566241133,3.94290077396579
235,3,3,1,0.320002079936599,2.2214549857389,1.93590413943355,0.956407312149509,3.12497968825117
236,3,3,0,0.445613224243974,1.95677526240295,1.96160960456766,-1.27566410279841,1.80379483012791
237,3,3,0,0.313572580911216,2.28564574897596,2.04177156520309,0.657865847432434,1.45681826248648
238,3,3,0,0.246925295058396,2.05621630768637,1.73507389325,-0.246493369238751,1.32788950875404
239,3,3,0,0.262142286439982,1.96985261718896,1.84116127554363,0.282208951121795,1.35527484719946
240,3,3,1,0.30371863586559,2.22721223641439,2.04135773871754,4.06800233572958,3.29252104386031
241,3,5,0,0.529545570866602,1.83467536520291,1.86185208507356,-0.324238049678075,2.12560439029568
242,3,5,1,0.34881911694663,2.29413780402367,1.99139358854653,1.6331390125727,2.86681535333685
244,3,5,0,0.531429980607914,2.19923050868219,1.85106324569029,-1.34574742953973,2.13415275970362
245,3,5,0,0.478718085330641,2.04543016513521,1.878901822143,-0.079377486887748,1.91834777278679
246,3,5,0,0.452566853809583,2.05363167434375,1.87144302265216,-0.0842192928448119,1.82670707274302
247,3,5,0,0.504115338348551,2.019854918786,1.96441506188808,-0.015400468061257,2.01659796588523
248,3,5,0,0.297368697554246,2.116166477362,2.05414321529642,-2.26872851972718,1.42322153385303
249,3,5,1,0.351574516368331,1.98225393854528,1.78328895232393,-2.42691074410816,2.84434722496308
250,3,5,1,0.486104667642615,1.8389547383497,1.91544501785116,0.936157637786129,2.05717012521098
251,3,5,1,0.473752988662948,2.13361012055237,1.88565120117019,-1.41379402977514,2.11080462589219
252,3,5,1,0.441735765036777,1.81481779109216,1.87685694153573,-1.16838784058158,2.26379677433803
253,3,5,0,0.313223249689196,2.16579599603851,1.98718017429194,1.51887320290507,1.4560772471512
254,3,5,1,0.433602085560639,2.29987303992304,2.15973756613757,-0.508532147733729,2.30626196990501
255,3,2,1,0.354685371473155,2.14184824278093,1.99385843826739,-0.130674284262158,2.81940017950723
256,3,2,0,0.124160607324814,2.18065286728032,1.87145552093496,-0.483522076803828,1.14176184396728
257,3,1,1,0.473350216311159,2.12076675010163,1.98006291807608,-1.50698520775353,2.1126007035405
258,3,1,1,0.357808823778752,2.09785887502694,2.06530531429247,-0.215068104682246,2.79478853941942
259,3,1,1,0.347983403027317,2.36645386434208,1.81388338303164,-0.975627199200566,2.87370027219804
260,3,1,0,0.318465749812435,2.03191166507064,2.21273241237257,-0.261448541702603,1.46727768960223
261,3,1,1,0.359285937835715,2.03349276486754,1.97546152936669,0.93803280786921,2.78329846702003
262,3,1,0,0.286890368906723,1.85538567493197,1.91587628503244,-0.142303348587655,1.40230892473979
263,3,1,0,0.24661193868697,2.17356271689078,1.83082651883205,-0.11235994735429,1.32733720024335
264,3,1,1,0.413800704793001,2.0539407084135,1.90230135232938,-0.721079385869929,2.41662227351749
265,3,1,0,0.450821759400735,1.93029796157255,2.20242767774023,-2.88962830104616,1.82090244309169
266,3,1,0,0.276956381485072,1.92573894359669,2.08857851590655,-0.400880761151919,1.38304242564773
267,3,2,0,0.530193878377867,2.18386262491416,2.02176141386142,-0.480255235745069,2.12853761153054
268,3,2,0,0.515393834407159,2.08773817877363,2.03578781306134,-3.3101187506759,2.06353131883218
269,3,1,1,0.45116547399652,2.03089931457431,2.13789193029193,-1.67629676108608,2.2164816627961
270,3,1,0,0.240826254160604,2.08089588733323,1.802382795177,-1.92825065600642,1.31722152600829
271,3,1,0,0.492853176425687,2.25832879329603,2.14020987470533,-0.923285892708211,1.9718155640848
272,3,1,1,0.467618326562656,2.23209999716332,2.2020202001702,-1.88776333395448,2.13849616919582
273,3,1,0,0.380779852566136,2.66395998464498,2.30985512511399,0.179835537405074,1.61493453361319
274,3,1,0,0.483486857289647,2.19194359181573,2.07568823826592,-2.32605341508271,1.9360591576675
275,3,1,1,0.457452455984239,2.08335845703129,1.94207066391612,-1.47199948264594,2.18601952381791
276,3,1,1,0.474034059491002,2.47560472759267,1.84351525324241,1.1043921073912,2.10955305843162
277,3,2,1,0.268925697401062,2.12484824070134,1.93443701570725,-1.18611506299974,3.71849923478547
278,3,2,1,0.309290613493365,1.8865178908799,1.64124885319124,3.07011710317598,3.23320513579522
279,3,2,0,0.411591091493871,2.06512744763199,1.96061814583167,0.572674158893616,1.69949840246102
280,3,2,1,0.362136280452269,1.88362888737172,2.07080370700184,1.8325856548015,2.76139137109131
281,3,2,1,0.357330020291661,1.97740963719265,1.82010837135133,0.346131467019571,2.79853340949013
282,3,2,0,0.282795671567015,2.04414609073538,1.93650453065801,0.418679056103888,1.39430279539011
283,3,2,1,0.285985833756657,1.89838398681549,1.78662978907058,-0.531226452115344,3.49667669501032
284,3,3,1,0.238718350710592,2.06186790441527,1.83667046374105,0.458996027371977,4.18903698447691
285,3,3,0,0.190921946218921,2.11674559564489,1.76610905368029,-0.206341940103506,1.23597469406899
286,3,3,1,0.231907056141352,2.07773281963377,1.86750156756788,-1.07624587121056,4.3120723303498
287,3,3,1,0.570285920625601,2.15831687441099,2.08225606060606,0.364204785689167,1.75350637957712
288,3,3,0,0.4828898694331,1.92216285946023,1.9208325126028,-0.151853680164473,1.93382403648467
289,3,3,1,0.289399305756866,2.03186296108679,1.83617064368402,2.67403130135524,3.45543330653368
290,3,3,0,0.526468940975522,2.0496616783414,2.0686495397743,0.123863090617886,2.11179389596978
291,3,1,0,0.393721224562582,2.05103969697815,2.17116472178241,-2.54470019280768,1.6494062476103
292,3,1,0,0.416873626653594,1.98167983945008,1.92959591569996,-1.22676381909704,1.71489413908904
293,3,1,1,0.232858111191091,2.14281950384796,2.06873679870725,2.49370359571412,4.29446066913842
294,3,1,1,0.51398425902696,2.19345561028239,2.28378977688977,2.78083852640015,1.94558487431723
295,3,1,0,0.20582983713429,2.02230906228107,2.06645090246834,-0.767217783373094,1.25917598867171
296,3,1,1,0.493912859031442,2.07065300161209,2.10914202337651,-0.182485227803684,2.02464864340845
297,3,1,0,0.280347739905855,2.44610909143073,1.95466829326719,0.128454554311795,1.38956000759197
298,3,1,0,0.295202477415269,2.06783961726017,1.84559875185761,-0.598935884277639,1.41884721207966
299,3,1,0,0.330355311157229,2.04875754128401,2.07386953762571,-0.897629773551938,1.49332924857229
300,3,1,0,0.216383518002374,2.02464958784134,1.98665176735177,-0.00654163189779763,1.27613446497547
301,3,1,1,0.407502494713667,2.08450484401231,2.09464289104289,-0.222113024485903,2.45397270684847
302,3,1,0,0.316779218871038,2.18606148768386,2.20336606862923,-0.198250697402753,1.46365571367368
303,3,2,1,0.212724820721355,2.2568873452854,1.82605675794273,-1.18010888376132,4.70090888599165
304,3,2,0,0.22643052261309,1.95832692116392,1.76150305373422,0.611110786276898,1.29270870843814
305,3,2,0,0.386869542197481,2.00528459941171,1.92766129056477,1.01831191591203,1.63097426864755
306,3,2,0,0.379532711192999,1.95037436172421,2.02487881130998,1.06898238504194,1.6116885096759
307,3,3,0,0.146519395449024,2.14545072733094,1.59992627774163,-0.375103790285089,1.17167278865828
308,3,3,0,0.380534705556464,1.97689848364626,2.01387588583518,1.07588168962126,1.61429543990563
309,3,3,1,0.37889058796576,2.05553741707408,2.05972441626751,-1.91296561954574,2.63928435216334
310,3,3,1,0.302559108830692,1.89833294265787,1.6961634916146,-0.299660566289894,3.30513929613531
311,3,3,0,0.258621004720319,2.00641666534958,1.59209233591844,0.49355589957687,1.34883778252007
312,3,3,0,0.189727596060185,2.08077568647567,1.62061049113173,0.0509086334023758,1.23415285419776
313,3,3,0,0.230140608830819,2.05631772810794,1.78334314003349,0.23315817579236,1.29893849639388
315,3,2,0,0.230635231318973,2.21932239064119,2.02509609008855,-0.342414711737104,1.2997735803712
316,3,3,0,0.431181829400714,2.30942912584491,2.05054522680218,0.285102108856615,1.75803103994803
317,3,3,0,0.184471063382076,2.02483873797612,1.82822756580353,-0.166153959852051,1.22619806005547
318,3,3,1,0.40472089361897,2.25936141741867,2.11140526497503,1.2240051434671,2.47083858472961
319,3,3,0,0.309103284883708,2.07596663546865,1.86149878618114,-1.06944373536998,1.44739434726026
320,3,1,1,0.362545359466206,1.96191190547615,2.05075478397399,-0.970577983688438,2.75827554784414
321,3,1,0,0.497441164946165,2.15408890471127,2.13308475043475,-0.377667725026124,1.98981677417506
322,3,3,0,0.516920862288236,2.520837195421,1.97978198273461,-0.842930122740313,2.0700542042382
323,3,1,0,0.537434911199911,2.10484186858834,1.996832996633,0.118644351832699,2.1618579184046
324,3,3,0,0.301686510129541,2.01993798891438,1.86848394993509,-1.55492400669741,1.43202159847364
325,3,3,0,0.222019033254416,2.16455168360606,1.95462844677468,-1.7122500284706,1.28537848963472
326,3,1,0,0.207763852855374,2.18477289789914,1.74458477369031,0.213791415982349,1.26224990314339
327,3,3,1,0.397558863508152,2.013445162793,1.99869786641545,-0.0114719736415438,2.51535078648673
328,3,3,0,0.348753574398959,2.22085061822709,1.88347327554357,0.00174255040957727,1.53551706495293
329,3,3,0,0.469216397486902,2.0680127883583,2.19836893449438,-0.369509606533785,1.88400695738396
330,3,3,0,0.497260372142189,2.2228127086607,2.04464122243497,0.265025541249729,1.9891012058489
331,3,3,0,0.236683103262633,2.1178863464185,1.76023560644851,-0.203211152791478,1.31007187745258
332,3,1,0,0.276947329863984,2.20358269296851,1.77368481518482,-0.60934627168896,1.38302511186618
333,3,1,0,0.269463692996887,2.38109737649865,2.41533360304211,-0.356667397862983,1.36885735919452
334,3,3,1,0.31323110871628,1.94176335032148,1.90854942914727,-0.805432119653641,3.19253092101329
335,3,3,1,0.39411579062809,1.94488740594344,1.89939078146598,-0.635993428547217,2.53732538451792
336,3,3,1,0.302157948631722,2.02503724132462,1.99116602088871,-1.10781071364299,3.30952736649277
337,3,1,1,0.290421929433139,2.0505469477734,1.96795401063849,0.027749933405405,3.44326615401203
338,3,1,0,0.414049423909424,2.4694261545113,1.90085947570948,0.232569412988173,1.7066285806423
339,3,3,1,0.31394848370941,2.29163507134047,2.20465721251267,-0.738859371662552,3.18523596032271
340,3,1,0,0.262538520691867,2.20600264798896,1.90273645983646,-0.0239259734171821,1.35600302938965
341,3,1,1,0.321846889743763,2.10346222775818,1.98853609022877,0.956382158719996,3.10706746551488
342,3,1,1,0.424764443334875,2.13147457786069,2.0563263083522,-0.207754256746908,2.35424601962651
343,3,1,0,0.352717783887453,1.98548455086304,1.7487829512851,-0.259126824272255,1.54492117210605
344,3,1,0,0.318949956282753,2.53504532187292,1.98745242720243,1.21690591070438,1.46832088071221
345,3,1,0,0.205204991744721,2.05134095894808,1.7960006623721,0.228651535639779,1.25818606006998
346,3,1,0,0.233599433370334,2.01430374825999,2.0533445548224,0.492637915867924,1.30480070545565
347,3,1,0,0.237381300305635,2.18191501834594,1.87334562338312,0.804151398997116,1.31127128196669
348,3,1,1,0.251507067742037,2.08154168397407,1.68068353790459,-0.456589666315667,3.97603140531092
349,3,1,1,0.272336496533203,2.04176316383261,1.85401392254113,-2.09965086239613,3.67192797414165
350,3,1,0,0.388325470309682,2.1059520369265,1.83814149294362,0.995310063612685,1.63485636798754
351,3,1,1,0.218068547387923,2.08123645050587,1.68505505099255,-2.00907661926061,4.58571404257165
352,3,1,0,0.437743737535196,2.4597867857686,1.87883385074813,0.829649617675126,1.77854844269093
353,3,1,0,0.265063410662946,2.1097940436584,1.73557304082519,-0.224828463053089,1.36066160606052
354,3,1,0,0.362550870861532,2.0937067829446,1.81473956799385,-0.131964452438158,1.56875263340862
355,3,1,1,0.34439288144396,2.29073370554921,2.07212871633758,-1.39592911963763,2.9036604816198
356,3,1,0,0.41296845235266,2.01243130697095,2.02092878033091,0.0296740302601299,1.70348596086143
357,3,1,1,0.241881191196522,2.06642740074919,1.91353403188682,-2.55159454807926,4.13426110171388
358,3,1,1,0.275561872855069,1.99932979988363,1.84490863395863,1.61804718869236,3.6289490619261
359,3,3,0,0.422383443223443,2.51614050851109,2.12923125373821,-0.647508014260661,1.73125231309261
360,3,3,0,0.294879010824496,1.97175328248208,2.00250273703803,0.463422173846509,1.41819633134066
361,3,3,0,0.247676875708151,2.34385969058016,1.60624070277549,-1.1666992136589,1.32921608775655
362,3,3,0,0.501660854430093,2.39389598561229,2.38078701059991,0.108420013463323,2.00666555876598
363,3,3,0,0.318833655146162,2.217124839992,2.07261555735931,0.17424522077512,1.46807018220282
364,3,3,1,0.196662336552337,2.2490603969073,1.99732206349206,1.45683116561463,5.08485771872173
367,3,1,0,0.267380253777244,2.23640068314828,1.9263357744908,-0.442374542249552,1.36496457426353
368,3,1,1,0.160891833371423,2.14688043141425,1.89148662486294,6.63441129982739,6.21535586390811
369,3,1,1,0.253563581642073,2.17293819750141,1.97843179103179,-0.109446048714249,3.9437840147391
370,3,1,0,0.296914351325222,2.0934055090174,1.9400850658381,-0.968670832893254,1.42230182323429
371,3,1,0,0.338348226349276,2.26751294576008,1.93431014301629,0.574897655867832,1.51136903099709
372,3,3,1,0.415917917313994,2.2802731379058,1.94348079912486,1.40197831147658,2.40432056031156
373,3,3,1,0.273848652285278,2.10357277354193,1.98991669687693,-1.29405272098927,3.65165207736083
374,3,3,1,0.315721984357751,2.18769221324601,2.21498347948348,-1.70941647026118,3.16734357930198
375,3,3,0,0.498370350029751,2.57936641102021,2.16595983037273,-2.58094244243504,1.99350257716885
376,3,5,0,0.372345588953408,2.05105621657428,1.63905872796859,-0.330653016750317,1.59323344566723
377,3,5,0,0.181040251866279,2.14257891305642,1.76790263769216,-0.60759910302656,1.22106123320327
378,3,5,0,0.446877099453572,2.05434923441716,1.83045219486396,1.07963948075999,1.80791646668779
379,3,5,0,0.34126209845556,1.97841448218654,1.84603169829946,-0.671168923738259,1.51805444571423
380,3,5,0,0.318033050594421,2.22144298973551,1.8274386399004,0.908272332599838,1.46634672086621
381,3,1,0,0.630092089097935,2.05477366480266,1.78506258437721,1.68061306838773,2.70337554436557
382,3,1,1,0.232559740374099,2.04151484438838,1.98952504829425,-1.44027128070634,4.29997040068666
383,3,1,1,0.238761819615371,2.21038678333964,2.1004611339907,-0.53068443797157,4.1882743296685
384,3,1,1,0.378537478538155,2.01788963126622,2.01392334315695,-1.80191245833246,2.64174634401282
385,3,1,0,0.45598632373826,2.12631452040941,1.82233315655459,1.15366799622221,1.83818908170035
386,3,1,0,0.35183053738457,1.94773481663835,1.8629992953435,0.86316702386031,1.54280640739367
387,3,1,1,0.26376608874288,2.04679983213227,2.0245056998557,-0.115201071043776,3.79123792890148
388,3,1,0,0.395091664077601,2.23064080988359,1.95600208720297,1.20873887895549,1.65314303112577
389,3,5,1,0.3286188875207,1.94300413860918,1.87747379681626,-0.707024602028691,3.0430387235031
390,3,5,1,0.451624555885515,2.47360165945166,1.99349673267909,1.0104471816434,2.21422858205588
391,3,5,0,0.428936855660314,2.07945189429307,1.76403853389987,-1.92740340883407,1.75111983659231
392,3,5,0,0.405517371582914,2.04544336723584,1.89275876197151,-0.0762427294826291,1.68213493918683
393,3,5,1,0.465575270562771,2.36784094373215,1.96993862433863,1.81454632380068,2.14788040350862
394,3,1,0,0.520955349194766,2.02562091149591,1.95305456320669,-1.41074172315921,2.08748808345753
395,3,1,0,0.285109317521302,1.95629005432945,2.0194769031758,0.934588220082824,1.3988152657589
396,3,1,0,0.532103343560475,2.17462102318894,2.1526376439998,-1.07359517573833,2.13722407766179
397,3,1,0,0.374097249745656,2.05193577947908,1.84139283309283,0.404998545731903,1.59769229260238
398,3,1,1,0.379752276607059,2.08632249377896,2.05250489937595,-0.172078515035435,2.63329560242434
399,3,1,0,0.520191225122657,1.97323664101662,1.91544243902047,-1.50301584436256,2.08416363426375
400,3,1,0,0.442586580774682,2.07713980300493,1.8134774466046,-0.125273504707204,1.79400058468234
401,3,3,0,0.256080411195272,1.88607449548069,1.98741983434594,-0.0517968907974466,1.34423130543816
402,3,3,0,0.457767713762921,2.54219147517318,2.17617256709135,0.633905827008767,1.84422806494922
405,3,3,0,0.193879915273733,2.2279078310033,1.88408591305209,0.352403340506668,1.2405099673699
406,3,3,0,0.41051719862023,2.2509461991016,2.13637070457616,0.311130223290621,1.69640233380746
407,3,3,1,0.571673326299849,2.27766460239107,2.00123965848966,-0.278593417455502,1.74925075912233
408,3,3,0,0.213191278604436,2.55245171358283,1.94806414990239,-0.325897538988234,1.27095693375932
409,3,1,1,0.359890037989525,2.05240720438726,1.97619156286563,-0.0100608869544497,2.77862650932591
410,3,5,1,0.446483875296869,2.16758189824784,1.88843400884295,1.46387733699611,2.23972254168215
411,3,5,0,0.454952462833434,2.07843389589477,1.99115265431105,-1.16651329137855,1.83470235495147
412,3,5,0,0.370200331850626,2.05858608337937,2.06549759874121,-0.429333951012082,1.58780648922607
413,3,5,1,0.349882305867407,2.15010489975434,2.0089185824416,1.73872607949857,2.85810394875745
414,3,1,0,0.478036715891214,2.13312048791457,1.9704071474593,-1.18490435464335,1.91584356686587
415,3,1,0,0.543597325483172,2.06269001898603,2.1436010449386,0.21826784370654,2.19104763366834
416,3,5,1,0.421753091090665,2.44369650569921,1.97838062996515,0.376296695380158,2.37105553254861
417,3,1,0,0.366699147845911,2.11523396074876,2.12041524216524,0.187138972388797,1.5790283505835
418,3,5,1,0.36313857025634,2.02143666393519,2.02543705259882,-0.0660473966235749,2.75376972293001
419,3,1,1,0.300924572978007,1.84134655492323,1.8682518133646,0.464716585484541,3.32309186353182
420,3,1,0,0.275125766054836,1.83835172744096,1.94657860835323,-1.03447470846215,1.37954965588644
421,3,3,0,0.397800009375009,2.23517271788451,2.17300183219559,0.328351733948508,1.66057790695439
422,3,3,1,0.429418518382341,2.59664160163508,2.03291520509719,-0.640377038483157,2.32873049762058
423,3,3,1,0.349190711933038,2.28226775372315,2.07288626253671,0.536477610720498,2.86376460148162
424,3,3,0,0.390654453189087,2.31352444141574,2.07665754746343,0.824694609425351,1.64110496127136
425,3,3,0,0.496440763449232,2.69500427350427,2.10227564581388,0.787455118446108,1.98586368279074
426,3,3,1,0.335460355883183,2.21660328000886,2.01935743163237,-2.24226871402304,2.98097817659333
427,3,3,0,0.245421738714444,1.96950005386371,1.91967477840956,-0.0902451334080852,1.32524358480236
428,3,3,0,0.226748446336684,2.05625376756349,1.90814660831539,-0.075357525190479,1.29324020787602
429,3,3,0,0.272881889297977,1.96733084728023,1.84102305265541,-0.171237431555788,1.3752923841142
430,3,3,1,0.261968604056762,2.35845485810486,1.90243379028379,-0.0835863248582489,3.81725132139623
431,3,3,0,0.600707088790557,2.49311294357816,2.39943227513228,1.97609380966398,2.50442713087753
432,3,3,1,0.276400250415318,1.93269261033427,1.99712033452374,-2.33711496686455,3.61794172942102
433,3,2,0,0.240201204216004,2.27787039371726,1.85575400214169,0.821024642109947,1.3161379111797
434,3,2,0,0.340133270382314,2.28866525222212,1.79458602808779,0.448533212040204,1.51545752364175
435,3,2,1,0.307508046338035,1.99981429726871,2.11058622957869,-1.33283114799457,3.25194742676986
436,3,2,0,0.361450919639942,1.94410129543111,1.95474560969778,0.445120907057329,1.56605033310224
437,3,2,1,0.394787813480097,2.1834825188675,1.79990547491691,0.9675990567355,2.53300625261173
438,3,2,0,0.434461815227595,1.99508781258585,1.82349388225709,-0.18027979371768,1.76822719831454
439,3,2,0,0.47862825366754,2.16139511222898,1.97752002454856,0.12568352067206,1.9180172439999
440,3,2,0,0.382080444059359,2.12869614773291,2.2503623071736,1.40882855259204,1.61833363321497
441,3,5,0,0.439478040756526,2.03787830066225,1.93768754313319,-0.0326139212649166,1.78405142476431
442,3,5,0,0.593805719029825,2.17607224152713,1.94434254125266,1.02236371936643,2.46187611901268
443,3,5,0,0.31776543759705,2.25431949344405,2.0341931372549,-0.335942593365672,1.46577153241522
444,3,5,0,0.341254924023376,2.08969000195724,1.85840642418584,-0.0951307544288222,1.51803791249209
445,3,2,1,0.244938854856029,2.08705175006783,1.68149178885975,-0.466085769585027,4.08265156864469
446,3,2,0,0.288599446753642,1.91122676468868,1.9396016719998,0.372147620033942,1.40567784975239
447,3,2,1,0.372346756725921,2.07777413635747,1.93481000481001,-0.863108280246778,2.6856686192008
448,3,2,1,0.244700462558037,2.13020448396221,1.90255899936617,-1.19164992591808,4.08662897301563
449,3,2,0,0.247850518480688,2.24159279211148,1.71249561075658,-0.207894018888484,1.32952295330981
450,3,2,1,0.387954861077296,1.96736341979781,1.8151616344131,-1.39417179122972,2.5776194612516
451,3,2,1,0.484733468430488,1.94398655296111,2.05308072853073,-1.37573706071339,2.06298938515198
452,3,5,0,0.384469946932061,2.09599877366389,2.15526137566137,0.756762431384102,1.6246160443601
453,3,5,0,0.255331695385286,2.04365775931525,1.92519437327379,-0.507462853620469,1.34287976781474
454,3,5,0,0.253291124312643,2.31628092703994,1.79499886420769,0.34868785653598,1.33921000882638
455,3,2,0,0.371318054123436,1.992927236411,1.83516447100338,-0.169012911264981,1.59062942169544
456,3,2,1,0.269001812860137,2.07957327946677,1.99589255923779,1.17073749542442,3.71744706612789
457,3,2,1,0.252102651169082,1.89760682536412,1.72445718715747,2.24204172670881,3.96663817442091
458,3,2,0,0.357422281575508,1.99337581432954,1.82114691640617,-0.182537667556246,1.55623198770704
459,3,2,0,0.363238596310776,2.10113946400258,2.11164106360236,0.692818076098971,1.57044694324478
460,3,2,0,0.300646575431765,2.09693189459699,1.91549937534633,-0.519461090258644,1.42989219022896
461,3,2,1,0.26093336396869,2.04693172056746,1.7163627807521,0.756441226051876,3.83239607534433
462,3,5,0,0.340778040736848,2.19294612546009,1.95304636584957,0.0527878894413327,1.51693975898156
463,3,2,0,0.436466100406592,1.92363514100715,2.01484141743955,-0.0443043983432398,1.77451613952861
465,3,4,0,0.339125361705118,2.0349454527088,2.05859234324044,0.0765244722753794,1.51314627927029
466,3,4,0,0.454253673421956,2.30826834546868,1.93238915448481,0.7997616655016,1.83235314888921
467,3,4,0,0.384569120997177,2.16826279428258,1.84606628458379,-0.590415971351765,1.62487784431664
469,3,4,1,0.401139297630474,2.53059074074074,1.99435043290043,-1.35312304201617,2.49289961344348
470,3,4,0,0.370742319857887,2.28090684990189,1.85470881612632,0.549936549272351,1.58917408806859
471,3,4,0,0.312958179050657,2.05349601582054,1.95504458121208,0.464584667938195,1.45551547155924
473,3,4,0,0.400745500396203,2.19530129732188,2.09780832130832,0.228414125979013,1.66874007731466
474,3,4,0,0.217814236282214,2.14643234564233,1.90292024483992,-0.0563029333198305,1.27846867890682
475,3,4,0,0.330170265452651,2.24833762714394,2.25300251825062,0.375412283071531,1.49291670468432
476,3,4,0,0.403882741998852,2.00867803586055,1.97581704578455,-0.0183033913081872,1.67752231054863
477,3,4,0,0.371948770848749,2.40255588102479,2.00293130289881,-0.289406582398144,1.59222680186679
478,3,4,1,0.367577233245153,2.38226712182032,1.79596833993584,-0.031227244230027,2.72051669569278
479,3,4,0,0.253437865433489,2.15878808987324,1.82696457425708,0.327359960776361,1.33947323832684
480,3,4,0,0.450760091115956,1.88101705381391,1.99294008346927,-0.104708981714387,1.82069799339931
481,3,4,0,0.456802415753471,2.14045214752568,1.92049141414141,-0.575045497016272,1.84095074978491
482,3,4,0,0.291201388940063,2.01236340053544,1.68569775264993,-0.309222892859579,1.41083797907646
483,3,4,1,0.472478487171084,2.22316146818828,1.9630387461179,-0.88739377778708,2.11649848014752
484,3,4,1,0.334285980196274,2.42352343514733,1.89853746155496,-1.21861600483734,2.99145061187686
485,3,4,0,0.398244389369399,2.10156746597468,1.97234648115243,0.593498989242083,1.66180419813961
486,3,5,0,0.467707142556373,1.99895845460677,1.95481018548206,-0.0461049840771325,1.87866507321283
487,3,5,1,0.535579928964969,2.09591640570521,2.04554613549123,1.10934557719609,1.86713494273869
488,3,5,0,0.423936946996747,2.00916697594285,2.0093466920112,-0.562547498774663,1.73592108500378
489,3,5,0,0.404531686413944,2.07797449693038,2.27354896584897,-0.233262516319337,1.67935048294637
490,3,5,1,0.459217182042141,2.10376865079365,1.75848799385074,1.63238635624952,2.17761886772833
491,3,5,0,0.379748747378211,2.12941958381492,2.06378126034039,-0.931814861741581,1.61224986773186
492,3,5,0,0.304706833801919,2.02430375579117,1.94416445560064,-0.524598691661273,1.43824223883586
493,3,5,1,0.308246936649257,2.21799910606612,1.97263858482934,-0.156595924033996,3.24415227242911
494,3,5,0,0.330919409120602,2.25374736449662,1.90733229069406,-0.465363328947896,1.4945882657957
495,3,5,1,0.344789723553944,2.2194667956284,1.95524092574093,0.832362519392785,2.90031845987876
496,3,5,0,0.231002364453744,2.23469921250363,1.84745927482104,0.351426242264064,1.30039411537287
497,3,5,0,0.250928788916167,1.78418820517209,1.91467345650224,0.287374925858399,1.3349865609614
498,3,5,1,0.291483504672857,2.14092905314745,1.82735663832563,1.42229492208144,3.43072586945301
499,3,5,0,0.395895348396069,1.96877667780226,1.79926915696904,-0.772973583481732,1.6553423274344
500,3,5,0,0.344115872463967,2.3066758344686,1.83235224674771,0.501472503284184,1.52465955191919
501,3,5,1,0.528402233363325,2.1090578042328,1.88431779183054,-0.636644261516626,1.89249767858647
502,3,5,1,0.376960535718501,1.96302233318237,2.12950263211965,1.59146775425051,2.65279758819836
503,3,5,1,0.446598628881646,2.09704497354498,1.97516347584246,1.42649582838968,2.23914704463863
504,3,5,0,0.315798793555989,2.23185195066372,2.26468525733526,0.371698465750576,1.46155836993811
505,3,5,0,0.47477388667265,2.03306533901285,1.77185080650695,-1.46755464312969,1.90394189212132
506,3,4,0,0.479610496851673,2.21244688999176,1.94351457242935,-0.501232244079411,1.92163753102255
507,3,4,0,0.323363145188145,2.23081517487636,1.87537747054497,0.478316035503787,1.47789762394491
508,3,4,0,0.419908897642148,2.22758816515034,1.78008205253307,-0.0551743491661801,1.72386715799532
509,3,5,0,0.47612309775994,2.13945563062503,2.05616058201058,1.45546776731574,1.9088453713536
510,3,5,1,0.37183561814003,2.29045158730159,2.00748988233988,-2.09601165531011,2.68936043567351
511,3,5,0,0.47740285289837,2.09093788515406,1.86698562903422,0.587899130441379,1.91351982219208
513,3,5,1,0.440398690234036,2.05528587569851,1.84113233926567,0.146582460874287,2.27066978666213
517,3,5,0,0.421915449365449,2.09924684944685,1.94986284271284,0.022298231336373,1.72985076128106
518,3,5,0,0.454528671041795,2.12507358741476,1.98808595549331,0.0923068896689681,1.83327692384841
519,3,5,0,0.511157380473827,2.14616258456599,1.84323761316121,-0.00392775077033219,2.04564814943771
520,3,4,1,0.434780982199196,2.0180949966261,2.18906724766461,1.26945502410341,2.30000860419844
521,3,5,0,0.633976696538769,2.43478402373439,2.02574757346548,-0.131866419176055,2.73206648468468
522,3,4,0,0.416820912713018,2.41505264286597,1.91433582145333,-2.07532865247009,1.71473912868193
523,3,3,0,0.435949987231294,1.95927453102453,2.00090275443511,-0.0305736524045901,1.77289243393752
524,3,3,1,0.368319856519606,2.16919871325411,2.2664302524357,1.18388599765404,2.71503146599094
525,3,3,1,0.397612104269456,2.46020322524085,2.1271433024562,-0.652827105652,2.51501397784992
527,3,3,0,0.442257119684859,2.1487874991163,2.02343060731539,0.739057248595144,1.79294086091242
528,3,3,0,0.40326028048638,2.42668583397714,2.30459402079402,1.15152739207095,1.67577248052981
529,3,3,0,0.424249943340113,2.11288420066892,2.09004321464321,-0.984686251331311,1.7368647878236
530,3,3,1,0.340617838376749,2.09445383710801,1.98973223024003,-0.0745770618585408,2.93584154243245
531,3,3,0,0.348627265496204,2.30524738312034,1.9054085504909,0.0687828442555667,1.53521930997278
532,3,3,1,0.501157058898422,2.06566843283646,1.93443439153439,-0.000405576848777678,1.99538244996103
533,3,3,1,0.325289108479196,2.00868179787329,1.99579507992067,-1.02468946410897,3.07418838790896
534,3,3,0,0.402972045542253,1.988198776046,2.23541820666589,0.785773960568768,1.67496344607223
535,3,3,0,0.299311812422226,2.05622858117581,1.8297723941853,0.329514245243871,1.42716834353512
536,3,3,1,0.297149091536014,2.17192423763939,1.99056270110076,0.972169273401704,3.36531400729119
537,3,3,0,0.454636398688892,2.13721180476444,2.04617274644304,0.160557866069163,1.83363905767804
538,3,3,0,0.400233936614821,2.1648149994243,1.88575922241852,-0.560029216813112,1.66731674405823
539,3,3,0,0.336853261249657,2.06834776222803,1.86294498788067,-0.102336954621203,1.5079618756543
540,3,3,0,0.203993576419955,1.88787198656889,1.60684072196926,-0.840651556055295,1.25627126914692
541,3,3,0,0.484234012468997,2.22866276177468,2.12148442270987,-0.956408252399593,1.93886379516232
542,3,3,0,0.376483938187158,1.86825238231318,1.98328473410398,-0.0962655212804511,1.60380792291469
543,3,3,0,0.254951395587979,2.14734788089015,1.84862017405253,0.346439885420104,1.34219431333501
544,3,3,0,0.234285315952097,2.12025877942345,1.90541205803751,-0.928438740223379,1.30596946987299
545,3,3,0,0.346646316255679,2.21756732214622,1.96141465082118,0.0768481635357346,1.53056456997239
546,3,3,0,0.377319873953625,2.26521919994272,2.020040472222,-0.354567369723951,1.60596100336358
547,3,4,1,0.363921617309097,2.27633005271097,1.94389680077901,-0.178270386763831,2.74784446000813
548,3,4,0,0.275489789658886,2.28454187315186,1.78274676515957,-0.109058236806038,1.38024279813694
549,3,4,0,0.317541356315711,2.28962563389058,1.88175630159974,0.0165162866340282,1.46529025495442
550,3,4,1,0.365057729531716,2.52677782084751,1.86768982580263,-0.296651691156468,2.73929277235896
551,3,4,0,0.420922165301591,2.21100782561366,1.87277157736408,1.17740541456321,1.72688357260438
552,3,4,0,0.291563300934966,2.59395413027518,1.99303283330593,-0.703559311752287,1.41155871981189
553,3,4,1,0.361129106079443,1.95419473840477,1.80910478674729,0.383516604942568,2.7690927791902
554,3,4,1,0.376352428108961,2.10050735863723,1.93808052820363,-0.883596248419619,2.65708395990601
555,3,4,1,0.387691978070239,2.3698463475417,2.12915343915344,-0.573827062456418,2.57936727238351
556,3,4,1,0.354264003536258,2.33064079198615,2.0543924001924,-1.37070261140246,2.82275362446654
557,3,4,0,0.183381867599694,2.28112455051594,1.78628786655322,0.257605442252603,1.22456257132165
558,3,4,0,0.453729471323382,2.06952751956437,1.82762967429935,0.495577145146174,1.83059481979117
559,3,4,0,0.453653562448659,2.05827091476129,1.83757805699556,0.496076249121372,1.8303404786199
560,3,4,1,0.243859803754816,2.31945898191588,1.87391250544471,-2.66230858235269,4.10071682418571
561,3,4,0,0.508376133997736,2.07360507318068,2.03695523629774,0.791093555282117,2.03407537581871
562,3,4,0,0.434859898434899,2.04092342622065,2.0358181123384,1.24695606156733,1.76947273292162
563,3,4,1,0.325155465794131,1.97605127298496,2.16910848964889,-2.37732908846656,3.075451915156
564,3,4,0,0.402360948727915,2.14803424841903,2.03444757314734,0.69186199935518,1.67325076544359
565,3,4,1,0.357321322749467,2.06325054403512,2.04079574895349,-2.93522736892333,2.79860152846557
566,3,4,0,0.375357240671415,2.07240809349111,1.9444876170425,0.521637083876859,1.60091505915298
567,3,4,0,0.376603890563452,2.32465672900388,2.09569378941129,0.826529791877829,1.60411652376824
568,3,4,0,0.403046287819951,2.32082214764055,2.045805497223,0.820806137223618,1.67517175887565
569,3,4,1,0.338045571898151,2.06127066068795,1.93586040342791,-0.921734064283156,2.95818103572523
570,3,4,0,0.471540200074761,2.4453698693866,2.07893794525545,-3.30824534273619,1.89229152367213
571,3,4,1,0.329741467970696,2.5101359136806,1.79242628240849,0.922687781445519,3.03267892314008
572,3,4,0,0.178238710811753,2.07823535243978,1.78228633493982,-2.22890854616791,1.21689840243974
573,3,4,0,0.419619730263935,2.45050587917412,1.97428968616037,0.300009158993816,1.72300826224634
574,3,4,1,0.32000815699978,2.19612460397064,1.86202734430955,2.18033652821784,3.12492034382951
575,3,4,0,0.5614610756507,2.03760158180611,1.91071586529215,-1.56134238599651,2.2802992949458
576,3,4,0,0.402839852721682,2.34662284357928,2.05950980814202,-2.49764873361431,1.67459266087616
577,3,4,1,0.436015126272266,2.08545143670395,2.05904777095582,-0.926329105592015,2.29349841265727
578,3,5,0,0.287843138684721,1.94697801216244,1.9156632580148,0.362294239491863,1.40418502484566
579,3,5,0,0.320256803874749,1.93810899100899,1.81072486772487,0.271946573793287,1.47114381681246
580,3,5,0,0.480238432440719,1.89251004676016,1.87715793301927,-0.222158387903476,1.92395910435595
581,3,5,1,0.37488051480359,2.33054408089779,1.91322936507937,-1.07502480923813,2.66751660998952
582,3,5,1,0.366215871490433,2.0452196094511,1.90856105444263,-0.797182597266656,2.73062987666313
583,3,5,0,0.331380063911085,2.33937394140765,2.06120565687268,0.229405485090885,1.49561798269057
584,3,5,0,0.445238209159262,2.00512700596818,2.04569737854738,0.6506706802961,1.80257547745764
585,3,5,0,0.386997814015506,1.91357388892894,1.76949930702373,-0.28506284107799,1.63131555296818
586,3,5,0,0.352310191303441,1.92653851505201,1.80194924596101,-0.238010051634773,1.54394894990311
587,3,5,1,0.34291355037313,2.07973203222455,1.92941324307501,0.055525386002433,2.91618688999569
588,3,5,1,0.379743690444224,1.95841454573976,1.83269484245378,-0.562930853767227,2.63335514233351
589,3,5,0,0.538005209158928,2.11194186081291,1.88221833989634,0.0125776111137737,2.16452657004958
590,3,2,1,0.416653294894267,1.96793558214592,1.91052106500086,0.157341818867705,2.40007702388089
591,3,2,0,0.339332072514139,2.19850126262626,2.03078768638769,-0.37179805665246,1.51361971483231
592,3,2,0,0.438636792848262,2.37351522869755,2.01158954901282,0.303446086649416,1.78137788023877
593,3,2,0,0.12749710003428,2.09136751697738,1.80882158952159,-0.17782705834834,1.14612799572275
594,3,2,0,0.395767885078558,2.06852572503749,1.95101517383572,-0.00410094693669351,1.6549931314558
595,3,2,1,0.269966401873915,2.11324747826447,1.80876362401215,0.403887167698635,3.70416464070607
596,3,2,1,0.506049434540596,1.94819893725437,2.03690321530322,0.0157801469573464,1.97609152731852
597,3,2,1,0.311616274986034,2.36064654197654,2.22774238635368,-0.863746555827682,3.20907500753874
598,3,2,0,0.285187382755915,2.15058636914233,1.8167535506051,-0.123167302135313,1.39896803144779
599,3,2,0,0.40016384052399,2.10167990293689,1.99044671241913,0.613986903999768,1.66712190354372
600,3,2,1,0.404277273496148,2.16351743213576,1.97520543530544,1.52205184673066,2.47354987667771
601,3,2,1,0.22772630117727,2.26481969157674,1.86135329651137,-1.25838139099793,4.39123629914651
602,3,2,1,0.262631393868923,2.12738495076431,1.87523657943658,2.76131500626484,3.80761791371786
603,3,2,0,0.328858388091094,2.09235792118365,1.95808883021828,-0.98998826452329,1.48999850740253
604,3,2,1,0.305300184805448,2.31219341399341,1.94519523809524,0.904334481451622,3.27546477129468
605,3,2,0,0.27092602124967,2.27656011313789,2.10214285714286,-1.16668951909531,1.37160292253751
606,3,2,0,0.4461521313139,2.10032661216448,1.9686911883136,-0.552340701135083,1.80554996514171
607,3,2,0,0.37605249746865,2.31147190957191,1.91150740740741,-0.4350017828215,1.60269893852128
608,3,2,0,0.36184629344707,2.53612655492655,1.94501421187768,0.249009009254333,1.56702059352069
609,3,2,1,0.342124416787991,2.26838808905285,1.99416259027611,0.717141169061532,2.92291327637011
610,3,2,1,0.559465782474383,2.35485020885547,2.03123884412255,0.812164660270379,1.78741941209923
611,3,2,0,0.225064581842401,2.26396887365932,1.91037362849863,-0.443105232765756,1.29043011400549
612,3,2,0,0.266241297196569,2.04582862746627,1.66277129060024,-0.320599982300867,1.36284584588824
613,3,2,1,0.461303736097253,2.04957504810005,2.0887217685699,-0.875771301816132,2.16776913289334
614,3,2,0,0.388055016192966,1.97676683275515,1.8499608249762,-0.164772112346572,1.63413382977469
615,3,2,0,0.329897471012761,2.04187184994653,1.92352647752206,-0.0558596360852644,1.49230894787303
616,3,2,0,0.423259061079385,2.08781418592778,2.10388663398477,0.168331772827874,1.73388072965919
617,3,2,0,0.388063969413657,2.00706369232824,1.93798929712047,-0.0575312077254598,1.6341577387457
618,3,2,1,0.329970949307253,1.927904301013,1.69308449362528,-0.314880876442669,3.03056981864439
619,3,2,1,0.351566885815211,1.89153435639224,2.06250212726342,0.94132248002393,2.84440895985185
620,3,2,0,0.437744411193683,2.24152065378092,2.21406289917419,0.402098942719613,1.77855057363329
621,3,2,0,0.296990503284698,1.87802158582947,2.11360246396375,-0.41207999932361,1.42245589095501
622,3,2,0,0.258489866345214,2.08665520181061,1.84296666666667,0.322707682631107,1.34859923635994
623,3,2,0,0.400505632766588,1.90670102110666,1.97309713687431,0.466790794282683,1.66807238675964
624,3,2,0,0.303334209537739,2.35750078953697,2.04364766714767,0.199306551060081,1.43540850389175
625,3,5,0,0.59962300444703,2.32202268224937,1.96006896133687,-1.22275238878127,2.49764599641615
626,3,5,0,0.417291470206501,2.32693227840392,1.94211878306878,-3.25600489901853,1.71612384042908
627,3,5,0,0.432350790064858,1.82357170806589,1.8117334323938,-3.84594612580507,1.76165135526967
628,3,5,0,0.449462749554557,2.25287557477594,2.01673996624522,-0.38227968596107,1.81640751682269
629,3,5,0,0.486881994500585,2.49862087542088,1.96171279461279,-1.51403053452345,1.94886943993849
630,3,5,0,0.358439506755065,2.08557794490039,1.98977848381923,0.0375908361728832,1.55869946876268
631,3,5,0,0.31932593354744,1.98142334406334,1.91137828282828,-0.097336619489177,1.46913192273015
632,3,5,1,0.479238034123237,1.99245288111301,1.7798108902354,-0.448733902438281,2.08664573509799
633,3,5,1,0.427199111509405,2.51734947089947,2.0088468013468,-1.30948779677151,2.34082883849346
634,3,5,0,0.381403082778676,2.31436862674363,1.90447745380981,0.637158920665696,1.61656156401797
635,3,5,0,0.476641884817001,2.2340515618878,1.87982882117882,-0.543924148913608,1.91073754469315
636,3,5,1,0.399077205880921,2.18451164021164,1.93533168128168,-0.0871353275520033,2.50578079946362
637,3,5,0,0.371128794508617,2.33409621489622,1.86978569023569,-1.5231979077829,1.59015071968294
638,3,5,0,0.453009519278956,2.30850030632136,2.03059442144007,0.895484991699648,1.82818538026804
639,3,5,0,0.455051484007908,2.03863468642469,1.85327797757798,0.497217899290068,1.83503573393438
640,3,5,0,0.440828409862947,2.54996659424895,1.77300391166568,0.802695410142402,1.78835981233399
641,3,5,0,0.282519345054714,2.12089574769178,1.84081176785031,-0.111583621178836,1.39376580135984
642,3,5,0,0.365588111888035,2.31746187528273,2.06475609959588,0.773118646602673,1.57626302208182
643,3,5,0,0.548863581140212,1.87542569637182,1.65501466549511,0.242329330969435,2.21662441380242
644,3,5,0,0.505951133871029,2.00183777162679,1.6468857111661,0.323464849158585,2.02409127630495
645,3,5,0,0.216212585936175,2.1470854301548,1.86825772081949,0.334117529217614,1.27585615953584
646,3,5,0,0.463795345713129,2.02513443622801,1.95662132506869,-0.643291592922427,1.86495956721964
647,3,5,0,0.414840227206798,2.27948075998076,2.04776928916494,0.815547964652354,1.708934972113
648,3,5,0,0.268918930963865,2.05543486937448,1.92363645134822,-0.0559725326048756,1.36783736079832
649,3,5,1,0.427666312475784,1.95946539524392,1.85132840712969,0.239497577745403,2.33827161697854
650,3,5,1,0.25223720733462,2.21624410023071,1.88303303670491,-2.51250772312743,3.96452216771253
651,3,5,0,0.36607709842636,2.02836989481595,1.94832643082503,-1.08694315205428,1.57747889769815
652,3,5,1,0.597322217840639,2.04108887667888,1.98535387020387,1.08487683770817,1.67413829610268
653,3,5,0,0.413838646175674,2.01233475389975,1.8917658800054,0.46914603135797,1.70601489415098
654,3,5,0,0.237942116087189,2.12063054994697,1.89243873451175,-0.507308123889681,1.31223627641705
655,3,5,1,0.331957199789457,2.16435631209749,1.9937664021164,-0.151811591910105,3.01243654493485
656,3,5,0,0.363386448052573,2.20863113757368,2.19850501230795,0.317594101448688,1.5708116752164
658,3,5,0,0.334368706394963,2.05876688150499,1.76505892473891,-0.205420518856257,1.50233321300751
659,3,5,0,0.304747633882104,2.03400420274714,1.91801133681134,-0.0670837152384652,1.43832664041653
660,3,5,0,0.187225310579297,2.09832385283048,1.79494517454575,-0.592523361998191,1.23035327381164
661,3,5,0,0.343583884385977,2.20094350702243,1.82117244912302,-0.581456883645874,1.52342390171908
662,3,5,0,0.310815860708673,2.0323700533754,1.83615351586265,-0.149247880618403,1.45099102400743
663,3,5,0,0.368186014713778,2.24453337483221,1.97358039772184,-0.41150060753501,1.58274432552642
664,3,5,0,0.418245891058457,2.03289991933992,2.04727718577719,-0.502049535498056,1.71893929863155
665,3,5,0,0.446937948661246,2.13049192659193,2.06146707551708,0.166919608097595,1.808115377975
666,3,5,0,0.203616281609179,2.12636125633526,1.75395662479141,-0.632294521578624,1.25567609797524
667,3,5,0,0.308721894746189,2.42478649991318,1.94484766203647,-0.829841669913718,1.44659579465899
668,3,5,1,0.286893079282165,2.25659148753702,1.99544659448803,6.72596476650627,3.48561911114098
669,3,5,0,0.497107574923248,1.920194965583,1.81038629942128,-0.268500725213559,1.98849684372832
670,3,5,0,0.321431389978354,2.33541766977061,1.95272503966622,-2.83577151652133,1.47369033172357
671,3,5,0,0.377598381923975,2.32121207403707,1.83818344226579,-1.57362336393345,1.60667962768351
672,3,5,0,0.402449854056514,2.15674189514189,1.90527626545568,-3.33615754612403,1.67349971678289
673,3,5,0,0.477470999099777,1.98354128730814,1.7201358007165,-0.294903666909865,1.9137693760101
674,3,5,0,0.410584231070418,2.41763044607889,1.87888251900956,-2.65785685904803,1.69659526044928
1,4,5,0,0.693124837838834,2.4838429947364,2.08160238025743,3.34687239062906,3.25865408251846
3,4,5,1,0.598979727332471,2.11106685262663,1.97042386103175,0.465236399211519,1.66950558486087
4,4,5,1,0.56561266458543,2.16362532642533,2.10124077926006,-0.83070912651661,1.76799435835291
5,4,5,1,0.737087492189987,2.19974616869248,2.04150674264656,0.237679096217591,1.35669104495162
6,4,5,1,0.572689665158343,2.12019978652456,1.99899471901175,-0.119449699729159,1.74614640500542
7,4,2,1,0.598045508604203,2.19386492986306,2.00136233211233,0.919961796651475,1.67211355258554
8,4,5,1,0.734888899671394,2.19321553066579,1.99437954857701,-1.09835455631035,1.36074990443746
9,4,5,1,0.440312466509898,2.29248192826487,1.9154510119124,0.572027657285575,2.2711144381771
10,4,5,1,0.601100463966718,2.18016561472966,2.02372605497483,-1.30498753638678,1.66361541862887
11,4,5,0,0.62914530703215,2.09336428571429,2.08321303831474,2.93807701139472,2.69647389924412
12,4,5,1,0.881131046731047,2.43538015873016,2.15140167821514,-1.59070996215647,1.13490496528292
13,4,5,1,0.372665425291416,2.33164459629976,1.82425148929318,-2.71916654600654,2.68337208695447
14,4,5,0,0.638950288165941,2.2451522556391,2.02742954650936,-0.461957989768219,2.76970169819608
15,4,2,1,0.53272843327632,2.17468857407577,2.12273651273778,0.343365341377627,1.87712901646703
18,4,5,1,0.628367388167388,2.21694544615523,2.18624193121693,-0.327093707561276,1.59142568317631
19,4,5,0,0.644289834472671,2.23436042568542,1.86112184628237,0.285613622186385,2.81127754253954
20,4,5,1,0.501218048618048,2.28795104202829,2.13706580018925,-1.08939720249082,1.99513964582318
21,4,5,0,0.649698529910436,2.03335071289746,2.11970472700219,-0.770001571154945,2.85468399474408
22,4,5,1,0.593007429564753,2.23485219039426,2.08064723420522,0.271904543507408,1.68631951328833
23,4,2,1,0.771257731157732,2.70555579273855,1.93237962962963,-1.11769518992516,1.29658343715907
24,4,5,0,0.356782150774062,2.33819800891117,1.90555095178734,0.0931437139472246,1.55468322467018
25,4,5,0,0.386395936987849,2.15668258108134,1.75819979738619,-0.686373237654702,1.62971541467808
26,4,5,1,0.404553801753802,2.03042788761865,1.91564163059163,0.0937357468267641,2.47185910913419
27,4,5,1,0.618985822850554,2.50776577342411,2.09703039918839,-0.0289771409748619,1.61554588664858
29,4,5,1,0.643006361947681,2.05803451118875,2.06815420466167,-0.0958733552664894,1.55519456599306
30,4,5,1,0.43777351908871,2.19989257335257,1.95981359740477,-0.148281731841121,2.28428618085819
31,4,5,1,0.671860020096863,2.17581216931217,2.12523975789146,-0.733115020755729,1.48840527801584
32,4,5,1,0.533263882349535,2.13159578618263,2.07010959783941,-0.818040203205795,1.87524419541419
33,4,5,0,0.516787996695427,2.10896737601495,2.03513948535652,2.22116347634194,2.06948501519258
34,4,5,1,0.852433470480702,2.25456649179021,2.06098585833502,-1.43823595856427,1.1731120781028
35,4,5,0,0.352529320679321,1.96403121693122,1.98172379433432,1.50661130024422,1.54447148255299
36,4,5,1,0.568530549842314,2.12263752696892,2.08854909373106,-1.94875967479731,1.7589204314128
40,4,5,0,0.781271994671996,2.48911137566138,2.23635997510115,3.50737391014872,4.57188826140668
41,4,5,0,0.382598247397017,2.07494285714286,1.84999209640262,0.436330469439121,1.61969089945724
42,4,5,1,0.649159307359308,2.46063256879573,1.99767696327867,0.567592205788857,1.54045392042188
43,4,5,0,0.794121541474036,2.28646893813723,2.14687946510928,-5.22445557651143,4.85723473528866
44,4,5,0,0.785964241917503,2.60303522904111,2.24998692564745,-2.20771396540834,4.67211651435629
45,4,5,0,0.515098644309386,2.14090335035335,1.94601678652731,-0.59173012947439,2.06227511691685
46,4,5,1,0.701274144744145,2.45013008712707,1.97082342827259,0.0376237139214951,1.42597585765099
47,4,5,1,0.822488482628483,2.30273648202069,2.25685018674136,0.452377800304871,1.21582249614515
48,4,5,0,0.506258441558442,2.40726076694108,2.06179072938107,-0.195741029855873,2.02535108277373
49,4,5,1,0.789267979846241,2.30246878832857,2.07890769980507,0.521127638081247,1.26699679390872
50,4,5,1,0.770173369310428,2.15253190534168,2.2363015037594,1.50816555040468,1.29840895549965
52,4,5,1,0.665765876394138,2.39761703296704,2.02979448621554,-0.412574744591537,1.5020295203715
53,4,5,1,0.797988838285898,2.45431843067264,2.03222857142857,-1.71562746516576,1.25315036003264
54,4,5,1,0.718704106351165,2.39999022126022,2.08108386243386,0.032071837444332,1.39139319111027
55,4,5,1,0.551406640371766,2.52424412419782,2.04803074976714,1.85473893818497,1.81354362966283
56,4,5,1,0.48936140815706,2.40305024898849,1.84333392717055,-0.920732244935404,2.04347948843373
59,4,5,1,0.81617724939693,2.31942416287416,2.0728260012777,0.480989707126604,1.22522405609676
60,4,5,1,0.765912104562105,2.21521428571428,1.83408803194856,0.705915757659489,1.30563284487027
61,4,5,1,0.74163873539123,2.16271388028563,2.14512677880659,0.685639230927875,1.34836538637977
62,4,5,1,0.784531925714763,2.1706121998372,2.01438961925014,-0.174564242383717,1.27464538691517
63,4,5,1,0.748882009607329,2.22922203424216,2.0975880116959,-0.261945620960902,1.33532383896409
65,4,5,1,0.543320842490843,2.02419228017193,1.77623316299115,0.163891155271484,1.84053311007824
67,4,5,0,0.604212773240685,2.08420804475585,2.0032360280999,-1.55261784686618,2.52661008842541
68,4,5,0,0.447212246943996,2.21469829907671,1.89697559266422,-1.13533916967766,1.80901258117903
69,4,5,1,0.811725781163281,2.46389301853118,1.82334933545986,0.809023020174064,1.23194313055685
71,4,5,1,0.577909840159841,2.07648501556923,1.86876058201058,1.17295128643843,1.73037372010038
73,4,5,1,0.700485648133229,2.30054420627842,2.16764772010469,-1.32394785031627,1.42758099707677
74,4,5,1,0.655174757187258,2.40899420900737,1.90152765748565,-1.88347752812895,1.52631033022871
75,4,5,1,0.726185231435231,2.2751559790341,2.10396158173211,-0.314355642163225,1.37705912584259
76,4,5,1,0.802040531690532,2.25071970680392,2.17203132447978,-0.293180440620959,1.24681978090585
77,4,5,1,0.785301887001887,2.17842982211403,2.22715052910053,-1.513927427969,1.27339564128361
78,4,4,1,0.584635742362213,2.3678697227609,2.14543770729918,1.2392683746786,1.71046675312651
80,4,4,0,0.555452691752692,2.56013346098346,1.93485682724785,0.634732032590295,2.24947937249388
81,4,4,0,0.589353512670904,2.30519281045752,2.02609130354424,-1.15935707310654,2.43518459515908
83,4,5,1,0.859872063354901,2.38379970399971,2.10102657527658,0.375045767245154,1.1629637042729
84,4,5,1,0.590813111449954,2.30988722943723,1.9286761752867,0.867898820152728,1.69258261304634
85,4,5,1,0.887808511054163,2.21843342826764,2.07801114606449,-0.22829162012137,1.12636901713481
86,4,5,1,0.801074195588927,2.37444518362901,2.06925896175642,0.440572046462406,1.24832382007366
87,4,5,0,0.762141659849813,2.33494174447557,2.08387923168258,1.15709388930787,4.20418304175748
89,4,5,1,0.855863643421796,2.43186746031746,2.01908002533337,0.343859545303801,1.16841042108289
90,4,4,0,0.479922766672679,2.09155345466413,1.99314374231177,2.00041981664019,1.92279133928293
91,4,4,1,0.775314907314908,2.5993880952381,2.16776147186147,-1.50787077998385,1.2897984942186
92,4,4,0,0.485754874825964,2.17520551398906,1.91014433246236,2.02024101475826,1.94459791847627
95,4,4,1,0.442042580888576,1.9695915393422,2.02960988695618,-2.26919139703663,2.26222550323057
96,4,4,1,0.531440778110457,2.1966359406856,2.2048671394799,-1.6317141009347,1.88167720880492
97,4,4,1,0.486599696969376,2.06720895743609,2.086134744563,1.21196377239348,2.0550773176148
99,4,4,1,0.74393154650124,2.16954673344085,2.00723739352643,-0.172037914486189,1.34420969873245
100,4,4,1,0.524157929615622,2.00051332866399,1.98425540070169,0.0137799640712219,1.90782194353775
106,4,4,0,0.550555431237148,2.16020526421147,1.92584017556518,-2.84453806804402,2.22496848221487
108,4,4,1,0.706181540681541,2.42732557783347,2.07113787878788,0.487120648131025,1.41606646788713
110,4,4,1,0.827991219098362,2.06802981027091,2.01674688176174,0.331071913268429,1.20774227664992
114,4,4,1,0.84590081921838,2.33386502103974,2.04833698074975,-1.13078510964369,1.18217168878499
115,4,4,0,0.677372150072151,2.22342542087542,1.93291625781626,-1.66435598344485,3.09954642856664
116,4,4,1,0.609471408330232,2.03160423280423,2.04410443630444,-1.7006309164074,1.64076605782
117,4,4,0,0.551272964072643,2.08930911065977,2.0075813155276,0.117299906586768,2.22852629758169
118,4,4,1,0.633031213231213,1.95050838206628,1.89493936229462,0.110395367938567,1.57970093590749
119,4,4,1,0.594135480205747,2.29027026855816,2.0287689302817,-0.309922836806956,1.68311779605167
120,4,4,1,0.730545505661472,2.22645055870056,1.95938406473701,-0.667749813211814,1.36884012323716
121,4,4,1,0.600653724053724,2.11593884596503,2.111371000481,0.919917667463529,1.66485274286014
122,4,4,0,0.573755483405163,2.16458548109181,1.96485014721291,-1.37765356162728,2.34607123626775
123,4,4,1,0.842968162610435,2.29379949397421,2.152832550229,0.468586464353221,1.18628442253772
124,4,4,1,0.726611727161727,2.47071697931698,1.94896555277082,0.465985334460043,1.37625084019243
125,4,4,1,0.687438901919337,2.20046837552425,1.92804825507225,0.802029419037522,1.45467473139502
126,4,4,1,0.478161560178952,2.45360611153966,1.93785392861669,-0.385783409690652,2.09134335186992
127,4,4,0,0.782073387723388,2.57898518518519,1.98420985291512,-0.997119408404226,4.58870070779015
128,4,4,1,0.559770127708621,2.56389875104626,1.99837544228821,0.0328614110844533,1.78644759786205
129,4,2,1,0.745503078403079,2.59827222222222,2.20987080200501,0.224333627960114,1.34137608410964
130,4,2,1,0.65915762015762,2.22483136887267,2.090763791423,0.73962766270541,1.51708782454927
131,4,2,1,0.748676545683067,2.50991647527643,2.32933255360624,-0.620470219037456,1.33569030012505
132,4,2,1,0.726552973602974,2.42722777777778,2.30133388648389,0.376936313049081,1.37636213233153
133,4,2,1,0.722973865023865,2.54023550093676,2.31060811751601,0.262864207736425,1.38317586344147
135,4,2,1,0.719328271728272,2.45599651483782,2.35640783904205,0.331728762735017,1.39018587104519
136,4,2,1,0.749463057963058,2.24750785510786,2.15672857142857,0.58962529373116,1.33428858083795
137,4,2,1,0.608198577998578,2.29924251259194,2.29202646895015,-1.03543252573449,1.64419983238162
138,4,2,1,0.608198577998578,2.29924251259194,2.29202646895015,-1.03543252573449,1.64419983238162
139,4,2,1,0.782927394827395,2.47492121522247,2.34131314397104,-1.84681053783104,1.27725764433171
140,4,2,1,0.656647330447331,2.58252829735926,2.28728933444723,-0.732748294217035,1.5228874825681
141,4,2,1,0.754181920126657,2.50884451128582,2.43630654034075,0.232905742538847,1.32594003291946
142,4,2,1,0.755779598179598,2.64953231162197,2.18165547201337,-2.03136899374924,1.32313706589678
143,4,2,0,0.588683792783792,2.30441666666666,2.28636638967674,0.722053471235698,2.43121953975023
144,4,2,1,0.75693841038841,2.44703121693122,2.36861798941799,-1.88651012236589,1.32111144879921
145,4,2,1,0.800751075501075,2.43141800561743,2.22571086048454,-0.48758108497531,1.24882754528209
146,4,2,0,0.777386835386835,2.29160322479453,2.14609593428015,-1.83032877231617,4.49209731930141
147,4,2,1,0.770835613185613,2.49513174603175,2.35516005291005,-0.600718507143807,1.29729346036222
148,4,2,1,0.699804662004662,2.37742111801242,2.36184595833017,-1.96161243589734,1.42897018881726
150,4,2,1,0.711975485625486,2.25320499664573,2.18211314397104,-1.73142028790519,1.40454274085221
151,4,2,0,0.706078044178044,2.47013071397202,2.47658220171641,-0.662215649234304,3.40226369684935
152,4,2,1,0.702086086136086,2.27619925654056,2.18479884433305,-1.77894111088958,1.42432675956232
153,4,2,1,0.740232900432901,2.26161636720767,2.23961513822435,-1.24632104016843,1.35092617393145
154,4,2,1,0.762392041292041,2.39128013677144,2.20999434697856,0.417713537264854,1.31166112162619
155,4,2,1,0.809911759261759,2.29370335775336,2.23782700817701,-1.58422433813414,1.23470240870624
156,4,2,0,0.405730230880231,1.88487699739874,2.00480568615024,1.60894435702185,1.68273745689806
157,4,2,0,0.646617679396627,1.90401055181948,2.05115068975858,0.818774997169085,2.82979634717599
158,4,2,1,0.715393878343878,2.25726319770393,2.02927134502924,-1.20079583208109,1.39783136293391
159,4,2,0,0.759885331335332,1.96363692427419,2.17453533191954,-4.10521889368097,4.164676841949
160,4,2,1,0.815094559144559,2.15907069081851,2.25518826232247,0.600940477911332,1.22685152143513
161,4,2,1,0.731699128649129,2.22449935459066,2.45516976785398,-0.391401897652667,1.36668196099428
163,4,2,0,0.469900344184763,2.20686562674497,2.08934472101972,-0.984906943195071,1.88643774624246
164,4,2,1,0.562724442986207,1.89492140135044,2.07291518688283,1.23313096179041,1.77706871003027
165,4,2,1,0.529517705115593,2.17172503668723,2.1338171732012,-0.290623064334675,1.88851097959359
166,4,2,0,0.518158010292662,2.17266912903603,1.97185083494176,-3.99320440820994,2.07536914872733
167,4,2,1,0.551847559795447,2.33357817059036,2.00602990810359,0.86958806046436,1.81209463057274
168,4,2,0,0.47596028971029,2.09551885102529,2.0264869047619,-1.15892609822684,1.90825233348663
169,4,2,1,0.594790559440559,2.30379712545417,2.08759492734361,0.757370314317529,1.6812640754429
170,4,2,1,0.481111491123256,2.01708801209608,1.90671018518518,0.776367046199718,2.07852029820633
171,4,2,1,0.791477864245256,2.06553281834264,2.1438164021164,-1.3668817882321,1.26345921367439
172,4,2,1,0.769833776209803,2.07000927484763,2.15779454431279,-0.550180864034642,1.29898171644715
173,4,2,1,0.663114994264994,2.36325097234136,2.2528298524088,-0.491697149875212,1.50803406445124
174,4,2,1,0.778124357124357,2.36530319012129,2.07002806764386,-0.385271107055853,1.28514162401445
175,4,2,1,0.615472203239595,1.98594513501599,1.75246340219235,0.710297576921818,1.62476874623485
176,4,2,1,0.654413161674926,2.28003258987389,2.3087253968254,-1.46179076002874,1.52808662564269
177,4,2,1,0.599046503013894,2.38303385436446,2.07291033138402,-0.431834159829492,1.66931948516325
178,4,2,0,0.565089500896548,2.18968216573403,1.97424534561299,2.52002752986937,2.29932365868714
179,4,2,1,0.726858062308063,2.34141732483679,2.0174708994709,-0.806577424450211,1.37578442319894
180,4,2,1,0.606117018446174,1.9148603814067,1.96696464836333,0.106607523970203,1.64984643157451
181,4,2,1,0.490698960067771,2.13829254658385,1.99326203703704,-2.16920850433991,2.03790935253233
182,4,2,1,0.456717939440594,2.38004875348468,1.91064667554668,0.456085233342961,2.18953518932241
183,4,2,0,0.664533595788011,2.67376892551892,1.93737243867244,-0.715225189920526,2.9809244307161
184,4,2,0,0.45967036821108,1.82151413782749,1.91933293650794,-0.232508934006694,1.85072211695888
185,4,2,1,0.595069224019224,2.2513619039369,1.99697754375254,0.871012645547011,1.68047675738595
186,4,2,1,0.540007720819485,2.1192520284593,1.91833765950825,-0.666965099595527,1.85182537479734
187,4,2,1,0.513439142506534,2.18971508746943,1.92600316956366,1.17884170877566,1.94765049489244
188,4,2,1,0.777187872755264,2.39568833717704,1.98320274360143,0.466920721196442,1.28669017499569
189,4,2,0,0.805488232138232,2.21181663506847,2.27959784710819,-0.556945505529491,5.14107712347082
191,4,2,0,0.757130086580087,2.42312931122004,2.24033009923799,-1.1855473581699,4.11743054509611
192,4,2,1,0.755994166944167,2.26459160409517,2.20053809725765,-1.65207911569955,1.32276152875906
193,4,2,1,0.834185314685315,2.23002112024518,2.19725574668996,2.52790975346878,1.19877439987928
194,4,2,1,0.786618712768713,2.30607592485276,2.21006339459761,-0.363058547833644,1.27126393482331
196,4,3,0,0.663614334858727,2.16625824513853,1.91489157616263,3.21566051438738,2.97277828286775
197,4,3,1,0.32089692868339,2.32072795124633,1.85263058738647,1.0298999772775,3.11626541301877
198,4,3,1,0.468328979610121,2.28885643264785,1.88776745280484,-2.29669546899066,2.135251166461
199,4,3,0,0.499820617003867,2.2921607997654,2.00532173315826,0.297272973388033,1.99928272534922
200,4,3,1,0.31422442845237,1.97477598594039,2.05033636788049,-0.0846320261689892,3.18243875858168
201,4,3,1,0.584912067321667,2.55705468091403,2.05734704849238,-1.1676377430358,1.70965869208176
202,4,1,1,0.465780674187206,2.00110846299373,2.027130305118,-2.17915832536626,2.14693321431812
203,4,3,1,0.491095223175319,2.33787592430225,1.82949861141038,-1.51870128808541,2.03626497023166
204,4,1,1,0.400506936389133,1.99063069972214,1.88341074295101,-2.31295140031518,2.49683565786835
205,4,1,0,0.293059622426284,2.13057308269367,1.9555741777797,0.00970278540651806,1.4145464479368
206,4,3,0,0.47622973872066,2.30281989277935,1.95726604988677,-0.403811141578171,1.90923401713843
207,4,3,0,0.302774455601259,2.1729360221012,1.80969122917079,-0.593295617259362,1.43425611415652
208,4,1,0,0.48328714300877,2.01243924742268,1.74187098428818,0.398609165059208,1.93531085296175
209,4,3,0,0.252978071319226,1.95597050958253,1.7786082449714,-0.23630228862786,1.3386487887524
210,4,1,0,0.398342338100566,2.1837541846933,2.16445564606912,1.39416447400527,1.66207473672487
211,4,1,0,0.231699859583673,2.01689821385567,2.02685943649437,0.465813732309229,1.30157466775695
212,4,3,1,0.295832459651484,2.07048506122823,1.95603584620666,-1.09260144307963,3.380291673125
213,4,1,0,0.273737020936007,2.11097953213151,1.77426622798713,-0.183904286845251,1.37691170943175
214,4,1,0,0.284517888768626,2.47525882814716,1.80984356160832,0.46472083160745,1.39765898308619
215,4,3,0,0.590937399874776,1.94266466071418,2.00304350436091,-0.0797839071602845,2.44461361095802
216,4,1,0,0.446828045203795,2.12767315213863,1.91762611397776,0.623340268398806,1.80775614405183
217,4,1,1,0.343908801408888,1.97759690639873,1.92940252126041,-0.812163941943496,2.90774762350748
218,4,1,1,0.266709487678993,1.90594442333323,1.63447424873271,-1.40056729829125,3.74939792619445
219,4,1,0,0.469109186161395,2.00951909440469,1.88147548164268,1.14563779864196,1.88362648954029
220,4,1,0,0.406035175105676,1.97510527028871,1.98078918264971,-1.15862981025885,1.68360138191334
221,4,1,0,0.413651037359383,2.157649683338,2.0724679815741,-0.384804726940145,1.70546903587329
222,4,1,0,0.102315345200288,2.19859775167099,1.74583943626034,-0.231525000783816,1.11397693460976
223,4,1,1,0.28764029924317,2.04542077934051,1.77618951267056,-0.649994484800612,3.47656431533122
224,4,1,0,0.20701128439083,2.09665571558365,1.79809989171718,-2.27842126227557,1.26105199269047
225,4,1,0,0.44730705112793,2.50109523809524,1.95151721611722,-3.86468833590062,1.80932288360253
226,4,1,0,0.147732665234639,2.03534261507907,1.70228694714541,-1.07381390872838,1.17334075730511
227,4,1,0,0.428867386745801,1.99279974247611,2.24018289760349,0.234776174967616,1.75090684158658
228,4,1,0,0.346849162710512,2.26937003036867,2.12654086785397,-0.751106169318728,1.53103991131651
229,4,1,0,0.384915318802701,1.94345579767764,1.93170672300409,-0.645609009043516,1.6257923999236
230,4,3,1,0.345641996795883,2.16350292461435,2.02962866479925,-1.18398391517313,2.89316694519198
231,4,3,0,0.351523903620167,2.10422526691008,2.02689389738802,-3.0007617683806,1.54207688700104
232,4,3,0,0.419899306736623,2.42337729862501,2.04728914370654,-3.09393131505269,1.72383865700016
233,4,3,0,0.520539369911393,2.25189765195226,1.92406084656085,-0.497685331569722,2.08567698210215
234,4,3,1,0.354662914051787,1.86471536611851,1.63643929396003,0.796811952655088,2.81957870524343
235,4,3,1,0.278692451121087,2.17580557802674,1.88899906711222,1.30754692217525,3.58818473904597
236,4,3,0,0.509367346394685,2.00737872699979,1.93160606930142,-1.41952329235799,2.03818476542827
237,4,3,0,0.313764091534776,2.23763061610826,1.99706084101084,0.591453064859412,1.45722482263645
238,4,3,0,0.269446482237102,2.14473763647034,1.74895931838006,-0.197657806791461,1.36882511094081
239,4,3,0,0.242282193162006,1.99617729112582,1.82411561442319,0.262810806807062,1.31975253976552
240,4,3,1,0.302836658040152,2.18430100013036,1.99198124258457,4.23697258582339,3.30211014238379
241,4,4,0,0.37489309672234,1.88117462081674,1.94650182758891,-0.124760886256743,1.59972637441155
242,4,4,1,0.445534438937943,2.11663036082077,2.10051065327017,1.2546148618041,2.24449540283302
244,4,4,0,0.476026561944509,2.29487439411853,1.77625561993562,-1.22818198014978,1.90849368951045
245,4,4,0,0.364165829859864,1.97204625511301,1.90174248493881,-0.11426766233311,1.57273711757203
246,4,4,0,0.435445139323218,2.17891276610654,2.01726410088822,0.155260777190984,1.77130704144715
247,4,4,0,0.489944072628396,1.99650661349634,2.00783227785287,0.00447663797296888,1.9605693147282
248,4,4,0,0.431212013763826,1.97521618626709,2.306184996115,-2.64281144101915,1.75812433489897
249,4,4,1,0.2097676563969,1.93320500015956,1.76463769043522,-3.81373217245445,4.76717915991732
250,4,4,1,0.411857267429954,1.85852643710202,1.99409095155792,0.959253711182547,2.4280256270337
251,4,4,1,0.461182426910943,2.04966973893275,1.92376456839457,-1.40616044612623,2.1683393417614
252,4,4,1,0.403404215311278,1.81108969007425,1.99116755268626,-1.45062948843866,2.47890319943328
253,4,4,0,0.339691514148199,2.13290801339739,1.93712089342517,1.51993823820781,1.5144436599357
254,4,4,1,0.394995220935477,2.03269594364808,2.19271347330955,-0.327870584157076,2.53167620011117
255,4,3,1,0.361620714932923,2.04947704064669,2.01822153592881,-0.0816440338489846,2.7653283086548
256,4,3,0,0.201014173571072,2.23198820954001,1.82219041835357,-0.536639995942791,1.2515866576376
257,4,4,1,0.478961737267824,2.02579662129004,1.94151970093703,-1.35407849380023,2.08784945057276
258,4,4,1,0.293749595080909,2.23571219098189,2.06005677550836,-0.38010429477095,3.40426001174424
259,4,4,1,0.350098177110417,2.3011598700366,1.80789798552855,-0.896666780893267,2.85634163609087
260,4,4,0,0.291178438625115,2.0036374206984,2.1089974025974,-0.359772472587043,1.41079229878437
261,4,4,1,0.417605250577286,2.05435634903156,2.01341949629891,0.725130711293863,2.39460590741527
262,4,4,0,0.294890814124856,2.01421851287087,1.84587608895428,-0.148177443576381,1.41822007148985
263,4,4,0,0.208219312989251,2.14375249700811,1.89389392783143,-0.0683026164155399,1.26297599373805
264,4,4,1,0.339994540409284,2.14270346814727,1.86275243349346,-0.856683139206862,2.94122369964001
265,4,4,0,0.345270851912395,2.07703172673443,2.23731539552771,-2.26764388655597,1.52734913806861
266,4,4,0,0.357341439590157,1.92011257991155,2.07259801439949,-0.490501026562636,1.55603622452686
267,4,3,0,0.533961194229177,2.29499629694291,2.03082826019296,-0.346429504927503,2.14574406169034
268,4,3,0,0.499517143096375,2.04997634746922,2.05915872905996,-3.22107874902929,1.9980704357923
269,4,4,1,0.382034037651381,2.1102192713875,2.09191349206349,-2.00394078554925,2.61756781188312
270,4,4,0,0.204051574461552,2.04261610701501,1.88795455211385,-1.77627067542322,1.25636280934096
271,4,4,0,0.447445138212879,2.26169551316251,2.12873385164694,-0.865868349177971,1.80977504526105
272,4,4,1,0.504132880297997,2.32307413275378,2.10573756613757,-1.74948069565548,1.98360400418416
273,4,4,0,0.432826832678348,2.65575315496701,2.0551582788671,-0.0321268310472312,1.76312995327737
274,4,4,0,0.486524258011012,2.24460291976821,2.11700356995504,-2.24791453617006,1.94751167041781
275,4,4,1,0.45689090749602,2.08059117352836,1.90943278466811,-1.43207087777818,2.18870628325803
276,4,4,1,0.53738910583362,2.46736499657163,1.87302593782753,0.882506527114976,1.86084903684223
277,4,5,1,0.367368735993133,2.12220015461285,2.21075570472659,-1.39248783968112,2.72206070365959
278,4,5,1,0.377005466845569,1.90852356616628,1.70655095888052,2.34471647873599,2.65248143048712
279,4,5,0,0.292629339283894,2.05929976356633,1.82629272646093,0.322052875193169,1.41368600019069
280,4,5,1,0.275714750440363,1.90163447151854,2.03942615668461,2.41275343088422,3.62693689185229
281,4,5,1,0.479136002542823,1.96482634714253,1.91718478167884,0.125201255534217,2.08709008442884
282,4,5,0,0.335517032266411,2.03643857510693,1.94207102714328,0.462113093972855,1.50492946931475
283,4,5,1,0.310184387274469,1.81513670394846,1.83047080054691,-0.512752230761733,3.22388889004637
284,4,1,1,0.206394854165911,2.10082586061456,1.85887459359812,0.44181290419896,4.84508203482703
285,4,1,0,0.158823334520116,2.14583327653085,1.90009745688894,-0.0723676289686031,1.18881091337633
286,4,1,1,0.216912777137609,2.12893392388985,1.80932689509779,-0.977291791827579,4.6101479737434
287,4,1,1,0.616307843437684,2.05608241943242,2.0631350140056,0.445467134003024,1.62256575289085
288,4,1,0,0.482114119674492,1.88767067099567,1.88728830798831,-0.217282134311664,1.93092732972652
289,4,1,1,0.225693515992079,2.00842165659341,1.84975418128655,3.46089811916413,4.43078745795735
290,4,1,0,0.621112472866039,2.13597563825064,2.0729986786477,0.295904313895838,2.63930567354474
291,4,4,0,0.460075086220256,2.15293889101911,2.13423177508325,-2.82229653552887,1.85210938498744
292,4,4,0,0.48831040161323,1.95637502429826,1.94835572500069,-1.39614922143743,1.95430980647789
293,4,4,1,0.362230256591286,2.10269576323187,2.04774723140444,1.6536868568518,2.760674962413
294,4,4,1,0.428207188750879,2.24107503052503,2.32717248677249,3.21424246427876,2.33531810364299
295,4,4,0,0.252830043763623,2.19358697901021,2.0450600934788,-0.781688970954971,1.33838357880069
296,4,4,1,0.450194013344185,2.11551139829523,2.09083742854168,-0.226447929089238,2.22126454452755
297,4,4,0,0.337289809512212,2.44195423746104,1.89727523571295,0.122210151013755,1.50895521806289
298,4,4,0,0.36540275041417,2.0408360321637,1.84373268921095,-0.658021352541561,1.57580260653927
299,4,4,0,0.425363589301204,2.0779173347515,1.99320731105568,-1.10926976434854,1.74023083358733
300,4,4,0,0.358202112105681,1.98972382707716,1.99043160597572,-0.0153037616762347,1.55812292134664
301,4,4,1,0.426242901558793,2.13965374684946,1.99830014013764,-0.137365599272528,2.34608012554097
302,4,4,0,0.338711733956356,2.06513234728235,2.23455673400673,-0.236149097371407,1.51219982471911
303,4,5,1,0.226724337435164,2.22931997623498,1.85088753108312,-1.19096482037221,4.41064250672237
304,4,5,0,0.214055450906209,1.97951295895168,1.77024551292298,0.612902039545568,1.27235439338948
305,4,5,0,0.374345980533147,2.06120083136965,1.98966299479736,1.09183277304446,1.59832746036243
306,4,5,0,0.292368100000211,1.97079042763129,1.96931681051528,0.899357866453549,1.41316410410596
307,4,1,0,0.133801195883866,2.1814719506206,1.59999992207082,-0.371968217463625,1.15446938421994
308,4,1,0,0.379941819091256,1.98688631878336,1.88784660368871,0.954979094063215,1.61275188488671
309,4,1,1,0.402343325863246,2.1812176776818,2.1320484494531,-2.03432733767685,2.48543951326756
310,4,1,1,0.260988328095267,2.00524924643411,1.70569261848932,-0.44908803460756,3.83158897295582
311,4,1,0,0.349720704476619,2.05193676395557,1.63632001592848,0.689452159393475,1.53780076789181
312,4,1,0,0.218101627048949,2.08665871147106,1.64516384064737,0.095649161359486,1.27893858664239
313,4,1,0,0.23296118205555,2.10259361055394,1.81662541509631,0.282356293067598,1.30371498365604
315,4,5,0,0.233810082647079,2.31809162151883,2.02799245063438,-0.309992034871956,1.30515943547634
316,4,1,0,0.513615832890382,2.2826864959115,2.05648677851789,0.355000319588247,2.05598797745122
317,4,1,0,0.177176195276567,2.03204390304038,1.80976457811194,-0.18333550383766,1.21532701686495
318,4,1,1,0.514944850353043,2.36812689255189,2.08179082590626,0.849466806923101,1.94195553041147
319,4,1,0,0.2029046224876,2.1253249313867,1.9289835978836,-0.875484320091988,1.25455501087063
320,4,3,1,0.303194094160906,2.09158288813605,1.91909433551198,-1.00504985149736,3.29821727816801
321,4,3,0,0.637268898645215,2.25481533216239,2.47960740740741,0.00832869265201433,2.75686313157334
322,4,1,0,0.454876754137541,2.54082537758538,1.90842923217134,-0.863245389206956,1.83444754482606
323,4,3,0,0.47012165057165,2.12004867509599,2.00970959383753,0.116219854817157,1.88722562655906
324,4,1,0,0.19662136530176,1.97717094890948,1.90582251461988,-1.34450782254581,1.24474308477921
325,4,1,0,0.222748945738447,2.18100517558277,1.9883403020612,-1.67523366700537,1.28658558199072
326,4,3,0,0.240541737578685,2.14764768684097,1.79590031325171,0.281573829133364,1.31672805403655
327,4,1,1,0.549792617292439,2.0386472000222,1.93894240708473,0.0113508869586313,1.81886763944684
328,4,1,0,0.332382223485454,2.23735512406983,1.85347505642506,-0.0283545972041899,1.49786305155134
329,4,1,0,0.572935565488757,2.09767351722352,2.18855603174603,-0.460930741431516,2.34156703108387
330,4,1,0,0.558144884909556,2.34326026511615,2.00815861606094,0.441759936095584,2.26318529727852
331,4,1,0,0.259367722500575,2.07015839831307,1.75958011544012,-0.21585057461003,1.35019770320606
332,4,3,0,0.298444047916105,2.11669502925398,1.82994259259259,-0.59554933794325,1.42540305877188
333,4,3,0,0.315838987061975,2.2988988502265,2.10374085745409,-0.732703701290416,1.46164423445536
334,4,1,1,0.378595067689079,2.00181517767635,1.91253787589696,-0.73870786813905,2.64134450061364
335,4,1,1,0.226188624023903,2.04533409646203,1.87981073083793,-1.10785220771803,4.42108883377939
336,4,1,1,0.273558242009451,2.05476781427442,1.98004738234475,-1.22029262663348,3.65552868250064
337,4,3,1,0.306561324989734,2.13271146194303,1.91158737279519,0.0672770234444665,3.26199007664613
338,4,3,0,0.398803663832866,2.31673804355235,1.9586640127846,0.168772233086218,1.66335012348112
339,4,1,1,0.481233860395452,2.41508763404352,2.31453199192255,-0.754150531857292,2.07799176720078
340,4,3,0,0.247470528082367,2.19561956288782,1.93691453176453,0.00124433988185252,1.32885160956122
341,4,3,1,0.28871045320841,2.12773465194438,1.93245026776342,1.19324540791676,3.46367784362187
342,4,3,1,0.471645750209449,2.11238980516692,2.03086081132869,-0.146961177452699,2.12023536638657
343,4,3,0,0.388964584543852,1.9753052958364,1.77685339382839,-0.238866423881775,1.63656635066477
344,4,3,0,0.447444767729949,2.56816207580002,1.93792729044834,1.60452595954918,1.80977383182441
345,4,3,0,0.323635192691482,2.0265355641912,1.84483255489014,0.350360299782936,1.47849206403765
346,4,3,0,0.271998692546268,2.10619526159815,2.07156924115136,0.569120965212866,1.37362390666249
347,4,3,0,0.337482149939083,2.15995443630914,1.91652849497904,1.004270408134,1.50939329394378
348,4,3,1,0.345777516318671,2.00937794755236,1.67753469999786,-0.363273958975245,2.89203303513347
349,4,3,1,0.337149435344774,1.93517546904493,1.81608433801986,-1.55095176633315,2.96604382260758
350,4,3,0,0.275310879860098,1.99290400905988,1.7195758672528,0.636814783478204,1.37990204655887
351,4,3,1,0.293438275880785,2.01027986736296,1.67438177873611,-1.49814743861055,3.4078717133898
352,4,3,0,0.455561778874312,2.2791200370795,1.96433868897608,0.810145864292718,1.83675568907044
353,4,3,0,0.346128843792403,2.07175037419859,1.74090968383468,-0.221109019961536,1.52935328390982
354,4,3,0,0.423268273903355,2.01201513937517,1.92381737831793,-0.0673646096429986,1.7339084270048
355,4,3,1,0.302558229765639,2.18792162603608,1.79034118289118,-0.806343134281454,3.30514889902218
356,4,3,0,0.534562666761685,2.22847118807119,2.00205522384392,0.264458256114242,2.14851695080501
357,4,3,1,0.345056931406684,2.11086663537134,1.98315578287286,-2.0109434161523,2.89807248885953
358,4,3,1,0.26267704024175,2.06569317921778,1.80926289304378,1.7386829517673,3.80695624969608
359,4,3,0,0.304493319741943,2.71304405200547,2.00059718331777,-0.645765431031923,1.43780071189103
360,4,3,0,0.237485319170675,2.02004436474333,2.04623150741778,0.489624381275973,1.31145015976923
361,4,3,0,0.287330939383321,2.21064192334369,1.6808119851883,-1.1697128354547,1.40317582909337
362,4,3,0,0.550477559106691,2.35846949973616,2.22342749102749,-0.0791245191326787,2.224583044203
363,4,3,0,0.410721372611031,2.30213026010977,2.08378545751634,0.294367259353355,1.69699010539529
364,4,3,1,0.166354220474452,2.1052765540445,1.98889096638655,1.95415020015922,6.01126918901091
367,4,3,0,0.283221240700778,2.28861632889976,1.8742041339131,-0.476798257427029,1.39513062716545
368,4,3,1,0.174198247987456,2.13124886353172,1.78903477179374,6.60943577958253,5.7405858643998
369,4,3,1,0.409800120715216,2.2601994537264,1.8831037037037,-0.0918437689049784,2.44021402008062
370,4,3,0,0.285229660377372,2.15296177723037,1.867271838785,-1.00438916386023,1.39905077836325
371,4,3,0,0.315786458599909,2.15300224955543,1.92281455445426,0.48060733227228,1.46153202106132
372,4,3,1,0.343000818964361,2.11583134923657,1.94029026191673,1.94216932206962,2.91544493397814
373,4,3,1,0.295182725972315,2.01212778580742,1.95789920664796,-1.04084640722509,3.38773211307016
374,4,3,1,0.314981768996047,2.26125284578807,2.24951996499128,-1.86216790813936,3.17478691921547
375,4,3,0,0.57048014045965,2.54381981561896,2.07567189760841,-3.08233868499701,2.32818105563302
376,4,2,0,0.298705890627541,2.03347529349644,1.60787436332393,-0.377867328750425,1.42593526258881
377,4,2,0,0.199788874736913,2.06350205345063,1.68872378394529,-0.711978380031158,1.24967020381181
378,4,2,0,0.516964332067348,2.02201362703382,1.80620152949666,1.20992173418581,2.07024049441299
379,4,2,0,0.360341511719927,1.97864666839093,1.79835270557029,-0.73478776137257,1.56333421399413
380,4,2,0,0.291463280412277,2.20719880890527,1.853824514824,0.879964009232658,1.41135945725138
381,4,1,0,0.527099911660316,2.02148628760576,1.94505334972045,1.37874326368505,2.11461157368552
382,4,1,1,0.197773105648718,2.13546812423297,2.07500168067227,-2.12513045672982,5.0562992208667
383,4,1,1,0.243467068533661,2.30039230595407,2.13445767774493,-0.718196905628158,4.10733166511078
384,4,1,1,0.378649328358141,2.09026229080288,2.11560395895334,-2.04060845253774,2.6409659944099
385,4,1,0,0.387152837722212,2.06872747629571,1.82607519785239,0.95731108636874,1.63172820493003
386,4,1,0,0.387639141567806,1.97180598272868,1.86558494676863,0.936420146283384,1.63302403514207
387,4,1,1,0.364456275481724,2.11199641550171,2.05098915060974,-0.200911977857456,2.74381336602927
388,4,1,0,0.459337826766735,2.33299778739779,2.07459812948869,1.59056352752381,1.84958380576138
389,4,2,1,0.283579172863035,1.98713925746797,1.85453409861228,-0.795091864239899,3.52635205859418
390,4,2,1,0.369251549385503,2.60176318832028,2.25327267917268,0.771055199413254,2.70818091803316
391,4,2,0,0.384095429481932,2.05797393054979,1.8925858967522,-1.69488808062761,1.62362815258677
392,4,2,0,0.35477370092395,2.0079142953779,1.90251948989283,-0.0931288836073815,1.54984383220582
393,4,2,1,0.391253996003122,2.17038652504614,1.99486170136671,2.39349251263238,2.55588443879311
394,4,1,0,0.498056289905271,2.06714579124579,1.99129448884449,-1.27024992392747,1.99225526665385
395,4,1,0,0.313732447908101,2.20009807489896,1.89733980968214,0.960254591683564,1.45715763036118
396,4,1,0,0.515163719096907,2.35044581772283,2.27021209969368,-0.73245563581719,2.06255191574633
397,4,1,0,0.41959305958143,1.99964217973385,2.05148888888889,0.625539905909458,1.72292908709678
398,4,1,1,0.428256538155745,2.19671767904209,2.09919289354931,-0.329145052112584,2.33504899728192
399,4,1,0,0.505748442750703,2.10881326841,2.00340596833965,-1.23409043738071,2.02326120238324
400,4,1,0,0.456200958980064,2.14214426371077,1.88453349299174,0.003780392171156,1.83891460736015
401,4,3,0,0.286051935667239,1.81674738812243,2.07289310194163,-0.000529275626753145,1.40066210689229
402,4,3,0,0.438981302847099,2.61436611948249,2.14638393464544,0.627108090407468,1.78247178761577
405,4,3,0,0.182899943845515,2.15540329996519,2.0320939788679,0.474826280065999,1.22384032710302
406,4,3,0,0.484381028792362,2.31111706947135,2.19072774288927,0.482996287299966,1.93941661544742
407,4,3,1,0.561293388611377,2.30741806110012,2.02009757593628,-0.323126315668986,1.78159946347127
408,4,3,0,0.24238158789651,2.26549427870309,1.92448876439464,-0.430548024820948,1.31992568293523
409,4,1,1,0.359925240908659,2.0510056594192,1.94898308604263,0.0397205114611894,2.77835474243324
410,4,2,1,0.43024240799536,2.2805315401462,1.90443946608947,1.39553058891753,2.32427111185837
411,4,2,0,0.469060922406757,2.09812961448366,2.07279202816409,-1.09615168943701,1.88345526295224
412,4,2,0,0.371117713626989,2.10698426351589,2.03537371152086,-0.4315333463273,1.59012270128859
413,4,2,1,0.38072679040138,2.22089156945306,2.05217127226236,1.44528588755001,2.62655538094851
414,4,1,0,0.48441035495732,2.24917656808358,1.98571950894959,-1.07319034721918,1.93952692730518
415,4,1,0,0.511847981157494,2.28553435545936,2.25191119420175,0.551306009242212,2.04854217825663
416,4,2,1,0.434591406492601,2.44437600872717,1.95267332224941,0.384200530652252,2.30101190465446
417,4,1,0,0.4079312849345,2.20135185986853,2.20975923052982,0.348489281333184,1.68899314311747
418,4,2,1,0.411706771630245,1.94226935658212,2.02829822348274,0.0172949391814087,2.42891317050792
419,4,1,1,0.284209912634638,1.95486319723531,1.85769743803954,0.403529521420267,3.51852611589075
420,4,1,0,0.2670332598967,1.96236876254489,2.0177861164177,-0.905469226086491,1.36431838620544
421,4,3,0,0.416286661781064,2.33030250470393,2.14144191565515,0.37700365128496,1.71316969225213
422,4,3,1,0.408216836590189,2.3763467136101,2.07698349651438,-0.487948031865774,2.4496784805667
423,4,3,1,0.436977717082433,2.36331828521697,2.07790168468821,0.299124987428083,2.2884462088289
424,4,3,0,0.415598744944475,2.33739586839939,2.02652180796312,0.836846270296073,1.71115306709084
425,4,3,0,0.453435901162839,3.02559025974026,2.00852059813825,0.859362145613729,1.82961157186786
426,4,3,1,0.294465041242472,2.23861479264307,1.96591092085968,-2.42093031271245,3.39598886095469
427,4,3,0,0.24362569354158,1.96517774506021,1.89095828493221,-0.120257849642897,1.32209673366922
428,4,3,0,0.194273031770836,2.05313101012141,1.80824789360966,-0.17894141142252,1.24111521573842
429,4,3,0,0.272481044648816,1.92832116407892,1.84789155419744,-0.178954652279145,1.37453463259563
430,4,3,1,0.23345373796866,2.17647895883777,1.95320675381264,-0.0228331518982758,4.28350391260064
431,4,3,0,0.548588683959305,2.67331512746512,2.27829069264069,1.83497828116354,2.21527454998458
432,4,3,1,0.315395796032675,1.91096866811856,1.95953741753797,-1.93688600959,3.17061930621422
433,4,1,0,0.309917451354997,2.35360887758176,1.91934913673072,1.04422358879085,1.44910199796174
434,4,1,0,0.369589651414784,2.22479318868198,1.90089605370263,0.56144131682094,1.58626837621595
435,4,1,1,0.294967975810035,2.00466226947771,2.190444019332,-1.58992746477128,3.39019853682021
436,4,1,0,0.450854500095308,1.95262844853041,2.00169130843506,0.56980241237913,1.82101100741708
437,4,1,1,0.314800961562196,2.37753631809604,1.85956005299381,0.987016851781628,3.17661037322603
438,4,1,0,0.422285764774053,2.12542875006494,1.91878596714238,0.0104693157881176,1.73095959736719
439,4,1,0,0.385758594003011,1.9820831697714,1.95452255652514,-0.0567296501325292,1.62802440577394
440,4,1,0,0.34762961003243,2.27910639620728,2.40759588358644,1.57823809249437,1.53287153337801
441,4,2,0,0.461534799798038,2.03031062582337,2.03013641088014,0.0561165645017563,1.85713022796075
442,4,2,0,0.500490977520116,2.20990737094541,1.93888615638766,0.81652811854888,2.0019658404474
443,4,2,0,0.318298071473557,2.3119210653676,1.99476477948684,-0.348566301123077,1.46691678306028
444,4,2,0,0.308230479634377,2.03517717189563,1.84138689314641,-0.142939278726785,1.44556817055407
445,4,1,1,0.227605833073371,1.98887688167247,1.93337922269465,-1.2273154126204,4.39356050983826
446,4,1,0,0.256880259699659,2.07915947999949,2.20006770990827,0.675990797310516,1.34567815355818
447,4,1,1,0.472908207571459,2.08798723085194,2.05340293040293,-0.852367239176765,2.11457526849731
448,4,1,1,0.219938026513356,2.14566547425704,1.95671495443554,-1.50772332308325,4.54673535019318
449,4,1,0,0.310043091380384,2.16799094154539,1.86887587476736,-0.0556347284457584,1.44936587706714
450,4,1,1,0.341994173821096,1.98623754562799,1.96202127744976,-1.86251642719003,2.92402642076329
451,4,1,1,0.403210631101074,1.99584946849447,2.03622247012247,-1.70285766386738,2.48009333798872
452,4,2,0,0.366853587559329,1.98880850867161,2.18300842383737,0.702995093777201,1.57941351376401
453,4,2,0,0.239616733801998,2.0504504768844,1.86626493586985,-0.556212213646863,1.31512625863021
454,4,2,0,0.220445617931867,2.46193475575592,1.71235189789112,0.270574436331194,1.28278414309856
455,4,1,0,0.329894397665934,2.08516209628299,1.8965027478623,-0.0615717729902543,1.49230210360407
456,4,1,1,0.213165174739895,2.07059744437562,2.04455324315061,1.32868032418161,4.6911978057401
457,4,1,1,0.334827481228104,2.02830780058386,1.94635589526859,1.07379981687122,2.98661267686908
458,4,1,0,0.373445274186078,2.14954305029393,1.83965873910302,-0.0712091498158679,1.59602977808675
459,4,1,0,0.325029204429382,2.39095407075495,2.16524208183264,0.847352814534816,1.48154558176788
460,4,1,0,0.273159290803869,2.10898810925839,1.97722067410173,-0.440425468803491,1.37581726965455
461,4,1,1,0.252505262972135,2.04472220631915,1.79648311031031,0.55775158828098,3.96031349299184
462,4,2,0,0.328486081306316,2.15076402069096,1.96365224506377,0.0374018442606089,1.48917240903261
463,4,1,0,0.469828676370788,2.18522425335014,2.1685968437374,0.33273938013027,1.88618274024073
465,4,5,0,0.334912072707049,2.06250129514383,2.00653150217738,0.0380046915776101,1.50356059546925
466,4,5,0,0.463461117497353,2.28419359861237,2.00286654704944,0.869618298502464,1.86379782083187
467,4,5,0,0.36635703542553,2.24965741388312,1.81971571046422,-0.5619970155242,1.57817581178631
469,4,1,1,0.456184506429243,2.49239074074074,1.96360291005291,-1.17970043118471,2.19209549186017
470,4,5,0,0.375207344868527,2.20587485292899,1.90659382003382,0.563738373357067,1.60053097901667
471,4,5,0,0.336143930292216,2.06484702760418,1.97095542687841,0.505907631527674,1.50635061669343
473,4,5,0,0.389814899252495,2.17195860441702,2.12491951381951,0.234774746230636,1.63884696426536
474,4,5,0,0.205582577427482,2.20082288094459,1.87539256241344,-0.0726376742129025,1.25878407445012
475,4,5,0,0.347888884984499,2.22235164261664,2.09770903130355,0.216329406333559,1.53348099269283
476,4,5,0,0.39717261000561,2.02720362726949,1.94254989890837,-0.0395270010076352,1.65884964186731
477,4,5,0,0.358252280210836,2.44751432980106,2.03773006164578,-0.23186233256159,1.5582447263366
478,4,5,1,0.379827514861611,2.30529688862458,1.81179492481598,0.00199946202305623,2.63277398522418
479,4,5,0,0.261466834455769,2.14956696233513,1.8653719925973,0.369669092430063,1.35403533199906
480,4,5,0,0.41833720593821,1.86715557292825,1.88907033046817,-0.206472597518646,1.71920915384141
481,4,5,0,0.457063110485403,2.18863427849928,1.92665080586081,-0.528495212084693,1.84183469444125
482,4,5,0,0.299427636673612,2.03404168191929,1.65998333170098,-0.325467107255692,1.42740429447131
483,4,5,1,0.417330982369295,2.24180340077704,1.90073479217697,-0.90193788358521,2.39617963258501
484,4,1,1,0.391662225215383,2.43954723517223,1.80423190998834,-0.986549716619065,2.55322044256394
485,4,1,0,0.452395953324462,2.02852169230788,1.99063601164035,0.6229111630337,1.82613697994184
486,4,2,0,0.431543083631119,2.02701049651836,1.97287992891144,-0.00661509943231833,1.75914826824111
487,4,2,1,0.589905626197302,2.06794677779651,1.99337731407644,1.0667814959757,1.69518640879268
488,4,2,0,0.411399005613551,2.02043491329463,1.97727104355748,-0.574760695129649,1.69894378286328
489,4,2,0,0.421023465883763,2.05266006771007,2.24275047657021,-0.294684446569345,1.72718571664812
490,4,2,1,0.447715905820956,2.14648515761825,1.81761584113607,1.56753600325676,2.23355924370466
491,4,2,0,0.406599155055799,2.08749816811894,2.0158587249119,-1.0476550715673,1.68520151010913
492,4,2,0,0.346496565186501,2.00439525561964,1.94273928861687,-0.56500156580221,1.530213839328
493,4,2,1,0.335048348252799,2.14337402716667,1.94485429079482,-0.0339294332327642,2.98464387368203
494,4,2,0,0.345641163239418,2.25591657101729,1.93022176668647,-0.444004144660505,1.52821348749644
495,4,2,1,0.322268191314515,2.22592776492993,1.90135121861569,1.01586637160331,3.10300559270542
496,4,2,0,0.230995635372534,2.20662774508716,1.82085081574199,0.316379135376348,1.30038273642886
497,4,2,0,0.286047851666548,1.82898013557484,1.78825226491261,0.186617154192801,1.40065409472365
498,4,2,1,0.30304958705093,2.26589799425369,1.81839833856049,1.25167769605254,3.29979001037854
499,4,2,0,0.472926902173835,1.97927696133843,1.84913564077559,-0.80188186936937,1.8972700449413
500,4,2,0,0.289885056380679,2.32035432280534,1.78545443301269,0.385637921743824,1.4082227236385
501,4,2,1,0.562872115709881,2.2736549263657,1.98426327601686,-0.853634576025924,1.77660248587519
502,4,2,1,0.478385193941158,1.97986715365756,2.10590979621087,1.29822956965283,2.0903656983226
503,4,2,1,0.425250761279674,2.1513504204926,2.06095667388167,1.33396582646139,2.35155369737794
504,4,2,0,0.341602789115327,2.38091058327637,2.32505024366472,0.522681879248221,1.51883996995723
505,4,2,0,0.461307099874858,2.03725953160648,1.7891256407147,-1.41653082895049,1.85634523820101
506,4,1,0,0.479434699439445,2.14312322807911,1.98138051822195,-0.527134150756891,1.92098858476195
507,4,1,0,0.384491111956344,2.21324730668025,1.91053812308549,0.585305028110362,1.62467190876547
508,4,1,0,0.510512932017445,2.37117028887292,1.89174935766138,0.278863226126297,2.04295489178406
509,4,2,0,0.480416671635508,2.06956591678793,2.06136545167768,1.40876683014932,1.92461910421131
510,4,2,1,0.400256429880384,2.29078192339824,2.04196958280511,-2.01926796995941,2.49839834003129
511,4,2,0,0.50217309122191,2.08180191240131,1.95560345200397,0.707696289795224,2.00873030840074
513,4,2,1,0.465391669999662,2.02980104287692,1.83492498954757,0.159825203898892,2.14872775870854
517,4,2,0,0.425872012266693,2.14510808639794,1.96196237702272,0.0695994789770097,1.74177190690191
518,4,2,0,0.535035671040977,2.05468062892647,2.07231415175871,0.135235294668989,2.15070261892742
519,4,2,0,0.533615877605003,2.1241953822218,1.91249917636373,0.0545979843987212,2.14415532601057
520,4,1,1,0.426904045733465,2.06584782977371,2.20349098972922,1.2226075250546,2.3424467629064
521,4,2,0,0.635881947892475,2.24327899852707,2.02348261904762,-0.467118187022434,2.74636204992302
522,4,1,0,0.470289029246328,2.48089148048756,1.95459315337458,-2.13555677164344,1.88782195425781
523,4,3,0,0.246781196519537,1.96307237372197,1.85329363229363,-0.15880516788954,1.32763546977215
524,4,3,1,0.439178194067287,2.25107102324823,2.21414245296133,0.993460050592587,2.27698008122596
525,4,3,1,0.423500618837528,2.44472088289813,2.08393059598354,-0.558973222783541,2.36127163814993
527,4,3,0,0.391375272875863,2.16565633312467,2.06787126858254,0.722079203569062,1.64304859042646
528,4,3,0,0.385109738040821,2.45102623667314,2.24147827498194,1.06606106732046,1.62630645151832
529,4,3,0,0.407975439393166,2.22922159377659,2.04035844344472,-0.927759983330976,1.68911911184054
530,4,3,1,0.42797654438713,2.09373178489944,1.94393196419543,-0.0187925574791963,2.33657664915263
531,4,3,0,0.377263722816769,2.35001460700772,1.89722871572872,0.109273233638067,1.6058161964214
532,4,3,1,0.493092159599743,2.16462701581572,1.94417940044705,-0.107242409270362,2.02801845564068
533,4,3,1,0.236278465717482,1.98314891718863,2.00233910376116,-1.40147435039742,4.23229428447237
534,4,3,0,0.427095667958875,2.01303253002145,2.15594191364191,0.747488270501564,1.74549212507651
535,4,3,0,0.206966125358073,2.04319858842172,1.74343835130011,0.17503905430219,1.26098018253195
536,4,3,1,0.325091665355538,2.21786308744059,1.91133598210069,0.991560161127321,3.07605548393972
537,4,3,0,0.515516916418387,2.0785349244804,2.05361544588309,0.13718096854281,2.0640555550616
538,4,3,0,0.380338602414514,2.06879364637422,1.90897283347658,-0.586730876990535,1.61378456669482
539,4,3,0,0.335661307179183,2.03973675175578,1.84420358490552,-0.13571917108997,1.50525629593235
540,4,3,0,0.285884263693829,1.95768784035602,1.59615543152617,-0.887561277652114,1.40033323613983
541,4,3,0,0.500170946956418,2.31562510384105,2.22850386192274,-0.789444487612082,2.00068402168852
542,4,3,0,0.523334865093241,1.96993398546363,1.93794960461601,-0.0950601385118568,2.09790883949507
543,4,3,0,0.277700996708859,2.14463235374372,1.91729987849841,0.434395818576514,1.38446819868714
544,4,3,0,0.210282567445455,1.97985378176879,1.88158358612012,-0.967964666842255,1.26627570669833
545,4,3,0,0.440351623607973,2.23632252088767,1.87166563251563,0.057612756027197,1.78683623893784
546,4,3,0,0.395557967017897,2.27925731114614,1.88108882315941,-0.487632852204419,1.65441836509343
547,4,5,1,0.345947936634002,2.27109481378292,1.95439879907002,-0.184880801783262,2.89060836647786
548,4,5,0,0.255865592976056,2.37093342835601,1.74843671191018,-0.12402033253623,1.34384325003779
549,4,5,0,0.305840915035554,2.21901661255312,2.0198982895457,0.116395249165073,1.44059196466646
550,4,5,1,0.370013269632307,2.45794869481301,1.93182929437645,-0.341880857609984,2.70260577679749
551,4,5,0,0.434521250246175,2.28971464284376,1.88848364898436,1.29004619370385,1.76841304900554
552,4,5,0,0.319927137679234,2.64839565051907,2.02000528132222,-0.655256631857663,1.47043067795335
553,4,5,1,0.349137683736879,1.94815866521441,1.84351528539176,0.34356007084288,2.86419955960305
554,4,5,1,0.407467826877398,2.07244695570904,1.92926417178482,-0.787644721276547,2.45418149369836
555,4,5,1,0.422967164122427,2.41059346630093,2.05679112554112,-0.48807074350675,2.36424972154706
556,4,5,1,0.334466704071967,2.349717540375,2.00340476190476,-1.35310386152417,2.98983422811746
557,4,5,0,0.168527601099104,2.34376049354812,1.79396752881278,0.264538127645458,1.20268574317305
558,4,5,0,0.389944832817288,2.07678555408783,1.74137952240918,0.336859214946719,1.63919601667844
559,4,5,0,0.452320783605979,2.11044015320651,1.87857301366738,0.578412807656418,1.82588634015384
560,4,5,1,0.269919059069912,2.32581482291391,1.8973603284009,-2.51806979256233,3.70481433747511
561,4,5,0,0.512672407042477,2.09817167103123,2.0063310213463,0.793610965615199,2.05200775505269
562,4,5,0,0.448850605610213,2.04663164339406,1.96824536201615,1.21581510452848,1.81439009128762
563,4,5,1,0.320682912948055,1.95671924636669,2.15566338410128,-2.36536477167446,3.11834513041854
564,4,5,0,0.356398911432714,2.1422673514768,2.05962368232158,0.656324448299118,1.55375747145812
565,4,5,1,0.374659951449846,2.07391596353922,2.01859238724239,-2.77403525951964,2.66908698442477
566,4,5,0,0.419201345320786,2.07438461640379,2.01388180855207,0.641492533308829,1.72176707356927
567,4,5,0,0.359691779056597,2.30154074074074,1.91139282340976,0.601365315372286,1.56174786968476
568,4,5,0,0.401857201071238,2.25313597958887,1.98864189320248,0.715989694363852,1.67184157661171
569,4,5,1,0.329155712103872,2.07958428330928,1.96576393378087,-1.02250051552783,3.03807578974789
570,4,5,0,0.482927443769216,2.42199547727871,2.06471827194643,-3.40908203176554,1.9339645625162
571,4,5,1,0.317957704641742,2.49045630992923,1.89804368300926,0.776604836627695,3.14507239611239
572,4,5,0,0.180656098847275,2.12126325285104,1.7797908954474,-2.22761981226529,1.22048873323291
573,4,5,0,0.397661986161986,2.46900849848238,1.9556748357101,0.265313023486023,1.66019739253736
574,4,5,1,0.291221705295545,2.19066904668014,1.88516296130796,2.37802914276475,3.43380998674242
575,4,5,0,0.516782038263805,2.03641514894942,1.98883223236461,-1.35186290537655,2.0694594969256
576,4,5,0,0.39720507261489,2.3914286759067,2.06611150748498,-2.44085917587005,1.6589389767063
577,4,5,1,0.467822160671013,2.01465200522861,2.04667526562349,-0.780269595530893,2.13756440816242
578,4,2,0,0.346472199982389,1.97686060631407,1.89432093397746,0.392105690322856,1.53015678900431
579,4,2,0,0.342058910836477,1.91374091787361,1.761352521685,0.223138007734669,1.51989291514132
580,4,2,0,0.515948030050533,1.82241169355794,1.92500312566079,-0.264287162484001,2.065893875206
581,4,2,1,0.366573511295705,2.23714164501907,1.92123204812429,-1.01035524998582,2.72796579454244
582,4,2,1,0.424570534932293,2.0123841891007,1.89547901478554,-0.655831758458263,2.35532124281651
583,4,2,0,0.30941256666758,2.36049334824684,2.1104620835686,0.271978448859824,1.44804256743352
584,4,2,0,0.412455619534535,1.97773020927698,2.04528465481887,0.596984311527302,1.70199908849061
585,4,2,0,0.405515121348749,1.94841430313645,1.8146866041366,-0.220501473600445,1.68212857199794
586,4,2,0,0.349864908750342,1.93495151314747,1.7939681181256,-0.241037195728883,1.53814186229795
587,4,2,1,0.320241024251718,2.00994145292778,1.89729871671048,0.208057222601188,3.12264801905571
588,4,2,1,0.453301218828267,1.92189443335508,1.79704509371466,-0.412469186295598,2.20603863052671
589,4,2,0,0.56935834825761,2.16211014600692,1.94120225268559,0.155530719504473,2.32211630239195
590,4,4,1,0.385611705914697,1.93749031474166,1.95139866207866,0.139945335260002,2.59328226986246
591,4,4,0,0.386801909339371,2.10026210630328,2.07219417989418,-0.408159173560497,1.63079437987592
592,4,4,0,0.448500576156338,2.37668413427768,1.98860265073091,0.294936699232805,1.81323852168426
593,4,4,0,0.146777961859896,2.03665392923361,1.79473240740741,-0.19896209556301,1.17202786062565
594,4,4,0,0.398174119441247,1.93126004476863,2.04372166773991,-0.00175738530325907,1.66161016384269
595,4,4,1,0.272467697512889,2.09600121932103,1.87682907966217,0.232884825119518,3.67015983592953
596,4,4,1,0.493222518330405,1.9764556024131,1.95170850431774,0.0731630618984078,2.02748245028446
597,4,4,1,0.375025463169044,2.37629569501621,2.13821085311699,-0.606622092541034,2.66648560753659
598,4,4,0,0.273111778274779,2.09954926061378,1.7667500958301,-0.195846525246472,1.37572734034205
599,4,4,0,0.366342172560344,1.96948000067334,1.88885311699241,0.397254586244584,1.5781387946245
600,4,4,1,0.406670624227511,2.16862157464658,2.00590762417936,1.46208755503234,2.45899246324847
601,4,4,1,0.283275466962809,2.12529647455239,1.87768670828556,-0.992538523710538,3.53013273871432
602,4,4,1,0.324340375078544,2.08096310074809,1.94344580339889,2.09230334429197,3.08318074725613
603,4,4,0,0.441691732439214,1.99694213198245,2.14702193251123,-1.04948068172988,1.791125186752
604,4,4,1,0.360087984229381,2.44435864875865,1.97224763786938,0.530659732035437,2.77709905299974
605,4,4,0,0.308550695525703,2.19605798460799,2.07769645502646,-1.28105272066349,1.44623762512899
606,4,4,0,0.442226302071134,1.87880332864374,1.94962017364539,-0.74408354628134,1.79284179894681
607,4,4,0,0.435148268653767,2.30566402954344,2.00868137566137,-0.34596772775968,1.77037609076042
608,4,4,0,0.447474463396819,2.56283201058201,1.9976492827434,0.45347066154533,1.80987109871483
609,4,4,1,0.356908268907144,2.126410408352,2.09299454564602,0.639975057664772,2.80184038061658
610,4,4,1,0.483678951033881,2.17535846300702,2.0924639329806,1.1042622243841,2.06748711694496
611,4,4,0,0.36686406271983,2.37288912666334,1.95094664664498,-0.35946649184443,1.57943964497705
612,4,4,0,0.229113944856092,1.98749473077734,1.74984754431369,-0.253869128914433,1.29720857359824
613,4,4,1,0.396855309921583,1.93541569475241,2.15041469245398,-1.00395414137298,2.51981005419228
614,4,4,0,0.316099542365902,2.06196086704018,1.88550221937475,-0.0858593998530694,1.46220109788992
615,4,4,0,0.351222851354906,1.93348563650984,1.8782666977467,-0.15774160564355,1.54136131657596
616,4,4,0,0.338039833728906,2.07411262921119,2.04330997696261,0.0811566966480085,1.51066491754803
617,4,4,0,0.404141445147181,1.87200687466658,2.02949735436606,-0.0573140645854195,1.67825063826936
618,4,4,1,0.2705187465689,1.93448351852122,1.73812639555434,-0.460515262814944,3.69660148393931
619,4,4,1,0.414723201333695,1.88691893077382,1.94662885401635,0.992149868906027,2.41124681904492
620,4,4,0,0.430448781070432,2.02555467380681,2.1836031781155,0.202916591598248,1.7557683431517
621,4,4,0,0.383363083759662,1.83221156800224,2.04570841402749,-0.599172250055557,1.62169985880353
622,4,4,0,0.323850647063212,1.95722111617912,1.83645930408017,0.308957521729386,1.47896318417906
623,4,4,0,0.422023355468084,2.01483162372516,1.95156351529606,0.539117749809963,1.73017371802258
624,4,4,0,0.259411052126168,2.27795435427283,1.93265035335035,0.030011287093654,1.35027669920124
625,4,2,0,0.55249747448903,2.26420504655312,1.98425040578917,-1.17930514086226,2.23462426018306
626,4,2,0,0.371751043155316,2.28821556231147,1.89735726490915,-3.11554955082801,1.59172568311517
627,4,2,0,0.35166193857111,1.86274011951508,1.77028618770812,-3.38897469409963,1.54240520415549
628,4,2,0,0.428788476457388,2.24051868805,1.950465783777,-0.452540251705533,1.75066496172569
629,4,2,0,0.52083904473158,2.30206080917133,1.93258669467787,-1.82606022226114,2.0869813973883
630,4,2,0,0.386597816953603,1.99602059651701,1.92169342741843,-0.0808145987050792,1.63025177874915
631,4,3,0,0.403277616664027,2.14785773279008,1.8229438461149,-0.0771307685633982,1.67582116563067
632,4,3,1,0.444532078373584,2.0265135132557,1.82031994724688,-0.551845292971676,2.24955644069313
633,4,3,1,0.555941887820885,2.63774415771522,2.04580192400192,-1.27391145683002,1.79874915329673
634,4,3,0,0.462188528030153,2.46672811447811,1.9246854265016,0.945581673923123,1.85938763324867
635,4,3,0,0.347851888391984,2.22369653691142,1.78139054834055,-0.610422394139509,1.53339399777495
636,4,3,1,0.529361335518272,2.42027126849861,2.05256249968355,-0.467002948719775,1.88906883239016
637,4,3,0,0.40953708798771,2.44551017751917,1.8849595959596,-1.49962704377315,1.69358647199705
638,4,3,0,0.448531354636253,2.44847055315006,2.15465175330152,1.12385724221858,1.81333972186289
639,4,3,0,0.501041043237454,2.22642400475342,1.93402400484506,0.82945046594697,2.0041728612077
640,4,3,0,0.442943940318324,2.52115108029593,1.80586918767507,0.818647051833219,1.79515146208344
641,4,3,0,0.24046242582884,2.04453272799905,1.62884141920458,-0.357059939506854,1.31659055984326
642,4,3,0,0.249134085132042,2.27761126376177,1.9418407439539,0.477882870228539,1.33179570439797
643,4,3,0,0.461928444127189,1.94603302652819,1.73013955891889,0.303305803960373,1.8584888739898
644,4,3,0,0.470085638937415,1.91890430928957,1.55412342094416,0.111216105050123,1.88709737549818
645,4,3,0,0.274707067365084,1.96371595960792,1.83398602971103,0.279827753041094,1.37875326644519
646,4,3,0,0.350181522525664,1.94450083500759,1.69815166079763,-0.844720122104552,1.5388912975924
647,4,3,0,0.463356198003495,2.30989941274154,2.06092185134073,0.949643840135593,1.86343342880258
648,4,3,0,0.214906649547927,1.98420799353796,1.76763832230148,-0.236684484911754,1.27373388072155
649,4,3,1,0.263516005206843,2.09618656451353,1.92202393126975,0.121743752666431,3.79483591220603
650,4,3,1,0.2245767473139,2.22966567009559,1.82426222843297,-2.59142181164748,4.45282074818841
651,4,3,0,0.329109926064493,2.04251865432438,1.92252897603486,-1.05031796393694,1.4905571551147
652,4,3,1,0.650064592845739,2.19685640112831,2.04655061826432,0.803624111529594,1.53830867117739
653,4,3,0,0.335163157181196,2.05839918449844,1.97806023331193,0.508877067845904,1.50412843512125
654,4,3,0,0.394460373119411,2.25560741616481,1.9902292032911,-0.393736314834638,1.65141958611603
655,4,3,1,0.348813726800618,2.23806181079269,1.95417480547775,-0.152512604018959,2.86685965363857
656,4,3,0,0.520046199022763,2.27464936064339,2.1474165641619,0.445008448580369,2.08353386922636
658,4,3,0,0.286109347135445,2.13937873004318,1.80046589510707,-0.143674629359513,1.40077474888823
659,4,3,0,0.473388341087359,2.19059072659367,1.88890290094895,0.0602311014584255,1.89893251141614
660,4,3,0,0.171266788284178,2.22211521275459,1.66493004158438,-0.691387733594948,1.20666094451504
661,4,3,0,0.228578621126544,2.21086706987195,1.72064993095426,-0.648971182836233,1.29630838266415
662,4,3,0,0.247603077171567,2.24077546028855,1.77081937880947,-0.149944857372233,1.32908571215413
663,4,3,0,0.486960238763706,2.26684103479539,2.0263062237942,-0.370139382735968,1.94916666417873
664,4,3,0,0.433886434162318,2.21422507030007,1.98911950749056,-0.435501974803306,1.76643002454868
665,4,3,0,0.276176294704111,2.11181464743259,2.07646213040772,0.119125219217383,1.38155187883936
666,4,3,0,0.289891239922348,2.215008063216,1.77888027012398,-0.602757578231406,1.40823498627259
667,4,3,0,0.38537777086686,2.39751370945326,1.9771737828945,-0.858256006478313,1.627015673368
668,4,3,1,0.362360347405772,2.56342132841544,2.09542498281296,4.78802857771588,2.75968385381913
669,4,3,0,0.451836138644404,2.14586651330083,1.88681522676154,0.00704891375502537,1.82427202976684
670,4,3,0,0.19437848870737,2.4900884826473,1.94211428571429,-2.42219366126935,1.24127767938506
671,4,3,0,0.433146337876485,2.49641197691198,1.89084191696104,-1.4939616444765,1.76412373566373
672,4,3,0,0.380278422017306,2.20009415626961,1.84676798283416,-3.25770437757901,1.61362785406824
673,4,3,0,0.421222443787157,1.96945950933711,1.61938762525836,-0.402839117940968,1.7277795057282
674,4,3,0,0.390288943926621,2.39948107970828,1.99425884104623,-2.48356012401914,1.64012115253434
1,5,2,0,0.540678232591163,2.45957148848228,2.13801204979348,2.13039959103969,2.17712303434101
3,5,2,1,0.74222405169748,2.13908569440791,2.06761055995948,0.286533707714716,1.34730206830806
4,5,2,1,0.447982533794119,2.16331512713743,2.23524359946478,-1.19726594912172,2.23222988523828
5,5,2,1,0.638980180832812,2.31280684310894,2.00512626830917,0.205961436125194,1.56499376662458
6,5,2,1,0.474120751470751,2.12951476116476,1.94451374643875,-0.067971221389332,2.10916733110276
7,5,2,1,0.584769700669701,2.28789725122372,2.10209623015873,0.779656723858129,1.71007492155418
8,5,2,1,0.575329481629482,2.26704144502689,1.85590654672357,-1.31943741030074,1.73813446369503
9,5,2,1,0.366804787804788,2.31922009103928,2.06918213992184,0.470103121719578,2.72624576681425
10,5,2,1,0.489932748623925,2.09345937746464,2.18706031746032,-1.6489381871087,2.04109646233835
11,5,2,0,0.621693672123084,2.04677235727236,1.92007421837422,2.64029855171215,2.64336048940042
12,5,2,1,0.815877620527621,2.38983074795575,2.16013994708995,-1.65164418934053,1.22567401634734
13,5,2,1,0.373284519401105,2.36777188311234,2.06600579830775,-3.15751215222267,2.67892170188143
14,5,2,0,0.642027749157161,2.22956336162517,2.11866266731322,-0.40078341975739,2.79351261905223
15,5,2,1,0.515816872016872,2.29969342687874,2.18092132602923,0.176704870867541,1.93867252943849
18,5,2,1,0.54379612054612,2.24702921940295,2.29951059911696,-0.49829599401233,1.83892448330769
19,5,2,0,0.732170532624422,2.25249072779073,2.096725,0.78696372713015,3.7337191079042
20,5,2,1,0.401973308173308,2.33784477474699,2.0735926978824,-1.27657310152398,2.48772736812877
21,5,2,0,0.584073548673548,2.19823350829051,1.98382762020346,-0.539222510381614,2.40427122826848
22,5,2,1,0.454579635560518,2.26528205807476,2.14706127099712,0.291546936253238,2.19983457632666
23,5,2,1,0.763479313279314,2.58136319840004,2.09090476190476,-1.04612260166552,1.30979318313783
24,5,2,0,0.331642152292152,2.42291441798942,2.08432683982684,0.294178864903536,1.49620447104725
25,5,2,0,0.341368525918526,2.36945763532764,1.97561281866282,-0.338997298111774,1.5182997462953
26,5,2,1,0.41795690975691,2.08548866721514,1.94219009139009,-0.0049831005681997,2.39259114194718
27,5,2,1,0.519839489595372,2.54850620672073,2.15303355544238,-0.0486352495424859,1.92367070993081
29,5,2,1,0.492918431568431,2.1452640143175,1.97595794839379,-0.12053115700073,2.0287332263435
30,5,3,1,0.509422431661905,2.06063418803419,1.87737857142857,0.0574511543376941,1.96300739395725
31,5,3,1,0.513778749666947,2.00785974025974,2.14543043808044,-0.794277440554286,1.94636310016372
32,5,3,1,0.450994578860114,2.00466046807892,2.13583732557163,-0.90912535654008,2.21732155301621
33,5,3,0,0.480533628027802,1.98434985328551,2.11373123173123,2.02430645232171,1.92505242678831
34,5,3,1,0.833400315668437,2.25573002038799,2.05712568229467,-1.46705320044681,1.19990355318973
35,5,3,0,0.317004889017792,1.95878778206085,2.10986517556517,1.5548762884657,1.46413932386999
36,5,3,1,0.504336768490229,1.98114233229847,2.076968004218,-2.03958874064053,1.98280209272383
40,5,3,0,0.742361899850097,2.40171161560231,1.95347278552811,2.40477455772819,3.88141349985955
41,5,3,0,0.442865678228581,2.02586975473629,2.00797144337144,0.626835057291257,1.7948992925449
42,5,3,1,0.632838821466492,2.33551813371813,1.90911216931217,0.770667400339578,1.58018118686631
43,5,3,0,0.777023667666044,2.15421731233283,2.06469919657308,-5.37759514464603,4.48478091613007
44,5,3,0,0.764146943122238,2.49988398813719,2.02545089170089,-2.59488902133878,4.23992808589408
45,5,3,0,0.573158810838285,2.02242118241809,1.94094764689501,-0.809875945622849,2.34279171127774
46,5,3,1,0.644300310655528,2.6412796232776,1.93036191762109,-0.085477349586761,1.55207126779525
47,5,3,1,0.838685924363596,2.17908289645968,2.14983519381698,0.586991890554073,1.19234146055189
48,5,3,0,0.455290729493106,2.55922400667198,2.06630027740945,-0.078224208675262,1.83584171253304
49,5,3,1,0.744814996753194,2.23590337946119,2.07752911010558,0.63261081973264,1.34261528615725
50,5,3,1,0.743120558395853,2.10093067371014,2.10640210932858,1.65652416204722,1.34567667211181
52,5,3,1,0.717666983016983,2.31157602156672,1.86201479446479,-0.257292098382734,1.39340393757021
53,5,3,1,0.756257893283187,2.34822734752471,2.01419249084249,-1.67510183905713,1.32230024821115
54,5,3,1,0.698673749111946,2.28898230663967,1.97598192268724,0.198470686916205,1.43128320088032
55,5,3,1,0.613757436528761,2.39503640894351,1.90795495430495,1.8352991703359,1.62930816065662
56,5,3,1,0.548131694084071,2.43796325117795,1.81715275747789,-0.895354170767826,1.82437908771359
59,5,3,1,0.645242730668025,2.11368158600659,2.11636996151996,0.855540610790757,1.54980436426567
60,5,3,1,0.697175642629057,2.1588276766262,1.86575476190476,0.855722103047189,1.43435877396547
61,5,3,1,0.52350272471151,2.17894510503377,2.2109289248068,0.90253848997272,1.91020973300774
62,5,3,1,0.709955541046053,2.15898199360552,2.06528702147525,-0.185654281834452,1.40853890445956
63,5,3,1,0.671021873747168,2.25268014579217,2.09632849002849,-0.299906573713765,1.49026438499796
65,5,3,1,0.493959047474265,2.15727117657466,1.84367133045563,0.00288118675953575,2.02445932534944
67,5,3,0,0.674489016921775,2.08305481830984,2.04399523779664,-1.83196943208824,3.07209296148292
68,5,3,0,0.477801431901431,2.10739070257682,1.95488193826093,-1.22351124930217,1.91498035630623
69,5,3,1,0.764572916938135,2.37957116402116,1.7686253968254,0.999593366345425,1.3079197259624
71,5,3,1,0.516050582750583,2.07571538613862,1.86647260887261,1.34136889635902,1.93779453686485
73,5,3,1,0.692203972981644,2.10240203770618,2.12317827357827,-1.12028184971316,1.44466087892061
74,5,3,1,0.635353919269137,2.54280801340599,1.83761581625657,-2.02353743883786,1.57392591699178
75,5,3,1,0.631732528582528,2.2264931830327,2.01202585838118,-0.233503638023201,1.5829484073644
76,5,3,1,0.744833583083584,2.17771620314984,2.06275996501528,-0.199216623864561,1.34258178298035
77,5,3,1,0.766822571872572,2.15314489873712,2.19812645502646,-1.51747434808062,1.30408263486299
78,5,3,1,0.636613505811626,2.54847109661907,2.00301214460844,1.02062132478225,1.57081178905416
80,5,3,0,0.535834292023766,2.59246718941516,1.86331079271751,0.547256701543325,2.15440301344105
81,5,3,0,0.540415349854824,2.33490546480866,1.96365282215814,-1.09312444962494,2.17587771846626
83,5,3,1,0.835171756986974,2.3144455026455,2.10013571428571,0.464030861502239,1.19735849737983
84,5,3,1,0.464672788322788,2.21562833800187,1.9636492063492,1.26095099463032,2.1520519925633
85,5,3,1,0.867694739559957,2.20206473692417,2.09610311784387,-0.216718448022942,1.15247903946858
86,5,3,1,0.797469536984755,2.32466701589785,1.99390562089638,0.512858347909348,1.25396639447949
87,5,3,0,0.705256414345888,2.25406479424698,1.98070338239413,0.588624417908788,3.39277951640828
89,5,3,1,0.791462670662671,2.39054098472317,1.85364147763223,0.490344378402373,1.26348346809929
90,5,3,0,0.368471990087207,2.24031535227019,1.9836642380774,1.70733992468681,1.58346104100448
91,5,3,1,0.795666223631441,2.53507688792689,2.18638001443001,-1.42081311490694,1.25680840822421
92,5,3,0,0.462768465833683,2.27581237524253,2.01726271182588,2.11624089541075,1.86139482960883
95,5,3,1,0.453101410084169,2.1052903009368,2.14637841649158,-2.48898217550573,2.20701144985234
96,5,3,1,0.425283033633033,2.25213063710586,2.09843308219625,-1.9527341690133,2.35137525110601
97,5,3,1,0.419510234210234,2.03915189413652,2.06977931744249,1.45344694128,2.38373207243106
99,5,3,1,0.629739926739927,2.18213372903354,2.03363404558405,-0.201909105586928,1.58795711934109
100,5,3,1,0.406858968271872,2.09018817001818,2.06835151019226,-0.189834702200616,2.45785414107372
106,5,3,0,0.60689339377327,2.25780109649759,1.8785867488447,-3.11519542708409,2.54383921348611
108,5,3,1,0.716236668886669,2.41956688311688,1.90278266178266,0.549740348081357,1.39618654481125
110,5,3,1,0.765570057720058,2.02452063502697,2.15878737743738,0.362261494994869,1.30621618481018
114,5,3,1,0.789547220412438,2.30324145650089,2.09304847803923,-1.1724092019689,1.26654869290481
115,5,3,0,0.622166444666444,2.07177157666894,1.98460130718954,-1.66166009866501,2.64666805233111
116,5,3,1,0.465036247086247,2.04246147186147,1.93816164021164,-2.12169448871115,2.15037001151125
117,5,3,0,0.500456154956155,2.04734903013231,2.12063017214334,0.168065675144758,2.00182628596341
118,5,3,1,0.476397026162244,2.10408757908758,1.86209206349206,0.0474855872125667,2.09908950955423
119,5,3,1,0.555017515817515,2.14768162668467,2.06596591245667,-0.200569463121864,1.80174493867468
120,5,3,1,0.651497419247419,2.1357105823001,2.14410396825397,-0.724437301447499,1.53492549695002
121,5,3,1,0.587960863131121,2.07392886142838,2.06020631318572,1.01774126424871,1.70079347573342
122,5,3,0,0.542446464646464,2.08391852127157,2.00502260127932,-1.35251332291501,2.1855366044267
123,5,3,1,0.839449296114514,2.19237052224218,2.0405864511772,0.594038479966212,1.19125717852003
124,5,3,1,0.709106254856255,2.47711135105205,2.06193439153439,0.437632151938935,1.41022589090363
125,5,3,1,0.642767948717949,2.15869823135985,1.94836002178649,0.907182734513683,1.55577141329865
126,5,3,1,0.433833498372972,2.43626031492867,1.86635434731107,-0.261848491212138,2.30503177774504
127,5,3,0,0.793511528326746,2.37886952861953,2.00125608465608,-1.77138199537461,4.84288537707032
128,5,3,1,0.551454145854146,2.45206403343663,2.02644624865942,0.130887387921382,1.81338740041768
129,5,1,1,0.733438637023649,2.51947968714056,2.29411351991089,0.282587910929656,1.36344057910295
130,5,1,1,0.618227561327562,2.3067582010582,2.06166921041921,0.733510952314546,1.61752736783949
131,5,1,1,0.744349654147023,2.36314446849447,2.3365992063492,-0.478751029252022,1.34345464450566
132,5,1,1,0.688175113775114,2.44254735449736,2.19826560846561,0.436360504501778,1.45311851588807
133,5,1,1,0.734358641358642,2.39467647907648,2.28854391534392,0.408769461009982,1.36173246106275
135,5,1,1,0.717122466422466,2.41806428571429,2.34149682539683,0.376869513832891,1.39446195987798
136,5,1,1,0.729554284604285,2.27751693121693,2.18868915343915,0.566335961664547,1.37069992062675
137,5,1,1,0.707524065291434,2.3616856710772,2.41636827782689,-1.00493027136692,1.41337948637562
138,5,1,1,0.707524065291434,2.3616856710772,2.41636827782689,-1.00493027136692,1.41337948637562
139,5,1,1,0.781830079277448,2.28472614237614,2.2899873015873,-1.64469749008957,1.27905030326306
140,5,1,1,0.679269880119881,2.52137865282865,2.24452169312169,-0.636834194496966,1.47216891145463
141,5,1,1,0.743416677766678,2.51273569023569,2.48160264550265,0.217804094691881,1.34514065921164
142,5,1,1,0.748088803886173,2.43589992784993,2.15828650793651,-1.82594097396775,1.33673969561528
143,5,1,0,0.562473903873905,2.37253888888889,2.21724987789988,0.696177660799,2.28557795490169
144,5,1,1,0.757761116661117,2.32575582010582,2.38509100529101,-1.76853770883986,1.31967710933262
145,5,1,1,0.800159577556946,2.24676390580543,2.25287671957672,-0.309920046010015,1.24975070979367
146,5,1,0,0.746058724608725,2.25319735449735,2.21941973951974,-1.66198599320299,3.93791831776535
147,5,1,1,0.749537123987124,2.36889788359788,2.34588412698413,-0.484477393190174,1.33415673219834
148,5,1,1,0.692342352092352,2.40742010582011,2.36687830687831,-2.01482273487966,1.44437213320529
150,5,1,1,0.73708211853506,2.3893356710772,2.19837010582011,-1.8167954092938,1.3567009358299
151,5,1,0,0.706478277278278,2.59618650793651,2.40161931216931,-0.434686250931564,3.40690287153999
152,5,1,1,0.673599633699634,2.33801375661375,2.22655158730159,-1.93235328317005,1.48456137736843
153,5,1,1,0.767751631701632,2.33834656084656,2.25495555555555,-1.28380815084569,1.30250455838644
154,5,1,1,0.751883738483738,2.36298888888889,2.24805714285715,0.441815929684312,1.3299928550345
155,5,1,1,0.807229981129982,2.33893783068783,2.28863612128612,-1.64666972274315,1.23880433504238
156,5,1,0,0.438117094017094,1.93403797498798,1.98622945709685,1.71452711297142,1.77973024157176
157,5,1,0,0.669989861772216,1.84985459844612,2.04828852258852,0.753531815265411,3.03020993648918
158,5,1,1,0.754311505814447,2.30417138536291,2.10789814814815,-1.22312329696362,1.32571224526169
159,5,1,0,0.801794178044179,1.87930899470899,2.0762580993081,-5.45722893231446,5.0452604778829
160,5,1,1,0.787281634089181,2.20888720913926,2.32032938064115,0.551357534732996,1.27019348184963
161,5,1,1,0.743752147852148,2.36081296296296,2.39803571428571,-0.497949772797259,1.34453393228895
163,5,2,0,0.41099013884666,2.25371037863796,1.97171609734435,-0.983096784433543,1.69776444496515
164,5,2,1,0.535948004391111,2.06493830931495,2.01132179746688,1.16916044380889,1.86585264206011
165,5,2,1,0.518639146677078,2.32944814941394,2.17160012023697,-0.488714145505465,1.92812287002823
166,5,2,0,0.511603918996262,2.32523155914608,2.03479440893529,-3.7195564777287,2.04751847710331
167,5,2,1,0.567395107383038,2.47651434562514,2.10878992377136,0.615500029037895,1.76244029422855
168,5,2,0,0.465449789099789,2.0420215007215,2.04262760659819,-1.1679373783607,1.87073165365691
169,5,2,1,0.650067415917416,2.33855468184454,2.15933499166643,0.601209635423854,1.53830199070775
170,5,2,1,0.636394410500932,2.16627134717135,1.89415046481296,0.417990251984658,1.57135258182557
171,5,2,1,0.758587610702317,2.26345971291136,2.05157466574869,-1.59811209716038,1.31823929878604
172,5,2,1,0.774965242067874,2.1312870453416,1.99062587148377,-0.558691799273586,1.2903804528467
173,5,2,1,0.638605608770315,2.38983651887435,2.28275406289475,-0.549850353742382,1.56591170867663
174,5,2,1,0.80837337820279,2.37500382613373,2.22313745263833,-0.427899031985985,1.23705211844463
175,5,2,1,0.604329918773026,2.06065443243706,1.82331821049378,0.606598700019615,1.65472528983888
176,5,2,1,0.673484221334221,2.44871314185814,2.22511340774235,-1.54772886165843,1.48481578086407
177,5,2,1,0.592487421096574,2.37824570238466,1.96342007542798,-0.353086046892144,1.68779954543035
178,5,2,0,0.451104966004966,2.2086208297916,1.93696604444324,1.93026134603813,1.82184195167823
179,5,2,1,0.737389960916277,2.45470744548601,2.03546202531423,-0.919381546502143,1.35613454617338
180,5,2,1,0.676664558773713,2.07559863434093,1.94582504385593,-0.0497118295406271,1.4778371159445
181,5,2,1,0.579961271417793,2.18292099242099,2.00226772486772,-1.90881646441217,1.72425306530446
182,5,2,1,0.469544453754131,2.45963902644259,1.89821812452254,0.365254315584782,2.12972380358183
183,5,2,0,0.749204016354017,2.69648649329736,1.87047450570872,-0.707111253226059,3.987304682724
184,5,2,0,0.54612385688301,1.89854495972499,1.90232116458705,-0.219754028690799,2.20324424441547
185,5,2,1,0.559133432941327,2.33137645502645,2.0383873015873,0.83067709161848,1.78848185618143
186,5,2,1,0.453627713614299,2.30105786120141,1.96150955248512,-0.989514959715807,2.20445085251176
187,5,2,1,0.514286402486402,2.31506369658382,1.8905047850842,1.08464272756761,1.94444184245458
188,5,2,1,0.827334433987066,2.44249480567788,1.87647100291008,0.389086526616777,1.20870105113458
189,5,1,0,0.805829508437056,2.39356984199002,2.21783769063181,0.134492683382735,5.15011314000734
191,5,1,0,0.746017863715233,2.45283049847203,2.31664365079365,-0.9781207384733,3.93728478163043
192,5,1,1,0.790347798606623,2.28407971102971,1.99780273752013,-1.54876260234191,1.26526574979141
193,5,1,1,0.846285142635143,2.21802758962171,2.26682169312169,2.49065623258922,1.18163482923288
194,5,1,1,0.744805187140199,2.33871939428957,2.22710533441447,-0.416533169376034,1.34263296935359
196,5,2,0,0.575051222206188,2.05834812616035,1.9291876984127,2.36137062320613,2.3532247938014
197,5,2,1,0.295391237929522,2.35786666057598,1.9286512025012,0.940771457138615,3.38534076707649
198,5,2,1,0.36131800274643,2.30596937345373,1.99842155505114,-3.07082434340824,2.76764510043467
199,5,2,0,0.428643946793876,2.21316143635437,2.16188168217479,0.321800105845049,1.7502221152442
200,5,2,1,0.299277452643029,2.06209626501703,2.09982445319661,-0.295823345071664,3.34138102008232
201,5,2,1,0.512262494723431,2.40109879007184,1.99973641719619,-1.05155588491355,1.95212417520416
202,5,2,1,0.424970255781745,1.8157637444034,2.02000135002683,-2.19593355023902,2.35310586186902
203,5,2,1,0.319467864844355,2.28479402872363,1.99998091476538,-2.37155689883575,3.13020528836977
204,5,2,1,0.328215554633817,1.90880712639222,1.79196548622658,-2.529784826573,3.04677820987393
205,5,2,0,0.437985385919086,1.94541057534929,1.81636266805594,-0.226179589073513,1.77931316187452
206,5,2,0,0.374959159866838,2.26043473604222,2.0665014803546,-0.310563390249044,1.59989545609045
207,5,2,0,0.40126576256858,1.96377290746162,1.85282971952299,-0.728179355118798,1.67019010686614
208,5,2,0,0.390679790174074,1.90039481821027,1.77284204880591,0.256035609537442,1.64117320232277
209,5,2,0,0.294121303180816,2.02058556985845,1.83251686727073,-0.158905660904765,1.41667400433839
210,5,2,0,0.409438367480528,2.07216906153842,2.08492994628758,1.26383391002011,1.69330336570253
211,5,2,0,0.298836534860411,1.92609102566461,1.95910500918947,0.403005250748541,1.42620094987539
212,5,2,1,0.347535019900878,2.12005565768174,1.99375201663869,-1.06746159993108,2.87740786607696
213,5,2,0,0.273458419672781,1.98430096596555,1.86620007557485,-0.139708785189202,1.37638371578076
214,5,2,0,0.290954039873843,2.43997212164257,1.94314396376727,0.593799951532889,1.41034581146485
215,5,2,0,0.587209423814425,1.95729461035312,2.01002420478535,-0.0507257461462864,2.42253592424658
216,5,2,0,0.455638027564101,2.17566426250814,1.94652813036008,0.70589904961495,1.83701296313044
217,5,2,1,0.446647525069156,1.87520789622395,1.87884853422665,-0.471413751982173,2.23890191677468
218,5,2,1,0.198830585362764,1.82844501951012,1.64348446232585,-1.74483691336281,5.02940731264012
219,5,2,0,0.431556219835517,1.94218102906486,1.91280865392372,1.04170574546975,1.7591889205132
220,5,2,0,0.358457061222917,1.88305738734944,1.93996608894918,-1.16453608713249,1.55874211928232
221,5,2,0,0.313455987919717,2.07208822691606,2.10978889606236,-0.342821339378227,1.45657085693592
222,5,2,0,0.129599471547195,2.21417364819929,1.86883586424384,-0.0992744588561442,1.14889636128504
223,5,2,1,0.306633430965852,2.08010079851531,1.71196131082109,-0.515855423336821,3.26122300771361
224,5,2,0,0.400946899332816,1.97206880511853,1.77977183138953,-3.02109104834578,1.66930110016336
225,5,2,0,0.489808877788878,2.70244232804233,1.89178916361416,-4.00728073062898,1.96004978617834
226,5,2,0,0.215075698548753,1.99949282491598,1.81144397475167,-1.0380337984162,1.27400820455055
227,5,2,0,0.433225159476239,1.98405463533246,2.17156995694364,0.159381813333353,1.76436907304476
228,5,2,0,0.393072812916927,2.02832177542248,2.03736717629462,-1.04271979408001,1.64764410176789
229,5,2,0,0.343602470249105,2.1307309286097,1.90142730038708,-0.537961713515117,1.52346703739044
230,5,2,1,0.308063701192425,2.25316973661727,1.99337657624453,-1.32032027964471,3.24608188543244
231,5,2,0,0.348140215930845,2.02249703444356,2.01566663150097,-3.04046280961158,1.5340722413609
232,5,2,0,0.330168332612353,2.461040010991,2.02389693237303,-2.7346755243606,1.49291239678174
233,5,2,0,0.365666661340459,2.01154007071685,2.06250380920249,-0.456329892488397,1.57645821062027
234,5,2,1,0.214633754717276,1.93385909733503,1.80124086119855,0.793420350213836,4.65909941014282
235,5,2,1,0.309472712926991,2.26030174110376,1.95227704008954,0.923283512365133,3.23130265845414
236,5,2,0,0.513737177693092,1.96005134205323,2.00976442473818,-1.40344206757133,2.05650104043702
237,5,2,0,0.322477471805337,2.26867167919578,2.03885362429222,0.658720683628461,1.47596568141375
238,5,2,0,0.225014387849075,2.04855285597685,1.873877436266,-0.11202541019378,1.29034653588544
239,5,2,0,0.255324112390283,2.04821745344433,1.87044769052155,0.334601851528677,1.3428660933414
240,5,2,1,0.296210031675827,2.25155308067662,2.05895319910368,4.10968565217407,3.37598289410536
241,5,1,0,0.380034324168172,1.8152195697611,1.81860721429986,-0.294661807942577,1.61299252359135
242,5,1,1,0.454112701498294,2.23032106980292,2.06899706383518,1.15480214698843,2.2020965207549
244,5,1,0,0.4562543072509,2.23945031353152,1.85702871969169,-1.16811306474639,1.83909502794246
245,5,1,0,0.356544970553514,2.00690098425356,1.89585814022579,-0.100317954272079,1.55411016191795
246,5,1,0,0.410089388383383,2.15213104887302,1.94414615199615,0.049903410058503,1.69517208252884
247,5,1,0,0.42160363201991,2.04763241415654,1.90292541098193,-0.0623544560400424,1.72891818718063
248,5,1,0,0.398392919942015,2.10044089899254,2.20167765441522,-2.5021663952237,1.66221448042735
249,5,1,1,0.357702952545989,1.99339483085564,1.79055754181406,-2.41293238662795,2.7956157277495
250,5,1,1,0.427698180068319,1.86189444702423,2.01547694330999,0.89676169328999,2.33809739344755
251,5,1,1,0.399358199001763,2.09320852941985,2.06274383749779,-1.85692150685084,2.50401770265292
252,5,1,1,0.393516821264862,1.8760773166376,2.0132850025079,-1.59067694937612,2.54118743078313
253,5,1,0,0.344045722455161,2.19354715487214,1.99941255732907,1.62542386214021,1.52449649957751
254,5,1,1,0.417087757618327,2.14801220723014,2.24829068319931,-0.495017546664307,2.39757696488203
255,5,3,1,0.310692349166428,2.18270453476467,2.10376643687216,-0.412922623583476,3.218618040267
256,5,3,0,0.14389721731801,2.16705859624104,1.88399179970616,-0.477289663760458,1.16808404344536
257,5,1,1,0.439385419280836,1.98208045288045,1.9118664021164,-1.38690104900351,2.27590620015737
258,5,1,1,0.292430479343407,2.30381875831332,2.19351294702932,-0.772045816853243,3.41961618448698
259,5,1,1,0.397916983115466,2.42697273392566,1.81929550989946,-0.991246786797298,2.51308700666798
260,5,1,0,0.310181506430489,2.09219367767381,2.08137375912166,-0.360389635669667,1.44965669856926
261,5,1,1,0.433747844033472,2.07166771640112,1.9079074347316,0.817053581624064,2.30548696381031
262,5,1,0,0.316447379080776,2.04213368123342,1.94605316342871,-0.0344412526713886,1.4629451623713
263,5,1,0,0.243713553972568,2.26277152769662,1.93663049278017,0.0213087033102367,1.32225032625235
264,5,1,1,0.365995192427325,2.19526181019988,1.91139996248301,-0.952540838261088,2.73227632682243
265,5,1,0,0.393516216772793,2.18127303399166,2.23024132780799,-2.40022107242025,1.64884870404749
266,5,1,0,0.34775860637894,2.05551066693127,2.06880082815735,-0.412660520713423,1.5331746954119
267,5,3,0,0.48538757548331,2.23850070452244,2.11355172332084,-0.30922869209268,1.94320998164623
268,5,3,0,0.52056476775119,2.01487404978313,2.0397593414107,-3.42040305135828,2.08578746978911
269,5,1,1,0.405415450224023,2.14729386017033,2.23340158730159,-2.13400562442181,2.46660555104011
270,5,5,0,0.203186230804217,2.08822220002603,1.76304536019536,-1.88778931145497,1.25499839317447
271,5,5,0,0.378411473520459,2.312841607946,2.1376079005211,-0.744460846678272,1.6087813037085
272,5,5,1,0.524750511988012,2.20538901291156,2.14111445406445,-1.6036367934276,1.90566750704351
273,5,5,0,0.366714089990827,2.62593009840061,2.24086878306878,0.0769681731547217,1.57906560716867
274,5,5,0,0.516287511112044,2.2166364835416,2.14836732265556,-2.37686543541887,2.06734376922741
275,5,5,1,0.469574402701179,2.01376837445911,1.90364775681698,-1.3246553542099,2.12958797210325
276,5,5,1,0.565051406949318,2.45430242635683,1.83575008493922,0.851962679885534,1.76975048234805
277,5,4,1,0.435130215540684,2.08159775034461,2.10835762417003,-0.988317778170148,2.29816262876027
278,5,4,1,0.416049265744377,1.98982651280072,1.62086769417665,2.14468333531392,2.40356150661832
279,5,4,0,0.397811782751547,2.1993839621085,1.96955066137566,0.654802565900271,1.66061037289844
280,5,4,1,0.296009032289985,1.93818854544344,1.96512387184268,2.39694001644775,3.37827529201998
281,5,4,1,0.414299350321753,2.00942451635459,1.9558765107845,0.0529534629483373,2.41371365710176
282,5,4,0,0.30972592693329,2.03374244528147,1.94023274916804,0.438272957961902,1.44869992806952
283,5,4,1,0.244217189678016,1.88563171947766,1.76562348834728,-0.525208298378241,4.09471586057654
284,5,5,1,0.179056802268277,2.10547070134427,1.83624408168321,0.64532069852144,5.5848199416726
285,5,5,0,0.155942050507839,2.08967423573846,1.74853660364926,-0.234895832231243,1.18475277746233
286,5,5,1,0.269287653393164,2.10386979376466,1.78982833985187,-0.77140246409392,3.7135011107991
287,5,5,1,0.526001782428098,2.0579007568684,2.07261974506974,0.510370518240075,1.90113424213861
288,5,5,0,0.536946676072082,2.00564562922782,1.93108993783994,-0.0623635119215334,2.15957849415128
289,5,5,1,0.218635853087885,1.98709949328758,1.80685342402695,3.75238085581234,4.57381525434454
290,5,5,0,0.542723776845834,2.01187426143895,2.01384769837869,0.0279408081646004,2.18686200892378
291,5,5,0,0.522132573110114,2.09728815016246,2.17960809256103,-3.20180956338972,2.09263059947048
292,5,5,0,0.393811473957286,1.97559374649505,1.94046759583149,-1.17515584519281,1.64965181134018
293,5,5,1,0.301313189181817,2.08981739163421,2.04872853131274,2.00972788962522,3.31880593317335
294,5,5,1,0.503302521510416,2.20542482316159,2.32331507936508,2.78696408335257,1.98687659461548
295,5,5,0,0.17731227753399,2.24659017673077,2.07578385873386,-0.681421073103159,1.21552804629501
296,5,5,1,0.578333339929947,2.10946165672019,2.08636712975134,-0.172432501780746,1.72910660851945
297,5,5,0,0.265582476562714,2.40836506143094,1.95251567922957,0.100189993765148,1.36162328387769
298,5,5,0,0.384249448088881,2.09501974731025,1.79263133903134,-0.689417839731995,1.62403427312615
299,5,5,0,0.386338643418189,2.08283956665854,1.97754674256158,-1.05667601573238,1.62956325874934
300,5,5,0,0.221648878256356,1.99120805071673,1.8876082010582,-0.114895457820015,1.28476721117819
301,5,5,1,0.459510361718466,2.10597175403019,1.97088351604822,-0.0717240869693742,2.1762294897121
302,5,5,0,0.307460092904172,2.19068227159551,2.18843087098087,-0.208233843324739,1.44396010937985
303,5,4,1,0.272395389208712,2.23824824233788,1.85923826501423,-1.08596613729012,3.67113409263249
304,5,4,0,0.275614875570143,2.07417990977262,1.79619280447504,0.744737618684549,1.38048113672554
305,5,4,0,0.253079670653123,2.10937635464254,1.95374713522898,0.883361139823007,1.33883087755079
306,5,4,0,0.335861363409765,2.12460706267769,2.00542418300653,1.07224566513817,1.50570971918471
307,5,5,0,0.0891220276649899,2.11203503615712,1.59534767406033,-0.393690605604891,1.09784189581018
308,5,5,0,0.447164844309087,1.96204288179574,1.87912276318453,1.0543258433911,1.80885746810048
309,5,5,1,0.401126091495379,1.96791288520753,2.05505471976956,-1.71209636444338,2.49298168631227
310,5,5,1,0.305053017967493,2.10565933544539,1.63208431195891,-0.360209960133984,3.27811869117965
311,5,5,0,0.387714473579292,2.0821604050818,1.58023182555642,0.721074479400336,1.63322495281865
312,5,5,0,0.306369947525442,2.03743414932293,1.58357925130662,0.0806771357869114,1.4416907059209
313,5,5,0,0.214793499798994,2.069530955228,1.7190446437573,0.162581637480572,1.27355033324865
315,5,4,0,0.236766589001578,2.24908046540556,1.96824955728042,-0.391220294535198,1.31021517872475
316,5,5,0,0.508777519637225,2.2093800926127,2.09173199502023,0.308594798412763,2.03573745090307
317,5,5,0,0.202167973987498,1.97912991150828,1.77165158915159,-0.233636821653877,1.25339666420502
318,5,5,1,0.448759812653892,2.20229157861329,2.00801370919525,1.27344035957455,2.22836352944833
319,5,5,0,0.237018239133334,2.0464530346197,1.90738248217161,-0.951951887045747,1.31064731988364
320,5,5,1,0.39235736828981,1.9371399083458,1.96695603100603,-0.735530443018531,2.54869687896714
321,5,5,0,0.508824987512488,2.20398682161741,2.36038492063492,-0.106942886226953,2.03593418756298
322,5,5,0,0.445101528250382,2.49355773213885,1.90456288156288,-0.90095990966506,1.80213147253219
323,5,5,0,0.537398480767598,2.08110846560847,1.99381693121693,0.0880396356034316,2.16168766946401
324,5,5,0,0.209894749558995,1.9970483207998,1.89878269584683,-1.3676555937456,1.26565416372292
325,5,5,0,0.15301657108412,2.44743663035614,1.86627621251534,-1.62710378902472,1.18066064324302
326,5,5,0,0.161464643582875,2.1759897562923,1.73989141414141,0.171297739275969,1.19255555814936
327,5,5,1,0.494945100321531,1.9878458444277,1.98384340561263,0.0286407662128679,2.02042610251192
328,5,5,0,0.402731692627978,2.03230774161663,1.8480155992156,-0.130199632857399,1.67428940671571
329,5,5,0,0.539345608602652,1.9842462859323,2.21105742957497,-0.530995693587543,2.17082484976775
330,5,5,0,0.448620245204844,2.11669976170029,1.97940487565925,0.0743555430604831,1.81363205903617
331,5,5,0,0.272905977687913,2.00280560238442,1.7656090983091,-0.233337852651537,1.37533794710634
332,5,5,0,0.207939180427416,2.15823737076265,1.81382804232804,-0.565473113239881,1.26252930998358
333,5,5,0,0.342582998206788,2.29843516534819,2.43481797335219,-0.423735808207732,1.52110456114207
334,5,5,1,0.328305879454825,2.03449892783852,1.97272943945169,-0.99401832076615,3.04593996811927
335,5,5,1,0.345713364673395,1.993601747667,1.89262210800319,-0.754571500510694,2.89256968976229
336,5,5,1,0.380996529357393,1.99832129523578,1.95621402301402,-0.80208100960913,2.6246958251474
337,5,5,1,0.27216680869091,2.04040802151827,1.90252787851083,0.220253613118074,3.67421731110374
338,5,5,0,0.411523504273504,2.36480648103062,1.87047486772487,0.125585212055733,1.69930321306285
339,5,5,1,0.362748431290383,2.23818750441243,2.27371759707632,-0.719035808841558,2.75673142525457
340,5,5,0,0.29821385772797,2.1568805331227,1.89264385783299,-0.0406920315969766,1.42493551776686
341,5,5,1,0.316769649330455,2.08224078351931,2.04278838492662,0.877759679713512,3.15686809678158
342,5,5,1,0.459164650641414,2.06950338303234,2.01730530909862,-0.0898867528737161,2.17786800138705
343,5,5,0,0.335324666453845,1.93086320564437,1.74517922029188,-0.289699872307061,1.50449392286732
344,5,5,0,0.359602925493914,2.3829097629613,2.03890744625744,1.29494400490054,1.56153118090251
345,5,5,0,0.194359125709972,2.00994421644672,1.75925224733165,0.175400550188352,1.24124784617122
346,5,5,0,0.309508999361643,2.02272252300659,2.09346528413353,0.586398803002573,1.44824479837609
347,5,5,0,0.230750191538481,2.05595336481586,1.84319472640649,0.726624151854498,1.29996782449641
348,5,5,1,0.239737224030231,2.08415681167455,1.68298015873016,-0.469224041619562,4.1712337499741
349,5,5,1,0.291450476227449,1.85972281408991,1.78896042762616,-1.63407118660877,3.43111465434559
350,5,5,0,0.369382040550382,1.96893937964951,1.77623749197662,0.815207951861196,1.58574614790985
351,5,5,1,0.186290091959857,1.99134613511859,1.69155249347602,-2.22270406792483,5.36797201332363
352,5,5,0,0.469088182405273,2.3612724634004,1.83651299593652,0.783566649443096,1.88355197013782
353,5,5,0,0.207097025197798,1.99536403116206,1.72215646896913,-0.279054392114455,1.26118835693543
354,5,5,0,0.347916271618464,2.06876632552501,1.84695534911711,-0.116354694442869,1.53354539681888
355,5,5,1,0.26172017812628,2.23389576828619,2.17357266219619,-1.9971473859701,3.82087467293982
356,5,5,0,0.470309595385098,2.14073760617284,2.04816254301254,0.17312279533717,1.8878952521842
357,5,5,1,0.277854422849,2.14761322764747,1.93645176087529,-2.38178888150915,3.59900695388048
358,5,5,1,0.266054363706578,2.00381811638206,1.81355899470899,1.76338047056298,3.75863032678113
359,5,2,0,0.306438604067327,2.5356873869261,2.14385966810967,-0.580678021772568,1.44183342075324
360,5,2,0,0.316446859684697,2.03141848830347,1.92334859486289,0.425541614025477,1.46294405075621
361,5,2,0,0.255532277333284,2.22130764478655,1.65146502731933,-1.16806737365252,1.34324157992768
362,5,2,0,0.515699326591905,2.48711162809183,2.23091289181634,0.0613277574961121,2.06483297444716
363,5,2,0,0.343734800170448,2.2853634387814,2.03742668735585,0.186892702971115,1.52377423069168
364,5,2,1,0.132767900209782,2.28975919512586,1.99231291958529,2.27109938353223,7.53194106723039
367,5,5,0,0.21287303026963,2.25117113423531,1.92667119634748,-0.428882333940364,1.27044306504013
368,5,5,1,0.14473055630191,2.14336538662058,1.80943581205762,7.89214388471991,6.90939097832242
369,5,5,1,0.274411346634586,2.18811743480699,1.94879624036095,-0.0527262876864573,3.64416418003162
370,5,5,0,0.273411010533451,2.07587170511456,1.9077627960275,-0.98121641569249,1.37629390824403
371,5,5,0,0.285868893565339,2.06723292668801,1.88921603596118,0.382897283732247,1.40030309699371
372,5,2,1,0.3544185040772,2.27375029912529,1.96636300471698,1.66853567206623,2.82152311037964
373,5,2,1,0.283698760624687,2.06675155129273,1.994856027279,-1.228718909106,3.52486559263798
374,5,2,1,0.294871066173908,2.06265607150194,2.21304795614975,-1.70255793702389,3.39131272856125
375,5,2,0,0.506597174059725,2.48323048192548,2.09306356457212,-2.78868618502459,2.02674153333902
376,5,4,0,0.273298507471211,2.07451523572138,1.58943117391523,-0.38254507366938,1.37608083963084
377,5,4,0,0.204244033397932,2.07621309515723,1.70730197443118,-0.692025554003911,1.25666666914238
378,5,4,0,0.553563118845158,2.13156589757305,1.86895671450229,1.5253984792327,2.23995830589355
379,5,4,0,0.345960809908377,2.07004054246828,1.78714641514297,-0.685458369428556,1.52896036682437
380,5,4,0,0.348682408852514,2.29685432827972,1.90855054935423,1.09103749488974,1.53534928826075
381,5,4,0,0.608002364133818,1.91864962120028,1.69253439827865,1.26704757785291,2.55103579334181
382,5,4,1,0.288287590146736,2.15174123778362,1.99081854105627,-1.28532723396258,3.46875840021767
383,5,4,1,0.310710583394306,2.19952849926035,2.08044112739113,-0.377981441431838,3.21842915383077
384,5,4,1,0.439502774681191,2.0568140462373,1.90878386000267,-1.45735190118117,2.27529849094897
385,5,4,0,0.4137229426211,2.14372788811635,1.77107095658718,1.00961539958692,1.70567820693983
386,5,4,0,0.473309614447309,2.08279527405751,1.73209251479495,1.07226215766433,1.89864866994038
387,5,4,1,0.342809915142992,2.11829427773611,2.0073392434363,-0.132364110035675,2.91706848555674
388,5,4,0,0.434173746803636,2.18912285458055,1.9931934763772,1.31653052695807,1.76732697422748
389,5,4,1,0.297811503206302,1.98748577228599,1.86217572690764,-0.781795970656858,3.35782865750243
390,5,4,1,0.406113172526398,2.53357619047619,2.1156482054982,0.938882132114792,2.4623678020072
391,5,4,0,0.46997143357697,2.08588393721335,1.82648024484223,-1.98405802365686,1.886690762252
392,5,4,0,0.406118391735538,2.07960604416734,1.9160067815905,-0.0295556366090675,1.68383729363562
393,5,4,1,0.499162314387906,2.33474237182658,1.99750618357677,1.67111618036305,2.00335636560673
394,5,4,0,0.590873961472568,2.04061840984733,1.92648032761601,-1.64434686354642,2.44423455324257
395,5,4,0,0.287103873137452,1.93785589823308,1.89008428271469,0.800209657097363,1.40272890021299
396,5,4,0,0.4855134956477,2.23833528795635,2.13821681031387,-0.932660002224456,1.94368558074993
397,5,4,0,0.418316511201976,2.01486098901099,1.98957462352462,0.573311203552118,1.7191479889972
398,5,4,1,0.375732372915091,2.07047279018727,1.9946121060561,-0.0615209723248749,2.66146883283326
399,5,4,0,0.569930416572831,2.02238771987746,1.94578317547058,-1.57468525417256,2.32520512618244
400,5,4,0,0.468656336078139,2.11745923603519,1.7983160822142,-0.0980823903064308,1.88202112474434
401,5,2,0,0.287558324282364,1.93241201522432,2.05848250162966,0.0312023911221692,1.40362367065726
402,5,2,0,0.391467067516131,2.56675960798022,2.15946689732093,0.524061334004918,1.64329643741427
405,5,2,0,0.203427575226558,2.20528506014536,1.96460788603468,0.435492847255411,1.2553786308689
406,5,2,0,0.427587924252181,2.30530511028221,2.304368234203,0.532429073413295,1.7469931931355
407,5,2,1,0.582686849482137,2.27980123278281,2.03715194342694,-0.306408997439141,1.71618769307862
408,5,2,0,0.189598624261654,2.54243991978992,1.86479861111111,-0.419612888791106,1.2339564442236
409,5,4,1,0.410648430148714,2.05759938605723,1.83203983664566,0.183452517902346,2.43517307405231
410,5,4,1,0.532117990439114,2.29153113149333,1.93315935015483,1.02009564447909,1.87928244856894
411,5,4,0,0.534718709653555,2.10798314145146,2.03929099824531,-1.26943572951974,2.14923750588683
412,5,4,0,0.314255415964233,2.09879034892584,2.07898247932577,-0.361834609391661,1.45826889964594
413,5,4,1,0.436577206102969,2.11739134380854,2.09408850850712,1.28821354749504,2.29054560343708
414,5,4,0,0.462858670446755,2.21640693292674,1.92406605624318,-1.13059276490527,1.86170742220065
415,5,4,0,0.498309042087658,2.16289966166214,2.0033668960669,0.165168445564721,1.99325896596033
416,5,4,1,0.411289702373161,2.46552072528381,2.04072999214901,0.286638071175132,2.43137621542663
417,5,4,0,0.356867555339327,2.24271852869353,2.19141676243147,0.326098768742186,1.55488967832686
418,5,4,1,0.368776682884073,1.91066125074952,2.09025326758364,-0.0651448978693785,2.71166818948354
419,5,4,1,0.277690637221721,1.96052998121203,1.83360757858981,0.472278287307178,3.60112969599892
420,5,4,0,0.409959065660002,1.95664871698252,1.98413405721974,-1.17585142567437,1.69479766877288
421,5,2,0,0.34916661625598,2.34986251874627,2.12011008173925,0.307808369621601,1.53649155832687
422,5,2,1,0.38552151087717,2.68489081335285,2.07395294396961,-0.802763596049815,2.59388898358672
423,5,2,1,0.380841515563702,2.25361394630392,2.13487102553737,0.402372293004738,2.62576415420428
424,5,2,0,0.354815742887719,2.27745226642487,2.08193500197974,0.751166714627705,1.54994482425192
425,5,2,0,0.435176154956155,2.71104788359788,2.08616997354497,0.634006412620629,1.77046349720305
426,5,2,1,0.328584894937704,2.24339723269623,1.99960107581255,-2.27148444305864,3.04335353026373
427,5,2,0,0.235371240678634,1.99967191588352,1.86911540841971,-0.130985583812933,1.30782420594215
428,5,2,0,0.196279711438319,2.05906794933255,1.82673646603624,-0.158838316365986,1.24421395631256
429,5,2,0,0.282906396294691,1.97222159595144,1.86234597069597,-0.148613112112174,1.39451808638772
430,5,2,1,0.196004668217698,2.30353174651859,1.87941554232804,0.19109596788909,5.10191930168379
431,5,2,0,0.592781410811411,2.54608294831874,2.37641508954009,1.98990025770731,2.45568357277738
432,5,2,1,0.269586469672337,1.87948527927556,1.99569676194375,-2.34074946724697,3.7093849747557
433,5,1,0,0.344137022951361,2.23429704503341,1.91309741232031,1.05250759460195,1.52470871964746
434,5,1,0,0.371627506890545,2.25103168772729,1.82913531959184,0.508069579560536,1.59141275432279
435,5,1,1,0.256632144557648,1.96747975030498,2.30442344969845,-2.14815723810237,3.89662799928544
436,5,1,0,0.471274981604907,1.99653906541601,2.0487786131152,0.676141173823578,1.8913423144519
437,5,1,1,0.359602208516335,2.18190247793967,1.82753975995874,1.05217361966122,2.78085055185242
438,5,1,0,0.55534410838979,1.97719972278299,1.88265480801316,-0.145821143528316,2.24893005775489
439,5,1,0,0.451740536267988,2.03411812575175,1.97824684090996,0.00635860448745412,1.8239539235547
440,5,1,0,0.439014301014692,2.08977063605272,2.31115384489141,1.56979067107455,1.78257663574805
441,5,4,0,0.380630672868204,1.99683028892025,1.96958371970116,-0.0323642121841142,1.61454556464855
442,5,4,0,0.531717265603156,2.26549038193569,1.99670157498839,1.00997650145194,2.13546203297035
443,5,4,0,0.285732583801844,2.28793396289381,2.02465552443199,-0.326839185333306,1.40003586517038
444,5,4,0,0.31324593260911,2.06907981019805,1.89210934995733,-0.0763815981164678,1.45612534018064
445,5,1,1,0.329776121320316,2.10103007226475,1.85006229041723,-0.807089380392338,3.03236024487257
446,5,1,0,0.328114964953011,1.96155230526417,2.05528011691478,0.532620811517588,1.48834986320251
447,5,1,1,0.389318166860681,2.0712304271618,2.06862616642617,-1.03507470258723,2.56859321018496
448,5,1,1,0.309242704659632,2.16265917737677,1.91494405324065,-1.05057120718341,3.23370603390839
449,5,1,0,0.328281577150236,2.28328875811396,1.83372475793128,-0.0278266345286183,1.48871903164052
450,5,1,1,0.408431934346115,1.9400469936546,1.96232197624488,-1.51773349867241,2.44838837492216
451,5,1,1,0.388319019981491,1.93475242218776,2.14369679826346,-1.87790541296825,2.57520221401379
452,5,4,0,0.296877717668219,2.0734903548183,2.07252246682149,0.577628038166234,1.42222771931459
453,5,4,0,0.215581213079249,2.13050448733958,1.90859733654145,-0.480479292842251,1.27482923238684
454,5,4,0,0.211671882534443,2.40309130600613,1.72523068413068,0.256299435369546,1.26850733577151
455,5,1,0,0.352156994734096,1.97993760028949,1.91981784557279,-0.091087750893917,1.54358384959263
456,5,1,1,0.368353381337773,2.1240590434526,1.99190064500717,0.794757725104632,2.71478436377653
457,5,1,1,0.3318134638287,1.97747741202266,1.81361996199286,1.40242429557404,3.01374148131691
458,5,1,0,0.395292081813712,2.04155311586854,1.80669570309538,-0.166141401920893,1.65369093065511
459,5,1,0,0.383663988679287,2.21034796061889,2.1267908301284,0.79856120101378,1.62249159814166
460,5,1,0,0.291213264179569,2.07390732402556,2.00866408539713,-0.431257437536205,1.41086161670687
461,5,1,1,0.243908649453379,2.10519174675471,1.79865938036432,0.518943155231746,4.09989560534687
462,5,4,0,0.275288503506646,2.1465015309915,1.97700596583193,0.0326559554115456,1.37985944039618
463,5,1,0,0.548898752655272,2.02487686073112,2.05654197732093,0.0868120727943201,2.21679723983518
465,5,5,0,0.39381609147603,1.99879969599574,1.97442650682651,-0.0263532879270222,1.64966437732561
466,5,5,0,0.433612333396682,2.16611214658141,2.02937418391722,0.745070574781486,1.76557516867748
467,5,5,0,0.359116461818187,2.01667236327469,1.86503211712036,-0.645740891892577,1.56034589815959
469,5,4,1,0.496887362242161,2.56382116402116,2.01291759259259,-1.24774344347422,2.01252854467376
470,5,5,0,0.348372904536771,2.19726634253617,1.80348791208791,0.420490465924613,1.53462004106677
471,5,5,0,0.357282656371214,2.05596791507065,1.94637941687942,0.49612294286929,1.55589390874999
473,5,5,0,0.397690445461173,2.00874859531307,2.0534335978836,0.0592100839794842,1.66027583734028
474,5,5,0,0.226914441849008,1.96771125898471,1.84237508743979,-0.167102235695067,1.29351789004017
475,5,5,0,0.401390280394022,2.02055116300292,2.17431346431346,0.188093790308833,1.67053752594968
476,5,5,0,0.411967072667577,1.96408693937206,1.90771311836312,-0.117447034699303,1.70058504127727
477,5,5,0,0.361891000201806,2.22876969132926,2.0004785609815,-0.392155990484732,1.56713038104188
478,5,5,1,0.357073192114691,2.2564857241428,1.8576312983313,-0.000144287910768093,2.80054628037941
479,5,5,0,0.273339666480323,2.12982885416451,1.88500581640582,0.39256167437284,1.37615878268237
480,5,5,0,0.526712056067803,1.9490876494164,2.00077095723579,-0.0558883116066333,2.11287866682541
481,5,5,0,0.41904363070799,2.10830926136443,1.88615385649209,-0.609489263081227,1.72129965838685
482,5,5,0,0.283392827571949,2.01913067706956,1.63342433862434,-0.359010154251669,1.39546468201224
483,5,5,1,0.43074931978925,2.17717018672064,1.96238837585662,-0.901310368435832,2.32153587726909
484,5,4,1,0.3810576282909,2.38463677670832,1.91892207216568,-1.12770225385484,2.62427498036228
485,5,4,0,0.54705734919833,2.07516978043321,1.94420344941543,0.770920724757446,2.20778502141515
486,5,4,0,0.375131690574504,2.01799756076863,2.06111574269787,0.0719203479171072,1.6003371989202
487,5,4,1,0.482010702461704,2.09182422669686,1.91810305160012,1.37928088739589,2.07464273073781
488,5,4,0,0.321715756964609,1.98676532642541,2.05704892916133,-0.440664440752447,1.47430816839397
489,5,4,0,0.346856913384961,2.07001136363636,2.0968484494808,-0.376324143437884,1.53105807975795
490,5,4,1,0.553458399485826,2.2139060969068,1.85614235125433,1.10670822941436,1.80682053236344
491,5,4,0,0.428658207299726,2.05401288168183,2.06007591081195,-1.06624393810452,1.75026580022057
492,5,4,0,0.395350787798667,2.03052790398246,1.90838025818653,-0.622942856044299,1.65385148912925
493,5,4,1,0.39789102872554,2.14874633301447,1.96608259146646,-0.0974207828359766,2.51325093506893
494,5,4,0,0.291179182511726,2.20592022398855,1.90495010893246,-0.480723737129823,1.41079377936941
495,5,4,1,0.338363622769149,2.13947420381478,1.91310942485256,1.01556514554232,2.95540044114689
496,5,4,0,0.255872762607936,2.18664885910846,1.82629576719577,0.338428200200965,1.34385619790601
497,5,4,0,0.308193628843013,2.0779134137083,1.81473355816579,0.33127368548785,1.44549116876097
498,5,4,1,0.262769172946979,2.26834379568855,1.83755440504141,1.45595753149643,3.80562144632459
499,5,4,0,0.433115571229654,1.94108947993359,1.8565720003557,-0.776446616263784,1.76402799097718
500,5,4,0,0.36801838270826,2.32912340633461,1.75789455741589,0.476992684022059,1.58232450539518
501,5,4,1,0.599841935025434,2.19543019728227,1.9875217547206,-0.742807837416964,1.66710585174009
502,5,4,1,0.417503753555339,1.98794836714977,1.91323734128292,1.72989388838306,2.39518804677634
503,5,4,1,0.462771219469947,2.15899766238744,1.95436439301439,1.33457713024545,2.16089496910674
504,5,4,0,0.36819221474381,2.31901211624387,2.31280269218799,0.498710147510511,1.58275985724758
505,5,4,0,0.453318065231374,2.01123385847418,1.82990588039694,-1.38025694665545,1.82921720364371
506,5,4,0,0.608255983043559,2.22067446925128,1.97916905080277,-0.529088276656089,2.55268735887597
507,5,4,0,0.426842463940865,2.29588389834082,1.9424340718218,0.744358702703973,1.74472101837081
508,5,4,0,0.536830363829978,2.34674176845156,1.82698690192199,0.228873155200841,2.15903617574991
509,5,4,0,0.513623776398653,2.14779509274888,2.05875459827999,1.58551043934302,2.0560215558967
510,5,4,1,0.413471100804921,2.34944848484848,2.10463211951447,-2.11024005438899,2.4185487161092
511,5,4,0,0.540456551144441,2.15235592265663,1.89711261247459,0.801651869587181,2.17607280114728
513,5,4,1,0.420805983824788,2.16078448629552,1.86697968891667,0.0223036140897396,2.37639206294265
517,5,4,0,0.491556274797554,2.23741756946757,1.94874122677495,0.178273208849263,1.9667859989851
518,5,4,0,0.553693272376423,2.12433045792455,1.99769631025829,0.151942109937041,2.240611530381
519,5,4,0,0.557421396986591,2.15167878570655,1.87709762560961,0.0681348787576361,2.25948564433808
520,5,4,1,0.564260616582134,2.1054990639609,1.9945934562609,1.08016318330775,1.77223072213908
521,5,4,0,0.592197555543871,2.50224397453159,2.02691057874587,-0.0611361699119741,2.45216774346133
522,5,4,0,0.503321297575444,2.51858369923597,1.9172750538677,-2.24170439843788,2.01337402855903
523,5,2,0,0.38613318423138,1.96852380800028,1.90426522181522,-0.115533864781619,1.62901784933252
524,5,2,1,0.382172675708279,2.18828881442292,2.28174678206374,1.10064636458615,2.61661825546974
525,5,2,1,0.400325957766426,2.46831628210414,2.15820203476576,-0.705297301788379,2.49796442274038
527,5,2,0,0.401057833114731,2.1667312501314,1.98462471735464,0.652806437310591,1.6696102817412
528,5,2,0,0.412470446902479,2.35728333916605,2.23590659172471,1.05408186371851,1.70204204150734
529,5,2,0,0.401490463835963,2.22613797963576,2.02123386770864,-0.940946999153846,1.67081715424151
530,5,2,1,0.394352814006761,2.12737103691652,1.93892692464022,-0.0335749869890847,2.53580034041004
531,5,2,0,0.36845055711739,2.27840972950052,1.96700331705332,0.129429586441121,1.58340730289564
532,5,2,1,0.501091467817349,2.17574198179988,1.95383664021164,-0.1297797263,1.9956436383876
533,5,2,1,0.264226708576162,2.01917060163767,1.97341575436095,-1.20668626616037,3.7846287583443
534,5,2,0,0.386808952014452,2.02712431877963,2.12600559700649,0.686720342898688,1.63081311001717
535,5,2,0,0.263402771513678,2.05233844006053,1.73582386123364,0.207071118320522,1.35759403012547
536,5,2,1,0.397148737925865,2.1310297738003,1.97363256831001,0.748310733811963,2.51794832641938
537,5,2,0,0.519749740720349,2.12099992365363,2.02986348938586,0.160815379012086,2.08224770456125
538,5,2,0,0.389470043786828,2.1313219425802,1.82503970902622,-0.637160986835985,1.6379212679465
539,5,2,0,0.352706695184022,2.09164003548023,1.8802392015392,-0.0698266282472408,1.54489470624803
540,5,2,0,0.228337960233981,1.8501771028226,1.68077260011398,-0.795528642049764,1.29590409851341
541,5,2,0,0.433479022439626,2.36164787265163,2.2184602292769,-0.681594526961904,1.76515970212847
542,5,2,0,0.472805106150793,1.85066401802453,1.949337518632,-0.184591727712789,1.89683172516847
543,5,2,0,0.27289123147406,1.99535914143899,1.93617940886387,0.392874332786623,1.37531005440533
544,5,2,0,0.207989793316969,2.11348020669835,1.87718751292298,-0.934751445064798,1.26260999108589
545,5,2,0,0.351718213428657,2.15640882693128,1.90702563312131,-0.00811646355290241,1.54253909444045
546,5,2,0,0.377394899515513,2.26578968628482,1.98424251363215,-0.390032707056342,1.60615452591352
547,5,3,1,0.353510554370073,2.24775051178753,1.89072873024728,-0.0479185075306905,2.82876985605682
548,5,3,0,0.248990427706487,2.42230648467869,1.75097902152613,-0.109009084987282,1.33154095086444
549,5,3,0,0.32892783484816,2.19903063719075,1.91133251933252,0.00888792389141452,1.49015270179435
550,5,3,1,0.372912656747829,2.58326328941561,1.94905255176345,-0.497590412987234,2.68159308059158
551,5,3,0,0.420502026105272,2.17635804344122,1.89406079266049,1.17245280544816,1.72563157258193
552,5,3,0,0.308918015693211,2.57511601136935,1.99766995820269,-0.709920430123755,1.4470063215482
553,5,3,1,0.290292377155867,1.88726342514368,1.81463801930338,0.565910068334742,3.44480282189108
554,5,3,1,0.256261506310338,2.10364209877783,1.93827284182978,-1.22524820277065,3.90226380230896
555,5,3,1,0.390756744334097,2.3604974987975,1.99160477203109,-0.347408189159211,2.5591368914288
556,5,3,1,0.307369972772326,2.28998665223665,1.92414399762031,-1.20352152295643,3.25340823301799
557,5,3,0,0.202671840916674,2.32349706719356,1.77993968104895,0.280231906938976,1.25418874099428
558,5,3,0,0.471246157004493,2.01969263936607,1.78757535946347,0.435539281607071,1.89123920941128
559,5,3,0,0.458231366175949,2.0049446705527,1.83863633373824,0.458087360474824,1.84580637853015
560,5,3,1,0.269181463774703,2.39745169263184,1.85178816429906,-2.47170562534604,3.71496605292617
561,5,3,0,0.455615108899858,2.06124074020035,2.01025150688091,0.673817938930126,1.83693562468111
562,5,3,0,0.448343572274846,2.07141076367051,1.94743038358307,1.21394915946449,1.81272246590811
563,5,3,1,0.327826219338271,2.0166527204972,2.1665801313066,-2.39180582717017,3.05039664618204
564,5,3,0,0.366475601670571,2.13500365663448,1.98317647580031,0.587429256964907,1.57847117275506
565,5,3,1,0.26244716850011,2.03629020556327,2.05817621832359,-4.01007296919816,3.81029067951092
566,5,3,0,0.395981100733808,2.07389643230645,1.9522950938241,0.552599031960551,1.65557733576694
567,5,3,0,0.367619126193168,2.26122893676145,1.96736571469548,0.646333255597267,1.58132549768648
568,5,3,0,0.427184910469016,2.21866062282487,1.97849932608683,0.723489916797859,1.74576406640892
569,5,3,1,0.294728944371096,2.01376317038932,1.99132482584952,-1.12398661586964,3.39294805989903
570,5,3,0,0.434735556901657,2.3812388122019,2.15336736553206,-3.09159515609919,1.76908350102259
571,5,3,1,0.349429921548678,2.53440615260354,1.83024713027862,0.735575161928762,2.86180415108125
572,5,3,0,0.207642530227916,2.12320105914478,1.69631662603042,-2.37482544005136,1.26205663245359
573,5,3,0,0.441838150898356,2.41856912001693,1.97484097599777,0.306178215024564,1.79159503934117
574,5,3,1,0.33481891558969,2.17771340928216,1.80923428750198,2.19240480454924,2.98668908307877
575,5,3,0,0.512718501250512,1.98123664074679,1.86747038177717,-1.5204070357668,2.0522018639458
576,5,3,0,0.391374596615287,2.40613109049553,1.97583288890058,-2.50141710192509,1.64304676478957
577,5,3,1,0.420194411279448,2.08600816315026,1.98008578396757,-0.851813111871349,2.37985078610423
578,5,5,0,0.414386500641841,1.99054393730965,1.97383058238058,0.536343005619243,1.70761090906548
579,5,5,0,0.270858152495653,1.8501807934593,1.82120492824406,0.222709218312405,1.37147525330322
580,5,5,0,0.477074389212678,1.86692924650648,1.98736604470194,-0.134036784181138,1.91231788876125
581,5,5,1,0.350782515519396,2.38488431944044,1.86586096866097,-1.08688033675085,2.85076922525435
582,5,5,1,0.411597004904612,1.98606951410603,1.98560492949316,-0.775344525491955,2.42956092508921
583,5,5,0,0.349245900993364,2.42316590914703,2.1786478021978,0.405751956340399,1.53667875703969
584,5,5,0,0.440463169128805,2.00429727652611,1.94577398019937,0.544887580726255,1.78719245066139
585,5,5,0,0.379752628031259,1.94262799927046,1.78073315018315,-0.254393428400003,1.61225995496906
586,5,5,0,0.249347888053522,1.96011446144729,1.80126027676028,-0.211988703218222,1.33217503033056
587,5,5,1,0.434650722744374,1.99447057051761,1.92331986096066,0.105267124411401,2.30069788837811
588,5,5,1,0.437435522639462,1.93539576052915,1.91870927144751,-0.592868787355064,2.28605119667935
589,5,5,0,0.547844930366816,2.08654513254053,1.96951494021974,0.0743756733941258,2.21163062665926
590,5,3,1,0.445510243454434,2.11156363414567,1.96419995069404,-0.0670062734213438,2.24461730048252
591,5,3,0,0.369508646533646,2.12491527910941,2.01757891165111,-0.437900859862632,1.58606457408518
592,5,3,0,0.341299914280288,2.38291638894857,1.97254435348963,0.170949262731251,1.51814159688074
593,5,3,0,0.122253822785402,2.09023024363076,1.75180739070871,-0.23562520370062,1.13928152119484
594,5,3,0,0.404053756950169,1.96787309869561,2.08616336843984,0.0643812105311447,1.67800369859263
595,5,3,1,0.268345035815624,2.11089906687178,1.83163198844786,0.348163986363234,3.72654555341611
596,5,3,1,0.577854475704475,1.96983153891292,1.92317766314146,0.0862902132483288,1.73053950785945
597,5,3,1,0.419965010806187,2.23156527939074,2.13280145130677,-0.41498410332032,2.38115074891679
598,5,3,0,0.275933860744667,2.15561364461388,1.81617947570158,-0.124517828847118,1.38108930356618
599,5,3,0,0.412408115686213,2.11544173005754,1.98222865555497,0.630539923745476,1.70186149042518
600,5,3,1,0.441866302109102,2.11500594923595,2.02129984013808,1.36684162547285,2.26312799873362
601,5,3,1,0.281663310410609,2.24100051829089,1.83664202056413,-1.00782848339749,3.55033816275964
602,5,3,1,0.362041456986822,2.10031312541784,1.95263662247089,1.82455631850522,2.76211461616231
603,5,3,0,0.437257171351809,2.05915523018299,1.98994243271189,-1.14876709040279,1.77701065049941
604,5,3,1,0.335325365760365,2.36194039517987,1.94103580668844,0.748996548439689,2.9821782128902
605,5,3,0,0.304539218559219,2.22447926693653,2.09392678512267,-1.2456703342639,1.43789560344195
606,5,3,0,0.357714426944744,2.05582571306621,1.96586326168958,-0.522025122420388,1.55693984413063
607,5,3,0,0.468325777925778,2.33993994708995,2.01139443052075,-0.316119460382312,1.88085101455304
608,5,3,0,0.425632706182706,2.47640037593985,2.0242,0.377234692992529,1.74104620991546
609,5,3,1,0.417485304386787,2.17068428533275,2.06736686908474,0.533750431299935,2.39529389296427
610,5,3,1,0.471919001101238,2.32980326505975,2.16335081062728,0.900077723129534,2.11900770612429
611,5,3,0,0.284633962571749,2.23960924640457,1.90830184803262,-0.462322965263698,1.39788576432145
612,5,3,0,0.233209230401077,2.01734479179285,1.664747048176,-0.329977763720743,1.30413672105503
613,5,3,1,0.402621017391843,1.89458971911223,2.25831556044325,-1.10576747426699,2.48372528209765
614,5,3,0,0.388186142964615,1.98353801692022,1.87324713982087,-0.137197726119655,1.63448406488473
615,5,3,0,0.343035992829762,1.99045142469018,1.90762791376321,-0.0973579073407835,1.52215340427451
616,5,3,0,0.384197333604122,2.11915738242931,2.27007583342583,0.344417747007539,1.6238968334657
617,5,3,0,0.405282438172765,1.93535981813009,2.07680406455862,0.0327536914173263,1.68147043939237
618,5,3,1,0.274859120964906,1.92056014332125,1.6409320733847,-0.185999766129055,3.63822745444813
619,5,3,1,0.373785530950726,2.05721055921124,1.91108944583681,0.983521027728633,2.67533095103091
620,5,3,0,0.423624763563002,2.2436246444701,2.27015560028207,0.449215049556393,1.73498085410772
621,5,3,0,0.382350356689582,1.95013005083073,1.95698177387914,-0.61357004300127,1.61904084432122
622,5,3,0,0.362831504926609,1.95064247869868,1.80387003677828,0.298911571378635,1.56944357376743
623,5,3,0,0.357250643290135,1.91091804285614,1.89591796162916,0.365010219272986,1.55581641515574
624,5,3,0,0.274424628704629,2.42599681744268,1.95809417989418,0.119213235309954,1.37821657068472
625,5,5,0,0.572289447428777,2.44988274476712,1.83153398807312,-1.12519601729191,2.33802975864964
626,5,5,0,0.449382859759776,2.22934220435034,1.95909719339442,-3.48601449259093,1.81614397176906
627,5,5,0,0.41197323784109,1.90845897734689,1.85672675363852,-3.60861289181627,1.70060287108116
628,5,5,0,0.480660068630861,2.425827997057,1.9965577659813,-0.251169803712413,1.92552110784875
629,5,5,0,0.441891204628705,2.35521428941429,1.99505873015873,-1.51546025241445,1.79176534807112
630,5,5,0,0.473622766550809,2.05291084597741,2.063308158923,0.110916185372307,1.89977821314061
631,5,1,0,0.2799221128951,2.05196927972725,1.87871810966811,-0.101079422171984,1.38873865995321
632,5,1,1,0.483563572995457,2.04871075139919,1.82980006102239,-0.556267355489494,2.0679804183873
633,5,1,1,0.442769285763057,2.52818172198172,2.02568949013949,-1.31334979359494,2.25851257563322
634,5,1,0,0.371676179017006,2.43616057091057,1.97361008328903,0.762126786335785,1.5915360306339
635,5,1,0,0.359526898150669,2.24028457259647,1.89143597883598,-0.494129887335804,1.56134581938344
636,5,1,1,0.423240765652335,2.21807132437715,2.02037346357346,-0.24583467848962,2.36272136607331
637,5,1,0,0.362444105387876,2.39690455538116,1.91031031746032,-1.43254336915074,1.5684899291981
638,5,1,0,0.404981433786462,2.33283641620315,2.11563702270431,0.902378695930748,1.68061982731665
639,5,1,0,0.39582619773942,2.17146213394332,1.86958941798942,0.533640948140615,1.65515286538144
640,5,1,0,0.331767838208456,2.44407318090594,1.80533918381813,0.524643880677054,1.49648588795693
641,5,1,0,0.254540840589656,2.12099759326488,1.87529268879269,-0.0833920644762493,1.34145511176091
642,5,1,0,0.319776157690796,2.36135914290025,1.99561806462459,0.655529322766529,1.47010430655478
643,5,1,0,0.411568688342515,1.90743239372641,1.6988861557288,0.200619151895665,1.69943369801857
644,5,1,0,0.498545476251151,1.97241943052443,1.64283070007775,0.280143058533846,1.99419878102614
645,5,1,0,0.193263956060037,2.15812009571114,1.8554885056464,0.306555804915528,1.23956281303135
646,5,1,0,0.452157340915768,1.98888579839667,1.93036166540871,-0.687258550115019,1.82534160751846
647,5,1,0,0.484890640521627,2.23448171659258,2.30626829592692,1.17410599845907,1.94133533316625
648,5,1,0,0.262377162123591,2.02154902334017,1.8930955026455,-0.0992393718998567,1.35570639715951
649,5,1,1,0.37577230514925,2.11276760238056,1.86356849902344,0.113870497853567,2.66118600625136
650,5,1,1,0.246812404842567,2.25507348427309,1.91365737866232,-2.69269194889408,4.05166020985803
651,5,1,0,0.411584349572204,2.08482359659348,1.9243990860548,-1.14925454871011,1.69947893002671
652,5,1,1,0.663147171992502,2.04348790000849,2.1412298941799,0.890080097503788,1.50796089048436
653,5,1,0,0.298945417265891,2.0598419410049,1.87842914948409,0.379421249111022,1.426422456437
654,5,1,0,0.297823472095596,2.17461708577254,1.94823799746952,-0.452413769403046,1.42414330337192
655,5,1,1,0.352962949196397,2.16320847362514,2.02529153439153,-0.209571866327558,2.83315855751074
656,5,1,0,0.41144315689003,2.22581700931672,2.26418329991482,0.422045474623028,1.69907123110818
658,5,1,0,0.331132721771569,2.17226317159963,1.76382613359904,-0.150892414116635,1.49506491429602
659,5,1,0,0.340867023896591,2.06606499781088,1.92477238845743,-0.0410624582215251,1.51714454632765
660,5,1,0,0.190318233791526,2.18239551757569,1.7968585759651,-0.57195316346087,1.23505313042028
661,5,1,0,0.346983829562746,2.20549911865317,1.84344864885517,-0.557810116292767,1.53135564672221
662,5,1,0,0.319492705089046,2.02684181663467,1.89438883153883,-0.0930091513038999,1.46949196206758
663,5,1,0,0.402475387671991,2.25028568908056,2.08810630855163,-0.301165528612785,1.67357122931541
664,5,1,0,0.389347487557387,2.12300128131795,2.08020679690679,-0.387232684090472,1.63759254178779
665,5,1,0,0.512571889642109,2.206848000148,2.08028333333333,0.297801502785448,2.0515845901168
666,5,1,0,0.149380959583312,2.143998291217,1.78163773818774,-0.584945556562201,1.17561440843146
667,5,1,0,0.275763760989117,2.42800952422524,1.9239851778305,-0.833553759017568,1.38076493019148
668,5,1,1,0.424724398799323,2.31067535278784,2.1147776546066,4.24279796122245,2.35446798636234
669,5,1,0,0.346400296655922,2.15840493632652,1.76581253774406,-0.150234674862488,1.52998845452897
670,5,1,0,0.331066588966589,2.3401132306799,1.98183571428571,-2.83967064453201,1.49491710760139
671,5,1,0,0.393664623121921,2.40282646797647,1.89015372628268,-1.49756254822014,1.64925227544669
672,5,1,0,0.373109586862391,2.20426959229713,1.87487779275116,-3.19389629677568,1.59517513594595
673,5,1,0,0.468514092950343,1.9670054921647,1.72057611918106,-0.308509114699572,1.88151743392618
674,5,1,0,0.300717313664324,2.34889782886376,1.95719847915243,-2.27615732865569,1.43003683566101
