"replicate","direct","indirect_IC","indirect_PS","total","IC_to_Tol","PS_to_Tol","IB_to_Tol","TC_to_Tol","interaction","interaction_f2","failure"
1,-0.144001248181032,-0.0150232021647997,-0.00117877053452418,-0.160203220880356,-0.30353038502287,-0.00389226961533544,0.190040468396149,-0.0404185282729337,0.236786827768605,0.014745197444197,""
2,-0.122599101774847,0.011111116498666,0.0202914304449587,-0.0911965548312225,-0.297290506472395,0.0661416631040736,0.156972745132501,-0.0149309722685114,-0.0414275330586343,0.000494727154938084,""
3,-0.154821327865267,-0.0378150286779689,0.0382082456918847,-0.154428110851351,-0.392886091659509,0.111245341465035,0.118560213140952,0.0527717813737544,0.106698594774459,0.00328908833034226,""
4,-0.133307622543562,0.0147471349786316,0.0140419532282308,-0.104518534336699,-0.362304937796957,0.0381220189835684,0.19809537780899,0.0419017475415192,0.124048922462491,0.00451040083736886,""
5,-0.167854824655838,-0.0140021391886199,0.0273693010653447,-0.154487662779114,-0.247896329998902,0.0880756612772241,0.23670596677511,-0.00652668199589788,-0.0815790693714714,0.0018965173122415,""
6,-0.145247597574781,0.00851114852927242,0.00158284694109826,-0.13515360210441,-0.361854228241226,0.00424523033059584,0.232222143161558,0.0448600217993474,0.118131292456819,0.00427291487656815,""
7,-0.17337232430492,-0.0240877175159227,0.0340661379954823,-0.16339390382536,-0.320737893850427,0.0877580540616473,0.22437065756039,0.0189283357325864,0.0806347797127172,0.00177983595233977,""
8,-0.146497022787828,-0.0373570991828687,0.0509909168756962,-0.132863205095001,-0.318919268943106,0.166274550904643,0.172917461949111,-0.0194853498279674,-0.00922502527737167,2.19682919008327e-05,""
9,-0.152449275305339,-0.0515719142352725,0.0422850698987167,-0.161736119641895,-0.438813952193717,0.130097019223255,0.206168924280432,0.0787488186582797,0.049166988676614,0.000664074938125322,""
10,-0.163797738604017,0.0115249023800583,0.0179410841362487,-0.13433175208771,-0.381898222652494,0.0525081517042615,0.192268042321991,0.0704253495137048,0.225141813018503,0.0154845825536092,""
11,-0.163159362204488,0.00131876344111015,0.0200597423471226,-0.141780856416255,-0.357989184084713,0.0628139302593128,0.147474705418058,0.0271171993276848,0.0533538665833523,0.00083454965291566,""
12,-0.10930798519122,-0.053469106064833,0.0135017681481933,-0.149275323107859,-0.427985824869815,0.0373700609354835,0.180182657332329,0.0272359247064381,0.108952864498193,0.0030327285003978,""
13,-0.110443173372099,-0.0129925273097422,0.0152877334729417,-0.1081479672089,-0.231022087507503,0.0512092562860779,0.176633343930825,-0.111684153029714,0.0451034312450899,0.000526135086941747,""
14,-0.137198655721153,0.000348483091762519,0.0213605824197884,-0.115489590209602,-0.358974637956984,0.0625780199881557,0.202076355573512,0.0429050090866077,0.0743638906431768,0.00162745213950271,""
15,-0.151624782290643,-0.0166736195794005,0.0142238478772384,-0.154074553992805,-0.346806126337143,0.0385962949923136,0.219484462567133,0.0252507885277974,0.140571103951999,0.00560126510928632,""
16,-0.152283715136638,-0.0132171530817649,0.0213267845299391,-0.144174083688464,-0.335277163202386,0.061768588891398,0.238298348936065,0.0107371155596712,0.147019988359935,0.00642052970028146,""
17,-0.15909148594468,-0.0412872691481809,0.0247574884513354,-0.175621266641526,-0.382121281977029,0.0661210547087565,0.212682244133012,0.0653190890462553,0.16479278872717,0.00729680956005945,""
18,-0.171640413629395,-0.0293202957416845,0.0142821715736589,-0.186678537797421,-0.352150883662794,0.0450571080267713,0.255716250952539,0.0682013048370061,0.273718990988135,0.0219568724045556,""
19,-0.11498823802059,-0.0427836998977073,0.0512561474032869,-0.106515790515011,-0.344542272482789,0.163765051073043,0.163869034723289,0.0208340686589208,0.0848326930889184,0.0019041750581725,""
20,-0.155967959293964,-0.00264992427249522,0.00849069500289152,-0.150127188563568,-0.411008004727343,0.0234747488190949,0.172017787349059,0.0802241169179295,0.200060538235373,0.0119483551748743,""
21,-0.153149622028406,-0.0450154436660015,0.00824797610543628,-0.189917089588971,-0.343198562915838,0.0204682386635123,0.235293848261415,0.0440113197509432,0.0296331595150204,0.00024718890033747,""
22,-0.121699387233847,-0.0500929255914329,0.0250729729668893,-0.146719339858391,-0.398260423101816,0.0778181712061238,0.124091652349889,0.040145950727479,0.132327707339105,0.00497675952429757,""
23,-0.112163982344889,0.014110101436766,0.00520696840696999,-0.0928469125011532,-0.381124655188009,0.0172021043930638,0.0982961410640397,0.0522918873003829,0.0490622662541598,0.000676061012438421,""
24,-0.102693962038262,-0.049860314258961,0.0267092516202264,-0.125845024676997,-0.403752599764111,0.0732987808434919,0.194497155920055,0.123545476394175,0.214367596500083,0.0125656065804848,""
25,-0.161968135219367,-0.0407971108003072,0.0166018827225993,-0.186163363297075,-0.402975004553608,0.0498272658897519,0.21982570221508,0.0603674874016174,0.16184347083306,0.00736444710683951,""
26,-0.159643895985245,-0.0519765693620395,0.0231015228176813,-0.188518942529603,-0.368845830380465,0.0660581552818289,0.205024542515821,0.00904593374950767,0.111499689067002,0.00384471648334806,""
27,-0.13468846698583,-0.0804595044431928,0.0441244863204503,-0.171023485108572,-0.464897405867433,0.107829123962008,0.22019498415,0.0663978759002096,0.030557978212151,0.000253286744526353,""
28,-0.172048801202837,-0.0454263303795181,0.0366150097484059,-0.180860121833949,-0.412425855591854,0.0961049973558961,0.196304661971899,0.0614568903729596,0.216942369462188,0.0145285389200112,""
29,-0.139758415974504,-0.00399130176427852,0.00144189027101459,-0.142307827467768,-0.381152680947063,0.00478438391965473,0.169533666749122,0.077107467136256,0.181789575602872,0.0098716002472775,""
30,-0.105763481701232,-0.0264789134877521,0.0335192363916338,-0.0987231587973499,-0.29915451115095,0.104986842935051,0.199435058851238,-0.0316098920272788,0.00713860430165327,1.44379677288671e-05,""
31,-0.160810045560705,-0.0392736167689331,0.031967911302497,-0.168115751027141,-0.367567803766503,0.0898621686488854,0.202305696378029,0.0548203133553618,-0.0268941757652353,0.000211184950230714,""
32,-0.146366655942953,-0.0402973680380029,0.0126262871699781,-0.174037736810978,-0.420062755141941,0.0346929221675833,0.181941062623676,0.0397311960757879,0.193988378430736,0.0103843342388674,""
33,-0.101441529922708,-0.0299405029482502,0.0252888496491799,-0.106093183221778,-0.36872051714007,0.0798045657352539,0.15664045218585,0.0396580853931281,0.0366776801324825,0.000387982725472679,""
34,-0.129308262720784,0.0267845139792462,0.0250558595188003,-0.0774678892227381,-0.328964035262083,0.0830491887225445,0.17156685374038,-0.0224168683509726,-0.0406652089990176,0.000479015025371682,""
35,-0.101170952950652,-0.0132031354058935,0.0335935300519404,-0.0807805583046047,-0.364863085331773,0.0945788881705486,0.178803753769998,0.00425334071300369,0.0255499471516694,0.000180060291724703,""
36,-0.143503708746032,-0.000239571772537527,0.0296524903157783,-0.114090790202791,-0.347555010919403,0.0856924928442276,0.211908788419297,0.0294931335529349,0.149408037943962,0.0066790013051612,""
37,-0.111413505804874,-0.0452041552704444,0.0143755437568991,-0.142242117318419,-0.326077151963429,0.0478045554273042,0.178248846549079,0.0131288333429504,0.032412514711874,0.000270564111675958,""
38,-0.117937635061284,-0.0303086282525507,0.0249589122006389,-0.123287351113195,-0.413156800119608,0.0767487489347384,0.134366905623584,0.0536853228190259,0.235732334312077,0.016523185175392,""
39,-0.136362009314459,-0.0215461909019155,0.0110032844316684,-0.146904915784706,-0.402744219966649,0.0318758344404567,0.136003357065818,0.0575334960377668,0.0825776253291518,0.00184211712136847,""
40,-0.146422410716137,-0.00152563929025973,0.0125652100736554,-0.135382839932742,-0.381677761258663,0.0347024673922545,0.157229203020653,0.0172319426364236,0.0517349209080178,0.000744725752631244,""
41,-0.125779395997513,0.00839214524025938,0.0201792471348478,-0.0972080036224062,-0.287448680590294,0.0581580958674633,0.249408414873741,-0.00935517203791085,-0.0808287705692875,0.00183679402041726,""
42,-0.144765018947229,-0.0162166628411141,0.0500293428320263,-0.110952338956317,-0.334969908383845,0.157620375020933,0.158267012424678,0.0350515506381184,0.0964731965300768,0.00284977561609858,""
43,-0.158406410479121,-0.0256057802339192,0.0444543180965113,-0.139557872616529,-0.329532776397859,0.134663949650704,0.159812684254638,0.0454691676920212,0.128252415732613,0.00473040760638568,""
44,-0.126959767646345,-0.0496958376809143,0.0205625310527481,-0.156093074274511,-0.333578548416802,0.0622425007622311,0.239647435880561,0.0343869683355683,0.189396625665489,0.00986908807818439,""
45,-0.132007384872127,-0.023382872775366,0.0148554966772371,-0.140534760970256,-0.335126034975861,0.049582667026161,0.232694336509599,0.0159046153942967,0.143124588577125,0.00542133292250183,""
46,-0.130709484635748,-0.0385560041661014,0.0193244041116647,-0.149941084690185,-0.393463788055639,0.0578349208198112,0.182999023068387,0.0575406999828197,0.10834810422394,0.00333702641643972,""
47,-0.1480005709971,-0.0367686478721969,0.0262295528953498,-0.158539665973947,-0.380246376435873,0.0709386451589605,0.166247961874255,0.0618210265923367,0.137841239005651,0.00544695701447976,""
48,-0.195358967116868,-0.00044870678161744,0.035830400696045,-0.15997727320244,-0.294981148163464,0.110078390176182,0.153985161342099,-0.0147803005126114,0.0635399550467126,0.00121685596608039,""
49,-0.121221527510259,-0.0263593758205898,0.0220216333757191,-0.12555926995513,-0.374306106700369,0.0598297859670778,0.144226024096928,0.0122183439815427,-0.0142245252974427,5.50428564099692e-05,""
50,-0.130385685753553,-0.0361199650799171,0.0436650296206587,-0.122840621212811,-0.337679493573273,0.135062320956329,0.162430111694426,-0.00321296892439008,0.084203378334498,0.00204725740521807,""
51,-0.150530480296966,-0.0255309014802377,0.0201511597632889,-0.155910222013915,-0.411087078226127,0.0554644062457302,0.229597531445814,0.0956656207532358,0.0945433353935406,0.00282124361610108,""
52,-0.156329268137818,0.00380976826177823,0.0435264851936133,-0.108993014682427,-0.342121544963976,0.133818537585251,0.169489894362788,0.0200407764622669,-0.00387276906679267,4.46851819755232e-06,""
53,-0.158585381866378,0.00335746499503253,0.0153403879995153,-0.13988752887183,-0.412021492546796,0.0444949433608115,0.154766374060523,0.0201525067016907,0.0806124591785447,0.00198104978689128,""
54,-0.115371166119766,-0.0214539326910136,0.0245452306079336,-0.112279868202846,-0.259092004810175,0.0837457771401266,0.18050918234177,-0.0259551156262995,0.101067738975761,0.00275516931480471,""
55,-0.125751805076919,-0.0162446392444659,0.0215585659265588,-0.120437878394826,-0.3261841189411,0.070400185624197,0.108700111113551,0.0127379831833789,0.198581358128491,0.0107367222725699,""
56,-0.123770069889307,-0.0381804439911265,0.0316054480682343,-0.130345065812199,-0.341574995046077,0.0861785649667722,0.184283721576435,0.0434342692880575,0.0458553684802456,0.000532667494634438,""
57,-0.169276708693655,0.0107869386009536,0.0251515142737269,-0.133338255818974,-0.30339458926411,0.0794210010813453,0.143672442311255,0.00827023257313262,0.00321996477351955,2.95798355759301e-06,""
58,-0.129207143827307,-0.0139350206411024,0.027052372640142,-0.116089791828267,-0.327985502463534,0.0933029313512014,0.216897723944461,-0.0156439253743145,0.103409466275047,0.00320394839071544,""
59,-0.116687451422402,-0.04320460341855,0.0112029214011776,-0.148689133439774,-0.436723800584462,0.0308269210872282,0.170002115518399,0.0709917686597255,0.104210024921833,0.00299443762883339,""
60,-0.150897026565943,-0.0129361177705486,0.0146001094809004,-0.149233034855591,-0.346527279116966,0.0422564876307139,0.207322588437929,0.0606495612104062,0.136840647696044,0.00543040781899713,""
61,-0.139027305883954,-0.0307464312486558,0.0291999810770146,-0.140573756055595,-0.372574518055529,0.0984034468647607,0.168265277656601,0.0354548702296316,0.211344958981454,0.0138719320099184,""
62,-0.185847918168238,-0.00141146071273314,0.0134295341460931,-0.173829844734878,-0.328124331911801,0.0387536679517018,0.171308994370252,0.0183084576861116,0.120028756261177,0.00411828901726842,""
63,-0.11229604363184,-0.0367113298718101,0.0256006335077195,-0.123406739995931,-0.376044358186291,0.0768847642363618,0.116426943231352,0.0700104231049855,0.0668652433276,0.00120962906400838,""
64,-0.109952482545196,-0.0598700764035774,0.0261749380792046,-0.143647620869569,-0.361688467143604,0.0719006160062216,0.179024065740406,0.0402550410666048,0.000409350628529795,3.45307533714542e-08,""
65,-0.122714377760666,-0.0215032027903849,-0.00970074759648439,-0.153918328147536,-0.413881809638088,-0.0248727118360631,0.182062727935217,0.0542672204722674,0.134783715360049,0.00496110717885192,""
66,-0.146569120223789,-0.017647030316247,0.025497043030285,-0.138719107509751,-0.301288251530231,0.0746269286552222,0.187348173243289,0.0378153753064865,0.144151660039304,0.00565803760029895,""
67,-0.118364390788592,-0.0162780342295607,0.010625033916225,-0.124017391101928,-0.413868113226939,0.0309913405425879,0.204947495780515,0.0470929703533908,0.24821182003284,0.0195935958401512,""
68,-0.129577973478867,-0.0421236464036365,-0.000515115463650085,-0.172216735346154,-0.368876457277779,-0.00141593142655216,0.137458660524287,0.0327414779762734,0.0882489374267602,0.00196596711185767,""
69,-0.140962441506901,-0.0634485673678668,0.0320389983671451,-0.172372010507623,-0.386966974351863,0.096383103429641,0.25100978834722,0.0758116358628358,0.263303416737351,0.0211122727153183,""
70,-0.133953274482221,-0.0452651510710875,0.0276721844001957,-0.151546241153113,-0.388442508095989,0.0822472208980775,0.178270346141172,0.0519543104243321,0.142996499785953,0.0059638802357576,""
71,-0.18888467330418,0.00150722622624384,0.044785355421395,-0.142592091656541,-0.361805032459981,0.117047259343158,0.216226077589396,0.0447168416422266,0.115795785799548,0.00422937379427777,""
72,-0.106170203673945,-0.041700193438056,0.0254032995279209,-0.12246709758408,-0.353276822856132,0.0746752837481188,0.274261780248529,0.0507722692711132,0.0892384386362287,0.00209164363243195,""
73,-0.166161204605376,0.00611496433939949,0.0155669199146205,-0.144479320351356,-0.330769173475016,0.0431613528248696,0.208021260549131,0.0160938202432222,0.0179956889307155,9.70013087983039e-05,""
74,-0.128199408987348,-0.0349475350921998,0.0250753418784785,-0.13807160220107,-0.397111110875166,0.0807738439266134,0.159065317493277,0.0508787492950069,0.127095406549215,0.00494568283758411,""
75,-0.187715204703353,-0.0271632384790629,0.0110240022849405,-0.203854440897475,-0.25498371474282,0.034956712100707,0.246827180610473,-0.0537161502840785,0.173269135453508,0.00907005162364851,""
76,-0.135956059360511,-0.0261665612273213,0.0368634359750671,-0.125259184612765,-0.40048102386353,0.0996161730842123,0.175073467215867,0.0338103002754018,0.144774045452031,0.00618581931441155,""
77,-0.169020468057057,-0.0246566120498415,0.0302467460608,-0.163430334046099,-0.387078984707638,0.0795846797214027,0.170793715631813,0.0481201225309021,0.113348735919826,0.00381876758577765,""
78,-0.170887091241904,-0.0426767593855351,0.0388014930705701,-0.174762357556869,-0.328458477269769,0.108342408194901,0.256486648250052,0.0330428116709412,0.0152835391889502,6.57089524488577e-05,""
79,-0.104133175174561,-0.0877813292210833,0.037362183363754,-0.15455232103189,-0.369703043799903,0.10579197427208,0.231261375676565,0.0610606624754404,0.160422073299356,0.00636825138867433,""
80,-0.144664525559902,-0.011310527482611,0.0163894415794037,-0.13958561146311,-0.332440146578748,0.0534743715652895,0.200563545883974,0.0140254681719027,0.0936442877669878,0.00254853292436532,""
81,-0.145089155616426,0.0128564812040668,-0.00789638765333285,-0.140129062065692,-0.36021004694574,-0.0224348660890771,0.267917685074335,0.0630283686575037,0.211825687118919,0.0136916182801807,""
82,-0.139575918292812,-0.0460243674616431,0.0511091589129475,-0.134491126841508,-0.293722642634999,0.147962209364066,0.241298091062129,0.00469712325343492,0.094916653054559,0.00244918505209415,""
83,-0.077777815105112,-0.00195558944077198,0.0275131183616694,-0.0522202861842145,-0.345324871380576,0.0858467271420685,0.136963103747157,-0.000516830707688663,0.0235206745626098,0.000157597990348644,""
84,-0.158885373398006,-0.0073447133570612,0.0235442929104439,-0.142685793844624,-0.313545017138209,0.0711646398280695,0.151871924442345,0.0517072106411333,0.0509578907083454,0.000722898213387298,""
85,-0.137254891805383,-0.0328986461261088,0.0356398427231673,-0.134513695208324,-0.287609090661735,0.119603032044233,0.198912220536974,0.032125777976873,0.0825436389340396,0.0020039020951343,""
86,-0.11920654072993,-0.0320638538617796,0.0304246184279449,-0.120845776163765,-0.350599118877017,0.0986344771779742,0.137193953917616,0.0601234832057861,0.0421658256804803,0.00048172606424493,""
87,-0.15160904119746,-0.0156305737115665,0.0294644012722351,-0.137775213636791,-0.390846672287768,0.0768799928658988,0.177741371234638,0.0869921755048988,0.0187886556448234,9.90891418700959e-05,""
88,-0.160077685062247,0.000613166031479811,0.0225634170456324,-0.136901101985134,-0.350667894222439,0.065411333603265,0.181449125066996,0.0187659202503529,0.155063052092085,0.00724653954124422,""
89,-0.125159651571505,-0.0278741797364349,-0.00472762787528241,-0.157761459183222,-0.496513537044615,-0.0143076007621381,0.126591974549144,0.0979130594048107,0.150698208665801,0.00646404665715454,""
90,-0.192682227658175,-0.00477079908483615,0.00385388354047959,-0.193599143202532,-0.291694690137032,0.0113129406218959,0.234448148094769,-0.00518402580661214,-0.0831725169499961,0.00199585081056644,""
91,-0.1185177980351,-0.0362523449396955,0.0381298454459975,-0.116640297528798,-0.385653287266953,0.119948475467456,0.199125004383618,-0.0382727092088902,0.199972905035258,0.0117099677972717,""
92,-0.12140152261043,-0.019247125883897,0.0212691619644424,-0.119379486529885,-0.402204226848323,0.0555466766299208,0.159824815168773,0.0699045794805848,0.113397742015742,0.00367759053014083,""
93,-0.166370383422734,-0.0032946563681304,0.0276011152843594,-0.142063924506505,-0.345301983864547,0.0934233598312297,0.143132770840125,0.0323809168415034,0.136962532312554,0.0057382206270926,""
94,-0.184400604095019,-0.0319090669543327,0.0182960014656055,-0.198013669583746,-0.409129370952762,0.0500650825409617,0.174182098149978,0.0150814114779036,-0.00441962809673459,5.7977643596722e-06,""
95,-0.12844612335904,-0.0370054359534063,0.0120316637318195,-0.153419895580627,-0.416121375882058,0.0325228948927829,0.183226484729399,0.0924980080295211,0.112324796883683,0.00358548970801449,""
96,-0.0914270181065941,-0.0483346259071149,0.0291203273455042,-0.110641316668205,-0.381219838898046,0.0996966801758924,0.155550684952877,0.0367942815814716,0.252311650287126,0.0180900390643038,""
97,-0.105319065392576,-0.0709155541287812,0.0210724553251697,-0.155162164196187,-0.430456234299885,0.0581334017363938,0.200922213539529,0.0693147744310446,0.240223574354748,0.0156859916003827,""
98,-0.11760467895083,-0.0338869563586762,0.0353751225160849,-0.116116512793421,-0.38110949216841,0.114501707372884,0.182999871750849,0.0645701867243641,0.0416891701841739,0.000527578787505078,""
99,-0.189640591285639,-0.0378764098545252,0.0208642182957708,-0.206652782844393,-0.364478081372459,0.0633545057722734,0.238131026557017,0.0450232386813236,0.224976172874776,0.0167654815993685,""
100,-0.128189437012884,-0.0181620106348092,0.00876728689496343,-0.13758416075273,-0.356286067830084,0.0235816746446918,0.199433037577407,0.0466129274153111,0.111364736565309,0.00349664694281386,""
101,-0.14721374838826,-0.0253999737434128,0.016624225568932,-0.155989496562741,-0.344118024976745,0.052966902021058,0.129375125631741,0.0379969113789455,0.0320738843910765,0.000281375771366848,""
102,-0.170798032708407,-0.0287242219472215,0.0455871404038622,-0.153935114251766,-0.398344746967303,0.125982304850875,0.172149470225315,0.0399415619971861,0.160687038434541,0.00774909645609598,""
103,-0.146928518626306,-0.0287858675264658,0.0363544760078189,-0.139359910144953,-0.323042137079765,0.103888457955877,0.189989709038216,0.0276419248294911,0.113112906188724,0.00362808138604002,""
104,-0.122374200489606,-0.012835086486917,0.017361101740739,-0.117848185235784,-0.382956190862235,0.0463205304700298,0.17415647003729,-0.0255143995905035,0.0795396992919096,0.00181489552608648,""
105,-0.130817933049156,-0.0257674606076961,0.0455230189381425,-0.11106237471871,-0.388570185417036,0.132810973060783,0.189927268287774,0.0755664203614738,0.215494044529451,0.01461814821857,""
106,-0.0913225186525504,-0.00876062888903199,0.0278162700159514,-0.0722668775256309,-0.282067651891671,0.0925226580277562,0.126763192647184,-0.0601620525991717,-0.0487854799008529,0.000652098111727937,""
107,-0.127273372156138,-0.00703607589366209,0.0162279957127684,-0.118081452337031,-0.312095687731629,0.0463773537174883,0.229473212934197,-0.0206226886302486,0.061410504207939,0.00102210115073768,""
108,-0.110868085171675,-0.0383482288449979,-0.000258390445500309,-0.149474704462173,-0.393207638392462,-0.000717713084585611,0.173817304267028,0.0388572725475268,0.232108153399065,0.0144568557170458,""
109,-0.128187666789209,-0.0195770854125247,0.0239854906569584,-0.123779261544775,-0.354594713216931,0.0764760012810515,0.195721132725571,0.03969748053632,0.111753858682512,0.00372577598204008,""
110,-0.123669010682709,-0.032433297850112,0.0306907667823134,-0.125411541750508,-0.3003818810979,0.101233277525262,0.180513081029791,-0.0199191185366935,0.0892881901975578,0.00221572503824127,""
111,-0.149682009844142,-0.051391662038435,0.0105414606635046,-0.190532211219073,-0.389191320548751,0.0303262323049618,0.187497283405566,0.0914110776213176,0.189332888994664,0.00950447170116587,""
112,-0.151287876917948,-0.0389391878445179,0.0361265972525386,-0.154100467509927,-0.303157302544922,0.120633426196034,0.184839934034709,-0.0316366425715198,0.0772769872108473,0.0016285042504078,""
113,-0.159652182609039,-0.0105599089727025,0.0490738892699133,-0.121138202311828,-0.34866272009345,0.146517640366946,0.181272845373862,0.0433028531470352,0.00225438396555787,1.58820522831963e-06,""
114,-0.1196195408185,-0.00368759080171553,0.041954129253371,-0.0813530023668445,-0.273118503156529,0.126994845091733,0.140203442957489,0.0210647321124442,-0.0357792776738438,0.000354061206391934,""
115,-0.13741692501085,-0.0150389935742704,0.0048590605947765,-0.147596857990343,-0.332841920801213,0.0142457539795558,0.153579456757685,0.0300831699739077,0.109361721941895,0.00320636237573524,""
116,-0.151880306152678,-0.0301974486577723,0.0269565306042193,-0.155121224206231,-0.397293852472036,0.0857703720268892,0.130461457909504,0.0659987965687998,0.114912484787638,0.00368445981162989,""
117,-0.123717076265144,-0.0576327889159733,0.026610615917018,-0.1547392492641,-0.359765668906371,0.0749635743001813,0.225795706095918,0.0397435210436968,0.0926838008244146,0.00200028442309011,""
118,-0.126125223614453,-0.0198807371526127,0.0245573353710626,-0.121448625396003,-0.271395417755938,0.088946452838191,0.137523407061035,-0.0558952054001115,-0.00437069386964464,5.25379270081836e-06,""
119,-0.130499728867737,-0.0176627355421558,0.0179950290932797,-0.130167435316613,-0.283144306075256,0.0545073681424241,0.235546743285615,-0.0554343389978996,-0.095376278561773,0.00236781946462737,""
120,-0.0977942916561647,-0.0550168035122303,0.0241987399123855,-0.12861235525601,-0.375194311897692,0.0650869306452298,0.129437123125314,0.075298971236696,0.114713040536757,0.00330038430918989,""
121,-0.122880642941513,-0.0180671636120133,0.023685896416421,-0.117261910137105,-0.279168233505605,0.0714420955601154,0.246461354177495,0.00250097144655712,0.0747465015371742,0.00155550625218163,""
122,-0.131911752971164,-0.0355328236664504,0.028732719723679,-0.138711856913936,-0.356523166418131,0.0793254325202048,0.198880720448127,-0.00594074696178575,0.0875543368553355,0.00222426346635243,""
123,-0.116011277023985,-0.0352855344234147,0.0324130225886967,-0.118883788858703,-0.35198579835289,0.0994987635062966,0.207100114516246,0.0199829216175876,0.0272135217778872,0.000196924079168456,""
124,-0.122268659740356,-0.05142267179994,0.00318854621023793,-0.170502785330058,-0.33609360615531,0.00833319252225956,0.213836425399385,0.0208703208730881,0.116926226146783,0.00368853174365558,""
125,-0.13061137482284,-0.0268061804770109,0.0188196892027372,-0.138597866097114,-0.381378025121457,0.0506929335037322,0.178144853213918,0.0416801969228659,0.260581392206585,0.0190401734651809,""
126,-0.133289039277015,-0.0349305919725857,0.026286344322702,-0.141933286926899,-0.417702420697575,0.0772616465312927,0.142424173444822,0.0774989084149371,0.115970262906339,0.00389208316261504,""
127,-0.164456564410139,-0.0293524987333345,0.00355178853512493,-0.190257274608349,-0.299229706346127,0.00930368784998442,0.235024799570856,-0.00567701905058786,-0.0735837852926481,0.00154080314937441,""
128,-0.108754606622594,-0.0285559764518184,0.00378271459337108,-0.133527868481041,-0.315019549113243,0.0115869823169957,0.156536090916244,-0.00679955591228487,0.0617472020496226,0.000811200089682197,""
129,-0.133257972251505,-0.0402427681924979,0.0248323746793463,-0.148668365764656,-0.325175879183081,0.074183835589831,0.187939820946302,0.0104823260423245,0.00588315706799747,9.36212478582986e-06,""
130,-0.148959306880636,-0.0120023406576178,0.0355752285789815,-0.125386418959272,-0.336081108423073,0.108302547213798,0.183097246190291,0.0294441208648335,0.153488380220818,0.00720736292103001,""
131,-0.192589616627652,0.00387191928184892,0.0172086634413554,-0.171509033904447,-0.353047734620153,0.0525420913293267,0.212590438454758,0.0343106172030981,0.00401447288291109,4.74983058891695e-06,""
132,-0.13037584886125,-0.042450112449897,0.0409387313707573,-0.13188722994039,-0.36776161059028,0.11912597394913,0.180773695256921,0.0307989157565866,0.136834210586406,0.00543174385615607,""
133,-0.130412184995196,-0.0127979123389954,-0.00446856925155321,-0.147678666585745,-0.226992128778892,-0.0128051778283624,0.264838768314938,-0.104809481841784,-0.0576318015633638,0.000916904894362602,""
134,-0.164658293871455,0.00594606433134614,0.0164711970231188,-0.14224103251699,-0.309292999325386,0.049405736858664,0.184347242921342,0.00450304407826424,0.0240465483573881,0.000168743375592162,""
135,-0.117229420097085,-0.0378579795890586,0.0191961991372918,-0.135891200548852,-0.412663080749807,0.0486290269272969,0.254247383700013,0.0306109692835813,0.245800941383327,0.0198021720725939,""
136,-0.128758713998384,-0.0383714431102349,0.0124240624985727,-0.154706094610046,-0.349180416442671,0.0354599215541684,0.218560496450383,0.0467180527699983,0.204715810188692,0.0113706221302117,""
137,-0.128654453521264,-0.00102046522923315,-0.00618660512548292,-0.13586152387598,-0.360690548772805,-0.0164314569402001,0.151497829605758,0.0536884598940331,0.0251315096494798,0.00016686557385335,""
138,-0.130604050626956,-0.0521722849597325,0.0426211736086341,-0.140155161978055,-0.396569239537222,0.123280350070723,0.221104786363433,-0.000864731655467247,0.249103322992382,0.0178594826301995,""
139,-0.119298980021225,-0.014330203594522,-0.0020753884002091,-0.135704572015956,-0.397623202073581,-0.00577145271250452,0.167240418021032,0.048528243674532,0.112627888634837,0.00363354939872835,""
140,-0.149473704881213,-0.0369455744041242,0.0145686446739554,-0.171850634611382,-0.335100561890938,0.0497618476224269,0.242802826787558,0.0250556948250076,0.158398839553765,0.00720509473721457,""
141,-0.152927418446347,-0.0344097602843881,0.0400656898910075,-0.147271488839728,-0.390113822952497,0.13017195724616,0.204587888126372,0.0362980104310835,0.29147702438056,0.0282414019473992,""
142,-0.149669978811275,-0.0387051326942912,0.0386674274407595,-0.149707684064807,-0.396823033751174,0.10370324514781,0.234678811772113,0.0591256344333827,0.0738035395614159,0.0015855505526437,""
143,-0.15854578141709,-0.0264148409309817,0.0339611219112455,-0.150999500436826,-0.353849449473636,0.0928756691320132,0.21381190463401,0.0420251869164373,0.0518301803427502,0.000814627655938453,""
144,-0.143697624756676,-0.0312616328235382,0.0297458189728115,-0.145213438607403,-0.382410494141473,0.0796711299239165,0.173433262870846,0.0764105373391177,0.117576699543722,0.0037730171790962,""
145,-0.134269931725713,0.00842127633723046,0.00386746293916082,-0.121981192449321,-0.339797284777987,0.0109508932613942,0.158961173615611,0.0578292964694381,0.0407492571318245,0.00047164686032734,""
146,-0.122642463627645,-0.0133099044350621,0.027211064124004,-0.108741303938704,-0.440420462645004,0.0826640235804791,0.158165573883813,0.104399120676287,0.14250370270597,0.006389864788693,""
147,-0.135083711899781,-0.0401565425727375,0.0370353017872948,-0.138204952685224,-0.297969079624042,0.124901472418422,0.134438147898927,-0.00596822598263015,0.0607740736334028,0.000965959595616112,""
148,-0.184020082041928,0.0125862186232906,0.0264406985419205,-0.144993164876717,-0.377503147161006,0.0785026755144827,0.198499308639093,0.0408563687803697,0.0254907053786472,0.000206389847856247,""
149,-0.16617080738751,-0.0206701587773371,0.027115626498517,-0.15972533966633,-0.413612185705527,0.0686239817016771,0.211566567546967,0.00163692487365703,0.179971531115633,0.0105182500940972,""
150,-0.159742494315641,-0.00683278911999929,0.0175050404332921,-0.149070243002348,-0.353969295675074,0.0546722855137192,0.218656452664562,0.0488539976262455,0.181804610380349,0.0100106421784234,""
151,-0.161136188366611,-0.0408725451353542,0.0244211595494042,-0.177587573952561,-0.406133349853151,0.075924448158659,0.152191183351947,0.0527996360123326,0.187732659995384,0.00987872116121549,""
152,-0.133126769935999,-0.0174143027885556,0.0177783019310575,-0.132762770793497,-0.365017034349011,0.0482871929961162,0.197950038159683,0.0657390816146201,0.0461391302457815,0.00060265394396601,""
153,-0.142167559734808,-0.0423318621631601,0.0315079040176537,-0.152991517880314,-0.329336171975664,0.0857132667438517,0.186107138305685,0.0587258542293977,-0.000473711198020264,5.87006650860832e-08,""
154,-0.136452826038638,-0.00919506981865803,0.0115828934111491,-0.134065002446147,-0.280144519927653,0.033503597901059,0.169624167439088,0.0206710900731838,0.0568576269251142,0.000901552888388726,""
155,-0.147688391958273,-0.017299686696084,0.0231129361227662,-0.141875142531591,-0.385495295540102,0.0677066030395005,0.217926975203986,0.0695333845647513,0.126070072389452,0.00467783429583261,""
156,-0.13056938571702,-0.0430976122697822,0.0137690909593517,-0.159897907027451,-0.374587500111551,0.0366987218783933,0.191650385748569,0.0119395787955904,0.140545391550858,0.00573440588064987,""
157,-0.123671208794793,-0.0112223867087334,0.0169836819417738,-0.117909913561753,-0.355177377304183,0.0512352544782611,0.200261818120583,0.058179404490818,0.188102051719618,0.0102599992458722,""
158,-0.121372989680774,-0.00684071660965628,0.00960401234257341,-0.118609693947857,-0.354105473079373,0.0322112098260396,0.109651010736885,-0.0371627857988541,0.127352653979326,0.00462259864045933,""
159,-0.185353056474375,-0.00110313467034999,0.0265718375578152,-0.15988435358691,-0.325690612701619,0.0774288622438898,0.218597149354883,0.00722984798854514,0.0264441798296985,0.000207867054536198,""
160,-0.0969959491594495,-0.00592021290096765,0.0074598051788561,-0.095456356881561,-0.296811404492014,0.0224356509046203,0.173856107360469,-0.0374236897129535,-0.0586792589940284,0.000882517678054204,""
161,-0.124867460010185,-0.0282641842695238,0.0193433604606228,-0.133788283819086,-0.311804688561828,0.0583787715219323,0.189245735706656,0.0356138169478022,0.113318924571119,0.00333395757171574,""
162,-0.113816072233881,-0.0309354278576364,0.029573503214393,-0.115177996877124,-0.356407496741645,0.0799126681109222,0.256847908039132,0.0272916911066102,0.072679981953945,0.00155945240124064,""
163,-0.171797428065448,-0.00873586873078122,0.0328491701301138,-0.147684126666116,-0.367238609703422,0.122147152099647,0.171524141461138,0.0432860018531402,0.146339802273104,0.00692280718285913,""
164,-0.120583430471423,-0.0240836391239927,0.0216997669227161,-0.1229673026727,-0.418254958707292,0.0556991015928673,0.198856936023114,-0.00283185763793619,0.224418978577928,0.014922561833952,""
165,-0.130871695753581,-0.0143598479458346,0.0331156040549794,-0.112115939644436,-0.326330760240081,0.0935881966658445,0.221153175361496,0.0311143752423605,0.128519380676948,0.00464109324492725,""
166,-0.122114230731789,-0.0614418891684865,0.0242725566607016,-0.159283563239574,-0.411953082468639,0.0765835621122103,0.174882842061951,0.0606777984769717,0.130683090953045,0.00485151439391102,""
167,-0.115398169114856,-0.0120235490898394,-0.00227312574960607,-0.129694843954301,-0.391014728436632,-0.00643284528558101,0.14599206321723,0.0699107163434286,0.175333211418722,0.00800876426029385,""
168,-0.142375953961713,-0.035977856860589,0.022771642306167,-0.155582168516135,-0.395778516056451,0.0709062847760613,0.203365510030722,0.0112256619925777,0.102650389994777,0.0028474471836701,""
169,-0.163650363496369,0.0156043936570699,0.0265405596574814,-0.121505410181818,-0.366362474426181,0.0784635493969776,0.159476855051724,0.0374750197976651,0.019930612436306,0.000121398952492549,""
170,-0.110048857348209,-0.0230120099084594,0.00803222117140139,-0.125028646085267,-0.318173734454345,0.0269296945938201,0.172270499738552,-0.0203087786083975,0.041481219013031,0.000419092515193818,""
171,-0.115648991598945,-0.0249584972341271,0.0139556541191523,-0.12665183471392,-0.404707805752305,0.041723229509273,0.166750185764234,0.0759553211785397,0.10307835226936,0.00300214077005282,""
172,-0.126318331009721,-0.0220181687688558,0.0311707208468892,-0.117165778931688,-0.343826822951944,0.101423105601322,0.211287329307984,-0.0504205471424948,0.126097928005628,0.00478857793963777,""
173,-0.137524062341896,-0.0320722134433225,0.0133466375172103,-0.156249638268008,-0.452625326793217,0.0412508529712549,0.163777538764143,0.0918936548217932,0.162313781307471,0.00804978448061759,""
174,-0.179957698944286,-0.0125534527669352,0.025324755987899,-0.167186395723322,-0.39376848575645,0.0703323633813075,0.261069837243893,0.0805260545917704,0.212691718119597,0.015581397386568,""
175,-0.13506610807642,-0.00365709066230438,0.0334882321035228,-0.105234966635202,-0.361082207253868,0.0925002877098663,0.176469913204989,0.025874269133606,-0.0606720407120524,0.00110981220437508,""
176,-0.141633264953692,-0.0369577073288715,0.0197005360538349,-0.158890436228729,-0.370315671969169,0.0587056407212827,0.24630422009331,0.0368941557789141,0.194135401532283,0.00971128327123608,""
177,-0.152058847386677,-0.0294717011180791,0.0356984626657483,-0.145832085839008,-0.279227734966126,0.103696291459636,0.19792336882445,0.00303314144936567,0.0620427186729199,0.00102721379733625,""
178,-0.175548350472309,-0.013671915989123,0.0157484736546332,-0.173471792806799,-0.448355774352959,0.0410622882143283,0.201835519982383,0.0280392957537195,0.18789077222051,0.0123624081916031,""
179,-0.12921947588463,-0.042446452443223,0.0270884424583612,-0.144577485869492,-0.359734667574459,0.0823332936221891,0.154079009346716,0.0701998382876003,0.205070526236205,0.0115077782032967,""
180,-0.121151977646335,-0.0451195266235461,-0.00555991643696076,-0.171831420706842,-0.399732429102782,-0.0148352267109259,0.170075304168976,0.0273406545465111,0.121530222639922,0.00383309907083276,""
181,-0.111943868207317,-0.0171520740850838,0.00957471287968114,-0.11952122941272,-0.354909865328824,0.0258937313725093,0.172943090169253,0.049804769183371,0.141805255290612,0.00549461323802933,""
182,-0.204293201539725,-0.0173471337950781,0.0298735594896074,-0.191766775845196,-0.277020794320115,0.121186346116228,0.144947364073157,-0.0356136806392883,0.0216119995373492,0.000136707952164387,""
183,-0.127736397009312,-0.0564586401659756,0.0441923409665548,-0.140002696208733,-0.322985783858279,0.1365283833018,0.20880714704865,-0.0319497835806566,0.0852639197606119,0.00196093275362651,""
184,-0.142135586859673,-0.0049183358888168,0.00551840319708972,-0.1415355195514,-0.379134807168907,0.0167897316845902,0.211850846315823,0.0465152440219813,0.116730707852312,0.00420775995275861,""
185,-0.124487854583849,-0.0547396222007745,0.0306731297300658,-0.148554347054558,-0.392158235601758,0.0935141609728593,0.169515927844523,0.0783007951290164,0.195739028654762,0.0103130521360283,""
186,-0.125561150145472,-0.0323973194758064,0.0301865829502545,-0.127771886671024,-0.33470579447389,0.103242095453559,0.16017626594357,0.02996442986208,0.0416823355961641,0.000490755092917831,""
187,-0.163267461905623,-0.010978882951259,0.0281051596740131,-0.146141185182869,-0.377905381221829,0.0721533745593143,0.240881370112272,0.0219332295531439,-0.0314072819492881,0.000274836685624998,""
188,-0.142419026801705,-0.0324686058707159,0.0102400733218699,-0.164647559350551,-0.434531295972606,0.0284074935801868,0.220029593204348,0.0610597575157991,0.06089759554212,0.0011702965342463,""
189,-0.12808605876151,-0.0118735252699915,0.0308175791616654,-0.109142004869836,-0.318286724199689,0.10009191025947,0.154527995673988,-0.00572687161428267,-0.0096672479484922,2.59149412270807e-05,""
190,-0.130282721041019,-0.0280915355215075,0.0338742833615063,-0.12449997320102,-0.384320929681581,0.108212438190354,0.133798907862962,0.0763436425557876,0.0630584465135828,0.00114326512785443,""
191,-0.179897445884243,0.000220047015807691,0.0157473413520043,-0.163930057516431,-0.382646515205733,0.047351015383626,0.191857436826693,0.0257236592541438,0.0933386103530972,0.00272113956793939,""
192,-0.133107941759264,-0.0205004239680261,0.0181891656444275,-0.135419200082863,-0.297012460372498,0.0528537766057776,0.233446366877979,0.0102266426758751,0.0642768657705478,0.0010500218797794,""
193,-0.124216093520094,-0.0346794106464791,0.0193574888141784,-0.139538015352395,-0.373680358439515,0.0537655512818536,0.269739197294678,0.0769514275494276,0.10699680793025,0.00340548050025215,""
194,-0.149912240012306,-0.0345660393483313,0.00863961543305936,-0.175838663927578,-0.378156882401826,0.0232079229148098,0.240461437554312,0.0308697834612117,0.173512050313431,0.00874173135786295,""
195,-0.171156207319263,-0.0179242863344401,0.0236925663518142,-0.165387927301889,-0.372706173185851,0.0637218313462611,0.237206057419842,0.0167343863442309,-0.0331618844659643,0.000347162517913492,""
196,-0.134819334816467,-0.0339970423838064,0.0241509242179977,-0.144665452982276,-0.371501975101639,0.07777058665509,0.186255311768563,0.0576948971541736,0.0673542341473098,0.00132128883104035,""
197,-0.125389660929311,-0.0603500238380226,0.00885235327003457,-0.176887331497299,-0.358366258093918,0.0323045887460387,0.212965358627297,0.0101701503732344,0.284546029864322,0.0170814915732436,""
198,-0.150743071014805,-0.038791492498608,0.0339088384130659,-0.155625725100347,-0.344732737504989,0.0892451415044599,0.239657625071446,0.023629700420573,0.0438616543876211,0.000558235688381852,""
199,-0.127949430192499,-0.0673756732612624,0.0345094987926174,-0.160815604661144,-0.416767073484078,0.0912108471085807,0.188136145965164,0.0799527096662043,0.173126708769896,0.00786807448197401,""
200,-0.171367185161711,0.0195124377544919,0.0213039178325058,-0.130550829574713,-0.319045534417916,0.0634948929367903,0.205246526598654,0.0286878090724283,0.125981330088674,0.00475936500497708,""
201,-0.123605828883555,-0.0364311617882185,0.0407167724576368,-0.119320218214137,-0.345592266740678,0.13761153566959,0.164927749775677,-0.00749664010630013,0.0666477861827947,0.00124803485897672,""
202,-0.124490586933829,-0.0152430148982465,0.0072091267986239,-0.132524475033452,-0.247313517001023,0.0215765995148811,0.312935774087708,-0.0573418357548481,0.0159739228677656,7.28917031783523e-05,""
203,-0.178288125426276,-0.00182258264265609,0.0250082111969727,-0.155102496871959,-0.388168315396244,0.0747486474789107,0.237963357700877,0.0356423202711912,0.0686410361380511,0.00147466478490324,""
204,-0.152995931114186,-0.0229563658160236,0.0364575919638388,-0.139494704966371,-0.398119144355641,0.0923034814992225,0.231518597191967,0.12274299525398,0.0610816565656852,0.00113930808785779,""
205,-0.159100171397836,-0.0261418893116312,0.0367730137016261,-0.148469047007841,-0.295235636856521,0.125324730748269,0.125386145875853,-0.0122630134756972,0.0659054148527519,0.00123582922968574,""
206,-0.122362832491613,-0.0184680941052865,0.0401298001659547,-0.100701126430944,-0.467236121186491,0.118435602560751,0.194986962712468,0.0398956065893701,0.231156715573916,0.0190012877850147,""
207,-0.10696602142986,-0.0272690807939522,0.0544359013945089,-0.0797992008293036,-0.31591358808192,0.165044465025145,0.155984768301253,-0.01939162968675,0.103104255981992,0.00296856465045436,""
208,-0.13103695710386,-0.0758121598832827,0.0281552613409378,-0.178693855646205,-0.45821662876501,0.0723562474242698,0.185951479457531,0.0798055430795299,0.08416463986708,0.00193364748293251,""
209,-0.14603962999573,-0.0200866239635203,0.0126431942633951,-0.153483059695855,-0.343429022883213,0.03189600044525,0.213675228687655,0.00749210357352779,0.150276266830377,0.00609226623563816,""
210,-0.135872174242378,-0.0183838683700616,0.0317343091838721,-0.122521733428567,-0.303333865172264,0.107439976270646,0.121055281497199,-0.00149544906904862,0.0464408184866283,0.000599500930308846,""
211,-0.139301374055957,-0.0492393097812243,0.0200958976826838,-0.168444786154497,-0.36572637059745,0.0587905552536454,0.133907165261479,0.00515197749586229,0.125381441005995,0.00373618023262874,""
212,-0.145779659356896,-0.0191488879842082,0.030095410680449,-0.134833136660655,-0.353034732081655,0.0884405365844772,0.209445211229479,0.0803530761179999,-0.0234571249773558,0.000163611685584424,""
213,-0.153984405478501,-0.0283509676196809,0.0382539434303753,-0.144081429667807,-0.350739459133755,0.121131450708524,0.265059640127761,0.0675978874371051,0.122463398557472,0.00464153143303355,""
214,-0.110024193018863,-0.0489429979278661,0.00808573353659617,-0.150881457410133,-0.394587980414724,0.0266179695228943,0.127239588502535,0.0859137796959234,0.152520052742879,0.0061976495090418,""
215,-0.14008542114404,0.0141959745249603,0.0384707602172157,-0.0874186864018636,-0.292537296019148,0.125725604386068,0.112968374310619,0.0033097090386368,-0.0211048013093351,0.000127860230638886,""
216,-0.152627870703753,-0.0392226111942992,0.0186192952490484,-0.173231186649003,-0.351713185522011,0.0495006011892805,0.198686079843914,0.0431913127945887,0.193903477162671,0.010748002385115,""
217,-0.153109547700062,-0.020991910615808,0.049339542562197,-0.124761915753673,-0.335476154363025,0.147088910617895,0.23143200241577,-0.0496781177050363,0.0345043336536586,0.000352512213663414,""
218,-0.173742744117344,-0.0740486682544522,0.0513413254165979,-0.196450086955198,-0.347102713789199,0.137079746317864,0.227261061989077,0.0363440011211805,0.0204397798667842,0.000112813669886286,""
219,-0.158942762183624,0.000186234200845882,0.0229003650612535,-0.135856162921525,-0.290992723604162,0.0779607686121879,0.182387865771813,-0.0618140008091039,0.0273646516438842,0.000220658211203004,""
220,-0.133549695119908,-0.0169015593016103,0.0151915674018976,-0.135259687019621,-0.359846401381048,0.0402280290754918,0.145594483027077,0.00870357622380482,0.0937952116619185,0.00245703810586361,""
221,-0.182169669976277,-0.0528958319914211,0.0476220560370337,-0.187443445930665,-0.374284509104673,0.133327423774548,0.240018183391067,0.0703401654946207,0.152513784945047,0.00677281793889876,""
222,-0.108780229979541,-0.0477761610000881,0.0136513797648567,-0.142905011214773,-0.408072736192552,0.0373197334585274,0.20583834440841,0.0883352389260926,0.184772053816275,0.00958020529649445,""
223,-0.105413700368388,-0.0468227343954201,0.0238721277302572,-0.128364307033551,-0.419533078160276,0.0757182325964496,0.137186398271495,0.088353039832697,0.101925374958744,0.00290100513798903,""
224,-0.159675726793357,-0.00463004493831299,0.00958020468776824,-0.154725567043901,-0.374980982043006,0.0297843095780607,0.214937820538611,0.0727131448800339,0.259168411653235,0.0209682750983616,""
225,-0.114243331178167,-0.0150087035775818,0.0168558058272867,-0.112396228928462,-0.370171228284474,0.0548361530859267,0.134801967634645,0.0595856381122599,0.0996794488055495,0.00290714747838226,""
226,-0.0947364198999829,-0.0353010653819132,0.0202011880407712,-0.109836297241125,-0.360634620376954,0.0550822359273749,0.183618510115726,0.0536897239454846,-0.00200062035348856,1.04921239825103e-06,""
227,-0.135538046808801,-0.00784038953497349,0.03898434549429,-0.104394090849485,-0.30910493421488,0.12896417127296,0.233242137067558,-0.0460394437693028,-0.011578765968468,4.04722101660542e-05,""
228,-0.137252225840754,-0.0275981320062887,0.0139762811877474,-0.150874076659296,-0.340891505342727,0.0444649177237432,0.167261161677474,0.0713269841863662,0.0279218769834218,0.000210308549380512,""
229,-0.141789375596534,-0.0365468002194293,0.0239890544680581,-0.154347121347905,-0.360072183929345,0.0683671639270299,0.234968713232983,0.0477407465633792,0.0596726118822848,0.00096842184423341,""
230,-0.125584187341439,-0.0195621422812955,0.0395081285249474,-0.105638201097787,-0.333159859108725,0.1162449293312,0.146641321880026,-0.0231781272719543,-0.0324100431226808,0.00028714113623205,""
231,-0.137811566156542,-0.0317049183127061,0.0356392628578579,-0.133877221611391,-0.360077069679717,0.105397579930269,0.176028138843407,0.0528186681467798,0.1132943875364,0.00364232439414755,""
232,-0.131630452255903,-0.0227332231578511,0.0303936503682461,-0.123970025045508,-0.30908616748988,0.0966201044892079,0.205149944893011,0.018864033354524,0.118912302240187,0.00410405716601301,""
233,-0.14376363451031,0.0306318762025685,0.0210064744985847,-0.0921252838091571,-0.408043167978354,0.0633056647337269,0.179372636259655,0.0408317347414195,0.13643861298016,0.00592814249089347,""
234,-0.171211089220633,0.00298587895513154,0.0139695523544758,-0.154255657911026,-0.326805235183487,0.0379953611945774,0.23243918829654,-0.000415024527414928,0.11299781803088,0.00389199087519637,""
235,-0.145453576144548,-0.0304354677441162,0.0154668274068616,-0.160422216481803,-0.370218201185728,0.0446332098060243,0.143452720965305,0.0684600434509229,0.183135362568822,0.00898867840573737,""
236,-0.146356545447704,-0.0374158607572697,0.0288428147536228,-0.154929591451351,-0.39924391503012,0.0748955586032609,0.200769748245457,0.0644819512584299,0.160562750654319,0.00735065654836109,""
237,-0.142557747882904,-0.0286211850662563,0.0118513639067622,-0.159327569042398,-0.413801534704945,0.0336259933696937,0.170943009300574,0.0505215213381711,0.0995794226757458,0.00290777036623823,""
238,-0.127386434624287,0.0173000184181264,0.00742929977079471,-0.102657116435366,-0.311153743799372,0.0197210506853327,0.160023116949342,0.0657765021796672,0.00205792420320719,1.19123448153226e-06,""
239,-0.126413529165406,-0.000928922871199239,0.00776240215653008,-0.119580049880075,-0.335638401115174,0.0226732015569076,0.182999313538469,0.0613701547445198,0.0917783813994615,0.00228166287222605,""
240,-0.150893394625796,-0.0384092706922075,0.0178068772467401,-0.171495788071264,-0.44200231243179,0.0484922726314016,0.229805237728908,0.0741364253308761,0.197910647760186,0.0127365150286612,""
241,-0.153699185553281,-0.0396031322594463,0.0185657284960805,-0.174736589316647,-0.2820834776978,0.0545031312938819,0.220810845114689,0.00880716854105338,0.042395068499124,0.000450784941663144,""
242,-0.190903102493882,0.00509244483723046,0.0178579511896878,-0.167952706466964,-0.297891587030328,0.0472939433327749,0.24118950913311,0.0336274454357887,-0.0248017989444698,0.0001821607484491,""
243,-0.120350300569532,-0.0519336103382615,0.041794706999186,-0.130489203908608,-0.401731732452944,0.129570719628096,0.22448016394699,0.0784541504384078,0.0880254175268353,0.00201516885858942,""
244,-0.167969233154632,0.01220110758204,0.0165084704394247,-0.139259655133167,-0.320058241829596,0.0498279773933992,0.249310035510975,0.00854819580013044,-0.0435272365775996,0.000575269986391035,""
245,-0.10970171027618,-0.0433829544191932,0.0560075205570396,-0.0970771441383335,-0.306337544248749,0.183351660657131,0.149807142735493,-0.0132761773239598,-0.023642497567057,0.000146018404847417,""
246,-0.16233869080593,-0.0322766834134801,0.0195253932612871,-0.175089980958123,-0.321093044102677,0.0584889980605033,0.196042737840713,0.0421298248686163,0.105386133849275,0.00292674716582986,""
247,-0.122778239543607,-0.0347897062585659,0.0217741479731495,-0.135793797829023,-0.339178639064983,0.0662291380707088,0.22023359711249,0.04761210401871,0.050141392974048,0.00071823396257469,""
248,-0.160189406263077,-0.0168077294608694,0.0194048592388655,-0.157592276485081,-0.384218922820493,0.050364018788408,0.158520213846191,0.0259546734024293,0.100306010181058,0.00291946664139249,""
249,-0.167522649341441,-0.0175859281825362,0.0220067166763348,-0.163101860847642,-0.324944214318179,0.0620937242050003,0.270110142606678,0.000525838468324756,0.0584778654974911,0.00101522093548655,""
250,-0.107955139570577,-0.0309762119086087,0.0280156124391299,-0.110915739040056,-0.411799015712739,0.08668360554526,0.12990129269585,0.0483236739994951,0.185692178654331,0.010382340433287,""
251,-0.143425130290672,-0.0619879860028946,0.0279720055408682,-0.177441110752698,-0.406355061625763,0.0741739032536325,0.192283887323298,0.0247911179706565,0.115839754716384,0.00333565992469855,""
252,-0.166558211416849,2.96074479455604e-05,0.0319716896296391,-0.134556914339264,-0.330672165084687,0.0875315939589363,0.187457094435473,0.0339889047489059,0.131603392468665,0.00522594783993947,""
253,-0.132986835841016,-0.00965518970657271,0.00398330919603858,-0.138658716351551,-0.405258384799587,0.0108020491520517,0.151630328141096,0.0170453987742273,0.186046532865107,0.0102796495691341,""
254,-0.124495510498839,-0.0167968292071424,0.037489970394685,-0.103802369311297,-0.421286296794242,0.105634992270548,0.131676406089447,0.103434835913918,0.0924726100018843,0.00231905011902446,""
255,-0.110662579573826,-0.0551580616424183,0.0206997278132253,-0.145120913403019,-0.415984930029147,0.0571485406795316,0.202028568518366,0.0282811925799067,0.147536551530854,0.0059324777165402,""
256,-0.109643201197196,-0.0624292374668872,0.0294142535003238,-0.14265818516376,-0.429594111971628,0.0892412531753152,0.173377128939346,0.0819347946765741,0.0781737472854633,0.0017051401807821,""
257,-0.144990223071235,-0.027670724155095,0.0366024890443245,-0.136058458182006,-0.270449111167636,0.119181701624431,0.177213894999949,-0.0374852947348292,-0.0604917434146432,0.00093631323736692,""
258,-0.140062283014728,-0.0522794474678818,0.0200540651393176,-0.172287665343292,-0.401231127733282,0.058212267544179,0.188216578530477,0.0982716141995827,0.0698814345725294,0.00119898581128574,""
259,-0.15760300191321,0.0164656982752108,0.0109408415973626,-0.130196462040637,-0.359819350178628,0.0320535272249368,0.189164881173403,0.0492468114078066,0.0885298085664062,0.00234206956989869,""
260,-0.143695704507833,-0.0458945238938092,0.0305881920004365,-0.159002036401205,-0.447561652809875,0.0805008911230232,0.159236788755314,0.0590953587029873,0.054209080505436,0.00087041131148363,""
261,-0.177839277050349,-0.0292736469749591,0.0184306598137799,-0.188682264211528,-0.320763154872142,0.0615875398671368,0.187439254067394,0.0142884037397224,0.00547630731520813,8.2710165058191e-06,""
262,-0.14037898176431,-0.044777205114262,0.0368912682322791,-0.148264918646293,-0.300543405824883,0.118810412163359,0.18475168676513,0.0249435411227847,0.0581632969965677,0.00086421461981894,""
263,-0.126545976677089,-0.0299514647857205,0.0416332090023583,-0.114864232460451,-0.400496886797515,0.113871093210287,0.174229027219005,0.0506348443927059,0.193297114588587,0.0111576970864897,""
264,-0.0983557434396173,-0.0609695171873091,0.0445915617209421,-0.114733698905984,-0.418586583150285,0.121364800393285,0.199070248859375,-0.0681378138153909,0.227771649782487,0.0140087087550737,""
265,-0.172245744370076,-0.00296773574689417,0.0270420026411514,-0.148171477475819,-0.377484644266902,0.0802810169676933,0.191004667253953,0.0712405244263062,0.224638114065567,0.0159146425143284,""
266,-0.103699908067098,-0.0541087543927138,0.0346521849845204,-0.123156477475291,-0.387480692316071,0.0983943553243297,0.203803356667243,0.0535150817786319,0.163194655005195,0.00777197461302542,""
267,-0.143638289406595,0.04301424723932,0.0184680343693966,-0.082156007797878,-0.235861678271812,0.050721440113283,0.241664097123464,-0.0647024919013993,-0.109563737679151,0.0031773996036864,""
268,-0.157022921433101,-0.033639573645324,0.0360947801752712,-0.154567714903154,-0.427602141292892,0.0989403230106788,0.158072924254674,0.0409503116129172,0.268259074908346,0.0211627106705351,""
269,-0.116270323988868,-0.0307685211556807,0.00282756369442151,-0.144211281450127,-0.343818389185428,0.00776009148192956,0.166602685050595,0.0737200578954864,0.0758592711993553,0.00146651089250419,""
270,-0.122154153954491,-0.0317068567474798,0.00911008381018442,-0.144750926891786,-0.317894178086927,0.0274828488727606,0.164357249289025,-0.00478510246325273,0.0136363152360953,4.43915216233793e-05,""
271,-0.131975790423997,-0.0170586140602388,0.0276986809556922,-0.121335723528544,-0.360098701970611,0.0772709505458734,0.210887960387726,0.040346427403485,0.0336489870996497,0.000322947463340779,""
272,-0.134567920442315,0.00777641687069873,-0.0171829067639864,-0.143974410335603,-0.360946102990627,-0.0530721349809065,0.111760076452287,0.0395744132949605,0.0878474893524424,0.00190381029318342,""
273,-0.117853026429153,-0.0652945355917129,0.026355818289977,-0.156791743730888,-0.402947120418789,0.0738322696977172,0.246873164448965,0.0872211077093548,0.16702645397262,0.00776253344532057,""
274,-0.141733961787073,-0.0493087136533455,0.0464372613226233,-0.144605414117795,-0.300894728710659,0.154579455218282,0.146047568813191,0.0301027450053295,0.0378533440697742,0.000342201260463363,""
275,-0.126920436728922,0.00940967411752358,0.0156493786977652,-0.101861383913633,-0.33671220147533,0.0443900215103821,0.248308644003492,0.0441839378683917,0.181583169795359,0.00998667206338249,""
276,-0.124000466303734,-0.0330513452608285,0.025319541389383,-0.13173227017518,-0.287506283322907,0.0808027295977733,0.181918322278662,0.00378259427367314,0.0721344844946028,0.00133755771475962,""
277,-0.105870329879678,-0.034321666621991,0.0282128407563012,-0.111979155745367,-0.3284082826554,0.0871355534216101,0.211485811165264,0.00421690150394308,0.118651659428435,0.003723242922468,""
278,-0.143123475057492,-0.0105465979313694,0.0185838122159146,-0.135086260772947,-0.362250181435691,0.0550116638402636,0.148528989025567,0.0519445304736228,0.129506242951518,0.00474742431025458,""
279,-0.175599407494222,-0.029988600043405,0.0422606057146089,-0.163327401823018,-0.421575843569579,0.109317078903829,0.242278824279349,0.0248565351145704,0.257790738958917,0.0235540389964721,""
280,-0.147493655865946,-0.0106704058736472,0.0285966995708532,-0.12956736216874,-0.393086772530997,0.0819133646966455,0.19195752165014,0.0868088812547897,0.216663013858208,0.0144308453246732,""
281,-0.135083819577841,-0.0270439024173293,0.013333226767725,-0.148794495227446,-0.339558596285457,0.040562113464909,0.197774357021237,0.00891650014826595,0.187001703414177,0.00912283896567979,""
282,-0.112942298264821,-0.0432417475748395,-0.00305086148233911,-0.159234907322,-0.425814731161176,-0.00917349416940698,0.115050824621411,0.0556595345213942,0.168303756048936,0.00705724053247112,""
283,-0.12849080276744,-0.00286626486423756,0.0355671148907558,-0.0957899527409218,-0.300208438910145,0.111124411997142,0.246571592536862,-0.106421894479147,0.161886143409905,0.00736821219834225,""
284,-0.0945116152232618,-0.0427617182674312,0.0115817396905525,-0.125691593800141,-0.322970004774349,0.0328784402614544,0.210185981642075,-0.0136467410518803,0.0781736344717385,0.00144798668436013,""
285,-0.154732876686488,-0.0202181168061935,0.0149963071762702,-0.159954686316411,-0.375140137356041,0.0401218857952265,0.184487081357909,0.0588787029672117,0.111689469620904,0.00365955091807054,""
286,-0.130679871304246,0.00463660894313304,0.0428553919766243,-0.0831878703844883,-0.29021929014362,0.135162188665043,0.184563979601229,-0.105291699340322,0.110970631042009,0.00361908448093055,""
287,-0.106080987592345,0.00393404507772948,0.0471217003358212,-0.0550252421787948,-0.329587365753681,0.144036586354951,0.134796008803741,0.0220635928058291,-0.077998859299163,0.00179136428292653,""
288,-0.118703823348138,-0.0718501792792836,0.0192025834918153,-0.171351419135607,-0.371681684869836,0.0509282807934425,0.224511958628121,0.037895739190491,0.0863401470902303,0.00179643732168213,""
289,-0.16376248861017,-0.0105694594160587,-0.0036097399860872,-0.177941688012316,-0.40608747081364,-0.00985467912369296,0.167447826753786,0.0548962986944069,0.0507820549899943,0.000743446643615317,""
290,-0.135284786722107,-0.0234314038881006,0.0367192539106845,-0.121996936699523,-0.365393453569455,0.123002884165356,0.161206706258897,0.0128063347406131,0.105582561285353,0.00340475738195704,""
291,-0.149787721824351,-0.00679985642729933,0.0293402509328086,-0.127247327318842,-0.346122683103799,0.0832376539850088,0.172303392198355,0.0443502543346343,-0.053090634146845,0.000812917958371492,""
292,-0.0957118933441253,-0.0434391772532216,0.0170609711089517,-0.122090099488395,-0.400416774999802,0.0501168178678573,0.156487315528941,0.0240818855775756,0.254005933344296,0.0180543968107476,""
293,-0.160772274247094,0.0191624664548164,0.00532769275838518,-0.136282115033893,-0.34488249365483,0.0132458955627019,0.225993430197113,0.0556959475677622,0.130032721577204,0.00504555244672707,""
294,-0.136290735132643,-0.0104551733722148,0.0271076795732245,-0.119638228931633,-0.317598055383248,0.0905751791986849,0.183627293997725,0.0443363807048175,0.0866973629670517,0.00209343163463003,""
295,-0.110502811362434,-0.0266794382410377,0.0299833805772765,-0.107198869026195,-0.363765764945065,0.0824319675893467,0.223651634047543,0.0310372599321663,0.0501160822583058,0.000646131266672829,""
296,-0.17227106460259,-0.0125255205538703,0.038071320909522,-0.146725264246938,-0.381424237096341,0.109792372109038,0.183556806143848,0.0311048821530039,0.049776902152111,0.000786185093912024,""
297,-0.177225627257426,-0.0116587222159444,0.0179882689466506,-0.17089608052672,-0.238655814990505,0.0614827790253905,0.21702856044539,-0.0932052288207485,0.0883847964094028,0.0022435707256533,""
298,-0.150459149198946,-0.0642791095219249,0.0176486812715358,-0.197089577449335,-0.396505305496266,0.0522939676704274,0.18880944623328,0.0295977100448972,0.298062004442425,0.0218336212476855,""
299,-0.110226099138941,-0.0388720431916744,0.0205942910574533,-0.128503851273162,-0.365145766492174,0.0626399753683793,0.267964840498352,0.0567932546314131,0.256746313294986,0.0185997163646214,""
300,-0.103296591687286,-0.0443847104348462,0.0496539060809804,-0.0980273960411517,-0.383416175641543,0.149850091787649,0.142323889945723,-0.0564468809035495,0.186763873889148,0.0103181016426769,""
301,-0.145977049777915,-0.00910202847271368,0.0338607694687302,-0.121218308781899,-0.31968033357068,0.100985798224223,0.204525377309278,-0.00296248518767046,0.158296743778617,0.00736264952137485,""
302,-0.170247843855772,-0.00631928719778102,0.0238046067523554,-0.152762524301198,-0.347563619376647,0.0726751830895438,0.179636788743087,0.0186033716855892,-0.0144164556515467,6.29454862980159e-05,""
303,-0.200896810559244,-0.0405433968826908,0.0238961376535573,-0.217544069788377,-0.314599183735623,0.0655660531878578,0.21523610873567,-0.0278467884883156,0.0874716737996055,0.00225966818580365,""
304,-0.237421972998173,-0.00669826477794019,0.0556275695767193,-0.188492668199394,-0.34965676106629,0.148724414795974,0.249603937485542,0.000612738202465457,0.00698244262339721,1.61545708862007e-05,""
305,-0.0909249046703179,0.00477577598643377,0.00622310085500797,-0.0799260278288761,-0.324576698145299,0.0188684168137241,0.186438673407597,-0.0385227210472632,0.0938651293398555,0.00252768069075447,""
306,-0.193028806342505,0.0352819606630579,0.00675608234170286,-0.150990763337744,-0.284273619487891,0.0186183360991965,0.217681383363807,-0.0159195809656179,0.0230809090875942,0.000153940013303814,""
307,-0.106417069759448,-0.0297487660767878,0.0227821788447194,-0.113383656991516,-0.307358372667151,0.0764103942255849,0.193026145762866,-0.0287339986882301,0.0358818690774289,0.000353918015381628,""
308,-0.127336385268479,-0.0543802579870999,0.0199446183707017,-0.161772024884877,-0.407688850486848,0.051660405187234,0.210216410946212,0.0733575175136383,0.245471930717415,0.0164771118415785,""
309,-0.152384092585604,-0.0153522893897094,0.0366365897492017,-0.131099792226112,-0.328228902629039,0.117554589651906,0.150712476867044,-0.00350410046001529,0.136362583277763,0.00555467213009,""
310,-0.102906173518809,-0.0053648609945456,-0.00863768318390961,-0.116908717697264,-0.400661403193936,-0.0267564753921069,0.127125147130002,0.0647203419356343,0.121322655699054,0.00426554709296283,""
311,-0.123389062837091,-0.0270586208505824,0.0263199787270379,-0.124127704960635,-0.412339190948286,0.073770725149576,0.204844023911514,0.0111276977363648,0.162873944511008,0.00765371682274936,""
312,-0.192645763016771,-0.0412023675534708,0.0397996154937311,-0.19404851507651,-0.374991727640242,0.10141592057697,0.153361792174425,0.0348789011171557,0.0283722627705505,0.000232853989933274,""
313,-0.152782667085251,0.0166715331798248,0.0213474274775539,-0.114763706427873,-0.241125988720497,0.059891171560827,0.194607159966796,-0.0100071215584333,-0.0355603579194986,0.000349469925132918,""
314,-0.1299264452848,-0.0160478187454452,0.0385454549172886,-0.107428809112957,-0.274717914780141,0.122537329020386,0.176455842929363,-0.0509873825790179,0.035172901697664,0.000349118967804773,""
315,-0.172568664993336,-0.00404306406652229,0.0176334549223131,-0.158978274137545,-0.311524418421819,0.0465186936386975,0.261164580274275,-0.00212623168401103,0.0321048420179927,0.000313575858679165,""
316,-0.146253267777389,-0.0108772624458643,0.0108171257826243,-0.146313404440629,-0.366625202051073,0.0312285808105888,0.23871500786724,0.0732004254760944,0.143312557658403,0.00612804076580838,""
317,-0.15432378710991,-0.0424070428864124,0.0361291069722652,-0.160601723024057,-0.364964829319631,0.10293898632602,0.186371836471443,0.0262450837154928,0.00707812533801158,1.30700367367666e-05,""
318,-0.197109810960523,-0.0439813738145373,0.0287965215609081,-0.212294663214152,-0.335641983134574,0.083086951351589,0.260810337641012,0.0120173863282065,0.038410776712808,0.000429679162906872,""
319,-0.166976513344197,-0.00611283899041024,0.00847988035781863,-0.164609471976788,-0.276574704468783,0.028113631141478,0.321199067412896,-0.0330206252803321,0.0735939215320962,0.0017125227276529,""
320,-0.126499280615355,-0.0289424629666674,0.000871480690824334,-0.154570262891198,-0.417277216145271,0.00218159356119874,0.231231898375277,0.0531551527932691,0.13129189119501,0.00540026183055553,""
321,-0.131299730808588,-0.00737971173533576,0.00827415246745335,-0.13040529007647,-0.397673702856597,0.0232251870923339,0.123858430761665,0.0511343523869117,0.0153554458514666,6.43667816500752e-05,""
322,-0.0924575748906929,-0.0154142844160468,0.006018716254191,-0.101853143052549,-0.314463445806069,0.0173366431089316,0.176607478517646,0.00651673927219934,0.0498770664626113,0.000688309403207089,""
323,-0.153601382691257,0.0101148262340456,0.0276565867382563,-0.115829969718955,-0.338792519233971,0.0811534099973315,0.247465025407049,0.00857571702676872,0.146715770055915,0.00685252331850692,""
324,-0.159431336668048,-0.0203829261956842,0.0163081309015949,-0.163506131962138,-0.330439364760607,0.0522890690794363,0.207526543632892,0.0196244729632456,0.199709258127111,0.0106166307165302,""
325,-0.132869108039177,-0.00219729310821216,0.0139957995193868,-0.121070601628002,-0.338708432189681,0.0454240123076089,0.172184025696913,0.0717877994596391,0.200883597720243,0.0116744804264388,""
326,-0.120970286793282,-0.047248736697583,0.0220799876233438,-0.146139035867521,-0.424141530363032,0.070579359533398,0.110832472963447,0.0972696091992886,0.177465387165539,0.00894788794487685,""
327,-0.130028026185528,-0.0342653645766792,0.0345392453955438,-0.129754145366663,-0.427007617308355,0.0966614493052176,0.229500078618185,0.103502866792537,0.1277334180316,0.00503530976221111,""
328,-0.158492270901862,0.0111037424869998,0.0170741822067952,-0.130314346208067,-0.30011142880194,0.0578594334751653,0.170229841644185,-0.0142249252641824,0.042128831390879,0.000515375263205774,""
329,-0.13498699574713,-0.0218124571458375,-0.000125904545067381,-0.156925357438035,-0.291581331955154,-0.000353903141384629,0.241796489849749,-0.0534260928908592,0.00268535322375034,1.68699687530792e-06,""
330,-0.119546666783481,-0.0236310487969555,0.033392996735194,-0.109784718845243,-0.399291540114446,0.098958709144685,0.154649414537438,0.0779327945260464,0.167531858617554,0.00819419889441259,""
331,-0.173129932978737,0.0307244849109365,0.0126312974757862,-0.129774150592014,-0.259653241697747,0.0401612618078884,0.260898718157666,-0.0755783747717915,0.0320006782250751,0.000305425376343797,""
332,-0.207205031978762,-0.00472902022730104,0.0321026859158916,-0.179831366290172,-0.375614142884361,0.0843675227682757,0.271322339643978,0.0229560819827768,0.145332989146271,0.00703501997063219,""
333,-0.145222181112364,-0.06319762088657,0.0399615478938083,-0.168458254105126,-0.358029293755338,0.11269767961534,0.206336725260449,0.0705120157711319,0.147634705317991,0.0058740730925224,""
334,-0.105438979518271,-0.0510582854514092,0.0229079031069469,-0.133589361862733,-0.373228819881707,0.0644798570470996,0.267257981163233,0.0319062961800494,0.213422593596251,0.014202364900308,""
335,-0.163949290346517,-0.0108012250785168,0.00776251058544298,-0.166988004839591,-0.340033061793411,0.0204937414441742,0.249424678014943,0.0126255222876101,0.0921294854560063,0.00255509559856557,""
336,-0.132368485272736,-0.0320728789117617,0.0353811297089554,-0.129060234475543,-0.36716029918213,0.10891016009651,0.16726711254311,0.0513010962373638,0.063133913112626,0.00109676797413536,""
337,-0.136505775224365,-0.0288341958503459,0.0289288013090842,-0.136411169765626,-0.310810720786431,0.084475098025103,0.190079802368328,0.0338207345313645,0.0218532906760344,0.00012994747022852,""
338,-0.137610001693291,-0.0584392552800258,0.0102953214394756,-0.185753935533841,-0.403863049697548,0.0281828056757912,0.160614574198714,0.0351389296935346,0.0866418369192931,0.00190837100274253,""
339,-0.166944166095891,-0.0227858624713628,0.0289103956860438,-0.16081963288121,-0.374358434724317,0.0897639429396445,0.216978528947499,0.0467661394794603,0.0217163823121456,0.000130652004923274,""
340,-0.102573355694513,-0.0123359684030447,0.0136685070042915,-0.101240817093266,-0.355112933532387,0.0372104618433705,0.297570528641044,0.0543162869176041,0.123992356509852,0.00489208535098169,""
341,-0.119012761633159,0.0053180569678672,0.0124559579417298,-0.101238746723562,-0.296550132819717,0.0359194257872599,0.152392872062085,0.00361322405430113,-0.148495323712137,0.00607574112295901,""
342,-0.121702552668277,-0.0529049616446795,0.0205313951900694,-0.154076119122887,-0.37205468736016,0.0665208313825651,0.19021049469351,0.0509231605184386,0.112676316633016,0.00337050360855159,""
343,-0.180798339971499,-0.00937067300535406,0.0366148971268143,-0.153554115850039,-0.329322938237594,0.129989400546966,0.244381771384888,0.0503779772507623,0.146559062108582,0.00684302473115277,""
344,-0.136531532206134,-0.0209713003006225,0.0273710326449876,-0.130131799861769,-0.368432298530394,0.0812060189910396,0.182410125385235,0.0257587378575018,-0.0156996844005206,6.80087952737277e-05,""
345,-0.150991703902325,-0.018646367065961,0.0439644895920686,-0.125673581376218,-0.246262804657598,0.162585721836676,0.228704856128166,-0.0632406703783297,-0.0665345710955931,0.00129606786846987,""
346,-0.126393745509474,-0.0181529322272658,0.0257722194628018,-0.118774458273938,-0.371397756620801,0.0745289803277051,0.163596491042928,0.0555713482913579,0.125171560248548,0.00441103643713641,""
347,-0.125641616698331,-0.0309478088422737,0.0384114485119824,-0.118177977028622,-0.382255260487522,0.123569125818271,0.0746648547412187,0.0644972379299741,0.113504392302937,0.00361902666111112,""
348,-0.115241078126449,-0.0502515240337571,0.00670224420111896,-0.158790357959087,-0.414296890509807,0.0190668736493171,0.146592300303201,0.0152192405999381,0.204938193740091,0.0118069301064806,""
349,-0.162338019750769,-0.0151458003233263,0.00835878006499935,-0.169125040009096,-0.280432812249875,0.0212214262202053,0.23898803093552,-0.00647887766843827,0.218123469742339,0.0135336683588642,""
350,-0.133844161834902,-0.000901121764707555,0.0467926717109766,-0.0879526118886333,-0.318472361533208,0.148435528998115,0.197540979839874,0.00520882199626309,0.0168172185232748,8.61781395897705e-05,""
351,-0.152616457751124,-0.0327903930596683,0.0542654312837713,-0.131141419527021,-0.330986491683658,0.16003269564954,0.20994802708511,-0.00452593333595286,0.253539539010519,0.0188080134769912,""
352,-0.160427162243779,0.00695563834199652,0.0340141313247676,-0.119457392577015,-0.408104695280358,0.102633061462353,0.163475453407394,0.049136890858786,0.108106983875798,0.0036403605172268,""
353,-0.140805099006501,-0.00286698361641384,0.0414343687507346,-0.10223771387218,-0.296108139002379,0.14045606337139,0.191053508775264,-0.0681739312217789,0.0340838246852973,0.000347655802859849,""
354,-0.0993155208040825,-0.0314760530831721,0.0022914530694645,-0.12850012081779,-0.399203271569252,0.00710767156314687,0.153655386971353,0.0898287837613547,0.198004850082972,0.0099979364943932,""
355,-0.133614558995492,-0.0202145948022752,0.0351695497911648,-0.118659604006603,-0.270303503651244,0.116335983126448,0.138017544274788,-0.0157035169786389,0.00153714930501894,6.5557102246884e-07,""
356,-0.169230817617193,-0.0406660834409524,0.0182873033072913,-0.191609597750854,-0.436293917142579,0.0554120519860037,0.214038032894325,0.0565390777783909,0.257503087717762,0.0214909740175733,""
357,-0.131357318765127,-0.0585094709169716,0.0279479584305059,-0.161918831251593,-0.35591141462368,0.075292462155579,0.234804370087435,0.0568215317019258,0.0515274808962824,0.000680145480567902,""
358,-0.157590733764379,-0.0175003925355347,0.0254278594161787,-0.149663266883735,-0.327148380281227,0.094766664037929,0.170199047301437,0.0738836854212893,0.222789468353117,0.0147453081639964,""
359,-0.153796280872306,-0.0286632030543704,0.0434549765662063,-0.13900450736047,-0.351667466186652,0.130436887671701,0.196928834296269,0.0582629641434582,0.0858368556673906,0.00214937201707822,""
360,-0.175988440033027,-0.0489899520016497,0.0415965326664877,-0.183381859368189,-0.328215939960912,0.123435517171568,0.17611308648416,0.011116479920086,0.136921989800826,0.00478359583732995,""
361,-0.132650916149625,-0.0590974468396205,0.0345543266878126,-0.157194036301433,-0.380189228359212,0.103157465893408,0.177827952195326,-0.00754062801533041,0.146325669804364,0.0060852933477039,""
362,-0.157960698370993,-0.000845313509368241,0.0114253027472218,-0.147380709133139,-0.363506005435399,0.0306310969426522,0.209206305209624,0.0332616906638289,0.0111122556839749,3.70064262984727e-05,""
363,-0.144507652955613,-0.0151275587719739,0.0197456396831015,-0.139889572044485,-0.392124431274879,0.0546017572598885,0.191238580730245,0.0422198079707157,0.124755065078762,0.00451933571259424,""
364,-0.141489829452665,-0.0503000349637527,0.0388327474447436,-0.152957116971674,-0.369373543133222,0.125560691615597,0.163756866670003,-0.0036808698298531,0.138921539316944,0.00543580938309676,""
365,-0.118552636533921,-0.101534642016846,0.0205236442890205,-0.199563634261747,-0.427432345569508,0.0603308264099469,0.182481232305851,0.0199821441607234,0.160502264554278,0.00603959093223225,""
366,-0.1608479752729,0.00111416210989732,0.00494688554046159,-0.154786927622542,-0.327222954641733,0.0153055225819493,0.165706360271791,-0.0198456458078261,0.0611945680894892,0.00105729495114601,""
367,-0.165372666041096,0.0163796739677867,0.040312895738236,-0.108680096335074,-0.328585761438279,0.113364379668731,0.240550692166953,0.0364592956519335,0.135551601418707,0.00562406128321927,""
368,-0.140936681493156,-0.00209097921760432,0.0286024239143634,-0.114425236796397,-0.334071999894967,0.0898386340421917,0.203344541056935,0.0316334555184715,0.155546180559634,0.00740612901964919,""
369,-0.182985894990468,-0.00632770985668701,0.000167587978549042,-0.189146016868606,-0.430705554149422,0.000504603389857708,0.151651475325774,0.0684609751334209,0.100290349062453,0.00305275096709332,""
370,-0.0887118826271811,-0.0584193703032946,0.0354433194866126,-0.111687933443863,-0.352883704556195,0.108751404042313,0.163825511287212,0.0408943681675018,0.185032193883398,0.00932881253669655,""
371,-0.147512880177979,0.017275461598484,0.0149803479795653,-0.11525707059993,-0.32685431470585,0.0405848425629886,0.177911728366229,0.0378236613266139,-0.044311947176544,0.000557205008404845,""
372,-0.123083508143835,-0.026033636251944,0.0124078378903246,-0.136709306505454,-0.418878074959771,0.0308691702438551,0.193579994012958,0.06341306636165,0.193231421930383,0.0108093249283575,""
373,-0.154379272346453,-0.0452890530642492,0.0128511122947143,-0.186817213115988,-0.29280724379825,0.0405537737217497,0.189446976677866,-0.0692705533345429,0.0200758449103087,9.58735970867472e-05,""
374,-0.112491659986412,0.00837573443666081,0.0403471795493728,-0.0637687460003783,-0.311342311902058,0.128223834722028,0.0908163055648089,0.0219836582556335,-0.0931904432899023,0.00245603229170902,""
375,-0.146602731016542,-0.0261529926095884,0.0116000988399181,-0.161155624786212,-0.418747360498305,0.0314501475641765,0.109833594161261,0.0752102187168967,0.00876600030666926,2.1535488197161e-05,""
376,-0.150426298188766,-0.0235838056577443,0.0106884577531978,-0.163321646093313,-0.380985837491503,0.0297942564422793,0.20950171533221,0.0536914653391137,0.135412012690084,0.00535054318341532,""
377,-0.17632966578019,-0.0101099571747991,0.0466154308338594,-0.13982419212113,-0.454341786848262,0.12473146839066,0.251060487786215,0.0229765430664899,0.136311437211419,0.00655086720839286,""
378,-0.115132134128191,-0.0699372775204508,0.0479234736148071,-0.137145938033835,-0.340974872107006,0.147007067451091,0.208305604309556,0.0219417823056843,0.0366055273549985,0.000326121631595981,""
379,-0.15277992603308,-0.0147129409998463,0.0118465054826237,-0.155646361550302,-0.309875470813831,0.0384900364954862,0.1742966177821,0.0317786717514046,0.0208221369801542,0.000122130424553874,""
380,-0.184006762838659,0.0158054877846773,0.0297502993745431,-0.138450975679438,-0.352546179140436,0.0793081106840012,0.233263752255117,-0.00636144887922155,0.126709128617937,0.00498736771072553,""
381,-0.128664816854912,-0.0235742411838813,0.0256621158840103,-0.126576942154783,-0.3631895416332,0.0795912777976962,0.210969040475324,0.0375532932106417,0.0318614621401394,0.000284917951129556,""
382,-0.155581161233342,-0.0180910939670503,0.0243003515304531,-0.149371903669939,-0.400320778655651,0.0703255889880637,0.182485236496992,0.0646832087738998,0.176723077336349,0.00948019981888281,""
383,-0.160048649003033,-0.0378434729209424,0.00980906646105394,-0.188083055462922,-0.306606046671015,0.0319576550137846,0.237037027482638,-0.00318494407540655,0.0955033518693057,0.00238892506070654,""
384,-0.158105451591423,-0.0394090249135834,0.0245934778127118,-0.172920998692295,-0.375340996131281,0.0662864834143303,0.249948310925315,0.0714705908778461,0.128628706300389,0.004850016557773,""
385,-0.146690649956665,-0.0139536072987985,0.016605504465182,-0.144038752790282,-0.319552535997826,0.0469396089886092,0.209931245499189,0.0428539966719531,0.0179332757578271,9.14210931217023e-05,""
386,-0.14558898980481,-0.0290111769511578,0.041306379547914,-0.133293787208053,-0.384588517009271,0.117459043501538,0.155531955435995,0.0522777983997549,0.0205170375901853,0.000124390526295251,""
387,-0.17196308769566,-0.0157819174482861,0.0445843936775249,-0.143160611466421,-0.383464253290103,0.134007578014448,0.21143328700275,0.0432235794707045,0.0660911264690742,0.00141122981660742,""
388,-0.165722167682196,0.00763463251132235,0.0340303081781441,-0.124057226992729,-0.304589304015527,0.0978008652177155,0.149972663267094,-0.00465416178681359,0.0540690956913256,0.000818032573492462,""
389,-0.140538299569457,-0.00116676525419946,0.0257822027695426,-0.115922862054114,-0.394644247938409,0.0720860805395978,0.123975055286831,0.0350969798595285,0.110479305029235,0.00355608541867089,""
390,-0.159707782997637,0.00384962599864759,0.026741175489594,-0.129116981509395,-0.250394417595447,0.0799612288088552,0.17764950723848,-0.0352702253587054,0.00727017125671965,1.51261892575897e-05,""
391,-0.154719962584713,-0.0456903917097547,0.00912365087767481,-0.191286703416793,-0.422284189362531,0.0313665190898685,0.159828092853343,0.0349402728899965,0.196517132949626,0.0112488281117535,""
392,-0.11732269440808,-0.0357016268196565,0.011130357967126,-0.14189396326061,-0.383814719429524,0.0368698086086915,0.157922172484913,0.0296937187203156,0.242002884806685,0.0171936109906766,""
393,-0.137266347885092,-0.0355824795044955,0.0240755575087995,-0.148773269880788,-0.283927440137131,0.0890348291508479,0.196900757547137,-0.0220394033747727,0.0259784540945787,0.000181036776667145,""
394,-0.194352292867846,-0.0223971066990691,0.0438439772586897,-0.172905422308225,-0.390011459849158,0.127945147858465,0.207264618558873,0.0276278489342351,0.0785737709896297,0.00193328172459265,""
395,-0.121045313545216,0.00626906864201186,0.0196587834527255,-0.0951174614504791,-0.332339462449247,0.0710830282536691,0.160981145943566,-0.0108645592915447,0.126017345011637,0.00467816688157328,""
396,-0.127010122941831,-0.0244152771348897,0.0233302187707915,-0.128095181305929,-0.432880275274278,0.069881680832956,0.187266857619308,0.098998915980573,0.149286065951322,0.00668890959780309,""
397,-0.147149981775479,-0.0434697258685287,0.0300353778893303,-0.160584329754678,-0.318394812097371,0.0858129176569818,0.221283936683706,-0.00658971817566199,0.154778928542071,0.0063852682662363,""
398,-0.126567873526572,-0.0385669903585086,0.0367759091479438,-0.128358954737136,-0.321316350643874,0.114838709338051,0.178969679932936,0.00592765557842681,-0.024309157903634,0.000148718410007604,""
399,-0.164048106408091,-0.0249484325024848,0.0202985593473363,-0.168697979563239,-0.311839441243458,0.0569178046638608,0.153215411940889,0.0505688302251309,0.131627125554942,0.00432855721902728,""
400,-0.145158042044909,-0.00787350489323506,0.0256465044015332,-0.127385042536611,-0.380266457579765,0.0821794989198072,0.177823769579241,0.0525026188517798,0.104029896937951,0.00324917210677831,""
401,-0.134474513055254,-0.0325353384998,0.00984835720050231,-0.157161494354552,-0.373774134786188,0.0288218688752032,0.192897289045992,0.0652899132890462,0.298656154985408,0.0243335193075398,""
402,-0.108974526513149,-0.0378093268170519,-0.00787010374300139,-0.154653957073202,-0.448295194311937,-0.0191459399100965,0.236138720290265,0.0539566006831204,0.296317296783379,0.0257382763120861,""
403,-0.148190049230461,-0.0357050975966902,0.0316204642684314,-0.15227468255872,-0.327170050018788,0.101881854906709,0.167304364499168,0.0352849558206764,0.103939227268513,0.00299180323034235,""
404,-0.177817288410001,0.0103838343178877,0.0326429431229479,-0.134790510969166,-0.35362960889955,0.0972639480367379,0.160745589212774,0.0324076629656957,0.0367944795337734,0.000413384354942473,""
405,-0.118482150150077,-0.0442501560644494,0.0409338221119249,-0.121798484102602,-0.359543755803666,0.124473886896678,0.121952912631582,0.0226497439991209,0.0143480437478736,5.63477489395237e-05,""
406,-0.179951478366787,0.00725632244269745,0.0359213305278065,-0.136773825396283,-0.350563177578138,0.104496445265303,0.169654104996059,0.0673810178921832,-0.0469318269432016,0.000667320358905983,""
407,-0.162211368888034,-0.0196071865023178,0.047453163790588,-0.134365391599764,-0.303063963484179,0.15816124168295,0.116958913042814,0.0222071722495566,-0.0290434593295375,0.000244551684950801,""
408,-0.129262480382089,-0.0231083987973117,0.0172731620160234,-0.135097717163377,-0.434825255974404,0.0485505333691866,0.135011391057501,0.0383444010683141,0.200799322090804,0.0120182480941995,""
409,-0.150822491042276,-0.00056049264286226,0.00821738593967913,-0.143165597745459,-0.345994836615693,0.0273194177875473,0.20723204578698,0.0213660080497601,0.019575426611248,0.00011542677053006,""
410,-0.127300290028183,-0.0119463350894873,0.0234700279768948,-0.115776597140776,-0.299770613980337,0.0706231016834549,0.165077295300082,0.00211441571604283,-0.022631023408085,0.000142481455067677,""
411,-0.113046400053526,-0.038517191822347,0.00766337633269371,-0.14390021554318,-0.402737825118673,0.0228575562362056,0.103826178628656,0.113113775892577,0.335093883096304,0.0298836522505371,""
412,-0.111987104521961,-0.0608052834171606,0.0386791976095103,-0.134113190329611,-0.382688009122917,0.119520916065402,0.194037694135745,0.0158165792464941,-0.0442351859701986,0.000478024996828795,""
413,-0.116433676576942,-0.0333387609426463,0.00322220913556385,-0.146550228384024,-0.462800355219467,0.0104258651748782,0.11700356336337,0.0952037964390284,0.174661613984724,0.00920659445144197,""
414,-0.128161435740481,-0.0648944451021055,0.0104450517670496,-0.182610829075536,-0.424067282132075,0.0251866592070656,0.202184630735718,0.0126858514994796,0.115925849147985,0.00363379554824426,""
415,-0.164984007161994,-0.00992626246528706,0.0204265308448925,-0.154483738782388,-0.357841852616132,0.0540213164440903,0.224273593346871,0.0441095370558568,0.0808935465659676,0.0019497805995827,""
416,-0.19039072511756,-0.0238621981163706,0.0431620496731401,-0.171090873560791,-0.330524399739972,0.134710367087627,0.184367354862927,0.021862402801852,0.0274431513311331,0.000229295945589793,""
417,-0.128392368431935,-0.0343295890990598,-0.003798578162901,-0.166520535693896,-0.37854385882147,-0.0115742421628738,0.106176044418401,0.0438585898228833,0.171699185613763,0.00765006943226151,""
418,-0.150257313007942,-0.00863965743082941,-0.0023264998127697,-0.161223470251541,-0.358638988008235,-0.00592477454883909,0.173405882307277,0.0679006376532151,0.0558936360599348,0.000896010463827171,""
419,-0.11191013438742,-0.0134070478768415,0.00553555742711702,-0.119781624837145,-0.331536581080437,0.0171017365899419,0.194713093340484,0.0277887017404292,0.0427278439965728,0.000488250633385319,""
420,-0.161826740509497,-0.0161032877738592,0.0228588995544963,-0.15507112872886,-0.396960656395105,0.060052935411615,0.135844484208744,0.0329079694016803,0.118905483349833,0.00413338629328522,""
421,-0.133998454537783,-0.059812843994865,0.0333494119199359,-0.160461886612712,-0.340580769940016,0.0962634532556501,0.186206310099261,0.0595447958749687,-0.0309486980527208,0.000223019390720252,""
422,-0.122491676234242,-0.0552924771991295,0.0199265771024831,-0.157857576330888,-0.393081678222909,0.0560852656944607,0.168543229654943,0.0551205546679083,0.192865538152624,0.00980306346977478,""
423,-0.146534411059205,-0.0252885095108165,0.046207991030698,-0.125614929539323,-0.362528000483399,0.133727139964872,0.243091622771622,0.0578745474441462,0.0822610904689465,0.00211402863546001,""
424,-0.185697242459029,-0.0209102068794056,0.0446985951278774,-0.161908854210558,-0.299841094361382,0.130209916816178,0.248569784659102,-0.0433128139225916,0.0571735323461436,0.000951090122565986,""
425,-0.172972923677308,-0.00750816335545143,0.00974319315395738,-0.170737893878802,-0.331651192707388,0.024991873034865,0.15821697732766,-0.0594534290728996,0.177048668344716,0.0094710966455582,""
426,-0.160476203060329,-0.0374331314680664,0.0403420908197891,-0.157567243708606,-0.335194642107085,0.132573785320919,0.175749353239913,0.00839974291919123,0.0165231363516919,8.11012613108423e-05,""
427,-0.120328048987496,-0.0505627216416822,0.0490250114945507,-0.121865759134627,-0.381350260822243,0.158288559450752,0.178224500860711,0.0412298570797868,0.000157331374798998,7.24250214255103e-09,""
428,-0.125330758262667,-0.00858076115410469,0.0020566778851491,-0.131854841531622,-0.339826581536491,0.00685144018578744,0.202681771129524,0.0201889002486237,0.0897006557545532,0.0022693121469039,""
429,-0.158465508487582,-0.0165150768474705,0.028406160331778,-0.146574425003275,-0.321756031143991,0.0829786146512499,0.198302346602476,0.0364608914637762,0.0615998770754358,0.00108720104024398,""
430,-0.115347456527124,-0.0874443052423303,0.0414191793732743,-0.16137258239618,-0.375384305378861,0.126998685760148,0.184828951152306,0.0745783799996626,0.130631549788164,0.00399495862633231,""
431,-0.10131908734177,0.00476151946854152,0.018876761482002,-0.0776808063912268,-0.353198663514378,0.0587183937344384,0.171205397210596,0.0579287323263414,0.118760976917571,0.00422296092397572,""
432,-0.130355668376289,-0.0292209686569263,0.0164420962820543,-0.143134540751161,-0.38848874881141,0.0531872820266299,0.192326440243723,0.0655933010247549,0.209524798684429,0.0127491003169318,""
433,-0.127462144513289,-0.026888529219209,0.027187738109976,-0.127162935622522,-0.359176164366701,0.0785757617809335,0.181594525327205,0.0462331409984557,0.248757910624445,0.0172865618177934,""
434,-0.147810249738681,-0.0428626973722588,0.033819872652337,-0.156853074458603,-0.372994860291843,0.0983817908386717,0.167930230359489,0.0537889182837161,0.0389565338268319,0.000430536649007955,""
435,-0.140873964587414,-0.0326451421853691,0.0191446237737742,-0.154374482999009,-0.434834806318533,0.0566567571223899,0.147883802629046,0.0759485172825057,0.173908307084302,0.00903648084334029,""
436,-0.179193298030783,-0.0200568412420573,0.022425554980156,-0.176824584292685,-0.40274912841369,0.0734059673175811,0.21579543006743,0.0974817052653787,0.221240103471401,0.0157335469300222,""
437,-0.163613275223549,-0.0807567515390871,0.0373293121560651,-0.207040714606571,-0.404661629689883,0.0990708693550686,0.217803488494254,0.0550087832020857,0.155508324572271,0.00643483720675226,""
438,-0.126905521277325,-0.0383459113792869,0.0178072179374663,-0.147444214719145,-0.360656254582424,0.0489145963419807,0.165470606256621,0.0914473153221646,0.175538558212931,0.00813092888858839,""
439,-0.17043678140768,-0.0616647187897422,0.0358204069474923,-0.19628109324993,-0.41790282353169,0.100584708403296,0.192762221375003,0.0815758969771584,0.110130629224479,0.00355151165739142,""
440,-0.142576374557587,-0.0288618892130319,0.0207969719549784,-0.15064129181564,-0.367378260800429,0.0568515355497008,0.228556942963035,0.0516222903948484,0.106293888801507,0.00312158098747413,""
441,-0.156869819352573,0.00228603481021054,0.0216398623988578,-0.132943922143505,-0.350116751494344,0.067607957597337,0.164065114830597,0.0402757773437923,0.104639794921827,0.00332043683308374,""
442,-0.148505001210615,-0.0325622233587786,0.0346661209758766,-0.146401103593517,-0.439834231814186,0.100995471521106,0.182313311308828,0.0972181603312297,0.196724208228127,0.0118661812280553,""
443,-0.097289491009701,-0.0380274771621398,0.0118947735420632,-0.123422194629778,-0.359001269132567,0.0328600171480013,0.192446273654543,0.0651854993500475,0.112574243817547,0.00314775294558776,""
444,-0.140408780091361,-0.0309508223612171,0.028275424147059,-0.143084178305519,-0.403781285111137,0.0824056703290318,0.205848844896872,0.0289923923242599,0.202870488351328,0.0134582400596257,""
445,-0.150710431179678,-0.00823461222440951,0.0208707900563643,-0.138074253347723,-0.304801752305908,0.0601264291748994,0.189597121655358,0.0414350958814174,0.03306979321275,0.000318009903671638,""
446,-0.0907679035394672,-0.0262390047842543,0.0199379464468827,-0.0970689618768388,-0.336869463157687,0.0608604514178572,0.178897456061762,-0.00754500068667816,0.00574800368935985,8.88806197366688e-06,""
447,-0.137852812772438,-0.00976712934416666,0.0149401375132681,-0.132679804603337,-0.359009581652761,0.0496905803355027,0.165652051354666,0.0472036819138448,0.105226772055658,0.00330250387493393,""
448,-0.119591339161431,-0.0347215422402313,0.0138777604622352,-0.140435120939427,-0.418052322359315,0.0412781623391299,0.185180063540961,0.0807859692191772,0.151030423759061,0.00645513316556261,""
449,-0.12858783376579,-0.00858014981301512,-0.0057994574451568,-0.142967441023962,-0.350234817067073,-0.0152934134789773,0.22539644981995,-0.0304416497346377,0.0336503180363445,0.000336262270810611,""
450,-0.183372778426215,0.0194143337501675,0.00537796062741681,-0.158580484048631,-0.330689285615921,0.0154672706973114,0.198830186137113,0.0253586066136492,0.0935094510265746,0.00261693845478097,""
451,-0.141543213780051,-0.0549335043699583,0.0373286652752028,-0.159148052874806,-0.441101516616153,0.0962355931908252,0.194530684231887,0.0620283163908091,0.153428989529866,0.00669958306250904,""
452,-0.15834380544554,-0.0178067932740436,0.0338207304601251,-0.142329868259459,-0.277492823514579,0.102091674408545,0.272955255879743,-0.0242534691560853,0.0455533646640197,0.000607039551905863,""
453,-0.120759508383247,-0.0245991052106414,-0.00189075204708967,-0.147249365640978,-0.371647320327507,-0.00513328232995645,0.179995199979254,0.0403064557006548,0.00285582432277782,2.19272377477739e-06,""
454,-0.148014942315013,-0.0488246259296689,0.0298961503080663,-0.166943417936615,-0.384172201478154,0.080676731449727,0.24615508403198,0.0479497546289223,0.150385328994307,0.00643669140015727,""
455,-0.132545931290253,-0.0497225006329585,0.0240415866703636,-0.158226845252848,-0.434326805410015,0.0669962801171846,0.181717438692063,0.0628549597184032,0.114906666803099,0.00386851813765735,""
456,-0.139872727863329,-0.0589382699823629,0.0378374856197698,-0.160973512225922,-0.410434794305913,0.114781843224234,0.148240397977885,0.0370646591285339,0.148674281311942,0.00572898032885069,""
457,-0.141296460714269,-0.00424494706372479,0.0260718409079587,-0.119469566870035,-0.332012085776606,0.0784013805493826,0.136027357900648,-0.0174456112640894,0.00388728052571018,4.19095491759432e-06,""
458,-0.126716555878929,-0.0538228697616761,0.0437068331235088,-0.136832592517096,-0.400217323708932,0.118282374751739,0.223790934417924,0.0328194184274486,0.227939420547473,0.0151202630542217,""
459,-0.15421154264167,-0.00676909766686013,0.0243476299367941,-0.136633010371736,-0.382244183484024,0.0721957430962306,0.18255098927084,0.0348445590416846,0.230144407276191,0.0161718885978794,""
460,-0.162932032433694,-0.0154624871823303,0.0114583169101145,-0.16693620270591,-0.339010488459838,0.0362969393500734,0.236520779702222,-0.0182724245759905,0.0777718971751964,0.00191750227887938,""
461,-0.143074777561738,-0.0193225517731178,0.0497894353983442,-0.112607893936512,-0.40101677114163,0.138408973533781,0.212014919224589,0.0867463779211957,0.140629124889771,0.00604630304735403,""
462,-0.0882408355948159,-0.0482909668416432,0.0115529756265608,-0.124978826809898,-0.304747418687216,0.0348167148485525,0.229301520474933,-0.0470814638311337,-0.0229071103916264,0.000126063911434758,""
463,-0.152092561501573,-0.041735519507603,0.0192870213677101,-0.174541059641466,-0.308439700949146,0.0596156747981199,0.137681985945049,0.025717897359192,-0.0286467417109994,0.000209091314949889,""
464,-0.199759999578948,-0.00779810100436455,0.0223013764594285,-0.185256724123884,-0.390121606212833,0.0759304598945103,0.149460204499985,0.0766942025578976,0.303222394708775,0.0297969380162896,""
465,-0.120983102963554,-0.0145244327956527,0.0161331109566866,-0.11937442480252,-0.371350337837726,0.0449933861421115,0.158199046024385,0.0629092946740221,0.0961316952087198,0.00254852123358496,""
466,-0.125989114794267,-0.0467189911054645,0.0219281816328463,-0.150779924266886,-0.395769218827735,0.0560921469999823,0.209203352848333,0.0403510817363884,0.259825053590002,0.0187351440141438,""
467,-0.0997664449735724,-0.0390130558297828,0.00787865284404527,-0.13090084795931,-0.458433386676987,0.0243921406989749,0.145313080124629,0.108338362906374,0.232584724639636,0.0158751922220332,""
468,-0.139884776827405,-0.022940682689256,0.0311670572926308,-0.13165840222403,-0.392091830723721,0.087554364778585,0.14360421409527,0.0775888113839527,0.167606473590706,0.00791089544574618,""
469,-0.122168515002355,-0.0409296091617868,0.00765544276666642,-0.155442681397475,-0.379840340462434,0.0234902027837873,0.155126187828175,0.0771008677701328,0.190898103606353,0.00988036109634706,""
470,-0.133188581171974,-0.0247141775165469,0.0214861111830658,-0.136416647505456,-0.395057802895628,0.0591406342025483,0.138694854222647,0.0152362168497809,0.14234830407587,0.00557127071024785,""
471,-0.158851265069658,-0.0224202838266743,0.021165541963131,-0.160106006933202,-0.312384582445845,0.0574379677670327,0.214749962800775,-0.0012450390373937,-0.0285518858629504,0.000215923121515301,""
472,-0.124216369599876,0.00312993723436212,0.0117434813378021,-0.109342951027711,-0.278642990537157,0.0430374672292112,0.142041348648521,-0.0958942715384844,0.076454628461132,0.00166060891420877,""
473,-0.197824179844696,-0.00479309899165149,0.0174082671649036,-0.185209011671444,-0.320527863769511,0.0490003666786868,0.222457578672485,0.0226228351008231,0.138469260764001,0.00599122268827355,""
474,-0.142186056652176,-0.0380300495294887,0.0278568963893563,-0.152359209792309,-0.433668530387092,0.0741418131115927,0.161211218927107,0.0251905303837053,0.0744964913463788,0.00159706158044694,""
475,-0.166909594015687,0.000305001812668298,0.000292305379019462,-0.166312286823999,-0.339029446916576,0.000793525562119604,0.231925594083589,0.0430315290965436,0.0758207777735646,0.00162537921663997,""
476,-0.0896798274930648,-0.0217068358721569,0.0196722591882785,-0.0917144041769432,-0.34597786022337,0.059878320662809,0.176383857963279,0.0443527379569013,0.257973465610191,0.0178075357286876,""
477,-0.126787318071541,-0.0400450823207407,0.0409906158874511,-0.12584178450483,-0.430594616826768,0.137536821462885,0.163831548985795,0.0713468891807852,0.0745900807229988,0.00177596805972024,""
478,-0.104159085763554,-0.0256336307013896,0.0243940425694067,-0.105398673895536,-0.42212511964477,0.0669435809270932,0.157218060211773,0.0141295065177872,0.0358580121518658,0.000363378644651041,""
479,-0.16777913384463,0.0081867033609457,0.0526627634626109,-0.106929667021073,-0.291327744446591,0.172208600567266,0.157061624094784,-0.0208039329469625,0.0133729953879001,5.28068306030779e-05,""
480,-0.142116930969654,-0.0838797529538968,0.02924616184539,-0.196750522078161,-0.40741936459969,0.0885836095474907,0.199267469523545,0.0646497568879092,0.157378274657724,0.00656712034946092,""
481,-0.140038507606644,-0.0223070043683054,0.0314728676053494,-0.1308726443696,-0.394136049261997,0.105718960376223,0.146159709312888,0.027018867045066,0.112149837795805,0.00395744887314821,""
482,-0.117741314101355,-0.0418666276059868,0.00454846107815988,-0.155059480629182,-0.315246479890338,0.01418630424918,0.170952641771287,0.0228557850648793,0.0445565273135431,0.000506908223741344,""
483,-0.108515762543457,-0.0319651411756294,0.0216181719116025,-0.118862731807484,-0.326621725288794,0.0759644555011416,0.145426876076457,-0.0207335150926076,0.0263038370311552,0.000183365261917933,""
484,-0.152356672968968,-0.0337096780464359,0.01966562260765,-0.166400728407754,-0.379267983218445,0.0596251637001411,0.263001954740195,0.0214190328540398,0.143216021793429,0.006267693010283,""
485,-0.145973868776633,-0.0226129134932086,0.0486657564757952,-0.119921025794047,-0.318727943951914,0.149175113698082,0.161200788184645,-0.00757277929878451,-0.0444722854138261,0.000564160089561163,""
486,-0.126344553140185,-0.0102308253189006,0.0297880738008217,-0.106787304658264,-0.349161492456736,0.0914725561975511,0.118432087859667,0.0274706889260357,-0.0037974622374118,4.09221944323455e-06,""
487,-0.197068929269013,-0.0230856431625127,0.0341763782877554,-0.18597819414377,-0.356525315260835,0.11822067949578,0.234123558800247,0.0117413821944408,0.0999222490014004,0.00326256479362997,""
488,-0.114059185037197,-0.0411040257630432,0.0252632100510549,-0.129900000749186,-0.350907849363801,0.0899149235212503,0.125445073715867,-0.024143271269183,0.0467774135583644,0.000567571723465183,""
489,-0.163082508628184,0.0101547758005525,-0.00308906114282511,-0.156016793970457,-0.423336556051621,-0.00881857348103453,0.196459949088517,0.063554147641573,0.130760842194961,0.00530829551960876,""
490,-0.145333160063082,-0.0168132653074167,0.00949519049447978,-0.152651234876019,-0.3412044214557,0.0314350221188696,0.111370035335668,-0.00944008751207509,0.0627676830092295,0.00107844341893679,""
491,-0.164159067753403,0.00393301869671964,-0.000160223887470952,-0.160386272944155,-0.347258297757467,-0.000462201703099491,0.148078418053333,0.00994048996269433,0.118889290703447,0.00396106931849466,""
492,-0.114185742242343,-0.0492364866301878,0.0228047956166212,-0.14061743325591,-0.38892194141593,0.0741130164861495,0.175148405244866,0.101448421045778,0.185592342969118,0.00941413146964582,""
493,-0.158184178871304,-0.0470687102196137,0.0375209390869883,-0.16773195000393,-0.366028465540226,0.101044277931347,0.222566412395693,0.0564709303920279,0.0658540175849778,0.00121779295363768,""
494,-0.157565381327957,-0.0320339684561434,0.027716771831004,-0.161882577953097,-0.337264875513012,0.0856152007293725,0.223988828670826,0.0449475860514926,0.117179500438441,0.00392453667609341,""
495,-0.0931082564486048,-0.0328670907941419,-0.00386012296027491,-0.129835470203022,-0.34330321462933,-0.011127987740231,0.221673416179275,0.0333241775069579,0.310465309000994,0.024718230493138,""
496,-0.0997364627001931,-0.0439578741603254,0.0388136931922735,-0.104880643668245,-0.409231495307459,0.105255572202294,0.198805568711,-0.00336423826004331,0.207767291908393,0.012267676284943,""
497,-0.149164696268977,-0.042318162112244,0.0274126520854178,-0.164070206295804,-0.415523883721122,0.0822801544894896,0.216110658048886,0.0550138948837146,0.198164928915318,0.0121833882934762,""
498,-0.195583733165806,-0.00641973628828334,0.041246049875498,-0.160757419578591,-0.399265487265532,0.109223131113938,0.264553418339336,0.0501293984751192,0.0565287205578578,0.00108279855382434,""
499,-0.137858432784256,-0.0226517796840642,0.0184809759323043,-0.142029236536016,-0.342443430773566,0.0541774243515464,0.183709379075201,0.0488549916652927,0.163572999535969,0.00747187434846462,""
500,-0.137070474638792,-0.0149377403799089,0.0264986263135546,-0.125509588705147,-0.292467504985395,0.0825412328341852,0.155986081726659,0.0171759256321552,-0.0304899724264592,0.000254791128093996,""
501,-0.150397077404969,-0.0348247862229723,0.0307977124614902,-0.154424151166451,-0.296368377260832,0.0887490833644678,0.165849208851019,0.00656741962738209,-0.103645738844142,0.00265548350099642,""
502,-0.151956272094389,-0.0299718096045617,0.0251220618289073,-0.156806019870043,-0.382946485675309,0.06653885056332,0.218105967288531,0.0561191315883031,0.0403950320579033,0.000442719933901752,""
503,-0.133502422034085,-0.0262564769845178,0.0221569417741341,-0.137601957244469,-0.38898854027573,0.0581960710143312,0.240473196425443,0.0768348822843089,0.0924787117370103,0.00239399585824236,""
504,-0.165757082015901,0.0211507488365248,0.0103818320795365,-0.13422450109984,-0.397057091225054,0.0304499570000965,0.193447457506887,0.0325972729196858,0.0441799854397608,0.000626611828538421,""
505,-0.192890152872496,0.00300826157895378,0.0382179744758305,-0.151663916817711,-0.315853494419401,0.116515740702387,0.16421571740883,-0.00684329551801786,0.0850346706977846,0.00218790176402418,""
506,-0.140100647222204,-0.00635030361411414,0.0267055796687017,-0.119745371167617,-0.286926807497774,0.0874990809782029,0.157600140584059,-0.0436862939992028,0.0224459915092508,0.000144507627571131,""
507,-0.164502827834443,-0.00826089057191411,0.0242960110454922,-0.148467707360865,-0.401404364428148,0.0668380783869124,0.168559408839156,0.0427688126417529,0.1372279428186,0.00592129621643419,""
508,-0.130204967133317,-0.0268050913146364,0.0394967231203805,-0.117513335327573,-0.331942633541688,0.10534043965374,0.134235625172527,0.031275501294549,0.12718977643501,0.00428727087268621,""
509,-0.129554597711359,-0.024359533228965,0.0274551548494536,-0.12645897609087,-0.299109965747424,0.0845698692922569,0.251213448655216,-0.00353914718995212,0.0258151679829472,0.000188855008882887,""
510,-0.147111290005562,-0.0521590224709917,0.0183721742052602,-0.180898138271294,-0.376558872372411,0.0500283985014312,0.151417524941678,0.0187195752483177,0.0272739194806979,0.000177593371329378,""
511,-0.147575972424513,-0.0202484844087679,0.0200798410176358,-0.147744615815646,-0.291702840754743,0.0564119023589153,0.193687238705093,-0.00352973738274938,-0.0605781954616025,0.000981655017718394,""
512,-0.149043850534614,-0.015662385028752,0.0353258499955629,-0.129380385567803,-0.315602908266482,0.110289894932278,0.177838372577938,0.0155704402517411,-0.0206567748681459,0.000124298858964225,""
513,-0.160893245093391,0.0217567318400437,0.0144864295907965,-0.124650083662551,-0.355904223071772,0.0434537308478248,0.194807606819134,0.0615085321910966,0.0757097005543405,0.00174441842503363,""
514,-0.180432100257217,-0.0219248898419168,0.0207673184661484,-0.181589671632985,-0.381428459358988,0.0701181234312302,0.139470974459661,0.0586437223578361,0.169844327183563,0.00872899684961789,""
515,-0.148907525853279,-0.0565746770999352,0.0361721412094073,-0.169310061743807,-0.388717876301368,0.11649246454077,0.224180088539663,0.0670290173668846,0.121540060001344,0.00432975713717923,""
516,-0.133758363794744,-0.0392786997759552,0.0373398505597631,-0.135697213010936,-0.367661430133467,0.125034731552768,0.159374454347018,0.0500884757554602,0.240359175204991,0.0162312896906537,""
517,-0.131151666563871,-0.0346583926500298,0.0362592163578231,-0.129550842856078,-0.3044426723672,0.103618120684586,0.200355293143401,0.01158357717517,0.124807892514542,0.00407200497867264,""
518,-0.138066099811391,-0.053777895395908,0.0283627094002989,-0.163481285807,-0.429343378015921,0.0786138490328609,0.1829500437257,0.0664794581106993,0.148848083732669,0.00584775501777745,""
519,-0.149602894931282,-0.0182593787975891,0.0172175278175837,-0.150644745911288,-0.378523824999226,0.0502214925433059,0.211979607361068,0.0774211160045647,0.0757073858590849,0.00170605840600578,""
520,-0.149349223726414,-0.0140573446704042,0.0125520089310532,-0.150854559465765,-0.340081296724241,0.0372332734005136,0.217151858787029,0.00520482193779437,0.0591826814902164,0.00103369545393986,""
521,-0.145761041678378,-0.0492952911209416,0.0351724759891755,-0.159883856810144,-0.426611957072198,0.111535669017707,0.222751214992568,0.0887325475314614,0.217442695928434,0.0148656372487919,""
522,-0.105626132060257,-0.0610148887188863,0.033140185811394,-0.133500834967749,-0.405469370668828,0.0950022594651203,0.170692230325638,0.0252242103513608,0.253132776044971,0.0177601819990155,""
523,-0.102024752383617,-0.0532012163655672,0.00603695192816023,-0.149189016821024,-0.385764837743826,0.0169406624826688,0.173794407011609,0.055289009790109,0.124806233824819,0.0039259588483805,""
524,-0.143284242644143,-0.00895263463982175,0.0296418984543276,-0.122594978829637,-0.362959739878141,0.0932492569927446,0.156440696836148,-0.0120317701913132,0.0733400140507308,0.00160934603957568,""
525,-0.142725034747551,0.0133057136285581,0.0359648072771523,-0.0934545138418408,-0.333900968911797,0.104725039971764,0.253036746573798,-0.0911514430760342,0.0534215873325943,0.00085428559122038,""
526,-0.141907714597339,-0.0268687026547559,0.0249677093306186,-0.143808707921476,-0.349523565769569,0.0741027898069634,0.189526255799288,0.0771512627078619,0.144902567860547,0.00604740308532666,""
527,-0.13120133554022,0.0194450574366329,0.0283840306417924,-0.0833722474617947,-0.297027015663621,0.0894036106120339,0.190333476358125,-0.0246686809456629,0.0232233783559351,0.000154405475755317,""
528,-0.109263493104195,-0.0452726906256933,0.0129226960733903,-0.141613487656498,-0.411896786013418,0.0407185959613668,0.131928279421273,0.0950268740161554,0.186134478815757,0.00924737175576008,""
529,-0.134667545679268,-0.0209880665514889,0.0243261188196126,-0.131329493411144,-0.303476925338933,0.0697608362066906,0.214401261574923,-0.0132346444676054,0.0240284178804472,0.000151274268089608,""
530,-0.125768109017996,-0.0486946312420038,0.0259543169912425,-0.148508423268757,-0.433279855820067,0.0765954226783474,0.219707945061987,0.0894220844267071,0.0278018787931665,0.000232572448161162,""
531,-0.158108629243974,-0.0337677299057077,0.0171810091925155,-0.174695349957166,-0.343785294910169,0.048231425172843,0.208183626602709,0.0384791635522502,0.195679913187942,0.0108954211754318,""
532,-0.137919921111661,0.00357615976764847,-0.00090009645576842,-0.135243857799781,-0.304737243678342,-0.00277058306013019,0.165310253577649,0.0351972891815156,0.0945964193672876,0.00237649660436718,""
533,-0.130926364763714,-0.078126333159667,0.0535742518248915,-0.155478446098489,-0.382718149494076,0.166445251455054,0.162849780571294,0.0460274003011796,0.107675442219132,0.00300192227536811,""
534,-0.098835796043838,-0.00100112251066936,0.0221274845672153,-0.0777094339872921,-0.353436633594745,0.0670431807921398,0.192411565115153,0.052971986361446,0.124268975011697,0.00467563117074452,""
535,-0.145636405435289,0.00170984251142251,0.0162873675432948,-0.127639195380572,-0.297921525780469,0.0533399360728509,0.211735347059601,-0.0449525623039126,-0.119083191301429,0.00408223839830704,""
536,-0.175326898247988,0.00149244945945119,0.0174550182619172,-0.15637943052662,-0.296822665147119,0.0469021546315334,0.224980467661783,0.000849037965970528,0.0640234108774494,0.00119391564091956,""
537,-0.155316164570559,-0.036815715702611,0.0320966745685204,-0.16003520570465,-0.386617920010744,0.0850966908581525,0.216676430436111,0.0771767547418787,0.170439500027512,0.00882985640487239,""
538,-0.145982190969251,-0.0394442599585749,0.00968226060291376,-0.175744190324912,-0.376701092659435,0.0245903966013281,0.204033573514824,0.0471428926720365,0.154802938064097,0.00664784721505159,""
539,-0.13399717193179,-0.0241600982538679,0.0396337257840483,-0.11852354440161,-0.278321287239725,0.122074082339159,0.198610708664103,-0.0838407637555273,-0.0213380069553389,0.000122970157059109,""
540,-0.136756153969609,-0.0183838994825873,0.030550136323599,-0.124589917128597,-0.35455786886555,0.102670440090305,0.122372024028605,0.0035399551579917,0.0727078428810179,0.00154439080957125,""
541,-0.132038031245933,-0.0254021977513389,0.0199413220312789,-0.137498906965993,-0.430348598787537,0.0616095020707591,0.178392439298552,0.101216145406238,0.0838129024695124,0.00210692489609773,""
542,-0.0980551356794514,-0.0819919081542915,0.0241282796371835,-0.155918764196559,-0.418129935085451,0.0696699158751812,0.193914476915691,0.0606417386449743,-0.0409910139492015,0.00041167895041913,""
543,-0.0928122040244284,-0.027383488071351,0.0392007617628735,-0.0809949303329059,-0.357785507486487,0.128044948729486,0.200265575168927,0.0452905595423927,0.122789487201532,0.00444342462395668,""
544,-0.116924511508113,-0.0238959593923031,0.00701360439449137,-0.133806866505925,-0.287634197312163,0.0218049422441477,0.235148667076283,-0.167079260727347,0.0565261459599826,0.000875733973949803,""
545,-0.125296166370463,-0.0243022199971676,0.0309138290187919,-0.118684557348839,-0.371295133278615,0.0851063193204354,0.246711801495526,0.103457272367919,0.0902536562778955,0.00247369173807802,""
546,-0.163411720383445,0.00709764690794857,0.0270011264304637,-0.129312947045033,-0.385394429872014,0.0790891461102048,0.211798608961159,0.0803179901529294,0.201416967732377,0.0131105193633448,""
547,-0.142345290870894,-0.0318958259770491,0.0510023587993288,-0.123238758048614,-0.343074472029907,0.153111882273002,0.180362170193444,0.0234697231739014,0.139634157280216,0.00552819341174721,""
548,-0.106641043807954,0.0150009831323088,0.0231798374023766,-0.0684602232732689,-0.390962800505781,0.0700379616581843,0.198222995976836,0.0315022283952364,0.0259967738000526,0.000211434415425041,""
549,-0.119489988181689,-0.0441021616904133,0.0188426386638523,-0.14474951120825,-0.385738809555996,0.0497899967884899,0.150901156729601,0.0585523947246288,0.148666744644379,0.0055785930164406,""
550,-0.114020403032404,-0.0475726402529845,0.0217230760861408,-0.139869967199248,-0.4065431665111,0.0657464277001571,0.120202167183255,0.0734864825790447,0.0344122797413177,0.000295226446190367,""
551,-0.101141964800907,-0.00257510626376151,0.00368758256281937,-0.100029488501849,-0.403074711465211,0.0100192851424393,0.119799646182834,0.0510548130956903,0.22463880726427,0.014266632951013,""
552,-0.160192608075309,-0.0461240197367022,0.011083407614906,-0.195233220197105,-0.371990047795237,0.0338465121524218,0.145144254890832,0.00437133643091504,0.102222438267111,0.00250566665799218,""
553,-0.0982190184494518,-0.0599217272461044,0.019193778752903,-0.138946966942653,-0.395831199256037,0.0579373335403791,0.228418519634638,0.046940414624578,0.20592176698979,0.0109681938730369,""
554,-0.15552374217892,-0.0301050962463264,0.00752125313156123,-0.178107585293685,-0.285264777082009,0.0201881375377816,0.217375041444819,0.00991246267921777,0.0365225428782209,0.000347761755635316,""
555,-0.154275705181493,-0.0200476722123545,0.0287190868810659,-0.145604290512782,-0.282021451819391,0.104158583890644,0.192983907698206,-0.0249054259345496,0.0335993508708619,0.00031578689903463,""
556,-0.155088727122362,-0.0158296918445063,0.0365393116590898,-0.134379107307779,-0.355241298054522,0.114450144945267,0.221236686025105,-0.0242663292179885,0.162912733587354,0.00817732961357929,""
557,-0.13392883883924,-0.0163821315882403,0.0238762999418929,-0.126434670485587,-0.412156905386896,0.0659031079134298,0.187527466094776,0.112019376809112,0.239808308957101,0.0169970570630416,""
558,-0.159170965862386,-0.0383173880565424,0.030685490337492,-0.166802863581436,-0.344779120336803,0.0950030531700436,0.177616586102351,0.0430269265705548,0.166312612563427,0.00776635316926513,""
559,-0.142324807101704,-0.049970213561602,0.0189898464239083,-0.173305174239398,-0.380093847741823,0.0527860353561614,0.184322475407798,0.0509281069029931,0.217894631502225,0.0133096875300506,""
560,-0.217351913398691,0.00910526542652918,0.029720127243836,-0.178526520728325,-0.329632072102044,0.083927014892283,0.190067343772648,0.0259085148698137,-0.0250971201598128,0.000191856927925486,""
561,-0.191951422392065,-0.0415939847766972,0.0408021825775063,-0.192743224591256,-0.397082425170633,0.100630609235179,0.221997233458633,0.0240371735558875,-0.0735529167059072,0.00154450873483735,""
562,-0.171791802955288,-0.0630136677537269,0.029349241081296,-0.205456229627719,-0.329949593942296,0.0895299880142559,0.238857869589782,-0.00781864730260363,0.144051896455609,0.00503375809676044,""
563,-0.108898938489496,-0.0626652813243524,0.0523084699887385,-0.11925574982511,-0.41619234384131,0.14398225029764,0.16388905230882,0.07873781231596,0.197491381351196,0.0106561130554924,""
564,-0.131726078831103,-0.0175489928294937,0.0199707648535315,-0.129304306807065,-0.351308638345394,0.0629409566590008,0.105468934430167,0.025043226795286,0.0360005719844041,0.000362730801065239,""
565,-0.128652512438157,-0.0196643009398802,0.00862099404716675,-0.13969581933087,-0.20964423053298,0.0237747688427325,0.171419653383239,-0.0483926739156631,-0.0460731438177835,0.000500523985115276,""
566,-0.127572530516205,-0.0246624951647886,0.0194511455811544,-0.13278388009984,-0.343660826727015,0.0620501251248444,0.179443870577117,0.0496844025246925,-0.0240489170963778,0.0001605679098789,""
567,-0.130942555381217,-0.005820251081021,-0.010528959927525,-0.147291766389763,-0.441653850997884,-0.0277459170874773,0.121944189050778,0.0236221447523276,0.304784102806268,0.0282434316317236,""
568,-0.147014176742298,-0.0140453300122234,0.0243314836634866,-0.136728023091035,-0.409183348810567,0.0669447712024162,0.158643601929035,0.0949407240026978,0.0407609898062953,0.000474323340879049,""
569,-0.154099720008258,-0.0493803463893568,0.0540258617251147,-0.1494542046725,-0.329202302407513,0.162914700481854,0.16732792252906,0.0549937589108313,0.0241942816504797,0.000163465838300094,""
570,-0.164259131485937,0.00184629380085959,0.00887496758656425,-0.153537870098513,-0.40339719803528,0.0280593689811049,0.221311881676924,0.0971397943375599,0.14097836862667,0.00630089708749482,""
571,-0.145646268132599,-0.0349695352124944,0.0202567113781348,-0.160359091966958,-0.325945239096368,0.068421682404688,0.184901609832031,-0.0246044809598151,0.127319704862203,0.00423197637368923,""
572,-0.151392249631948,-0.0219286163788213,0.0336361331047538,-0.139684732906015,-0.382227365021497,0.109522732500405,0.133920848857107,0.0563139721527805,0.0446066978037687,0.000589806688859842,""
573,-0.151094818973671,-0.0153494997409946,-0.00379351433398917,-0.170237833048655,-0.343933054442562,-0.0105112636877445,0.154977156226597,0.0591216673173916,0.163601917829815,0.00732715389343403,""
574,-0.152320034999349,0.0114503072641734,0.0377440194096219,-0.103125708325554,-0.340677585693574,0.127117422390976,0.142681365577448,0.0194320086143191,0.0406311937745991,0.000498807514573077,""
575,-0.14153905397894,-0.0286425639074899,0.0354893194946168,-0.134692298391813,-0.377115535817768,0.0969611806689034,0.194741204513923,0.0552450356576266,0.178205654136998,0.00948850717972414,""
576,-0.140263027830649,0.0228083887963018,0.00458126857447432,-0.112873370459873,-0.301713862307092,0.0156035629252611,0.124703509935815,-0.0509517892782805,0.0597698717081506,0.00100730725988326,""
577,-0.146344561333413,-0.029170397696596,0.00874705183279416,-0.166767907197214,-0.36428674851287,0.0260434093289603,0.103972474700938,0.0582144087414208,0.0917919084849509,0.0020625755998336,""
578,-0.170520777297129,-0.00132432283955985,0.0239616021068252,-0.147883498029864,-0.23422266973662,0.0726997593514645,0.218349380709716,-0.0379910774269718,0.0467456526547895,0.000619131617784731,""
579,-0.12519107785193,-0.0231137452904176,-0.00123871015013053,-0.149543533292478,-0.383008033767864,-0.00327715279327016,0.202184261197245,0.021534330867097,0.17692833829816,0.00830470377252472,""
580,-0.146436496058424,-0.00829399344151008,0.0374182368385187,-0.117312252661416,-0.329387569920358,0.131333453294335,0.184838994351468,-0.0435772046295634,0.0535981948051962,0.000870010147860649,""
581,-0.1379205606975,-0.00229796346865624,0.00691946271260273,-0.133299061453553,-0.35392312165619,0.0178466085828505,0.18244907551462,-0.0126168884060294,0.173330650808543,0.00904571583831085,""
582,-0.173145968019712,0.0026916949789192,0.0158842942328413,-0.154569978807951,-0.390142487169586,0.0418188673429366,0.148464734434949,0.00755958703469873,0.0517053856985944,0.000772016708935768,""
583,-0.11748241918555,-0.0193277679579577,0.0278098306426372,-0.10900035650087,-0.258200225284655,0.0949477784862451,0.220114734810289,-0.05455748624341,-0.120533042879168,0.00364496328379216,""
584,-0.0926554944136175,-0.0287607179926171,0.0251174161768341,-0.0962987962294005,-0.319999969385081,0.0787766832915892,0.173778012006826,0.0103975066691502,-0.0162849968979223,6.80210681601274e-05,""
585,-0.15534095563935,-0.0196337268368902,0.0432478192957751,-0.131726863180465,-0.289452146662308,0.146691821733331,0.231953881552928,-0.0936673231780907,0.0788763486242004,0.00181675452731528,""
586,-0.104375062940156,0.0168884610022653,0.02769596851684,-0.0597906334210502,-0.327830656154549,0.0998416557644966,0.140889999204627,-0.0311056631726701,0.00727823569369906,1.53254014198952e-05,""
587,-0.135777745016638,0.0117575078502444,0.0288102396482049,-0.0952099975181889,-0.254131723382556,0.0892804407071167,0.175452588500708,-0.0808370360270983,-0.0652693200357436,0.00121125044464759,""
588,-0.172822141887258,-0.0111779323131508,0.0417831141295414,-0.142216960070868,-0.314161419188092,0.129717895535453,0.21038987585429,0.0207334998398123,0.0320144856603029,0.000299080882349847,""
589,-0.156651308816452,-0.000619047306994163,0.0486920023651447,-0.108578353758302,-0.34974555791202,0.140934288433888,0.219951340112992,-0.00427075472960798,-0.00386835360728657,4.69939781484965e-06,""
590,-0.1070441400651,-0.0107585453420607,0.0415502590497251,-0.0762524263574355,-0.328122189512763,0.140882570386523,0.145360496734395,0.00338923075201787,-0.0158966134674189,7.43933386734003e-05,""
591,-0.111154412764574,-0.0412269423946148,0.0324733563391322,-0.119907998820056,-0.400952254607573,0.0998295526624331,0.190765819179161,0.108202300472787,0.280974147421976,0.0220882254077548,""
592,-0.126638903685012,-0.0483647560535153,0.0326468333342736,-0.142356826404253,-0.316816145004826,0.113508245525805,0.213530442437238,-0.0142644896451693,-0.0558882065171823,0.000802671711216537,""
593,-0.149689763348247,-0.0279672218220698,0.0319063495341886,-0.145750635636128,-0.339439887260863,0.0988941573221707,0.162543501183015,0.0651113639824218,0.173024362017156,0.00825685437585042,""
594,-0.101200407746838,-0.058964888879938,0.0143688845423138,-0.145796412084463,-0.394665762698101,0.0433933327672223,0.265743468881765,0.0700736898681758,0.0927636025017779,0.00223905919362831,""
595,-0.126308324362852,-0.044241524319327,0.008704301447916,-0.161845547234263,-0.283671181430579,0.0278222858849945,0.204060895211811,-0.00954259742389176,0.125853731529225,0.0037244069912372,""
596,-0.135331872129145,-0.070476823438757,0.01079706788537,-0.195011627682532,-0.381781819898304,0.0322138012192197,0.226447778179423,0.0134582581547265,0.247799174494366,0.0149833492890825,""
597,-0.123971754740821,-0.0247705752361155,0.0174833593012089,-0.131258970675728,-0.398394313187963,0.0503175268215899,0.122762567551285,0.0525048985918252,0.137856501138989,0.00533916606560241,""
598,-0.162658339567442,-0.0263096897946009,0.0192922703728765,-0.169675758989166,-0.3789130745857,0.0555153376053941,0.299948895363397,0.0444036899995347,0.328089084985335,0.0358124596422438,""
599,-0.130904276046019,-0.0303619981175936,0.0233766884553139,-0.137889585708299,-0.366533779135943,0.0683907051334352,0.141536678916829,0.0457643193666672,0.168339251613731,0.00767496810565653,""
600,-0.121467923388343,-0.0551850642277634,0.0214534707637102,-0.155199516852396,-0.439030266093515,0.0589204623989615,0.171796857737965,0.0965955611743767,0.157079435417002,0.0063637280477856,""
601,-0.162980288221234,0.00525218090085402,0.0228016107934945,-0.134926496526885,-0.372016853918118,0.0727079335456933,0.160300256759756,0.0370515998075027,0.204680763947488,0.012693400056806,""
602,-0.133218672653564,-0.0196668832151456,0.0203798249154595,-0.13250573095325,-0.385513848968793,0.0594309630867269,0.2379019723367,0.0547812660103722,0.138834512509252,0.00609021968769755,""
603,-0.154558690306833,-0.0144664864182687,0.0380957080643702,-0.130929468660732,-0.352284772175761,0.115766417489476,0.177310451715353,0.0481649228677647,0.170626739717978,0.00885663312303825,""
604,-0.156054664492454,-0.020525472573951,0.0162317126233049,-0.1603484244431,-0.244329279329998,0.0535073661886086,0.170141014022769,-0.0587714445474744,-0.0790790615365669,0.00163952852033963,""
605,-0.145719468664311,-0.0456117740990332,0.0176273442065077,-0.173703898556837,-0.358091373018525,0.0498516135499964,0.191473296925016,0.0698022251795182,0.103961531735937,0.00263393451446273,""
606,-0.147573319708148,-0.00539380758769206,0.0340135909451381,-0.118953536350702,-0.347907362526938,0.102740696249985,0.167449649733236,0.0631973174626797,0.112849285548658,0.00376182815886103,""
607,-0.127416466541883,-0.0479189059690933,0.0290422201989018,-0.146293152312074,-0.324900295908025,0.0762191986902093,0.256971252797709,0.0146330289052841,0.115187229685409,0.0038162928657006,""
608,-0.130262258949674,-0.0190769280209089,0.011550761184375,-0.137788425786208,-0.421804085234762,0.0343220192322053,0.179098133076835,0.0743970445042094,0.190246718272788,0.0109838496738519,""
609,-0.12014683739174,-0.0528346262986435,0.0409516629582508,-0.132029800732133,-0.475830873001582,0.123431565868743,0.212091914514206,0.119096704112306,0.204624930648281,0.013146968830544,""
610,-0.161587246020437,-0.0192797785069022,0.0222783796073539,-0.158588644919985,-0.417253698725955,0.0653360943916815,0.213711449797915,0.102383932408217,0.198129314850147,0.0123551042484502,""
611,-0.133506263526821,-0.018282129712881,0.0118356624651118,-0.13995273077459,-0.358177219299177,0.0322826686163509,0.169986369713067,0.0281445178322896,0.163242434347821,0.00732408321243996,""
612,-0.176613653945267,-0.0164436093523241,0.0347188264558536,-0.158338436841738,-0.365305397004177,0.112861964468748,0.185679855591936,0.0388900581506329,0.0590988975437803,0.00105426453465788,""
613,-0.109720010758208,-0.0454415786115119,0.0225163444063738,-0.132645244963347,-0.378345948360114,0.0605563891299386,0.1411358120359,0.013036765368592,0.205008624409019,0.0114096807075862,""
614,-0.150691463215078,-0.0167657472108687,0.0358314695180588,-0.131625740907887,-0.289733840295095,0.124380562195756,0.225352562971157,0.0037856516889233,0.0275082695625177,0.000222083418412414,""
615,-0.163693418817292,-0.0353066868216129,0.0406597949988296,-0.158340310640075,-0.378599992923347,0.130949712974963,0.233611814067216,0.103025495211072,0.197965400978268,0.0124576078831328,""
616,-0.0983842288065288,-0.0361899331037132,0.0395613099198679,-0.0950128519903741,-0.404687127764288,0.115542684869205,0.167135299506236,0.0709476509894555,0.0876314127317528,0.00217248838542572,""
617,-0.104484256846483,-0.032245495641875,0.0365024068828045,-0.100227345605554,-0.248575179376314,0.111708356434799,0.229161543075522,-0.0223644393714113,0.0832403844012273,0.00165244174559915,""
618,-0.135625855065055,-0.00309997231279586,0.0328338920886258,-0.105891935289225,-0.333214593237763,0.107415804364395,0.152315030269322,0.0512339031682047,0.0841331244467488,0.00204966432911496,""
619,-0.145762164568259,-0.0467662847246478,0.0493627981244464,-0.14316565116846,-0.424249389213317,0.13074166735895,0.226452372372913,0.0492404197091278,0.169279236497317,0.00886595521329712,""
620,-0.144749328264832,-0.0215621362051315,0.00173214031067798,-0.164579324159285,-0.260154803165527,0.00582389684194834,0.236775898136416,-0.0980048856364317,0.116277854129913,0.00373234524898611,""
621,-0.11100641699163,-0.0208151495560794,0.0219758858020162,-0.109845680745693,-0.398941749408608,0.0704426690876266,0.173677628853593,0.0739783859814415,0.266842975992061,0.0207778960835058,""
622,-0.114317446923071,-0.0651616616976416,0.033741135680218,-0.145737972940494,-0.395101247760205,0.100222029808074,0.186807087878585,0.0889966163690312,0.18563208825749,0.00980567398532576,""
623,-0.0996754525770995,-0.046829998722438,0.0313223117814185,-0.115183139518119,-0.375049814874352,0.102356190090123,0.0861508016749939,0.0516106494233882,0.107462226397813,0.00314014683418508,""
624,-0.11856194705892,-0.0391360304889731,0.0197749767094976,-0.137923000838395,-0.36203226871723,0.0565400103627505,0.126210591361977,0.0638305117142984,0.000953932449804624,2.21246238122405e-07,""
625,-0.133046920395979,-0.0252892119889834,0.0153119491314568,-0.143024183253506,-0.317137540881074,0.0418115407392988,0.231861616221117,0.0915581064418429,0.131724628067825,0.00482493397248883,""
626,-0.154436362189668,-0.0390283485383795,0.0315053334089353,-0.161959377319112,-0.330884542936109,0.0942045921159197,0.176237391232725,0.0132623466248841,0.0525682102976374,0.000733758377189492,""
627,-0.137903953690836,-0.00820685176065516,0.0489710253092709,-0.09713978014222,-0.312772872866769,0.161469213186408,0.206683731067368,-0.0490078874527078,0.134985781986672,0.00570454927449973,""
628,-0.161309222994448,-0.0244042080495078,0.0426105402207645,-0.143102890823191,-0.318993975917277,0.14882421656053,0.189385572356446,-0.0333387064511761,0.146967640982366,0.00654100897246191,""
629,-0.157022936623512,0.00743959968865659,0.0128902233326158,-0.13669311360224,-0.296517997393787,0.0392512051440326,0.269660597537847,-0.00433678928535035,0.212120614135409,0.0141047215601222,""
630,-0.166334685445228,-0.0386764808863379,0.0447686173565812,-0.160242548974985,-0.457033374974856,0.113471930481631,0.166013072827052,0.038918663843679,0.101523672048426,0.00315435952219602,""
631,-0.154874464561615,-0.0199549397307105,0.0152907622879955,-0.15953864200433,-0.342048956548782,0.0466748508175828,0.218909703280866,0.037350605280729,0.0993456716754207,0.00285824823159655,""
632,-0.146299017879002,-0.0149338108636552,0.0080802933141757,-0.153152535428482,-0.383903069985196,0.0217362887254073,0.229999674531495,0.0347916015122643,0.110795659443464,0.00373015567932477,""
633,-0.156398076345916,0.00133635948159604,0.0264064142840751,-0.128655302580245,-0.334542703725521,0.0777009880164815,0.165313680341311,0.0461832865030467,-0.00981435315369501,2.81369101730956e-05,""
634,-0.138809757814496,-0.0273847621796033,0.00481464923582908,-0.16137987075827,-0.352344697085054,0.0140787727143992,0.126124428198083,-0.00214033502365663,-0.0628781497100844,0.00106325041246572,""
635,-0.143158425026803,-0.0528781928732385,0.0303717642615687,-0.165664853638473,-0.447827999575766,0.0961827272801971,0.181142397405465,0.110963767845577,0.155125482909155,0.00708251404614703,""
636,-0.121074731707794,-0.0709389633381205,0.0423110759669042,-0.149702619079011,-0.349217738871203,0.122572768534998,0.18367828025431,0.0550879634939644,0.0540962642696521,0.000702626512896144,""
637,-0.103626357165898,-0.0259448863222067,0.0376653317890277,-0.0919059116990768,-0.4055212532031,0.118848650135594,0.127828944252693,0.0809265520199614,0.0187138659264996,0.000106568125162895,""
638,-0.150181366672084,-0.0358755665480135,0.0158616404142573,-0.17019529280584,-0.377856430340252,0.0432301272785476,0.262905379604909,0.0552130168752189,0.163607254559885,0.00774194842994434,""
639,-0.137717079053417,-0.0249033313976426,0.0116930152839672,-0.150927395167093,-0.383430822807331,0.0321234192290318,0.217180927421999,0.0672055363141329,0.118257014250484,0.0041569332495278,""
640,-0.202700251079767,0.0337069370373525,0.0326543300186394,-0.136338984023775,-0.337024877089581,0.101316592416587,0.148739010314331,0.0088030222805399,-0.0676531824263822,0.00137885831159621,""
641,-0.136864253569949,-0.0187090937351029,0.0458630925006365,-0.109710254804415,-0.309464931693486,0.151387812686722,0.165261352858668,0.0201901666446232,-0.0814347616700765,0.00195056987389764,""
642,-0.147168243818235,-0.00677354788218583,0.0201675098002427,-0.133774281900178,-0.310750788533216,0.0657200789558801,0.246883371996595,-0.0173918624022922,0.0170848991149367,8.39195307587683e-05,""
643,-0.150359119280002,-0.0221213918530022,0.0221289883945924,-0.150351522738412,-0.313937128350948,0.0742207752197584,0.232231355491477,0.0233696737726716,0.0863917595648369,0.00219530593040683,""
644,-0.111470385418041,-0.0348035803594605,0.023716134289216,-0.122557831488286,-0.388410761945526,0.0611335347855288,0.193424179042436,0.0853932307193195,0.205556071534796,0.0114869518293578,""
645,-0.123163710770745,-0.0163589716215964,0.013121117056848,-0.126401565335493,-0.335145688778306,0.039105362990345,0.215485385186791,0.0381928091294407,-0.0304868535561588,0.000261763069972642,""
646,-0.159724451564064,-0.0209911434736398,0.0438961498873993,-0.136819445150304,-0.286140865694627,0.127164007201109,0.229249699201592,-0.0436344965704972,-0.0224397717067147,0.000147248523395112,""
647,-0.120743342402628,-0.0447812602177813,0.0190020888188628,-0.146522513801547,-0.394313680222001,0.0598400823805219,0.0955940138717758,0.0740780871722163,0.0780720911624042,0.00160333158715007,""
648,-0.113710999443033,-0.0498015071782388,0.0217848324978399,-0.141727674123431,-0.404316037427544,0.0579693257197335,0.173147680720517,0.0371819549460995,0.164839232007919,0.00691137727729031,""
649,-0.182479239021256,-0.0137052081080205,0.014573203793783,-0.181611243335493,-0.36337816756949,0.0421463751612222,0.259506141033995,0.0532032355905811,0.123451338221282,0.00490610524265345,""
650,-0.122506995246009,-0.0593397340357308,0.0291450296917783,-0.152701699589961,-0.366963870897125,0.0759718617670721,0.225627025181959,0.0603799159884258,0.0634920883553829,0.00108839866864617,""
651,-0.164282908776355,-0.0515517281615483,0.0364607823202098,-0.179373854617694,-0.443555615506787,0.102570281457209,0.194028983936239,0.0442598050768613,0.206864411825491,0.0129090800946227,""
652,-0.122303056227355,-0.0592216824818212,0.0241947471202521,-0.157329991588924,-0.408507863136002,0.0661894934729381,0.210207404224465,0.0499851336384544,0.175955757162229,0.00782616990677227,""
653,-0.139293732973865,-0.0526317430997184,0.0225133105074061,-0.169412165566177,-0.35476662365253,0.056803429454502,0.245416515316105,0.0397240553617765,0.232190016639185,0.0156904696982892,""
654,-0.122048239394924,-0.00779456809396438,0.0303460738652441,-0.0994967336236443,-0.33525117716682,0.0916662767046508,0.148641066766539,0.0206309569150407,0.123306126323941,0.00422199262429355,""
655,-0.108644523604062,-0.0428005108251311,0.0320695463968482,-0.119375488032345,-0.404046914863751,0.0874404639570942,0.127078499198197,0.0530809626135506,0.155544498276892,0.00661949338955034,""
656,-0.11914117691768,-0.0153094770924126,0.0086255872296635,-0.125825066780429,-0.361024571710713,0.0274095617182252,0.146407121697019,0.0575210275201632,-0.00896672814601959,2.22704942782384e-05,""
657,-0.103428915501787,-0.0294208483420287,0.0225566061793629,-0.110293157664453,-0.415173712694164,0.0697223409754266,0.102551563761268,0.0875564665918099,0.125999110384658,0.00476665998198399,""
658,-0.146398224462553,-0.0209484284226397,0.0279106967444659,-0.139435956140727,-0.365049456094768,0.0781368545845563,0.260066766810216,0.0654060053489273,0.101911532001971,0.00331776435159231,""
659,-0.10532352861526,-0.0213395118875199,0.0353628784219933,-0.0913001620807864,-0.367844802560301,0.110256045205874,0.131635617333616,0.0753170754391533,0.180452831640139,0.00954766191472097,""
660,-0.18257195669912,0.000816170300035047,0.0296038778811275,-0.152151908517958,-0.346087973120821,0.0868703718682929,0.144701964833255,-0.00483616341761438,-0.036324386192462,0.000402101289223548,""
661,-0.12774203655722,0.0182260114152196,0.0499405843095893,-0.0595754408324108,-0.316999047669619,0.164113965488131,0.176951896730171,-0.0645067599273118,0.00976668678240927,2.80804065339481e-05,""
662,-0.128398358858334,-0.034108399376085,0.0272280792871453,-0.135278678947274,-0.335294393617054,0.0824051035115248,0.208314532499049,0.0388155779008506,0.0441301175555737,0.000540625875058704,""
663,-0.108339176665415,-0.0129066246886137,0.0379609678438199,-0.0832848335102084,-0.368070880353765,0.118829086541443,0.151314807551496,-0.0068719936676685,0.086074571395868,0.00221953425421612,""
664,-0.116023478132766,-0.0355860828277412,0.0276005346420095,-0.124009026318497,-0.306181239452335,0.0784226507635595,0.228452777534825,0.00201384447820006,0.100643784231182,0.00246076994080542,""
665,-0.143007858840394,0.00321940753509531,0.00984535826977074,-0.129943093035528,-0.314174245094607,0.0284055012402745,0.178713035004222,0.0613691521947495,0.0826733293418942,0.00186613897437967,""
666,-0.132109243045115,-0.0116975905069556,0.0121865016445172,-0.131620331907554,-0.29592247903479,0.037729536741472,0.140603709256426,0.026256438305374,0.0772543054189443,0.00163784371028185,""
667,-0.149829476141384,-0.0365264141821233,0.0355654462550421,-0.150790444068465,-0.347757928047074,0.0985182629639396,0.193980237426237,-0.000898794118274155,0.227755720394706,0.0150469670385836,""
668,-0.130148210043241,-0.0336477068347882,0.0306517210761314,-0.133144195801898,-0.346143233170122,0.0909539267739445,0.153183678968076,0.0122175597187181,0.0209548728380069,0.000116637876596294,""
669,-0.121759683352527,-0.0324568671385303,0.0208950738289718,-0.133321476662086,-0.426380232295317,0.0656798100116637,0.102379183772142,0.0667449373688422,0.166629317187517,0.00802027000285374,""
670,-0.147781724195583,-0.00690928706158083,0.0198751610102973,-0.134815850246867,-0.384180793969138,0.0568143410592784,0.176422949391264,0.0586492176755082,0.0968523579021679,0.0026756803127014,""
671,-0.121019265250391,-0.0264625300193249,0.00978581596749876,-0.137695979302218,-0.339579722324252,0.0319884717560077,0.133490376604974,0.0243498958202,0.250232977081267,0.0169980185389312,""
672,-0.109444769203342,-0.0235980002877189,0.0291633087068925,-0.103879460784168,-0.364364909258883,0.0912105470845075,0.205356547468078,0.0116815941276847,0.168879682874336,0.00886758010659008,""
673,-0.170817678570983,-0.0147428317900364,0.0398402268474534,-0.145720283513566,-0.374393708844953,0.110466569491961,0.180839549338552,0.0865169922394438,0.101985474323199,0.00305692971776918,""
674,-0.117456767001485,-0.0569326040732267,0.0100754308926362,-0.164313940182075,-0.41369095366678,0.0269641331811327,0.175929784605476,0.00662280420910449,0.312976965557971,0.0278614309139472,""
675,-0.124889292436641,-0.0155705535124019,0.0289576656097305,-0.111502180339312,-0.327480839194177,0.0863042311551853,0.183275842919552,0.00244902683054781,0.0100349483975444,2.84537012098274e-05,""
676,-0.0613156938655691,-0.0354291794590801,0.0151506254645747,-0.0815942478600745,-0.25320542796481,0.0479442484222274,0.260102504408641,-0.0851981178184691,-0.14230526684321,0.00479231760580087,""
677,-0.152829384599174,-0.0375892198208145,0.0140785146401218,-0.176340089779867,-0.430661715948239,0.0351692327990551,0.258351730207313,0.0603136493517871,0.112806729379213,0.00387193083538625,""
678,-0.134598523154638,-0.0462714554314511,0.0260601266646257,-0.154809851921464,-0.399423327505371,0.0779368692205664,0.116179886728136,0.0471637955759254,-0.018111466554185,7.56416798074021e-05,""
679,-0.164445457456478,0.0240926324386328,0.00042579018897831,-0.139927034828867,-0.340781544265994,0.00126402064919236,0.169441735301832,0.0534134087975496,0.0992810846434524,0.00281043322397795,""
680,-0.147416773506006,-0.00157590170216255,0.0131634438564268,-0.135829231351742,-0.320553932264364,0.0383059816928058,0.173366927422292,-0.0234564586626125,-0.0024137986578167,1.58447409756368e-06,""
681,-0.144504705689871,-0.0291333501127494,-0.0119555906918864,-0.185593646494507,-0.372801380271374,-0.0356313346372934,0.145128007135808,0.0240060051481449,0.20720411287293,0.0113252789745902,""
682,-0.121566757519224,-0.0128857207554104,0.0237329421625118,-0.110719536112123,-0.32406853693398,0.0713497054038432,0.145599141966923,0.0493882721862896,0.085954879171724,0.00206124725427554,""
683,-0.153423035291987,-0.0446830160601257,0.0356339722798016,-0.162472079072311,-0.308257306962542,0.105134767349373,0.234427097782581,-0.0060758549542506,0.101315869191899,0.00282211763396072,""
684,-0.117530016752191,-0.0198628337520103,0.0195229799945629,-0.117869870509638,-0.376874239811848,0.0580775423938984,0.171268547797433,0.0623992113503811,0.1120670078294,0.00353589140194149,""
685,-0.117693964416188,-0.0359310090636185,0.0327282921702145,-0.120896681309592,-0.344728721116716,0.123685000982003,0.137283364614762,0.0139094497238939,0.0690798678244748,0.00133743850532848,""
686,-0.181250406769981,0.0190194340149141,0.0118008241031932,-0.150430148651873,-0.338488195826134,0.0317238890247086,0.199083158677246,0.0292789219795125,0.107088467971526,0.00346936146220366,""
687,-0.156996595751657,-0.0546043500827431,0.0296093656318673,-0.181991580202533,-0.413923053330677,0.0811163991795571,0.164445102945618,0.0921006881026777,0.239630389078978,0.0148963470980089,""
688,-0.118013617814898,-0.0189102918245604,0.0188666361668213,-0.118057273472637,-0.266950857563785,0.0561276188628161,0.176578305192375,-0.0298845594069657,-0.100710970415761,0.00272628006646375,""
689,-0.197720537621707,0.00659516240103025,0.0387103226815036,-0.152415052539173,-0.326373925637646,0.109336461733866,0.268801660519956,0.019817714128256,0.165862357073266,0.00861146078253788,""
690,-0.113761346296566,-0.0261958560886264,0.0341179092204925,-0.1058392931647,-0.383967573144831,0.0943691156823454,0.173052090442749,0.0375530016341564,0.0929334545116919,0.00236866240766905,""
691,-0.182056252693011,-0.0131128933505885,0.0181465084610905,-0.177022637582509,-0.359216479967284,0.0649333792541914,0.321595232520469,-0.0841734319294771,0.289099051485519,0.0303797652720161,""
692,-0.183114418327775,-0.0299964108774342,0.0265211608613195,-0.186589668343889,-0.269527332548653,0.0695063117891803,0.281115527302239,-0.0286716366195271,0.0280140094862236,0.000226522608872157,""
693,-0.137093857438645,-0.0297304877080631,0.0238382016141928,-0.142986143532515,-0.387133260703751,0.0658638009444708,0.182177709704933,8.45194267100371e-05,0.250231038799614,0.0177936073754847,""
694,-0.0992364083929876,-0.0307668610449943,0.0225234067226751,-0.107479862715307,-0.389175021652726,0.0735064840369454,0.0766347332504694,0.0615958096253829,0.0823027518638507,0.00184618972393362,""
695,-0.0933703842178863,-0.0137767890753292,0.0309577201022302,-0.0761894531909854,-0.286533350124944,0.107070767348138,0.141802680217129,-0.0594765759447333,0.0494581322722103,0.000695246404918317,""
696,-0.123657340040711,-0.0581904022213594,0.0126633141607171,-0.169184428101354,-0.318093328016319,0.0356247469575882,0.264919040133468,-0.0102331171294991,0.101090888025981,0.0021898324918776,""
697,-0.166606100241106,-0.0153870372442864,0.0424979812047305,-0.139495156280662,-0.385223654500253,0.127359295862938,0.178029278018184,0.0584070159227149,0.13932824138535,0.00596088763472028,""
698,-0.158674032219417,-0.0382770399357802,0.0166393985342525,-0.180311673620945,-0.32340040815488,0.0455180832650235,0.192832134768869,0.00377194076622748,0.0952907730884789,0.00263574553214547,""
699,-0.164938573219994,-0.0130560679422575,0.0373222427655885,-0.140672398396663,-0.324809529605876,0.113634914731965,0.207061483683584,-0.0189168888664843,0.0617677242848783,0.00111854410816726,""
700,-0.171542619209729,-0.0287624873273146,0.0162206075175889,-0.184084499019455,-0.39448513842892,0.0492000124230154,0.159464953229739,-0.0215989745614331,0.184442733190506,0.0102279260748431,""
701,-0.130615369969588,-0.049088149761641,0.0301516963968804,-0.149551823334349,-0.404250749788918,0.0859413571145938,0.205144149097385,0.0498582106326825,0.090597035607286,0.00229301034675991,""
702,-0.182539754735525,0.020272762725879,0.0310272138859689,-0.131239778123677,-0.361800174102597,0.0899651796960416,0.15375310317668,0.0491360204355101,0.0258012378831514,0.000199268132496765,""
703,-0.129101461371372,-0.0282861199753883,0.0305994569220627,-0.126788124424697,-0.349445019265453,0.103552517718019,0.177838669983932,0.0610712900288128,0.221046426804206,0.0144546540525801,""
704,-0.202090495343513,-0.00564330347818642,0.0203657919263933,-0.187368006895306,-0.279197573212259,0.0606724349653601,0.212187928326852,-0.0367552486368059,-0.0471100348055158,0.000658484714812531,""
705,-0.169403179864774,-0.00842237534893285,0.00842210964085991,-0.169403445572847,-0.353319318299832,0.0228560778619871,0.21845582201039,0.039882685611298,0.0115864886472505,3.82900696426245e-05,""
706,-0.177130906423288,0.0371422259219698,-0.0118046430478559,-0.151793323549174,-0.227505896168324,-0.0430881808088246,0.310428905446814,-0.140190172683174,0.00164912613987701,8.11733734793956e-07,""
707,-0.198229156002522,0.0253615015319403,0.0152137436548705,-0.157653910815711,-0.317771570822653,0.0463471112003338,0.264292018416938,0.00924319563840865,0.0634870679396963,0.00126796711698367,""
708,-0.149547219353729,-0.0116936010484566,0.0395556142031715,-0.121685206199014,-0.391636834235334,0.10822362594033,0.214856634766504,0.0962052147877111,0.0892304948000365,0.0023891253593513,""
709,-0.179181553485748,-0.0272056675779684,0.0182233360998862,-0.18816388496383,-0.403079145890025,0.051071196930007,0.160665710867202,0.0326275518258108,0.118943273280561,0.00417475034888601,""
710,-0.104731184669395,-0.0427035805040924,0.0347191861164194,-0.112715579057068,-0.338308130749215,0.107559308374347,0.181681038552812,0.0266017960170015,0.176537928558431,0.00836696984212591,""
711,-0.105041683163362,-0.0393318630725841,0.0123937075914172,-0.131979838644529,-0.411016022403817,0.0349143384798969,0.17890387822836,0.0750743702189126,0.265069989626411,0.0182163064890808,""
712,-0.125973644905423,-0.0369632830462256,0.0235759471817768,-0.139360980769872,-0.341519329680227,0.0837080327078103,0.148978693982855,0.0132254714677962,0.109286801588165,0.00336484980194988,""
713,-0.167666215648085,-0.00445683312245361,0.0192930093189551,-0.152830039451584,-0.237032253054223,0.0568442628819203,0.18467662739081,-0.0493176711668845,-0.104226784719477,0.0030463923899686,""
714,-0.112736729975019,-0.0264054897410706,0.0191032977414372,-0.120038921974652,-0.42044406165928,0.0548949072302468,0.160593951587053,0.0729427310153887,0.0332860660061332,0.000315629622278442,""
715,-0.121327268732452,-0.0557580454319358,0.0306010936399847,-0.146484220524403,-0.422013001631324,0.0922870130184264,0.16198341599569,0.0997309666098562,0.125401855402377,0.00434863797537095,""
716,-0.152442074128395,-0.0195572301753669,0.0272122262965058,-0.144787078007256,-0.408962911198358,0.0797616909453602,0.201524407720786,0.0294397493329361,0.160782679068677,0.00813639911843821,""
717,-0.0988820325092014,-0.0361884053387318,-4.8362396673437e-05,-0.135118800244607,-0.328681076938856,-0.00013423009558175,0.209277184291937,-0.0516634337439167,0.0674686394422696,0.00118558884626114,""
718,-0.201901087352478,0.010399888633201,0.0398351149706284,-0.151666083748649,-0.361100026027765,0.107359073254597,0.209653713677703,0.0647735990392838,0.0126596638716059,5.06554966238504e-05,""
719,-0.167684009902311,-0.0234629078038563,0.0151682437933997,-0.175978673912768,-0.35538787155218,0.0404671458356249,0.197462616860963,0.0583914052850512,0.113156249082776,0.00347502083259912,""
720,-0.118980914529773,-0.00916231150587707,0.00944524108985864,-0.118697984945792,-0.326265232106472,0.0269486142957927,0.225336432411744,0.033190020032399,0.116201971530628,0.00397496146633865,""
721,-0.131042555415884,-0.0426519858742404,0.0105452739871037,-0.163149267303021,-0.365877401598899,0.0291986491511923,0.224611136041151,0.073570463799728,0.138493198392468,0.00521280818227508,""
722,-0.14511237243037,-0.0413891779927939,0.0209588943753023,-0.165542656047862,-0.383397520232142,0.0553315049023103,0.262558274608565,0.0641069467391506,0.0905895076210999,0.00232067292658599,""
723,-0.121113718222392,-0.0400749134264256,0.0247000775033245,-0.136488554145493,-0.360058308690263,0.0659077283719307,0.251442900931417,0.0686729012559703,0.287144226083619,0.022908805024626,""
724,-0.135271458180276,0.000527402679040595,0.0165705326400285,-0.118173522861207,-0.331811758098548,0.0470501673952052,0.147937406958128,0.00957775050893109,0.128112706394903,0.00468157609619104,""
725,-0.163212793057049,-0.0341905417451008,0.0300635653210794,-0.16733976948107,-0.373027906291273,0.0881922620708539,0.231566081752313,0.0610232485390518,0.136268551110216,0.00524084212421323,""
726,-0.141292473922123,-0.0400917418969867,0.0229565956933575,-0.158427620125752,-0.444810728863474,0.0664003999585558,0.154671386526165,0.0905903273191932,0.124980823585731,0.00446416978947102,""
727,-0.139317517785222,-0.0133070157342073,0.0311794473999284,-0.121445086119501,-0.298234360390827,0.0989867863966587,0.230099761387352,-0.0180415774557548,0.0754770841252333,0.00167682144816622,""
728,-0.127453998864419,0.00254161291564776,0.0102580978265234,-0.114654288122248,-0.326452393956363,0.0297306029815574,0.211460840682676,0.0306580565004685,-0.0509454044139881,0.000744067169934441,""
729,-0.129046331265425,-0.0390039076594404,0.0106354910436679,-0.157414747881197,-0.206753743197548,0.0375372477576726,0.29636385295883,-0.127834992831277,0.0369809079967311,0.000318883193934699,""
730,-0.111766382426955,-0.0174106011382039,0.00547194737771801,-0.123705036187441,-0.290074871212711,0.016575376382745,0.184400163984794,-0.0328536799301922,0.0580748189050515,0.000834226615094618,""
731,-0.155949353054353,-0.051123807119652,0.0332753768574151,-0.173797783316589,-0.376593095821015,0.0859671617613549,0.225153346738674,0.0504931688599462,0.137797906190712,0.00474267964357496,""
732,-0.136669587820787,-0.0185739895305657,0.0322907253768196,-0.122952851974534,-0.364606697102386,0.102729261654539,0.174469423849619,0.0211449957776539,0.0406520324075633,0.000501130062742204,""
733,-0.140202795320928,-0.0651517902107842,0.0279045158446257,-0.177450069687087,-0.392290114770151,0.0909130423577534,0.171463563785476,0.0326307187879089,0.0539996049116673,0.000773777450408838,""
734,-0.139821743304273,-0.0190228529524339,0.0371818627818523,-0.121662733474854,-0.366977365037421,0.0930315472763243,0.26730627122043,0.0881511350080473,0.0390014101727802,0.000469264575835754,""
735,-0.151392939808207,-0.046775202800325,0.0251330821402238,-0.173035060468308,-0.35979560248219,0.0738521202917347,0.217282599901379,0.0364788678154403,0.133079679109079,0.00493902010521327,""
736,-0.142332582648765,-0.00173890144915807,0.0152195812429733,-0.12885190285495,-0.350477463225685,0.0486884051875073,0.133696328376101,0.00603621009242526,0.0319348137685294,0.000296333153885773,""
737,-0.178922127306072,-0.00334447701691914,0.0250863539099071,-0.157180250413084,-0.362824487373432,0.0682654412174438,0.194411108275502,0.00561085303485354,0.117664920180811,0.00415604358832491,""
738,-0.199000451448866,0.00260944941376356,0.00826425727607321,-0.18812674475903,-0.320693162126159,0.0242617155242616,0.183154623529091,-0.00842529029033657,-0.00377761769868952,4.10546283281791e-06,""
739,-0.147610397230796,-0.0336887774213119,0.0415911383752292,-0.139708036276879,-0.379362135875748,0.111868704987518,0.135044474047215,0.0268145438871173,0.161125620541838,0.00732645173441061,""
740,-0.118623008084048,-0.0409605644561976,0.00629594852145158,-0.153287624018794,-0.339794671762629,0.0196129444085405,0.233517663688175,-0.034371300182971,0.0843827241936137,0.00176707219665318,""
741,-0.146610646794687,-0.0573865038782768,0.0349795067485794,-0.169017643924384,-0.390193668012464,0.113162699871487,0.236537391235451,0.0236422233353402,0.259660126586631,0.0192002448603974,""
742,-0.135283177419382,-0.0302237052899126,0.00210770051256584,-0.163399182196729,-0.383515840744575,0.00568811160257629,0.174434667914945,0.0369780904187872,-0.0292799077793887,0.000216585926737807,""
743,-0.135541938398574,0.00151573795809522,0.0345982907046112,-0.0994279097358679,-0.277623276074325,0.0960319874592657,0.2123157438653,-0.00834503760277036,0.0679468157161124,0.0013248923042731,""
744,-0.116562726961288,-0.0225710367762553,0.032026595516604,-0.107107168220939,-0.289577496588029,0.103806619381793,0.190332827975373,-0.00316848218052688,0.0908888783091871,0.00217081530373618,""
745,-0.125750998201578,-0.0304992808123737,0.0183201715068062,-0.137930107507146,-0.380020948236006,0.0519060854257974,0.18022992159978,0.0624097346103832,0.0103850154206638,2.87629017970526e-05,""
746,-0.131852503654695,-0.0316046588662397,0.00774665630094545,-0.155710506219989,-0.384101350070426,0.0212817477697203,0.171239713998516,0.0713492597159038,0.187543066330741,0.00982418361283271,""
747,-0.112971838017194,-0.0493665276027807,0.010378527863873,-0.151959837756101,-0.428514801307617,0.0282852883474022,0.186388681744344,0.072488248561313,0.134744510674899,0.00451902751960302,""
748,-0.148555347258624,-0.000145854861247542,0.0268599023834383,-0.121841299736433,-0.330944097361665,0.0778872211771659,0.121164706451177,0.0386206160127955,-0.0282782402561196,0.000224603182784829,""
749,-0.178534472946629,0.0120877699775846,0.00846821985353517,-0.157978483115509,-0.340582402080993,0.0234218910727818,0.271663901820437,0.0342404307966135,0.0913348435772074,0.00250312123473359,""
750,-0.128018813317628,-0.047911591964363,0.0126544647741244,-0.163275940507867,-0.327184896726773,0.0338569068393167,0.239331470061732,0.025100346852396,0.0167874647966794,6.98765074711894e-05,""
751,-0.099021911364035,-0.018281342966753,0.0541821417795006,-0.0631211125512873,-0.363585469762307,0.164327635313537,0.111855089418777,0.0002032603773975,-0.0302107731125879,0.000263244159702809,""
752,-0.151555490461037,-0.0263297965915169,0.0192501391310551,-0.158635147921499,-0.383001319774269,0.0531897709163175,0.188369309009431,0.0212725418974213,0.0584339856385126,0.000971753839655083,""
753,-0.148063039535725,-0.055189348187457,0.0393556719632856,-0.163896715759897,-0.376823681251413,0.115587967572668,0.169531623359709,0.0504114057486747,0.0081189517734543,1.76490137729596e-05,""
754,-0.107284002051816,-0.0365839334402045,0.0158301420186314,-0.128037793473389,-0.400421101836753,0.0460065367426833,0.11827638228565,0.0699805840727286,0.0891447066621267,0.00218222401187762,""
755,-0.150533361743411,-0.00958935866603934,0.0217086608270126,-0.138414059582438,-0.360258998178831,0.0648545360601551,0.147088510990437,-0.0105502591252124,0.0778786433841761,0.00181136687549708,""
756,-0.116271446844864,-0.0662338754405562,0.0360683959300532,-0.146436926355367,-0.371480394177492,0.109219582127254,0.16195554034566,0.061631793200277,0.121975414502631,0.00377260281258407,""
757,-0.133366606315222,-0.0114980853642173,0.00769809956866271,-0.137166592110776,-0.416526121122837,0.0219477793663538,0.132767374588232,0.0594259967872458,0.0739307046670124,0.00157156041424874,""
758,-0.207864981757773,-0.0333085953035247,0.03598377235339,-0.205189804707908,-0.393023882241314,0.0954624716699256,0.250308919585624,0.0287835537443059,0.0612698635369024,0.00120175584039583,""
759,-0.149531532423852,-0.0156981635007795,0.0422442995404196,-0.122985396384212,-0.413609590701543,0.118416390153752,0.191714718962642,0.0593604685999023,0.146097212750083,0.0067750742500885,""
760,-0.136208248936419,-0.0227664662529367,0.0239472728434444,-0.135027442345912,-0.369505225384433,0.0745229088863132,0.185626006991978,0.0566575307160417,0.186535475818113,0.0101562616193754,""
761,-0.147717161501014,0.0133285770019413,0.0116989645501983,-0.122689619948874,-0.220344541004159,0.0371201812542189,0.168373775193214,-0.077081987638096,-0.0213407148182172,0.000124406726475763,""
762,-0.13550765711261,-0.000807232705637697,0.0243482751944163,-0.111966614623831,-0.347358497164503,0.072490415831765,0.175604643871116,0.0342940319176809,0.147433974491119,0.00647876306022431,""
763,-0.149243528035713,0.00305509517241536,0.044695731387588,-0.10149270147571,-0.34691974534296,0.145081036769155,0.145714825637993,0.00832867905818392,0.0878104302214959,0.00238939877137248,""
764,-0.164710835121167,-0.0428037610988474,0.0237458790812904,-0.183768717138724,-0.418786826309951,0.0687414399862967,0.198486231615464,0.00381356377740951,0.0695288064752721,0.00138220797131442,""
765,-0.158454803774254,-0.0378674064516192,0.0280560532835608,-0.168266156942313,-0.38085645792474,0.0754788531300944,0.177974773013172,0.0531082534319539,0.138389399412386,0.00527449117047654,""
766,-0.121355816723817,-0.0565016887505889,0.0202604718432903,-0.157597033631115,-0.338558533244716,0.0533486114978652,0.202129802995427,0.00955531546976912,-0.0501341931101756,0.000577054911924978,""
767,-0.112444153603443,-0.0468311906284184,0.042778721414148,-0.116496622817714,-0.419998791490126,0.123815603955831,0.157344077663998,0.0562336187136966,0.121267902881709,0.00428190703771623,""
768,-0.129428127359483,-0.00743238515398323,0.0163207104859484,-0.120539802027518,-0.369892619346901,0.0477063079858495,0.153415721834726,0.0726675992308092,0.151884733250483,0.00686865631468594,""
769,-0.160430819821271,-0.0287007368765373,0.0429257820860648,-0.146205774611743,-0.331809991266618,0.134135454386218,0.146961851857923,0.0384726916161218,-0.000181855085224959,9.62049960956989e-09,""
770,-0.151450705083082,0.0201133945773087,0.0294038865672726,-0.1019334239385,-0.37353502467595,0.0817777597582606,0.229156784996198,0.0368224639762842,0.0459967163983722,0.000660863483496843,""
771,-0.122531662640279,0.00636742701365428,0.0101279096263524,-0.106036326000273,-0.297380441971085,0.0295533722528248,0.167027067234112,-0.0275242052521564,-0.0737641018417796,0.0015107845460711,""
772,-0.145938338131696,-0.00577364862866753,0.0148414905617582,-0.136870496198605,-0.364245377969046,0.0409475046364963,0.170170929493101,-0.00247792701762934,0.187764427561473,0.00990932160260166,""
773,-0.110601268303054,-0.00738983011613132,0.0349364807712942,-0.0830546176478915,-0.319488288344506,0.1201874953596,0.145671800881216,-0.0499351116101821,0.0187430475099145,0.000101896154736191,""
774,-0.169359169349592,-0.0101509084760556,0.00779942170664125,-0.171710656119006,-0.369505284581258,0.0223236564148016,0.230751271780295,0.032538065226055,0.0279740235404918,0.000231502900166772,""
775,-0.117903944773947,-0.0145356540033266,0.0354391092406216,-0.0970004895366517,-0.304455358739028,0.112118952421564,0.155717022635839,-0.0321216282028184,-0.0706109522924182,0.00141945310505622,""
776,-0.200906201724218,-0.0182603553423326,0.0197495861037731,-0.199416970962777,-0.373946686223496,0.0781431536068642,0.112583680512147,0.0600777232395819,0.0859473640879649,0.00227081685548325,""
777,-0.160660966961029,-0.0157417071480737,0.00818336942858167,-0.168219304680521,-0.342337723466606,0.0196760440850621,0.223419735970149,-0.00639960159506515,0.191045730260789,0.0109614076859192,""
778,-0.123949000382229,-0.000401561580496613,0.0107103144481609,-0.113640247514565,-0.333495457044559,0.0325710763745711,0.192161080395947,0.0310115138882503,-0.0695303683414276,0.00130983872227842,""
779,-0.127486957145594,-0.00340491356977569,0.03390325078212,-0.0969886199332496,-0.373246566035601,0.102237771096143,0.164401484683975,0.00956167676179397,0.03473470111404,0.000341981571101226,""
780,-0.149612898017777,-0.00570890938472294,0.00747151847693184,-0.147850288925568,-0.302899040342503,0.020462763308546,0.22130924743659,-0.0436594169953231,0.0083028306520019,1.90170123873065e-05,""
781,-0.174266439051284,0.0153760423664754,0.0249156900720125,-0.133974706612796,-0.392923631799039,0.0710318516868068,0.167565246563935,0.0323785501037909,0.150606184262515,0.00719621526858029,""
782,-0.150731130159385,-0.0543589646257426,0.0506010309341293,-0.154489063850998,-0.387639185351241,0.138557439570963,0.223415856622996,0.0179193672987895,0.311249195457021,0.0281530725935188,""
783,-0.107187462394595,-0.0086724604810158,0.02927223645208,-0.086587686423531,-0.327511494937689,0.0945694573633293,0.206614045367395,0.051233998235747,0.0987588269168037,0.00293597870644299,""
784,-0.158105647061774,-0.00947259080809914,0.0186216143002946,-0.148956623569579,-0.39123782124957,0.0574995822586504,0.200608675647941,0.0839809036811592,0.202290781603125,0.0125936064432415,""
785,-0.142001712452285,-0.0253798898674102,0.0464343415952312,-0.120947260724464,-0.327862586225359,0.138577677708063,0.193017432097369,-0.00419022011559343,0.0950861294737576,0.00256896473421605,""
786,-0.162018835054637,-0.0368674136319867,0.0137272839566825,-0.185158964729941,-0.422788559982907,0.0452031949776366,0.221350650855128,0.071211176178374,0.133546297576903,0.00541143870232484,""
787,-0.113905074797805,-0.0495585518315644,0.0131376261229831,-0.150326000506387,-0.284960580639859,0.0433409358090939,0.23291310267678,-0.0255864855308587,0.0504705673729566,0.000549564817408127,""
788,-0.0953512651636208,-0.0477517576865063,0.0335855629079585,-0.109517459942169,-0.400145648574409,0.0995624211404634,0.178483480199876,0.0610386621474675,0.0803546690954249,0.00165087546220955,""
789,-0.0959146296531359,-0.0395290640325853,0.0267607251549564,-0.108682968530765,-0.315148257447136,0.0757423289610638,0.200552720468039,0.00469924723484291,-0.0601587279396078,0.000874864611971518,""
790,-0.112504235286757,-0.0167417894797779,0.0175165243212837,-0.111729500445251,-0.38149567819955,0.049549579071711,0.166839676911828,0.061964343693785,0.0617051545382149,0.00110445786138934,""
791,-0.17003586504566,0.00164367927302426,0.0272855704527181,-0.141106615319918,-0.366602665450179,0.0710968936380124,0.19897040169835,-0.00826943045536518,0.157790536938858,0.00777057012007111,""
792,-0.139996937421562,0.00168991991221999,0.0292688797386365,-0.109038137770705,-0.306889820003181,0.083778258525496,0.183130392305241,-0.0694794154905989,0.0346552701846035,0.000342608994810606,""
793,-0.214494704148985,0.0233512091379894,0.0223338588553889,-0.168809636155607,-0.320412481936387,0.0888562597876131,0.170155350838095,-0.022557571810172,0.226640984179654,0.0161303711297579,""
794,-0.142604622335862,-0.0321933929367529,0.0281723221717534,-0.146625693100862,-0.440162835053653,0.0839256422161808,0.167245168835863,0.0602663180347786,0.111212112676173,0.00390334986089367,""
795,-0.153356306392297,0.00729322330782067,0.0385628281104044,-0.107500254974072,-0.325192059932285,0.126250920011702,0.198219125425677,-0.0282030655208721,0.117092797286042,0.00427720699654836,""
796,-0.134357059678622,-0.0179456858578306,0.0152118492466608,-0.137090896289792,-0.414331375785588,0.0444213515779225,0.108588864518852,-0.0168468323104199,0.071209241454638,0.00143653725531737,""
797,-0.187602567006623,-0.0285839637407422,0.0238369053804938,-0.192349625366872,-0.359421896765148,0.0739495946849439,0.219411148862019,0.0315936734789725,0.0405939050085178,0.000502261471919542,""
798,-0.126842770222199,-0.0509902515208382,0.0199303169579128,-0.157902704785124,-0.34720543917392,0.0586616146010277,0.15319630189498,0.025084263773316,-0.0342422657491886,0.000283465129062411,""
799,-0.152393277005674,-0.0557631337773505,0.0426534121686972,-0.165502998614327,-0.373203430733822,0.117316013687268,0.202080843479313,0.0701005509866276,0.175858887082117,0.00854576727863465,""
800,-0.163089417839622,-0.0252712090627267,0.0324788484409049,-0.155881778461444,-0.418512544581643,0.0888991470047471,0.208272539575063,0.108063850112632,-0.0131846881317488,5.12668468544925e-05,""
801,-0.114585496816413,-0.0289709938234709,0.000141920436084277,-0.1434145702038,-0.320374924030873,0.000429600596607196,0.221361017238219,0.043211311278899,0.161077112037393,0.00619665273205936,""
802,-0.130836917526595,-0.0434874528330876,0.0168237317852957,-0.157500638574387,-0.379178337679965,0.0524060013319942,0.210134493633971,0.0852722616792362,0.278078431561354,0.0223135019497784,""
803,-0.157168226175118,-0.0393429780148989,0.0177323557084265,-0.178778848481591,-0.351178292936121,0.0459359536806402,0.222171286408746,0.037651688999739,-0.135998328424615,0.00489815270130958,""
804,-0.16222776803877,-0.026297166415334,0.0300975285800354,-0.158427405874068,-0.238928025459344,0.096399724327432,0.186051772344777,-0.0171449359503708,-0.0059244618429421,9.04040130412377e-06,""
805,-0.145399735229315,-0.0540037140920469,0.0461632566925861,-0.153240192628776,-0.384093489595675,0.132151660690038,0.23457366064333,0.0476319569203508,0.0465823072176983,0.000605216347832044,""
806,-0.147770391111786,0.00870955769187959,0.0322848331214636,-0.106776000298443,-0.399018886444642,0.087670967080693,0.0891951190351244,-0.0368334673583062,-0.0772261717275077,0.00178139646855881,""
807,-0.0943382967369435,-0.0256648372675631,0.0241553403898035,-0.0958477936147031,-0.379128416248821,0.0803002806425356,0.137838587281748,0.0285677642690955,0.0139356379745187,5.38532029137365e-05,""
808,-0.169685895278612,-0.0366193341344373,0.0354515564543845,-0.170853672958665,-0.316458706731758,0.103263780254565,0.227617047589714,0.0287216564184528,0.166885843312754,0.0080414582480289,""
809,-0.13480371846562,-0.0473792521725962,0.0215318968909905,-0.160651073747226,-0.36058460801744,0.0583884604569388,0.240867659101646,0.0347957815374496,-0.0809606012386615,0.00150232814737221,""
810,-0.127715858115923,-0.0582560122335368,0.0378986601789346,-0.148073210170525,-0.436641439739577,0.117151144876737,0.156953517099599,0.0700868892810408,0.228815763142309,0.015810567266248,""
811,-0.125619869996583,0.0112576069856156,0.0237919453459867,-0.090570317664981,-0.365652837603712,0.064683254201544,0.147685182678553,0.0221038415428747,0.129368376547949,0.00479826421198357,""
812,-0.147220675241689,-0.0482925941905076,0.0312657625190781,-0.164247506913118,-0.39010975733007,0.091519960305812,0.182766382885491,0.0828688571164687,0.0182479715657523,9.38934917049634e-05,""
813,-0.151168036724187,-0.0171390136645246,0.0367212077365568,-0.131585842652155,-0.353819427821837,0.130885611242912,0.182550930201581,-0.0053406314911294,0.0605002863013297,0.00114732543483758,""
814,-0.141428859924383,-0.0440975980383087,0.0080297642812718,-0.17749669368142,-0.374993932766841,0.0232264407879238,0.168125521228018,0.0392149065705807,0.177598595492195,0.00771377386022511,""
815,-0.102477951286578,-0.0698300407744429,0.0334876711626326,-0.138820320898388,-0.391073361941455,0.0962599364319729,0.193529350550146,0.072132546924887,0.244359678686717,0.0132964145031329,""
816,-0.136586228269622,0.00723142948459427,0.0295752707635842,-0.0997795280214432,-0.317066837154382,0.0908303959452337,0.208746032278245,-0.0383191437406395,0.0948534138057616,0.00273424478570583,""
817,-0.149674597359324,-0.0102886049349456,0.0146644513392618,-0.145298750955008,-0.324244533500359,0.0466138968469554,0.170967808777337,-0.0351366500532094,0.0496136587729123,0.000659826274110353,""
818,-0.115158855044497,-0.0483264193607826,0.0416770471410622,-0.121808227264217,-0.358038207107444,0.124086916057383,0.220099360184857,-0.00710233798885933,0.0155350349536026,6.2499722489506e-05,""
819,-0.14020530908541,-0.0333111806548512,0.0455741528657948,-0.127942336874466,-0.327172609738875,0.139378829831001,0.13477451437652,-0.00925530536191614,0.099344115909829,0.00265969826088587,""
820,-0.157884528847739,-0.0138666297119755,0.0123356486575056,-0.159415509902209,-0.422376646276654,0.0352493216411272,0.210185298151174,0.0476428121233466,0.318620150465241,0.0311328919810695,""
821,-0.168886239063813,-0.022329517616187,0.0352737744998455,-0.155941982180154,-0.291208816880442,0.111552370169924,0.195098137719151,-0.0134422796446126,0.0605836936259828,0.000982333998267506,""
822,-0.147487931242279,0.00987589871620681,0.000156921352873603,-0.137455111173198,-0.333762082453314,0.000428050174038172,0.208828836932074,0.0310467805830529,0.0795990950987381,0.00190794598531569,""
823,-0.130215146724232,-0.0414011156374928,0.0253265213017248,-0.14628974106,-0.372289236717307,0.0751637463061541,0.192275754929628,0.0349582442329924,0.0835336304615254,0.00188603894965759,""
824,-0.117209644029394,-0.0255350071822423,0.0253171357997962,-0.11742751541184,-0.406269309784212,0.0756527363227623,0.197376175167641,0.106738929185499,0.256493580507919,0.0189822782873574,""
825,-0.137673094930777,-0.0327127642640902,0.0227754788256055,-0.147610380369261,-0.352470083548068,0.0777153679982102,0.158415876224764,0.0162134966968401,0.0777647577525515,0.00166437800870403,""
826,-0.14244691038155,-0.0219890376862085,0.0295982294564622,-0.134837718611296,-0.427563765626877,0.0868465199239826,0.194740363891754,0.0551071177168492,0.173723933530756,0.00977745928973687,""
827,-0.12564004289933,-0.0411033104027686,0.00931986292444925,-0.157423490377649,-0.358138426312254,0.02796552776969,0.158885507927317,0.037500441787427,-0.0874403617271961,0.00197133498207713,""
828,-0.187292862484217,-0.00962265762109186,0.0485913895710952,-0.148324130534214,-0.288837128452144,0.157187082769403,0.201767291762101,0.0109561588603054,0.0936327984074155,0.00269270706783764,""
829,-0.149784777240865,-0.0752539806141696,0.0536113886618966,-0.171427369193138,-0.368919065636138,0.158040964894763,0.19430797767554,0.0357363620783109,0.150399264000964,0.00620272198543653,""
830,-0.149567421131179,-0.0272012196539676,0.0178644282695427,-0.158904212515604,-0.401565738107138,0.0501785806297826,0.188076544790296,0.0242008594254408,0.203774438317855,0.0126780863584179,""
831,-0.130359742083521,-0.00638998507940293,0.0186666846911837,-0.11808304247174,-0.324488907734364,0.0629334150335515,0.193896200174824,0.0150958356357469,0.00718139020806416,1.44224725652767e-05,""
832,-0.131235358729779,-0.0023214839281132,0.0168014392541448,-0.116755403403747,-0.353543859656318,0.0494325216575679,0.18477793324634,0.0687082265523637,0.103642593125957,0.00317074063674117,""
833,-0.12716278998241,-0.0041945998634254,0.0164207068185256,-0.11493668302731,-0.363359829147117,0.0461639796012471,0.167952561474991,0.0454582996067592,0.0518599834320899,0.000795580622412244,""
834,-0.187030059774769,0.0404602525753765,0.00625024842059117,-0.140319558778801,-0.37403689481929,0.0169365317472008,0.225613406851504,0.0590199286799395,0.185900539669212,0.0109176734244454,""
835,-0.124500291326471,-0.0392798297948825,0.0351772347521707,-0.128602886369183,-0.378136903833604,0.0945451835655435,0.197431619452696,0.0147768623227182,0.12439622727194,0.00417072576576582,""
836,-0.144818113326484,-0.0159981932849637,0.00822413268692428,-0.152592173924523,-0.426085566589482,0.0253223820190211,0.18292553395003,-0.0470917182853959,0.227358109960348,0.0154381167780048,""
837,-0.113987883388875,-0.0647542983799971,0.0153905942832678,-0.163351587485604,-0.381843098941547,0.0433522164512327,0.182881589067269,0.0745887722611013,0.0912857724743761,0.00214264741615562,""
838,-0.154293943869927,0.0292209479354969,0.00714847909890119,-0.117924516835529,-0.333322645216777,0.0177483418706176,0.248270023748517,0.0107516498449027,0.117260150826891,0.0042262906276878,""
839,-0.145021103998221,-0.0240106872554108,0.0186929432617258,-0.150338847991906,-0.323623325546745,0.0535583073930494,0.249537397248096,-0.0614226312410958,0.078533029810485,0.00176447726374903,""
840,-0.128805039241355,-0.0559762547204412,0.0191390800641289,-0.165642213897667,-0.407195525571599,0.0516941737377409,0.164840388917222,0.077273977814783,0.202571308822024,0.0108675448457371,""
841,-0.105021678253774,-0.000620026190543314,0.00936938312790257,-0.0962723213164151,-0.327390139742896,0.0291770527253067,0.190294624029287,0.031615091929187,0.168006365615336,0.00800166984187073,""
842,-0.120689239672238,-0.00479441284582267,0.00246202229130515,-0.123021630226756,-0.350662739009494,0.0075026851585996,0.197646744365485,-0.0187185285308357,0.203291858413037,0.0115277859266254,""
843,-0.13239264349744,-0.0181215260689807,0.0128529369436857,-0.137661232622735,-0.315093839288066,0.0354601730931929,0.176339928191594,0.00696534345165188,-0.00159405890888576,6.63305538115608e-07,""
844,-0.125172069502079,-0.0836625180640731,0.0301848651919058,-0.178649722374246,-0.370139293761193,0.0928919938575702,0.195415802364149,0.0580346045236381,0.105519753328052,0.00251663681418504,""
845,-0.134894977832336,-0.0273685579151655,0.0213314691884556,-0.140932066559045,-0.383770581741492,0.0645595558850157,0.130399285174062,0.0701645716844258,0.144503458157833,0.0058790527770039,""
846,-0.176784614239489,-0.0117361185674012,0.0225776023304737,-0.165943130476416,-0.381833734861157,0.0661016629348469,0.27878408242641,0.0321873159365688,0.169043241556201,0.00993432009073804,""
847,-0.11805567095581,-0.0521618948698793,0.0296693434735646,-0.140548222352124,-0.389425609790216,0.0950381714220959,0.168744691045295,0.0300747258564958,0.14540668992267,0.00586841174541711,""
848,-0.153741229209054,-0.0294421037616042,0.0309320564180178,-0.152251276552641,-0.376113728565184,0.0851531004292349,0.151736987517117,0.0369012159539623,0.146227511777421,0.00598784230403158,""
849,-0.170698403126135,-0.0293164894245255,0.0170194271343062,-0.182995465416354,-0.386496969023917,0.0493763229593382,0.240193021593621,0.0730951208952273,0.305216255958507,0.0289605102954501,""
850,-0.146913546914599,-0.0227507606279721,0.0174756713162022,-0.152188636226368,-0.353232666414441,0.0476786236307301,0.149812363630667,0.0525060249687897,-0.015654149525711,6.32072261147657e-05,""
851,-0.173770558959846,-0.0239759944634257,0.0344142977290109,-0.16333225569426,-0.406352658624871,0.101959768908112,0.145085543010174,0.0886695027338994,0.18605552547272,0.0104890663547885,""
852,-0.123641629420631,-0.0569155751321516,0.0445158834497508,-0.136041321103031,-0.333856465421785,0.148318201431173,0.254397573560647,-0.0455246809134618,0.15226840137949,0.00626306224428686,""
853,-0.18511691154317,-0.00763572620717466,0.0175047503854701,-0.175247887364875,-0.351273353031161,0.0531528189192935,0.142625908653631,0.0243162736084716,0.0550366133511491,0.000872157828937987,""
854,-0.131050082097286,-0.0125797839896801,0.0135673222587931,-0.130062543828173,-0.322908152319505,0.0416594456125041,0.155627668458106,0.0199449524223252,0.0814342084277127,0.00186678771284943,""
855,-0.170798833420212,0.0226096301073889,0.00104791508596003,-0.147141288226863,-0.310854293582307,0.00314953567250541,0.236166628568426,-0.0604343135894478,0.164586622241213,0.00832282365804008,""
856,-0.146414759068429,-0.0217941623262316,0.0395093717482088,-0.128699549646452,-0.377635868127508,0.119836299214443,0.172759724001539,0.0427051005343558,0.0675485090700403,0.00134713872455139,""
857,-0.179600398387161,0.00610763032811847,0.017435518556892,-0.15605724950215,-0.384984411095353,0.0516613001457714,0.178475849277058,0.0630526059516711,0.103159448800011,0.00330992947315229,""
858,-0.152007224214557,-0.0293983010527762,0.0191248679616731,-0.16228065730566,-0.36901343900612,0.048722089198524,0.208283935862799,0.0562871729857502,0.122152393610927,0.0040489394325276,""
859,-0.142545081243933,-0.00113843790782099,0.04104199766252,-0.102641521489234,-0.298693489567966,0.135112433554,0.181180818250343,-0.00861615971670926,-0.027776340088515,0.000231409121554801,""
860,-0.0878309803320834,-0.0574095039946651,0.0217142179973387,-0.12352626632941,-0.39436080015565,0.0630759376460249,0.178114686566947,0.0957102968830667,0.243432329258115,0.0145060955557344,""
861,-0.166084940948055,0.0213443571872562,0.0281987273987404,-0.116541856362059,-0.357255312423578,0.0891939211643388,0.196641418454695,0.0311056818087649,0.0584153010558572,0.00106620904985841,""
862,-0.13662596099711,-0.0163268139021157,0.0185645202619172,-0.134388254637309,-0.411164374982439,0.0499407780664856,0.138649046676726,0.0363969492294251,0.155847641884484,0.00691951704243657,""
863,-0.144205428076772,-0.0202668259857941,0.021828425048857,-0.14264382901371,-0.393803271408314,0.0738303362479624,0.16639362299905,0.0392190195121635,0.121128033901029,0.00421755075426352,""
864,-0.17729191757339,-0.00352122506531892,0.0407613509290883,-0.14005179170962,-0.25926368021527,0.13292521350729,0.13886955794796,-0.0196215071371634,-0.167531468969827,0.00788862841489957,""
865,-0.140179631409494,-0.0255549125923039,0.0406272058338703,-0.125107338167927,-0.302167729389518,0.117174565319925,0.182810721234742,0.0218922064654763,0.189000069288701,0.00974835696909636,""
866,-0.126189216741286,-0.0275058797754947,0.0209430419253817,-0.132752054591399,-0.391835699821171,0.0561348765399658,0.196276817507261,0.0410897346738934,0.17417131173761,0.00842710518237327,""
867,-0.170332079940509,-0.024486424606169,0.0338402662806372,-0.160978238266041,-0.376723280379519,0.0996009423698657,0.168396705998135,0.0351164989783917,0.0341377114967691,0.000354408163836012,""
868,-0.0999618598786416,-0.058270314123621,0.0153751773141717,-0.142856996688091,-0.424595312184463,0.045374064927247,0.132999589194307,0.053867103985459,0.274975236956013,0.0192629304143369,""
869,-0.168173086328527,-0.00900344766762913,0.0310256873783609,-0.146150846617796,-0.337459483696522,0.0960138521155353,0.182078367100014,0.0218949253850403,0.110418259562249,0.00378402170644298,""
870,-0.165498656207661,-0.0258463583759702,0.0315968067167879,-0.159748207866843,-0.409205694674887,0.109281498860483,0.196898266929453,0.0744014106812272,0.147649827612777,0.00727056424307967,""
871,-0.167020994026432,-0.0163049127513515,0.0131920045048909,-0.170133902272892,-0.375639300158604,0.0452419160052701,0.13805436335128,0.0560766263041837,0.0922188520067773,0.00242737731217886,""
872,-0.116477261183093,-0.0461950159790638,0.028844540534174,-0.133827736627983,-0.382138531095491,0.0866913772579459,0.132970182235539,0.0707348249652578,0.163030870955669,0.00749430149850169,""
873,-0.191855837817652,-0.0256715656658479,0.0238402785927967,-0.193687124890703,-0.312777213384465,0.0752777532403621,0.182977284515321,0.00454421680423145,0.0964509764765176,0.00276422399073042,""
874,-0.11429713688837,-0.0395340132697458,0.0545793296307749,-0.0992518205273413,-0.346822835502002,0.168694357599776,0.119376007480388,-0.00936431859899576,0.0246350015028367,0.000156587791466339,""
875,-0.143617152468746,-0.018009629735898,0.019173961493791,-0.142452820710853,-0.371614422051664,0.0573207310750972,0.192550419638527,0.0656395609160855,0.124428599685676,0.00449188084588916,""
876,-0.193465920026421,0.0109733260084284,0.0463905214236021,-0.13610207259439,-0.361391109322088,0.113059178462747,0.197285786581937,-0.0335006687263002,0.0307811823834932,0.000301226573589459,""
877,-0.157973333857069,-0.0421503502811982,0.0358956082920688,-0.164228075846199,-0.35309785830917,0.122037718567687,0.222721739524768,0.0171421885423756,-0.00944391406322575,2.51011819811767e-05,""
878,-0.135624809672389,-0.0330900970213285,0.0188070199354782,-0.149907886758239,-0.331475520333598,0.05394882863284,0.229173087352047,0.019745216031388,-0.0558910059632134,0.00088177644856007,""
879,-0.0961872418148639,-0.00760949191655136,-0.00672570012676223,-0.110522433858178,-0.38800059803288,-0.0179567986710594,0.161532123417262,0.0411077951377056,0.0833111912622036,0.00188070308609649,""
880,-0.112470183383388,-0.070746833937431,0.0533936281200535,-0.129823389200766,-0.417901803369786,0.149460328511307,0.192338344988772,0.0264799435946009,0.234168485442446,0.0155740561298109,""
881,-0.174217686749811,-0.0155806510552755,0.0186354807941969,-0.17116285701089,-0.383913156634403,0.0514264433341954,0.180765996931509,0.0241763181351661,0.152745615557405,0.00718128770436242,""
882,-0.118555508501656,-0.0363995949562859,0.0151154308616206,-0.139839672596321,-0.394296559518541,0.0434895681092852,0.183920468955777,0.0571917204193488,0.0292330034477248,0.000239760782265001,""
883,-0.158760098892155,-0.0262041360167919,0.0230051279129201,-0.161959106996027,-0.381644950274797,0.0619420282247012,0.21406372807903,0.0741491575529286,0.0769701957260159,0.00171126655586911,""
884,-0.123823708043746,-0.0446771235187077,0.0121026652721415,-0.156398166290312,-0.291551160983402,0.0365551940629837,0.192594926167067,0.0321614976843653,-0.0424802708649125,0.000421767617680873,""
885,-0.114811116975245,-0.044229180155745,0.0226778549362897,-0.1363624421947,-0.387230285733716,0.0556860948332738,0.202451980296108,0.0188704589859649,0.142061026535358,0.0053913439368017,""
886,-0.183627153221977,-0.00830412762805523,0.0504511475610479,-0.141480133288985,-0.422412889071013,0.131324400404413,0.275252278347428,0.0833278836016746,0.231769342756096,0.0189625194073945,""
887,-0.123879236196342,-0.0342150157287017,0.0203072518520227,-0.137787000073021,-0.373510255866418,0.0659293454063138,0.239414355237244,0.0546831585307412,0.100802155792199,0.00284509922151895,""
888,-0.153824262167205,-0.0275362776592587,0.0324452541669788,-0.148915285659484,-0.400008700964516,0.0879679102093916,0.204919497580611,0.0878555197825941,-0.0149068278845907,5.87725014520679e-05,""
889,-0.161792547670715,-0.0253588889749776,0.0250726416059805,-0.162078795039712,-0.320122693565081,0.0835911237979416,0.162545021143139,-0.0185765337960237,0.0652257674613655,0.0012191043937995,""
890,-0.158321286367276,-0.0374256433462683,0.0159442657080227,-0.179802664005522,-0.374591609845969,0.0462893179992223,0.195511736685057,0.0299956136903101,0.0160650678395846,7.51733186098766e-05,""
891,-0.144922086178973,-0.044335208390377,0.0301254489885332,-0.159131845580817,-0.370879374460337,0.0758466424070738,0.270700979620928,0.045760196342697,0.1765390206651,0.00900568022180887,""
892,-0.135523378740875,-0.0385165688250123,0.0386430704236812,-0.135396877142206,-0.391381967662616,0.10446763028291,0.249178805811983,0.0886521637349938,0.134171744300665,0.00565324838722147,""
893,-0.125894884721404,-0.0406425792181105,0.0182636834137198,-0.148273780525795,-0.397134193961739,0.0632638837982375,0.121962117539907,0.0654170107281096,0.168365542680243,0.00791089630424808,""
894,-0.11562098990607,-0.0351549233477181,0.0285106391309151,-0.122265274122873,-0.305920436723306,0.0807849790975733,0.234363851842595,0.0307291767759171,0.158302829046271,0.00667495435276785,""
895,-0.142117710633875,-0.00513229440467074,0.00744851094712358,-0.139801494091423,-0.398451122070457,0.0207051943001038,0.224626747186791,0.0667851030096268,0.252012917298492,0.0198839849657578,""
896,-0.134556443133878,0.0124178414604793,0.0125600381120198,-0.109578563561379,-0.389194549943178,0.0329580478320467,0.156643791756992,0.0700840474885955,0.0421879080094758,0.000509075940963524,""
897,-0.179582734672917,0.00892377577945663,0.029802335600923,-0.140856623292538,-0.26666048205303,0.120643235433494,0.194259265210486,-0.0677048621320877,0.139360056032126,0.00585901998077268,""
898,-0.122841204998994,-0.0197543674788543,0.00292788361420448,-0.139667688863644,-0.402160774430992,0.00784512843845545,0.199956318409841,0.0449661258262536,0.149847151130023,0.00657750895046559,""
899,-0.180955678015474,0.00344375758809305,0.0180744832669398,-0.159437437160441,-0.365781585818411,0.055085670521434,0.220501189890104,0.0327648869272005,0.13613154119727,0.00596192568562234,""
900,-0.123921738982887,-0.0193006580391075,0.015546842143148,-0.127675554878847,-0.335310600958393,0.0522889834058888,0.155594555616659,0.0446615076438215,0.0726736060175473,0.00141098171271117,""
901,-0.130940237399357,-0.0158838844616181,0.00139911812115972,-0.145425003739815,-0.407277204467199,0.00373519524001038,0.175645174127692,0.00191925831815161,0.185668186281911,0.0104969190744728,""
902,-0.18223021009784,0.0234458078775981,0.0319352648218881,-0.126849137398354,-0.354883199124082,0.106379828463961,0.165536818961242,-0.00848433426697949,0.106719006557962,0.00354878476927126,""
903,-0.156630474498872,8.43250966210333e-05,0.0156145272845206,-0.140931622117731,-0.397452990324319,0.0492436169087525,0.199885335662334,0.0457876888072335,0.235019953219747,0.0177237518395824,""
904,-0.14982167227353,-0.0487375801419097,0.0279249890538121,-0.170634263361628,-0.396830169209111,0.0784519395450083,0.156595265700009,0.058449294864217,0.0617002603577397,0.0010489806652159,""
905,-0.15943007647147,-0.0177058470655701,0.00942934472929099,-0.167706578807749,-0.367043741745143,0.0290633402133658,0.204983205986778,0.0414086560578084,0.135521782134221,0.00516743902282981,""
906,-0.122295073714556,-0.0273826130792776,0.0259918435791503,-0.123685843214683,-0.382888953048558,0.075617555563748,0.204675156798373,0.0619602260100807,0.00572134951371619,8.81209407002071e-06,""
907,-0.116961328971756,-0.0576320397651361,0.0228705889223526,-0.15172277981454,-0.363518358902694,0.0674822318870749,0.16660055524283,0.0293085883520836,0.1213858156411,0.00349273513218028,""
908,-0.114784093553593,-0.0434606806566799,0.0455886810613873,-0.112656093148886,-0.332839916726041,0.141035733382622,0.133706410097587,0.0104853915037988,0.00500414394208952,6.77522247835945e-06,""
909,-0.127745893850324,-0.0041646919824149,0.00466214943434661,-0.127248436398392,-0.316148041287141,0.0133735137792313,0.173620708193766,0.0226034182301921,-0.0126432874704234,4.44920590339008e-05,""
910,-0.105789986187343,-0.0514119770116468,0.0188362108594098,-0.13836575233958,-0.39342947133797,0.0506733383657601,0.190883926298766,0.0135377076959773,0.241788534542516,0.0145401483918083,""
911,-0.146967837647315,-0.0106498643697516,0.0152393769400756,-0.142378325076991,-0.443862904191806,0.0421698942439573,0.175508466123716,0.0226808509705334,0.147149423358757,0.00692064873503278,""
912,-0.189134779520706,-0.0119521942727529,0.0275522861243137,-0.173534687669145,-0.317952526810246,0.0743829619743912,0.18315926771329,0.0252445113952139,0.0301237133931055,0.000265754999269751,""
913,-0.18544776596202,-0.0244764897504687,0.0194311065436457,-0.190493149168843,-0.330401337253308,0.0662935398296216,0.0996281701170067,0.0237363796560876,0.047847705355666,0.000627967428035759,""
914,-0.119282982959534,-0.0434162408501669,0.02059244273681,-0.142106781072891,-0.405917678306703,0.059387713165452,0.141242765026954,0.0699461108445285,0.184209363885423,0.00903245503122284,""
915,-0.122933626057915,-0.0510833269018002,0.0361486031061989,-0.137868349853517,-0.402204584453855,0.11398509007345,0.200251487502387,0.0666892584919007,0.159942471189857,0.00685890474857035,""
916,-0.122493517776871,-0.015166657311125,0.0302600279583143,-0.107400147129682,-0.372364713126937,0.0859567619512622,0.150225366375497,0.0326820915614015,0.0248498986184166,0.000175481429287357,""
917,-0.12482574810932,-0.0514047816127083,0.0335173601181079,-0.142713169603921,-0.2657876818997,0.0938969267168499,0.228372409940569,-0.00561218310791682,0.126956889957558,0.00388590767343347,""
918,-0.221328429321981,0.000604487374372683,0.0180062262516877,-0.20271771569592,-0.397238564696302,0.0500826864996278,0.175134776578319,0.0200795573545001,0.042168038725876,0.00058322303760085,""
919,-0.125985892952859,-0.011630139689782,0.0268338606406602,-0.110782172001981,-0.381410137636646,0.0824238316475987,0.153455402026245,0.110337645237695,0.165029881645283,0.00799640431287628,""
920,-0.172223964243266,-0.00454990223987291,0.0295774723469927,-0.147196394136146,-0.393451176617513,0.0814058530102408,0.170740378966358,0.0623932022332462,0.136745514161337,0.00577386173443595,""
921,-0.157782676286152,-0.0191946932448972,0.00759188579231987,-0.169385483738729,-0.36822000268024,0.0219083177738867,0.194473029278881,0.0893021542961341,0.172993269858424,0.00763557589719008,""
922,-0.167735037169266,-0.0162569198643459,0.0199330406700982,-0.164058916363513,-0.388469201568328,0.0639175374333831,0.168451401756887,0.0906278440449816,0.177878609365764,0.00991366509665186,""
923,-0.170188728772728,-0.00377208289519947,0.0111913419453517,-0.162769469722576,-0.338954918023158,0.032787274165692,0.20182325189111,0.0271604159575858,0.0554496151767951,0.000919651258474931,""
924,-0.145945989686345,-0.00559279000114368,0.0230555106080131,-0.128483269079476,-0.318654072400021,0.0664531602871638,0.184153201549871,0.00453398183760418,-0.0499299518512071,0.000692699476621828,""
925,-0.120343282644852,-0.00248442507348757,0.00844005649252206,-0.114387651225817,-0.370093208248318,0.0237151705828069,0.181862804834956,0.0582282955851729,0.065757649591628,0.00130559307549767,""
926,-0.12396244050021,0.00343673000048886,-0.0024601236521274,-0.122985834151849,-0.351139051572848,-0.00745895663528337,0.223959114598194,0.0119035327094314,0.132234823860956,0.00519070294942485,""
927,-0.159045714811423,0.0107114530899422,0.0306410307711984,-0.117693230950283,-0.268845921477989,0.0899772432440807,0.156325078471113,-0.00893160106724061,0.0510591441503715,0.000730984888196661,""
928,-0.103544588233853,-0.0298220119497297,0.00864725066935629,-0.124719349514226,-0.381587811152157,0.0258450916933492,0.1704241698926,0.0689223308733203,0.296474247097185,0.0258030003214921,""
929,-0.125679486418442,-0.018465226905041,0.0261447873646986,-0.117999925958784,-0.32814611772859,0.07426021169906,0.197234648130199,0.029877269188622,-0.0522462956524455,0.000803240786300129,""
930,-0.0778013945755403,-0.0645818967778111,0.0467420673872036,-0.0956412239661478,-0.353082419255183,0.126564240014657,0.241074890982327,0.0147383462416389,0.0574865518787811,0.000797674917900877,""
931,-0.0967598438307662,0.00904912373731302,-0.00485221900904555,-0.0925629391024987,-0.355380233459292,-0.0127204435089251,0.123411557808668,-0.0124985937282823,0.171437451551285,0.00803019622545521,""
932,-0.121980122342164,-0.00481905515017804,0.0215463738802655,-0.105252803612076,-0.237549040245169,0.071413385258517,0.132368021323426,-0.048135086991746,-0.0205219022097204,0.000113087078371486,""
933,-0.118303990906022,-0.0214412775734736,0.019015780601961,-0.120729487877535,-0.381053028301644,0.0627097252459328,0.213526717567625,0.05588155310484,0.188529522743574,0.010992026676686,""
934,-0.101073526586127,-0.0253504975806185,0.0247643312810763,-0.101659692885669,-0.328068243748726,0.0851435436448525,0.155821699035506,0.028892765866677,0.157746216366059,0.00649361103753617,""
935,-0.140310455232974,-0.0145806793071055,0.018621499824322,-0.136269634715757,-0.393688508307835,0.0505947937558585,0.214462269742296,0.0427250943203237,0.121089237240078,0.00464935719164745,""
936,-0.160328879914048,-0.0150119998061063,0.00536639838579736,-0.169974481334357,-0.397634211054429,0.0146873381691473,0.173774771512708,0.0381968660460723,0.0896579140384284,0.00242379769281673,""
937,-0.169395581223988,0.0131701812583544,0.0161147157479739,-0.14011068421766,-0.345904219692638,0.053516822572696,0.161030143549528,-0.0130716967153315,0.044669605848242,0.000596247675610371,""
938,-0.173657503748511,-0.000513854178370605,0.0252233228418654,-0.148948035085016,-0.368682900790605,0.0707400965067024,0.137229577082076,0.0426794945865946,0.0581258601022263,0.00101099814116359,""
939,-0.167598128869706,-0.0108088574919027,0.00596960925811711,-0.172437377103491,-0.311887854675544,0.016714348891039,0.201686793352252,0.0431111344498964,0.0640106277863631,0.00119722530541459,""
940,-0.114357284232483,-0.020725243361703,0.018605911480276,-0.11647661611391,-0.332289836998874,0.0532015737155796,0.156076816475039,0.0666501335839041,0.0255998390844005,0.00017322294615246,""
941,-0.17152254867725,-0.0225833591718973,0.048796605015383,-0.145309302833764,-0.407139403716476,0.130783303541787,0.224521045118567,0.0209372595456227,0.148938097048202,0.0070900918182641,""
942,-0.146995646599416,-0.0205507652633564,0.0232945295142507,-0.144251882348522,-0.381286404196064,0.0746578571403045,0.132325460533971,0.0527057086155328,0.119247823945224,0.00409151135299991,""
943,-0.148424359285105,-0.0307291559808514,0.046694641112458,-0.132458874153498,-0.357816669745856,0.127149393096079,0.195809794622724,-0.0241562932637777,0.134509325699798,0.00521117849719512,""
944,-0.140979936037338,-0.0282707038324004,0.0347081361738298,-0.134542503695908,-0.365657136129156,0.116733178468076,0.174338307450864,0.00183867987614184,0.157710640145295,0.00720737782422296,""
945,-0.146763759537068,-0.0561908479299954,0.022134665370894,-0.18081994209617,-0.460820259729147,0.0706684818417013,0.199997166786013,0.066125853087736,0.268279290563847,0.0228410272403185,""
946,-0.149775346414567,-0.0106599584020274,0.0107946851536536,-0.149640619662941,-0.371641654876535,0.0313838665085485,0.18141304115203,0.0551709658592557,0.124106508664097,0.00439153593733903,""
947,-0.124141063508637,-0.011272399687594,0.0297068127176763,-0.105706650478555,-0.38966152826541,0.0961461889164381,0.104271373099932,0.0362400538712377,0.0587595358157709,0.000977552710863919,""
948,-0.0969676973186763,0.0128206505171583,0.0255267602543197,-0.0586202865471984,-0.354154641069814,0.0828276307296694,0.0902053051807793,-0.0425424564387861,-0.00237576073389665,1.63938658711495e-06,""
949,-0.13914861146794,-0.0192568958672107,0.0318625103015861,-0.126542997033565,-0.385217688831233,0.0794527826743502,0.258238303771469,-0.0224560637337536,0.122217613624895,0.00461811332018442,""
950,-0.0826825746008664,-0.0197037725933817,0.00967451600670092,-0.0927118311875472,-0.384179374098685,0.0318461596779002,0.0895093366875481,0.0546155013951803,0.0433787981645782,0.000508477988566741,""
951,-0.124098196524061,-0.0301697479805703,0.023511542437497,-0.130756402067135,-0.411684767665869,0.0735307454499662,0.193189202797045,0.0285617700153312,0.300766124697571,0.0271231640243436,""
952,-0.180165509620227,-0.0192534755477978,0.0378090867517128,-0.161609898416312,-0.345536030657326,0.110675537438356,0.188888018194547,0.0473615343906246,0.134024430409556,0.0055195785411507,""
953,-0.134885898479727,-0.0306258079293132,0.0193439394117959,-0.146167766997244,-0.376352706835273,0.060574693798521,0.186095710359855,0.0629095784868331,0.186839706626525,0.00975772157577285,""
954,-0.097384734622553,-0.04137499307145,-0.0148183896405195,-0.153578117334523,-0.361040923648254,-0.0451583147743009,0.247767618624435,-0.0174119068704914,0.122168122468768,0.00421857672827056,""
955,-0.150867471075657,-0.0462110522031146,0.0313831435705241,-0.165695379708248,-0.372991114619724,0.0771540318840211,0.276145596450058,0.0523212144484245,0.167261028668092,0.00869251288025673,""
956,-0.123615098659765,-0.0572486279055836,0.0460013488637335,-0.134862377701615,-0.45770243387748,0.122394092917122,0.213574499207418,0.0457673424168101,0.141022164570474,0.00611708208905304,""
957,-0.102883506325471,-0.0340339512445834,0.0310276068893341,-0.10588985068072,-0.350240640238958,0.0906202270438733,0.222064604535858,0.0345812206353896,0.177993283123924,0.00923318790628495,""
958,-0.173060880504221,-0.0330798710532561,0.0164475180660541,-0.189693233491423,-0.394518877996845,0.0431398839587618,0.209590417808342,0.0784839820399549,-0.0410948658598848,0.000478565865669488,""
959,-0.173082191335223,-0.0271606745859503,0.0130300956400371,-0.187212770281136,-0.435912219962475,0.044395628675131,0.160262079445036,0.0908725031182179,0.192003915700708,0.0112895144849424,""
960,-0.163049406627138,0.00558400716668413,0.0324297233702914,-0.125035676090163,-0.372960307263854,0.101716496770304,0.171977000723273,0.0514208416097911,0.149623859054712,0.00703988220408263,""
961,-0.15609627244581,0.0134488202546484,0.0180024752073594,-0.124644976983802,-0.265124265526522,0.0563425790667277,0.230051180172863,-0.047794842716711,-0.0303046828050025,0.000264144079527806,""
962,-0.12660225718494,-0.0234201456075308,0.0316519656157655,-0.118370437176705,-0.335366093911338,0.103220151478807,0.213152915162018,0.0195831302937678,0.0764211571533092,0.00169677697078006,""
963,-0.137289850961514,-0.0123429341331383,0.0073362170400565,-0.142296568054595,-0.359218192522972,0.0201026500333271,0.130073291940943,-0.0109427908432866,0.114721290393676,0.00373183629815896,""
964,-0.156051689912966,-0.0269629669792205,0.0169819140320806,-0.166032742860106,-0.381559999892086,0.0441890799469162,0.203509049847331,0.0777315923205536,0.075480923010006,0.00158679655257494,""
965,-0.111148930838468,-0.0291242307252094,0.016907193496169,-0.123365968067508,-0.328777864008019,0.0540030047607377,0.159408982560863,0.0382051536362363,0.0919412650678834,0.00239970103579858,""
966,-0.0983153564040005,-0.0517955578262596,0.018822882593292,-0.131288031636968,-0.391080269423709,0.0599682163213112,0.152331178833411,0.0946577477448963,0.183236913758757,0.00905398370860463,""
967,-0.121971760915647,-0.0251028943068581,0.0201295848762459,-0.126945070346259,-0.382181042152566,0.0613486823124174,0.153037778510128,0.0838110925735812,0.205573123222586,0.0122720069656458,""
968,-0.13481725353333,0.00154399270525666,0.00849802585457552,-0.124775234973497,-0.325066627499786,0.024906730948208,0.141240002971201,0.0471753125579183,0.0572765041526969,0.00090266455000229,""
969,-0.125333013240257,-0.030579826344693,0.038195062652601,-0.117717776932349,-0.384257387759268,0.11361225353368,0.161944455959937,0.0453809969672498,0.0785179424549662,0.00176694657382214,""
970,-0.131021435859291,-0.034421121080909,0.015546794171038,-0.149895762769162,-0.367807263058358,0.0474697875927977,0.153505792169149,0.0485427055388737,0.151136071888775,0.00603920890745928,""
971,-0.141796642446842,0.00809899148299523,-0.00978630742096527,-0.143483958384812,-0.335916409592019,-0.0322336460457458,0.110313763218289,0.0519149036503597,0.0846492192580731,0.00185178451256571,""
972,-0.100167278586184,-0.0230793863293805,0.00429236852965917,-0.118954296385906,-0.317941647133818,0.0125863852329947,0.26018530261346,0.0152619603673287,0.0630891393321302,0.00101978642061237,""
973,-0.199211941625206,0.00276681125678946,0.0262926652242598,-0.170152465144157,-0.31655043322567,0.0834290192678525,0.19668776480403,0.00844748266478406,0.12155219979048,0.00450117076346261,""
974,-0.123328202344891,-0.0292194830028158,0.0116224354977918,-0.140925249849915,-0.381217131822038,0.0278904951006418,0.245101129835786,0.0116736915830339,0.190780916871989,0.0106104038861522,""
975,-0.134091064224087,-0.0299081146026393,0.010237755802719,-0.153761423024007,-0.328832146866601,0.0317444898285341,0.185188295445792,0.0441203267416391,0.260590749776974,0.0193675484879049,""
976,-0.178326601148837,-0.0174580983719956,0.0300572737893405,-0.165727425731492,-0.381384849185728,0.082596401410681,0.223096313236081,0.0644969500480284,0.0505307126011939,0.000772990152872563,""
977,-0.136685492451572,-0.0228384175854366,0.0138624200072699,-0.145661490029739,-0.412117199308234,0.0381442730564462,0.209630984025639,0.0481940629326444,0.182822407046194,0.0104334696798682,""
978,-0.100107220907972,-0.0540840487610197,0.0274208979977807,-0.126770371671211,-0.409171596420573,0.0798557010997175,0.13887572423335,0.0657258467897634,0.152339933346504,0.00569262830859189,""
979,-0.111989422220079,-0.0273312348578669,0.0375692765599908,-0.101751380517955,-0.353940430723681,0.11703222938575,0.144095002423017,-0.0308670029318715,0.0974100444174915,0.00271051819410774,""
980,-0.11355947336533,-0.0511320250937856,0.0468398800884302,-0.117851618370686,-0.385180694048247,0.143968149306775,0.127458053491282,0.0468187040961367,0.0789536941123833,0.00179160976683192,""
981,-0.164255424410569,0.00903711622962973,0.0356123796394153,-0.119605928541524,-0.295995100679864,0.120216079006994,0.124470598688978,0.00180939952112498,-0.0228936131547765,0.000149796176474803,""
982,-0.134853650024231,-0.00136025176670259,0.0275588841114449,-0.108655017679489,-0.375154900134245,0.0884276180749154,0.123634844280009,0.0775281891092975,0.122681169435921,0.00448355652307352,""
983,-0.124851052747603,-0.0146735990870952,0.0413250887627793,-0.0981995630719186,-0.394949135450571,0.121010482885497,0.154476926583674,0.0371428748945341,0.119454262062684,0.0043534416049523,""
984,-0.145062437532172,-0.0298008785952161,0.0321954675570598,-0.142667848570328,-0.343681645263365,0.101251248408054,0.192661315525994,0.0142750992118311,0.084772920275988,0.00199662306427005,""
985,-0.10317467099594,-0.034545469680777,0.0188722511624833,-0.118847889514234,-0.372870457745256,0.0554949998221075,0.157157922521191,0.0622673918353561,0.121751606986682,0.00388973979614683,""
986,-0.105445997668489,-0.0224761413985528,0.037057793416173,-0.0908643456508687,-0.275991782725031,0.142009896019817,0.162932881893126,-0.0830648603250256,0.0221797150696522,0.000134058232174581,""
987,-0.155543477794493,-0.0217642529273189,0.0336397424683207,-0.143667988253491,-0.386086290118888,0.089409521372012,0.274806037522791,0.116549608352973,0.0817553495400355,0.00209422866802464,""
988,-0.117892222795084,-0.0358491903240265,0.0257510913145502,-0.12799032180456,-0.381097496115917,0.0729733458014024,0.240228346042423,0.0726495066714076,0.262931303169213,0.0200420656446553,""
989,-0.112440479349797,-0.049131295066681,0.0138184054968213,-0.147753368919656,-0.300919584186861,0.0370739785154784,0.205584386710053,0.0142130377090483,-0.0121205957422941,3.34910152170723e-05,""
990,-0.159207012776044,-0.0143902792801293,0.0133590740563416,-0.160238217999832,-0.370675061624838,0.0312343258242809,0.234336170314381,0.0469313840773787,0.17768952587034,0.00907832670394623,""
991,-0.121240928044822,-0.0545521800362218,0.036892954557545,-0.138900153523499,-0.383040229981361,0.111798523022644,0.163013664144699,0.091862547044079,0.277342146042829,0.0226820823706506,""
992,-0.16400031845133,-0.0401905812803522,0.041073967682626,-0.163116932049056,-0.342888495398522,0.123972866489096,0.227602604328652,0.0183713427099106,-0.0257853045870568,0.000195329304268459,""
993,-0.15225284654502,-0.036926559300522,0.026197306090172,-0.16298209975537,-0.333272696634515,0.0806842588025027,0.202582110721691,0.0396160047704791,0.0525965980794865,0.00072392055588126,""
994,-0.119494319148859,-0.0229156788720366,0.0221931300620042,-0.120216867958891,-0.325744508333822,0.0681691498581541,0.151568126801766,0.0117823425135414,-0.0663783046515705,0.00114700095794755,""
995,-0.118025612212355,-0.0196748848433081,-0.0032643632799737,-0.140964860335637,-0.323139536099037,-0.00948143589615758,0.218038508930484,0.045720208133873,0.0946100982976252,0.00245785009841655,""
996,-0.137181284306569,-0.00359240285933116,0.0140718279603161,-0.126701859205584,-0.359158623491776,0.0415028254261503,0.126487864982682,0.0740421138705043,0.0785464663779737,0.00175621143924148,""
997,-0.105017694602444,-0.0160402174362501,0.0285004486929421,-0.0925574633457517,-0.354686406610759,0.0952717286137971,0.0837360674769893,-0.0152178364763822,0.0798319282971802,0.00183837525202382,""
998,-0.144164994445974,-0.0130868404522686,0.00998332022091642,-0.147268514677327,-0.393372255067327,0.0301854116571228,0.155036296753754,0.047583147612546,0.0674188766514615,0.00123587549654151,""
999,-0.155057293269685,-0.00967642781936182,0.0322552507710405,-0.132478470318006,-0.400136371680876,0.0883702755840931,0.241711712176895,0.0754412412885648,0.13863871539586,0.00610212305988281,""
1000,-0.135766843238601,-0.0324592196861063,0.0142599454683481,-0.153966117456359,-0.382606992744779,0.0416118278512054,0.0966078179824216,0.0879472830014422,0.0116603471537715,3.35897344489626e-05,""
1001,-0.160746166060969,-0.0226181923849559,0.0333617517304025,-0.150002606715522,-0.369532770137317,0.103366821945448,0.20681341166886,0.0444433228253529,0.200619147453842,0.0125510576973651,""
1002,-0.127182988578236,-0.0485965572441723,0.0392440613674442,-0.136535484454964,-0.334975741109228,0.115212218653182,0.195126612383944,0.0310966004380051,0.130725534192468,0.00481348465211699,""
1003,-0.119863161042906,-0.0421314103455413,0.0308032140124118,-0.131191357376036,-0.334177349149735,0.0937697256714698,0.169978335106332,0.00253618479547011,0.0596838921699567,0.000954722348666909,""
1004,-0.151009474253904,-0.00895477120816658,0.0202419088347296,-0.139722336627341,-0.36522557136575,0.0580207926842567,0.179306197559264,0.0617366846346846,0.0862920839953824,0.0022146044544756,""
1005,-0.162546077568096,0.00690232791361306,0.0321197496341542,-0.123524000020328,-0.342870893029526,0.0897719728953391,0.193621743105849,0.0349172834829015,-0.0611212608267604,0.00109188110731489,""
1006,-0.149858752189318,-0.00836420660766255,0.0175572858848257,-0.140665672912155,-0.38965555956604,0.0485934615235652,0.101821000604735,0.0268300098649082,0.0777910454859336,0.0017592677585602,""
1007,-0.109626707271869,-0.00998076145686604,0.0191724382726482,-0.100435030456087,-0.368753525411813,0.0503073841675389,0.193646574401184,0.0300440588144293,0.141040474491011,0.00541469784225882,""
1008,-0.16371319608351,-0.0367359496362201,0.0250459460230787,-0.175403199696651,-0.378794752901512,0.0752595759701292,0.171602479777812,0.068598662647498,0.0863697557585541,0.00210337994975404,""
1009,-0.128825368487068,-0.050940879829822,0.0357368517979101,-0.14402939651898,-0.415829918395957,0.106486575906432,0.193788407293578,0.0839859643176454,0.170112811819598,0.00889507873506402,""
1010,-0.114561560476709,0.0270349003565456,0.00471279606473182,-0.0828138640554318,-0.333072407308411,0.014877021842613,0.0842176577880894,0.0428393489969901,-0.0846845772975729,0.00196300545915413,""
1011,-0.105324619015121,-0.0366317913842003,0.0244575874304186,-0.117498822968902,-0.354077371844496,0.079603925683343,0.126887800112628,0.00771354815123824,0.0264738885754185,0.000187558258482084,""
1012,-0.172667290951127,-0.00562045799694286,0.0105930167451565,-0.167694732202913,-0.381249723492018,0.0321188410785694,0.230215470745838,0.0624804059917212,0.194582622407698,0.0117454206461735,""
1013,-0.152569758586291,-0.0412442395272674,0.0116153647119391,-0.18219863340162,-0.462197281857027,0.0311913607496925,0.208506775869689,0.0598707128130173,0.270447055019465,0.022377597257334,""
1014,-0.14551537273669,0.00842111514214702,0.019799363017604,-0.117294894576939,-0.370347654527836,0.0616060618676774,0.160690700350528,0.0496099688585035,0.0907627124023204,0.00249514663267581,""
1015,-0.1172158889175,-0.0260475509944216,0.0155505685632795,-0.127712871348643,-0.40069613552247,0.0407961666755041,0.188734747914515,0.0161573731136859,0.240359915793922,0.0161344583278941,""
1016,-0.150972261193435,-0.016588790849976,0.0280222771116448,-0.139538774931766,-0.329385258234218,0.0718724567990815,0.206160474082026,0.00935373224777649,0.108827840226921,0.00330268001081105,""
1017,-0.138700946829938,-0.0321491292760524,0.0186779014410461,-0.152172174664945,-0.398827903633617,0.0523302491235502,0.187848535932481,0.0461205480736757,0.279871709226553,0.023679875528384,""
1018,-0.172515062621475,-0.0476043401805589,0.0449691970061184,-0.175150205795916,-0.403452704814838,0.130236153105913,0.278343100048799,0.0609036846801392,0.277440458582708,0.0265184129781883,""
1019,-0.186838160595721,-0.0279844465529568,0.0303858189303294,-0.184436788218348,-0.329162190366213,0.078715698212557,0.294550729543743,0.0214150578228926,0.0619321303487294,0.00120845439819657,""
1020,-0.100289475518572,-0.0217155239145511,0.0242071304219008,-0.0977978690112225,-0.291579541248057,0.0722165838160404,0.183360341902823,0.0047600960382866,0.0596322543619932,0.000909168576328414,""
1021,-0.217755322706657,-0.00736708062345666,0.0354326656289079,-0.189689737701206,-0.339501381304493,0.119808184858917,0.231167184699156,-0.0620325811521227,0.222532001065447,0.0165918963517636,""
1022,-0.128652616429951,-0.0106429438137286,0.0220988921910248,-0.117196668052654,-0.327769804112294,0.0717111284968162,0.198618743417824,0.0524684836812793,0.180975899505406,0.00946307460462423,""
1023,-0.181994039390341,0.0114212217774733,0.0234900390757369,-0.147082778537131,-0.269638510369471,0.0706372427747241,0.0955004277752299,-0.00803143495055219,0.0746021718978889,0.0015102937395112,""
1024,-0.147740878248207,-0.0484967572672924,0.0168408258400562,-0.179396809675443,-0.48222097776735,0.0530490955713956,0.185193422548211,0.119142672287382,0.206978963678717,0.0134519379234203,""
1025,-0.126959761972575,-0.0539288039970313,0.0176101926784043,-0.163278373291202,-0.359904738104409,0.0573787653959231,0.187069410994532,0.0162305034972723,0.163217545555557,0.00672076543630406,""
1026,-0.175532336555871,-0.0192302395352091,0.0150955581222483,-0.179667017968832,-0.270044137848306,0.0385222133483946,0.239769012092192,-0.0240765517979764,0.0182647095555064,9.25297541825275e-05,""
1027,-0.134856380961604,-0.0143574943060521,0.0307881240250996,-0.118425751242557,-0.362800309446337,0.0894566129827962,0.143942751108232,-0.0425911870837798,0.071562834247906,0.00141340995263352,""
1028,-0.152019701501784,-0.0040745520609991,0.0231353865793951,-0.132958866983388,-0.326927948387886,0.0632502682544795,0.213272513641618,0.0338304018603118,0.0511525747001321,0.000739565154268809,""
1029,-0.161450129174746,-0.0331292124428066,0.0160544931615469,-0.178524848456006,-0.372134995086435,0.0465006990518871,0.226254743605773,0.0699149144414397,0.225132946304311,0.0136926725098595,""
1030,-0.104960373610422,-0.0153443756924671,0.0157171668784209,-0.104587582424468,-0.311665153722516,0.0462347964821756,0.214625053452424,0.0349022125340899,0.110095465821555,0.0033874592867572,""
1031,-0.165106241049915,-0.0187661361994325,0.0100920651432657,-0.173780312106082,-0.380995677825202,0.0289165351619574,0.191200341238042,-0.00517651369789759,0.177486389992021,0.00989595178431857,""
1032,-0.167343743954964,-0.033759072406938,0.0229026566288148,-0.178200159733087,-0.392192936202597,0.068484082849333,0.140391567367474,0.0259055517225869,0.155106502570586,0.0073109668878572,""
1033,-0.176453067406225,-0.00443046665953362,-0.00518503951578862,-0.186068573581547,-0.330621139603133,-0.0192960083984458,0.192153291717792,-0.0360550402731576,0.244398233680717,0.0177492790381764,""
1034,-0.143491642756498,-0.0508063106651047,0.0279553080733308,-0.166342645348272,-0.312388767106105,0.0991578536812544,0.134323583290086,-0.0107117053059753,0.0958544391269128,0.00232983222993675,""
1035,-0.108639594249678,-0.0126003378196716,0.0406923422624009,-0.0805475898069488,-0.310727429359298,0.124465238898323,0.122155780437702,0.00310004770916987,-0.0900536610872789,0.00227490462004529,""
1036,-0.132410982864767,-0.0244438085243391,-0.00148862435971033,-0.158343415748816,-0.397944892691039,-0.00413420719340381,0.160788422402158,0.060936244366468,0.0492990204417759,0.000691343042603437,""
1037,-0.14590187457535,0.0226397202812878,0.00848584196638971,-0.114776312327673,-0.374567225472598,0.0219639032748472,0.166005672011375,-0.00321230402154543,0.19858114725997,0.0116692755069416,""
1038,-0.119553095695913,-0.0255651247882057,0.00402143949091882,-0.1410967809932,-0.395797092277434,0.0120540455676149,0.256641215244297,0.0872140430623708,0.27950477130353,0.0230787713459858,""
1039,-0.120544745124211,-0.0275772903378682,0.0365287706713577,-0.111593264790721,-0.393642778414635,0.117288474407807,0.140537591260945,0.0645947774594375,0.0546135980075953,0.000902869393334998,""
1040,-0.17475590114959,-0.0191630456773315,0.0392603961130919,-0.15465855071383,-0.342884549274857,0.12432877866901,0.165852625499956,0.0508700924065645,0.0698359680930648,0.00143838501957381,""
1041,-0.158563500485366,0.0184815793659965,0.0337962816584264,-0.106285639460943,-0.25813023757051,0.102182616534681,0.188672937956019,-0.0432587723672261,-0.0412530050701894,0.000490600641901907,""
1042,-0.132594151632349,-0.0103547450168109,0.0331808896951392,-0.109768006954021,-0.369982881496079,0.121110156428033,0.106504098036712,0.0460831185625902,0.062517558590393,0.00117734018448283,""
1043,-0.162861543136246,0.00235996722833986,-0.0116756969591186,-0.172177272867025,-0.391176017222193,-0.0323724081483481,0.144250977182492,0.058317716273704,0.13738142959574,0.00538246407757883,""
1044,-0.140012825746046,0.0179845319482262,0.00795996899801098,-0.114068324799808,-0.392700209069559,0.023668158612221,0.184039336870378,0.0838188995573958,0.140939573629215,0.00613900791389579,""
1045,-0.09594316651803,-0.0507117185876371,0.0183745447797571,-0.12828034032591,-0.362715177480327,0.0592851773740287,0.198492633541894,0.0460868913894681,0.210362567281224,0.0116492783286889,""
1046,-0.120524999626499,-0.0142763622542075,0.00930034267166907,-0.125501019209037,-0.408514934236565,0.0234231849047708,0.240868267329286,0.0358231519177914,0.198116946948227,0.0123125480417682,""
1047,-0.169428188657051,-0.0296456504027833,0.0337568241702442,-0.16531701488959,-0.27942275995282,0.0935962522255829,0.232543839606409,-0.018939900881188,-0.109176137614682,0.00323656870724026,""
1048,-0.101801154688415,-0.018223489956362,0.00647581354478665,-0.11354883109999,-0.381992068054132,0.019770110733149,0.141796438163353,0.0743264217266837,0.24023883486606,0.0160816320484684,""
1049,-0.152035421934583,-0.0165380735314704,0.0379661522159332,-0.13060734325012,-0.305630015316482,0.114719603580905,0.156898739619202,-0.00857692585603847,-0.00318854405028754,2.92522123856516e-06,""
1050,-0.13061461010736,-0.0548712324891454,0.0206284641315656,-0.16485737846494,-0.388911875533844,0.0603871711191704,0.219062223017296,0.0618362307436235,0.235009133551978,0.0147982383074889,""
1051,-0.190685431609346,-0.0210761777733736,0.0260144727189912,-0.185747136663728,-0.335502798674061,0.0666498508784631,0.22539131118977,0.0562493814972829,0.183761461106727,0.00968970455938746,""
1052,-0.140579851869927,-0.0457525063406352,0.0346173435214854,-0.151715014689077,-0.384115327524076,0.110650531278353,0.202604491456303,0.0556172400707381,0.155342751714202,0.00718865493749619,""
1053,-0.160640392700145,-0.0456701284230112,0.0322796739716752,-0.174030847151481,-0.376210249620557,0.103727232366134,0.132696140425907,0.0501815464289836,0.016949095233728,7.86157048791929e-05,""
1054,-0.0828803243754926,-0.00105563744234484,0.0407654370814803,-0.0431705247363571,-0.313279481561288,0.134671431251264,0.11420983076949,-0.0232801208455087,0.0274901970230365,0.000211748029814239,""
1055,-0.129246939737276,-0.0428789838537623,0.0593672633677231,-0.112758660223315,-0.386593982034508,0.181761763548632,0.237413282732827,0.0278586419331787,0.137056335600402,0.00543045780532439,""
1056,-0.209674595517217,0.0238595342231193,0.0222416518928167,-0.163573409401281,-0.331869582584988,0.0687480902076547,0.163347001220742,0.0251203170802611,0.018726149851152,0.000104363085141016,""
1057,-0.108663141546652,-0.0359552774415042,0.00313589945304242,-0.141482519535114,-0.425707742106204,0.00979533417077216,0.129698134606136,0.0962695246098285,0.22986292283754,0.0146328332752985,""
1058,-0.120082873660592,-0.0652040641984342,0.0633354085042846,-0.121951529354741,-0.362305957578599,0.204180376309258,0.17610697200203,0.0368339862335848,0.118991155815982,0.00404343517916549,""
1059,-0.139551909779686,-0.0146357376739314,0.000554286387039481,-0.153633361066578,-0.39282751720275,0.00146569981665336,0.195696165049514,0.091713061794328,0.148480546641655,0.00637948575963548,""
1060,-0.0980107869707223,-0.0338640572111877,0.0245328060729937,-0.107342038108916,-0.349698348492769,0.0732057861050703,0.137012802420569,0.0760603907060798,0.237762772554792,0.0154980498682584,""
1061,-0.154693548414748,-0.0458982637624354,0.0407232202608781,-0.159868591916305,-0.357994272455889,0.10502045050267,0.237159161062704,0.0706794643915311,0.100007902875672,0.00277323571497877,""
1062,-0.14247386376692,-0.00925683156366042,0.0232677977919438,-0.128462897538636,-0.367935028264948,0.0680667694052925,0.194484756269744,0.0459403726097361,0.0538166102002358,0.000866390505775369,""
1063,-0.154890268869273,-0.0355705505150697,-0.00760730015940313,-0.198068119543746,-0.391727217937589,-0.0194576217251876,0.180656061437494,-0.0133607975825157,0.0793364398908132,0.00176481015109291,""
1064,-0.157830685424781,-0.0301424235329485,0.0305800239672605,-0.157393084990469,-0.327038722471908,0.099119851843352,0.246029531036308,-0.0120775331689355,0.0196462301888516,0.000105402411859734,""
1065,-0.140001480130982,-0.0317751235106901,0.0464810704968079,-0.125295533144864,-0.401911456153965,0.126370432991401,0.193471313354463,0.072315397044744,0.0686074123559406,0.00138097228074253,""
1066,-0.189525338521177,-0.00533104940919448,0.029452020840493,-0.165404367089878,-0.397451966124017,0.0825495548335875,0.1586506319016,-0.01953778487806,0.12566272841441,0.0051199441763164,""
1067,-0.14579840904416,-0.0193458028723223,0.011709293027332,-0.15343491888915,-0.373110144447365,0.0291619720660969,0.184324095589929,0.0147221513012025,0.146796566312285,0.00624220316792819,""
1068,-0.15248463275423,-0.0547509724475718,0.0189500971714096,-0.188285508030392,-0.338796913936326,0.0526940143310996,0.242336443682394,-0.0220917940975669,-0.0329895117760552,0.000279387146326139,""
1069,-0.121031296297157,-0.0350992895702702,0.0345731582467456,-0.121557427620682,-0.319802595466847,0.110416371083576,0.15138900820683,0.00266129732524295,0.0339400767073733,0.000321133220753534,""
1070,-0.142699448591579,-0.0460203627147076,0.0158869781924137,-0.172832833113873,-0.339596575273111,0.0496887763698146,0.196814633735622,0.0150792740185885,0.124449564183101,0.00418587328964873,""
1071,-0.154097200995913,-0.0456125277430613,0.0240023793059078,-0.175707349433066,-0.370961852661655,0.0631615668458499,0.214436744381655,0.0667848367386639,0.262515306249008,0.0189356802126477,""
1072,-0.147554005048146,-0.0242512861053878,0.00706258201053528,-0.164742709142999,-0.310558903350407,0.0252434776886948,0.240059942397346,-0.0122487044474789,0.145024782313191,0.00600197002240312,""
1073,-0.122492914512013,-0.00215330788734701,0.00934002978749316,-0.115306192611867,-0.244122601343176,0.0272687952571304,0.246202802775518,-0.0838388705641741,0.0616026062443584,0.000983676147676496,""
1074,-0.0983807516853485,-0.0602894657890844,0.023774435609073,-0.13489578186536,-0.44720302124156,0.0623635218676276,0.202425755251908,0.0616559395530291,0.16519295169463,0.00792237508080157,""
1075,-0.182524488868696,-0.00738335892159659,0.0187931359545972,-0.171114711835696,-0.387430039693858,0.0469963084082786,0.228152803108603,0.0225414337954142,0.120911399318089,0.00476938523358012,""
1076,-0.143184051448697,-0.0377822954546071,0.0269949435365593,-0.153971403366745,-0.396742119176039,0.0919004781380534,0.150569555288306,0.0704411617865561,0.128777578926168,0.00469932693877583,""
1077,-0.148476550746135,-0.0187059671793935,0.0481138368124494,-0.119068681113079,-0.352727376518685,0.145271197615535,0.195202983796532,0.0276291530493102,0.197847530694221,0.0121224928919138,""
1078,-0.116126894711934,-0.0236568657153795,0.0139762112815981,-0.125807549145715,-0.420726697045692,0.037980355329231,0.220801204236374,0.0981344449527077,0.1232289134515,0.00472011784172034,""
1079,-0.109462059026887,-0.00819770728423855,0.0109336559805093,-0.106726110330616,-0.347241154783267,0.0326487366911082,0.174667025934335,0.0378757005273931,0.0969646888587227,0.00264963048596335,""
1080,-0.119643516225092,-0.0255769899601082,0.0280958380754146,-0.117124668109785,-0.341833698731633,0.088177564133957,0.192196031947905,0.00505449811866229,0.0451522645824297,0.000535383380229048,""
1081,-0.124846391398915,-0.00172378736424288,0.0245017588883487,-0.102068419874809,-0.384822157041755,0.0714254927773485,0.147754126302513,0.0693263859181423,0.024130007896815,0.000171010496471129,""
1082,-0.125075904291601,-0.00334490176885247,0.00388434647386747,-0.124536459586586,-0.429990765521376,0.0115244737464937,0.171720275830579,0.0599255589400698,0.248724379981012,0.0195960820020196,""
1083,-0.129336105360124,-0.00903078858743533,0.00905482313758407,-0.129312070809975,-0.354219934251595,0.0256997147688891,0.164382273166648,0.0469402967676409,0.0809385250804327,0.00183783932184564,""
1084,-0.138175057476494,-0.0358133215453553,0.0339242192414175,-0.140064159780432,-0.331289949398513,0.0951092863448667,0.201094531220872,0.0395395939972721,0.251804150140201,0.0182448199661657,""
1085,-0.138632314159684,-0.00554042782345623,0.0228679429407269,-0.121304799042414,-0.384477494320208,0.0651238435616906,0.2216725278738,0.0783747234572976,0.0454847060433272,0.000627614989609393,""
1086,-0.117249643977238,-0.0323208442728274,0.0384548845352885,-0.111115603714777,-0.425603085878291,0.13781520250627,0.109346768391284,0.0801822257049541,0.111902601891777,0.00391450687152669,""
1087,-0.138318238779728,-0.073488009096028,0.0255633893245867,-0.18624285855117,-0.383858747716743,0.0696460732900594,0.212629627592139,0.0529844237368056,0.0678215172935114,0.00123249742406286,""
1088,-0.178904099040384,0.0078738982869297,0.00482201679652361,-0.166208183956931,-0.303208456655844,0.0131563365292668,0.175332016865285,-0.009801057227539,-0.0697889783534926,0.00141302347468712,""
1089,-0.1085332788902,-0.0145485806039032,0.00419700210346714,-0.118884857390636,-0.356961747560581,0.0130111874528969,0.159953322893964,0.0244545654546097,0.0812834808285154,0.0017094655327592,""
1090,-0.136249720574099,-0.0737529301132823,0.0146437076945548,-0.195358942992827,-0.396131534193608,0.0421907450199663,0.176929545191355,0.0479754764277186,0.241591049205132,0.0145343478931201,""
1091,-0.130193325566583,0.00128303495842037,0.0396721805976649,-0.0892381100104982,-0.368127405557303,0.123487941070184,0.125167186883242,0.0353842758319415,0.0821483483412337,0.0020593677913659,""
1092,-0.140179936115604,-0.0233960106717423,0.0204304307761053,-0.143145516011241,-0.397241024111575,0.0575487026512264,0.152365631838236,0.0649255435330278,0.110195215191181,0.00338914286287251,""
1093,-0.137272890565537,0.027316206110257,0.0310712421660547,-0.078885442289225,-0.289399432847429,0.10412378667314,0.157778163666706,-0.0848821469597092,0.0124307972472492,4.47379920406429e-05,""
1094,-0.132459668908228,-0.00975780774575485,0.0232670101511247,-0.118950466502858,-0.312147023739722,0.0795381826014006,0.142463279344261,0.0407278657260127,0.150536443608764,0.00626281554608034,""
1095,-0.104525542793013,-0.0177985321249314,-0.0101985410345845,-0.132522615952528,-0.348854904805927,-0.0263976702548875,0.227331983463759,0.0736193797553949,0.0715928266997847,0.00146661905247616,""
1096,-0.121619174736869,-0.0286885081582259,0.0149635018701569,-0.135344181024938,-0.407836932771761,0.0425121024135138,0.195767647654849,0.0378639107117093,0.262961100649513,0.0189596773003288,""
1097,-0.136171757599121,-0.0222083215431862,0.0426760935901359,-0.115703985552171,-0.355744506403323,0.14065171984148,0.143372387870126,-0.00427441544096382,0.0517351653978492,0.000811398273354691,""
1098,-0.132890427511036,-0.0600406465459158,0.022005905312198,-0.170925168744754,-0.437102848610859,0.0602115718131141,0.188308968995872,0.0878661429440967,0.0418561358998204,0.000493473311915275,""
1099,-0.108789515483921,-0.0530999733437454,0.0536802096160412,-0.108209279211625,-0.392829859897917,0.167614076701176,0.209524610222275,-0.000935770056243249,0.116233540510629,0.00396090926206594,""
1100,-0.112162931771771,-0.0671295034705534,0.0260692495982335,-0.153223185644091,-0.31587950294393,0.0881251975486448,0.210587769543184,0.0307316747582739,0.167381663190392,0.00658507883169823,""
1101,-0.161177134332995,-0.0155858191832225,0.0297015545594636,-0.147061398956754,-0.352322598048598,0.0957091255602018,0.110690425472241,0.0252632197780981,-0.026123564680403,0.000189762120705244,""
1102,-0.164378122478723,-0.00878863062515386,0.00869722464573631,-0.164469528458141,-0.383164707557781,0.0258011361124327,0.152552048597603,0.0620429631273573,0.215024597614885,0.0139540137447475,""
1103,-0.0852946918952656,-0.0638957147421784,0.0450388332416118,-0.104151573395832,-0.431629025141263,0.131405496707656,0.160143912090672,0.0333404242692755,0.110904138587655,0.00353622750537728,""
1104,-0.103163554448644,-0.0442310903732386,0.015642751012432,-0.131751893809451,-0.375462522185628,0.0498264232261275,0.153728297843296,0.0815321228835875,0.15598581912847,0.00644517486904273,""
1105,-0.108406086267817,-0.0364023772682879,0.0266986783749021,-0.118109785161202,-0.394986311790094,0.0744580453481606,0.170044675509892,0.0920932378926092,0.0968080932606584,0.002696329016038,""
1106,-0.104531485770239,-0.0356434797365892,0.0335043099219429,-0.106670655584885,-0.392124842695673,0.104595492751636,0.142794365547635,0.0633071787246006,0.0890658924446056,0.00234053868415999,""
1107,-0.130787745489126,-0.0356104442857021,0.0565139530280362,-0.109884236746792,-0.295450679879807,0.17315786774321,0.170019315871104,-0.00927308651112737,-0.0315591441207001,0.000272561076641062,""
1108,-0.122540923231357,-0.0117247482089295,-0.0147202271609302,-0.148985898601217,-0.21176545511242,-0.0459933583955026,0.179605062329986,-0.121531071142759,0.0622321710088484,0.00104314788729044,""
1109,-0.133814158203735,-0.0424624402929705,0.0208244871484655,-0.155452111348239,-0.37859397518312,0.0625282709220551,0.156840099665988,0.0635074199361158,0.131564742955838,0.00474399323935058,""
1110,-0.144109676072674,-0.0196630619791227,0.0278997933832382,-0.135872944668559,-0.365302034543488,0.0842860359800008,0.20676857118014,0.0488918760471397,0.145692253464269,0.00645421140973265,""
1111,-0.122487688225756,-0.0174450417070094,-0.0142170654812483,-0.154149795414014,-0.372226258439085,-0.0422104719748481,0.202838496982881,-0.0650748753557258,0.196393603545578,0.0109989016477316,""
1112,-0.151913430015186,-0.0225234187659887,0.0315727442991361,-0.142864104482039,-0.373806924841796,0.0932798391058972,0.23037191002732,0.0555890594599039,0.212934413117677,0.0137552075453441,""
1113,-0.172166493160563,-0.0235165886251785,0.0326334261031961,-0.163049655682546,-0.437820391058049,0.112876175769147,0.191663669320913,0.0989857286738891,0.211795228031952,0.0157192023532669,""
1114,-0.158257272764644,-0.0159525355204536,0.0124877668894861,-0.161722041395612,-0.25213972150308,0.0412167207866065,0.231521859140611,-0.0341063984968868,0.0360035118264341,0.000359973707881735,""
1115,-0.102122976276256,-0.0190566269187287,0.0155084258217756,-0.105671177373209,-0.323244470716399,0.0412179750856215,0.241605531228841,0.0560610887391125,0.0715602916573534,0.00142941269601879,""
1116,-0.120953479497842,-0.0340524679591983,0.0262028573322162,-0.128803090124824,-0.372700252976221,0.0906728469464752,0.162617365362178,0.0740962601751786,0.193823483989516,0.0107719332907884,""
1117,-0.173418787092237,-0.0401999714376174,0.0172168732797993,-0.196401885250055,-0.369991720867935,0.0480081498612598,0.213275595870785,0.0338334520581506,0.0854300162421008,0.00208135607545689,""
1118,-0.15050724562252,-0.0335840734827714,0.0374309740579035,-0.146660345047388,-0.283055096374705,0.113527675127098,0.195359587902674,-0.00523856504076506,-0.0495909703574049,0.000676385055022662,""
1119,-0.123309895749416,-0.0436944381386561,0.0140392227495777,-0.152965111138494,-0.402781743912787,0.0391829730508075,0.19539096192435,0.0371363680250642,0.158675092594769,0.00720329306509634,""
1120,-0.139132875348889,-0.0423892581670035,0.0262181173548048,-0.155304016161088,-0.397338043124822,0.0803275802841381,0.152303342779829,0.0860301120762083,0.1366728308745,0.00491867427595226,""
1121,-0.120682964110742,0.00450327505817903,0.0362094915374806,-0.0799701975150824,-0.272738803321539,0.113302452061241,0.194618720413552,-0.0136886665587281,0.0761499817279282,0.00168169891572282,""
1122,-0.15490367387685,0.000367419755390111,0.0169838500725843,-0.137552404048876,-0.359308224505778,0.0467781344038361,0.23527403480409,-0.00225594209485513,-0.0286378246322521,0.000239734139339651,""
1123,-0.142486833133987,-0.0560692369786277,0.0303767399644172,-0.168179330148197,-0.434359190231362,0.0848959560069294,0.192022038971069,0.06855285252328,0.213922796825029,0.0133961454902291,""
1124,-0.158474518974598,-0.0334415480554093,0.0482616032341263,-0.143654463795881,-0.387721111426494,0.150440446403204,0.207135864271936,0.0671405093680409,0.158399409722515,0.00800309410254536,""
1125,-0.123834080371414,-0.050584443386813,0.0325836443391677,-0.141834879419059,-0.396771582430794,0.104385774740518,0.190624659497144,0.0869682639249485,0.209388230036187,0.0111275640240221,""
1126,-0.132344312931428,-0.0331107735199171,0.0313146974015099,-0.134140389049836,-0.321989951777325,0.108213219004545,0.166441194219384,0.00564218884087848,0.105922677718047,0.00313723883729473,""
1127,-0.129641127274015,-0.0598442795454997,0.0208918574362806,-0.168593549383234,-0.42278821608217,0.0601085512852841,0.2079988836885,0.0945324017899207,0.265752453739501,0.019315365195909,""
1128,-0.123051652504393,-0.0126237039002469,0.0327734131857246,-0.102901943218916,-0.294388758202014,0.109626861936616,0.149098811345108,-0.00022457162612699,-0.0762754160224504,0.00166959340182229,""
1129,-0.133219837061863,-0.0118569933408042,0.015742647092539,-0.129334183310128,-0.252254826344484,0.0455952835712331,0.206807239212784,0.00701351542043531,-0.0466208338509691,0.000566352081962994,""
1130,-0.149772230008652,-0.0344949059948042,0.0219531068498707,-0.162314029153585,-0.344720555026243,0.0598690273635641,0.243546373663352,0.0763447171909536,0.114697875531081,0.00373818249425166,""
1131,-0.192089585200146,0.00261161339191833,0.03106060809807,-0.158417363710158,-0.36224558882908,0.0892233172994976,0.209973792873442,0.0752878776866898,0.0637050190584355,0.00127719134799118,""
1132,-0.166364366173808,0.00206249839249064,0.0158797270848302,-0.148422140696487,-0.300728326244643,0.0416302765859527,0.18576192107454,0.0141809069238611,-0.0836760112996245,0.00201592167909616,""
1133,-0.157288466301104,0.0116238650548974,0.0356544497809558,-0.110010151465251,-0.34189567353466,0.102841905770972,0.23954761740723,0.0100138266846504,0.0980399910943207,0.00305362133641631,""
1134,-0.17494079470709,-0.00405207083396773,0.0286434369595115,-0.150349428581546,-0.329686090599567,0.0987334066421041,0.160232095226358,-0.0547636137529372,0.163354318426386,0.00817636691437196,""
1135,-0.157249010341428,0.000458603048283324,0.00702145227601406,-0.14976895501713,-0.349565668244694,0.0215489456812458,0.091382767396259,-0.000243588946200315,0.0493263284703124,0.00066785961554139,""
1136,-0.185994319640333,-0.0378771916121253,0.0329347060345997,-0.190936805217858,-0.380063576852735,0.0982926325337677,0.25180172638055,0.0308008226747333,0.138432374431541,0.00655489111840869,""
1137,-0.142707823948464,-0.0496182225931701,0.0245583782785046,-0.16776766826313,-0.362534760650162,0.0678804251502667,0.222002445068575,0.0773321971017103,0.104970267332367,0.00285891070631538,""
1138,-0.116854768168626,-0.051482692502471,0.0281847744513837,-0.140152686219713,-0.378457466160969,0.0825985054142106,0.182337348815105,0.0293035767675892,0.0913125650889468,0.00219164950175474,""
1139,-0.147040387328012,-0.0222013192440354,0.0227588479589197,-0.146482858613128,-0.364948959827211,0.065115300576393,0.156587779680478,0.0727901716108234,0.168286054206383,0.00794886981763269,""
1140,-0.11455731458783,-0.0270744965122424,0.0292143902729975,-0.112417420827075,-0.397925734489497,0.0747994584237444,0.17883880089676,-0.00711786500069859,0.100587751260911,0.00269612233893206,""
1141,-0.133275608926159,0.00721821854211418,0.0287902148654501,-0.0972671755185951,-0.35232207784321,0.0888796901575147,0.164491853534656,-0.0340533146240114,0.102220470801665,0.00313861169145038,""
1142,-0.129565492930781,-0.00396969314209596,0.0215292733027913,-0.112005912770086,-0.306537206181378,0.0635833224292546,0.183347534582258,0.0357378676389209,0.0503424146945671,0.000720835664242276,""
1143,-0.128579055987707,-0.00850627489105363,0.00783064211784146,-0.129254688760919,-0.36444411350166,0.0251526680385103,0.167419970625357,0.0282130814007727,0.160172523751267,0.0075655122065976,""
1144,-0.156443263325979,-0.046856068755836,0.0310448205084976,-0.172254511573318,-0.381244565838676,0.0946764109527154,0.188619375301414,0.0439422692795581,0.100827031148328,0.00280868935352338,""
1145,-0.143351373376592,-0.0484405536473037,0.0135126019571747,-0.178279325066721,-0.394405624443246,0.0390718003394967,0.198849989527187,0.0648326743658114,0.105720714699858,0.0031575017471315,""
1146,-0.099929344234631,-0.000807994777742541,0.0256171368333186,-0.075120202179055,-0.356247510622626,0.0837812190683707,0.103332499784283,0.0416637054858857,-0.0113578573190746,3.70390716861156e-05,""
1147,-0.100527894356962,-0.0572936150303351,0.0289681840280285,-0.128853325359268,-0.404504962668207,0.0793128632786152,0.230400973058032,0.0276764943003586,0.162525634733878,0.00688762857992849,""
1148,-0.144021215568914,-0.000519285305644552,0.0326178424167286,-0.11192265845783,-0.346901755273882,0.0972774197905602,0.15194166784617,0.0451181660125825,0.038879134494694,0.000430523212197733,""
1149,-0.107547570594941,-0.0443068955113616,0.051176298849553,-0.10067816725675,-0.372368395368526,0.153870957025673,0.196360146201759,-0.010908870666171,0.130352397722911,0.00449643787935895,""
1150,-0.178080102401695,0.0129631318450582,0.00262699623688614,-0.16248997431975,-0.395871575293409,0.00779849156483763,0.213063354087729,0.050182033893401,0.0986541274609625,0.00314391708770165,""
1151,-0.120648186488158,-0.030544446545555,0.0164912419277578,-0.134701391105955,-0.405094777724855,0.0498925563019763,0.17560032372533,0.0421180858293545,0.183065315641104,0.00970680765737408,""
1152,-0.129099025379813,-0.0240031670727796,0.0161610313568459,-0.136941161095746,-0.228626878503388,0.0511607993729662,0.168458922495464,-0.036316517814406,-0.0266388883541091,0.000186617260571297,""
1153,-0.124644360833861,-0.0495880120032596,0.0121331546046257,-0.162099218232495,-0.387514016971829,0.0340484764018067,0.147124085250448,0.0614347918702668,0.123583598672284,0.00379834576111757,""
1154,-0.161926771617192,-0.0210273250190402,0.0215306702019411,-0.161423426434291,-0.377104953796209,0.059349980797415,0.203665753944281,0.0322627847603216,0.148459545479765,0.00653390610546132,""
1155,-0.166699855444867,-0.00477839774034708,0.0310017758779149,-0.140476477307299,-0.30837910812438,0.0891975651584259,0.201847841937266,0.0298146273551364,0.109579431224483,0.00363461714530449,""
1156,-0.134642236702156,-0.0339239387216488,-0.00637108500081972,-0.174937260424624,-0.342747021100479,-0.0196626939490362,0.242794481887567,0.0325837902530686,0.141794470722401,0.00535299702583584,""
1157,-0.13295879751883,-0.053449092598113,0.029208412699976,-0.157199477416967,-0.351555271126955,0.0841010794715834,0.239791162344262,0.0416877681260719,-0.0660013312444632,0.00109288804053511,""
1158,-0.197688667900195,-0.0364557815900665,0.0504924201099067,-0.183652029380354,-0.419198911604736,0.133831585294456,0.184277920210967,0.0708248920324217,0.148095907274854,0.00659889675007398,""
1159,-0.133343812719132,-0.055110971270447,0.0365350632087948,-0.151919720780785,-0.376944556028316,0.0975397321337301,0.210875180435426,0.0283379254292179,0.122315458350819,0.00404814372054457,""
1160,-0.142977359662624,-0.052953034204645,0.0344250488501049,-0.161505345017164,-0.345650091557175,0.0958448358639394,0.221490825173899,0.0335399538558998,0.0681175026309634,0.00125427440497488,""
1161,-0.129722820754643,-0.0310863795954339,0.0514374353185406,-0.109371765031536,-0.418392115779354,0.152108199561458,0.191344895313098,0.0279666394870365,0.158101528465707,0.00791817139830058,""
1162,-0.147842138832884,-0.0579857034599775,0.0201232555601369,-0.185704586732724,-0.3595751775668,0.0555529587006735,0.251114644437498,0.0263721827544539,0.195983932279073,0.0116870183876347,""
1163,-0.159378537613483,-0.0338198404110027,0.0132038858884328,-0.179994492136053,-0.302615759169825,0.0399075819325178,0.162343871142994,-0.0176991674329827,-0.133897431615026,0.00460669158969722,""
1164,-0.14149056417444,-0.0058415690250854,0.0219811675881531,-0.125350965611373,-0.368440523316265,0.0646297708407347,0.182349045765709,0.0190190476406821,0.0916695302735067,0.00258535172246599,""
1165,-0.172640369852841,-0.00871891587340395,0.0195152462155782,-0.161844039510667,-0.354382296870256,0.0512052280928446,0.22766592274549,0.0484655764733304,0.137754535244548,0.00571126980466642,""
1166,-0.178410257682139,-0.0137079666719532,0.0119056276119765,-0.180212596742116,-0.368258627752656,0.0381512831723165,0.221757767323747,0.0774195950752212,-0.0331463569252169,0.000318128474847102,""
1167,-0.155041013983725,-0.0137613940548705,0.0311045957263845,-0.137697812312211,-0.261451987969022,0.0944739667460388,0.225609438493477,-0.0232647024507421,0.0148224797016626,6.21839566204149e-05,""
1168,-0.127160275032443,-0.0310449008007138,0.0123175921736076,-0.145887583659549,-0.358934879665055,0.0415772546755448,0.203071778613495,0.0522032525634306,0.0454422995440128,0.000555536761184504,""
1169,-0.137959792820469,-0.0707615172169361,0.0407004183306557,-0.16802089170675,-0.429584461450426,0.120144960949941,0.236036326225341,0.089272532832671,0.164906428130742,0.00789094118639148,""
1170,-0.135054248460691,-0.0482826336285535,0.0484465923412109,-0.134890289748033,-0.389614189942349,0.147262410229081,0.185395331538091,0.0608340130441397,0.172480876822252,0.00882479531363481,""
1171,-0.136785585395903,-0.0505751102128564,0.0422963646662837,-0.145064330942476,-0.323182528061474,0.125057497900655,0.247618590310116,0.0341889044185609,0.110162625380448,0.00340620088133193,""
1172,-0.159111091912061,-0.0274012034181785,0.0148112863349935,-0.171701008995246,-0.376669448641328,0.0412168010669061,0.277411096157893,0.0678962459791122,0.216016488401296,0.014627600081017,""
1173,-0.183662842069315,-0.0343470852836274,0.0418948842867712,-0.176115043066171,-0.249069296249639,0.127805547280245,0.22387806307232,-0.0543394620962478,0.0247563853277525,0.00015650903580278,""
1174,-0.124330533238553,-0.0289990076588393,0.0330523506528001,-0.120277190244592,-0.242962083134294,0.114851342750839,0.148307610504557,-0.0585444487500409,-0.147686745569688,0.00553392322852165,""
1175,-0.144289301350123,-0.0565156168816881,0.0215066517710524,-0.179298266460759,-0.336600742028791,0.0639194284278999,0.191110929523767,0.0478701053769333,0.140371708797829,0.00451632271322019,""
1176,-0.114560362925273,-0.0366067632591082,0.0293945431181387,-0.121772583066243,-0.425032782407902,0.0934550727864068,0.127053607504555,0.0874950009239955,0.121707196270512,0.00420085601540679,""
1177,-0.138759400634296,-0.00482788697027166,0.00949636618595656,-0.134090921418611,-0.294424684393251,0.0287888925742809,0.17764950455598,0.0151275669380365,0.0116169823894904,3.58024429482415e-05,""
1178,-0.138562931566841,-0.0129805547420353,0.0164054700632339,-0.135138016245643,-0.327960858243477,0.0484676736379345,0.167948485195568,0.030691237237593,0.122171966686038,0.00423712565718485,""
1179,-0.127470822596037,-0.0288252318178996,0.0120330201191972,-0.144263034294739,-0.225169707048564,0.0354536172902,0.240705326919318,-0.0106592908047154,0.0590445370117698,0.000895911723637216,""
1180,-0.135596722223025,0.00316158727348491,0.0194439146259525,-0.112991220323588,-0.40703688865736,0.0524239368153272,0.160324722704017,0.0518922765909905,-0.0455684368904946,0.000599486514996324,""
1181,-0.12532242463776,-0.025197061800903,0.0310326442412426,-0.11948684219742,-0.405179315710661,0.0898553940784793,0.0730685796058419,0.0497559044185822,0.04092059242579,0.000461709620563654,""
1182,-0.121774696073421,-0.0202507452707084,0.0094488540588508,-0.132576587285279,-0.295951263624752,0.0250848139432278,0.199391334797316,0.047430300536812,0.0765264654799463,0.00152964770876592,""
1183,-0.150252031688573,-0.0140050541124608,0.00540769138147106,-0.158849394419562,-0.360532644872961,0.0151115644480055,0.215885902496587,0.0267414151734157,-0.00306523356986569,2.77500572148086e-06,""
1184,-0.147515732072137,-0.0323224858242452,0.022858468400777,-0.156979749495605,-0.343927760987818,0.0735470509884942,0.161169637763256,0.0247747026566757,0.0679366917324979,0.00119492377292669,""
1185,-0.153217869801502,-0.0363462626384319,0.0311704136066967,-0.158393718833237,-0.36097151442462,0.0878566350190461,0.173513013308103,0.0638468064200465,0.141902200949914,0.00576725986230944,""
1186,-0.119291526224219,-0.0173382443134499,0.00364852533027293,-0.132981245207396,-0.344193679787235,0.0102253133217248,0.221818680387685,0.0263981487259426,0.0331713551151456,0.000297416842399954,""
1187,-0.19086869309378,-0.0376916861822488,0.0389382780221604,-0.189622101253868,-0.348001296102953,0.131050067608483,0.260973516562359,0.0116243318685341,-0.00269695228282111,2.10870837501227e-06,""
1188,-0.157108570606371,-0.0376424785562148,0.0388774360973206,-0.155873613065265,-0.340619243726301,0.127896904856862,0.174143325961535,0.0315490108951471,0.0744699201965617,0.00154222215931856,""
1189,-0.122984915850234,-0.0320832368616263,0.00650169187973698,-0.148566460832123,-0.375220923263647,0.0169801149324553,0.217544617358579,0.054928276450594,0.130475316480268,0.00457197170117072,""
1190,-0.142951830441023,-0.0436199476619918,0.024037008594664,-0.162534769508351,-0.333528014791208,0.0627763895411182,0.237881603203482,0.0112777239376038,0.12150754016025,0.0040486043788866,""
1191,-0.161856559813754,-0.0552105635984913,0.0423234262453651,-0.17474369716688,-0.394526590049796,0.105065149297544,0.23647812797341,-0.060205490050883,0.20042736662196,0.0127154153429838,""
1192,-0.0745247758900984,-0.0706188837112219,0.0328947565269039,-0.112248903074416,-0.38020836927422,0.0980357137532752,0.178591782305595,-0.0204381864457254,0.173052747249267,0.00755505370945296,""
1193,-0.150794307434602,-0.039611321614564,0.0181042105944791,-0.172301418454687,-0.411039497616912,0.052526886961486,0.166635777258464,0.0488056943781528,-0.0679386868367996,0.00122108317714544,""
1194,-0.100692892625528,-0.0342358624103273,0.0194058095902907,-0.115522945445565,-0.384413872854454,0.0550641005088678,0.139056755139114,0.0532980711840998,0.0786139756586574,0.00169774699563713,""
1195,-0.106602061339408,-0.0280542099086303,0.0274401085998835,-0.107216162648155,-0.387757313662396,0.0764891133915447,0.162321970649919,0.022720677111648,0.129864335555412,0.00477513897721515,""
1196,-0.112187297348391,-0.0291475371156555,0.00923249629653214,-0.132102338167514,-0.398004903502896,0.0282412667890505,0.202943900053807,0.0661366970693219,0.293238693495446,0.0236156492975195,""
1197,-0.205206793824135,-0.042606316399127,0.0355462731765359,-0.212266837046726,-0.267092189755069,0.099804997321251,0.257914063598143,-0.103975053716938,0.086909467483628,0.00206386046586783,""
1198,-0.151531776787398,-0.0278305674392568,0.0262380910337377,-0.153124253192917,-0.318359916416324,0.0849797959449297,0.191439692391679,-0.0576981687718709,0.0912035735732397,0.0022579551468432,""
1199,-0.155049986147975,-0.0343991747047661,0.0193354325399429,-0.170113728312798,-0.370964024417876,0.0509322063991458,0.201448004838902,0.0421560122853315,0.0850645734117179,0.00192006068226556,""
1200,-0.168162098723817,0.0226662759768051,0.0167362230516058,-0.128759599695406,-0.393025048680011,0.0455651798119435,0.19977658994441,0.0270862341300279,0.0189540893584153,0.000113340624762946,""
1201,-0.158421456220464,-0.0359243963240516,0.0187894999637085,-0.175556352580808,-0.3595532396815,0.0593453672799935,0.239442091206236,0.0127215126566042,0.249202191995139,0.0192460672384356,""
1202,-0.14543705859281,-0.0136145767875699,0.0307029280540973,-0.128348707326283,-0.322391689585644,0.087063400951267,0.140105179619041,0.0620166511223826,0.0244246419649567,0.00015637941287062,""
1203,-0.138198879717486,-0.00784194859131094,0.0172278538304206,-0.128812974478376,-0.262235872984888,0.0605341306956265,0.176396879096866,-0.0661359630008106,0.0748071281933232,0.00156696696169508,""
1204,-0.183205993089648,-0.0233766680741741,0.0266237438786668,-0.179958917285155,-0.407779636018702,0.0670546612594127,0.219212842893917,0.0419599014599873,0.16342535405795,0.0081849377106913,""
1205,-0.180268478808154,-0.0141942829324927,0.0129171849482626,-0.181545576792385,-0.390407652972183,0.0376509681790289,0.12130407692466,0.0233478638433514,0.0466978026996626,0.000616682198238242,""
1206,-0.202045153561608,-0.00178845750746769,0.0380850247199901,-0.165748586349086,-0.244898162051872,0.114297932970183,0.217387419247493,-0.0619481587600591,-0.0205708909526161,0.000129517230268894,""
1207,-0.131558266593892,-0.0464837385100521,0.0468524465204153,-0.131189558583529,-0.362502274550894,0.133500056172854,0.171648758137069,0.0455611124707669,-0.058180561340903,0.000852786518764651,""
1208,-0.132767294702074,-0.0342796185449778,0.00639397570082756,-0.160652937546225,-0.394108238425424,0.0185153323718623,0.162620859043611,0.0672001881939277,0.212414867709731,0.0125245806542951,""
1209,-0.181331094472866,0.0254200224878803,0.0217538188051827,-0.134157253179803,-0.334397602979224,0.0611548961753029,0.214861866497386,-0.0204233562399303,0.0528476450510505,0.000861203394240649,""
1210,-0.132799205650118,-0.0425532290546763,0.0221966843938079,-0.153155750310986,-0.429569653831305,0.0661609184288354,0.149230444994006,0.0473549904656987,0.161150328710515,0.00725933336369929,""
1211,-0.141468428400617,-0.0551529582593994,0.0358919036488278,-0.160729483011189,-0.394480165011856,0.0974097286153454,0.224687833579565,0.072576802998366,0.00683503739326805,1.27062644004519e-05,""
1212,-0.159810033138612,-0.0275680420337513,0.0309775651678022,-0.156400510004561,-0.273376913790617,0.0868436099347056,0.215108502122473,-0.00486538097284975,0.118668611862485,0.00400494324303971,""
1213,-0.154497628288061,-0.0304973833073097,0.0313459696808264,-0.153649041914545,-0.338107525798562,0.0960405264443996,0.176994084616203,0.0192874058682735,0.0867819910848945,0.00210169250466193,""
1214,-0.1235158614383,-0.000373404745140307,0.0278022259027464,-0.0960870402806943,-0.349723848264936,0.0812848995475362,0.228486994765671,0.000627049012867373,0.0919718792667306,0.00248155544598799,""
1215,-0.0907289755038839,0.00729489571133098,0.00399384406909961,-0.0794402357234533,-0.385293133450375,0.0129205175636548,0.115394122499204,0.00205312118949706,0.0922517567016316,0.0024125594221438,""
1216,-0.136322176795088,-0.0298251247066752,0.024715622431142,-0.141431679070622,-0.39090375502211,0.0712338464043124,0.158578580689055,0.05766249180652,0.0776547413086876,0.00163973645742602,""
1217,-0.148163698919394,-0.0289961875077792,0.0239284255024275,-0.153231460924746,-0.388803429529382,0.0682219616870909,0.215869611402941,0.0736258746135607,0.17085745046625,0.00879622237189951,""
1218,-0.150655468931773,-0.0192226261468407,0.0301382040320651,-0.139739891046549,-0.353627825470425,0.085954159643927,0.242843645003072,0.0742198073070393,0.134889750923351,0.00551583087265495,""
1219,-0.150765683640834,-0.0344267067944051,0.0229748793936242,-0.162217511041615,-0.387274461290003,0.0819766290913741,0.199687533153971,0.0685941654890182,0.161780416383015,0.00779865737808289,""
1220,-0.115845803438207,-0.0280478723728551,-0.0022466227357159,-0.146140298546778,-0.402434889679551,-0.0070021929579001,0.180234912773255,0.0513663282767254,0.0433296109188896,0.000518944818245417,""
1221,-0.130468889916489,-0.0398049538835081,0.040499927177772,-0.129773916622225,-0.386027978122253,0.124603293417047,0.200378632325726,0.0764880099671561,0.246391317981642,0.0184798065628118,""
1222,-0.14717919334653,-0.0504679609545533,0.0198019371063641,-0.177845217194719,-0.337856010506168,0.0547220156412907,0.180584007478747,0.0353146297803417,0.0849837800182295,0.00172553887652815,""
1223,-0.143398601440269,-0.0358384830862287,0.0299181836791537,-0.149318900847344,-0.251858885672286,0.0986633268888717,0.215572389369084,-0.0334695366860142,0.0668435416175391,0.00118279064403784,""
1224,-0.136035278918707,-0.00565480210326685,0.032318959583824,-0.10937112143815,-0.406728104309584,0.0928548785967921,0.151685939381204,0.0875558290715446,0.0567605684088238,0.000999541011181969,""
1225,-0.132416135875759,-0.0300661908709133,0.00904989175256791,-0.153432434994104,-0.416797427469085,0.026355624790996,0.127232022137903,0.0834740452956108,0.120038172019648,0.0040773132761593,""
1226,-0.133751481397544,-0.0471265672388816,0.0288781195519093,-0.151999929084517,-0.381550329729901,0.0768509618122522,0.184641709111334,0.0551970237318557,0.0850354500045604,0.00187348359274417,""
1227,-0.114541173955761,-0.0477441283112651,0.0254796826862638,-0.136805619580763,-0.394668130911323,0.0806521674408702,0.133043508621677,0.0250971643500582,0.105498566850473,0.00299759373575323,""
1228,-0.112506815181809,-0.00899492530706902,-0.00787515562579871,-0.129376896114677,-0.355425170810658,-0.0241677842140826,0.232649328509977,0.0837465499949615,0.173655836589117,0.00871909071096537,""
1229,-0.132785905605461,-0.0298604329676793,0.0174212347854655,-0.145225103787675,-0.341577855531045,0.051851703701105,0.177221686896248,0.0307882251118019,0.105603873830379,0.00290091639886876,""
1230,-0.198052788295034,0.039976246173839,0.026677841032696,-0.131398701088499,-0.276156848085554,0.0855239698678718,0.219543725720794,-0.0449586866211046,-0.0190779246125356,0.000107162594389653,""
1231,-0.12919959076932,-0.0253117366395719,0.0303948925810361,-0.124116434827856,-0.356218918610039,0.111854884201994,0.142999138108914,0.0479706681183629,0.0544736395425712,0.000862619330352081,""
1232,-0.127864159118641,-0.0257035672732564,0.0166060911410931,-0.136961635250804,-0.368308720551309,0.0481464122122741,0.162734217107347,0.0838720846450308,0.152342010379745,0.00618229029037365,""
1233,-0.159441828448127,-0.012648526917059,0.0249618775940836,-0.147128477771103,-0.467494773599011,0.0668440447510644,0.156186183520418,-0.0270130017638274,0.119707050580751,0.00474623334974279,""
1234,-0.129289723479711,-0.0351690392447101,0.0272708675040857,-0.137187895220336,-0.390160993289874,0.0891858613905108,0.19125485387579,0.00166605809511308,0.128069206405762,0.00487063417169264,""
1235,-0.131275773887379,-0.0232977778778702,0.0117416914684741,-0.142831860296775,-0.346871616046743,0.0338707559544489,0.243688299057119,0.00774085545631157,0.0989205588652428,0.0025688329460655,""
1236,-0.110045335332237,-0.060771086625589,0.0415984685680411,-0.129217953389785,-0.42170524892385,0.123586483683265,0.172212928214217,0.0649238878599888,0.094755684516099,0.00258323198302903,""
1237,-0.12855576085552,-0.0430851891269207,0.0304992975659765,-0.141141652416464,-0.367820378096293,0.0921500639682752,0.185153129964483,0.0781423400789184,0.073497604200017,0.00142515271763739,""
1238,-0.132200485344451,-0.0462835892579357,0.0131416064932571,-0.165342468109129,-0.349947638575714,0.0390026612235115,0.219933484094303,0.0409561181814124,0.131784475483293,0.00455720919242536,""
1239,-0.152179732836253,-0.0471402652362301,0.0212245579476468,-0.178095440124837,-0.429500627119387,0.0617059083934421,0.181519277923832,0.040675018107573,0.220009041595387,0.0155567743096906,""
1240,-0.117846718802885,-0.0266346118460912,0.015099233763497,-0.129382096885479,-0.429047333599745,0.0417671881423734,0.168317797615048,0.0981241296329586,0.0916998432194788,0.0024112472618864,""
1241,-0.13944714519412,-0.00297198079122952,0.0236565721816204,-0.118762553803729,-0.375968168500663,0.0744643879291408,0.104369124075327,0.0558251725454181,0.0915985594830312,0.0024959611384568,""
1242,-0.142907605710709,0.00317734576492931,0.0356017919625131,-0.104128467983266,-0.380962650720571,0.107480925919523,0.152220241680627,0.00214265999871356,0.138254060613777,0.00605332862951074,""
1243,-0.121569226529751,-0.0345559773000994,0.0240514232273482,-0.132073780602502,-0.39914752124897,0.0645837094039198,0.201360676009077,0.0811319199951072,0.126937279194216,0.00451077876471526,""
1244,-0.1200501682761,-0.0248989951463677,0.00218675886281628,-0.142762404559651,-0.256269302598815,0.0062316203236607,0.227080581890424,-0.0332931006845577,-0.00870351713206754,1.87243242470759e-05,""
1245,-0.121023054198028,-0.019889932185414,0.017864638270149,-0.123048348113293,-0.318804160424388,0.0523522109502463,0.185206411114471,0.00789965904143373,0.105026119818655,0.00284443549262981,""
1246,-0.150238749502236,-0.0085457818927749,0.0235328047367402,-0.135251726658271,-0.347774954800193,0.0677135368289499,0.171949895997527,0.0615592400833332,0.170683667551524,0.00849083644496743,""
1247,-0.11227454857194,-0.0140370668085137,0.013007048519847,-0.113304566860607,-0.369758681147267,0.0378390474365249,0.170457851388424,0.025788300315614,0.0911940763503681,0.00240671175542621,""
1248,-0.0833989989260409,-0.0424045953925082,0.0163302122224481,-0.109473382096101,-0.308443663763483,0.0465535285509589,0.262310160070032,-0.000458320169718342,0.0952715820794454,0.00254724823744351,""
1249,-0.118779397804593,0.00129068102211573,-0.00460203674951228,-0.12209075353199,-0.301162716856305,-0.0130019043991096,0.212733661290615,0.0364353414808547,-0.115297000913745,0.0037005185120846,""
1250,-0.133276688613628,-0.0390263527919337,0.0266194709220951,-0.145683570483467,-0.353252471576169,0.0723617940266147,0.192703128798551,0.00830076237779135,-0.00402235127467479,4.50719628453656e-06,""
1251,-0.120883845543712,-0.021240856532169,0.0267356173423278,-0.115389084733554,-0.350533665494846,0.0927773996472657,0.191096902434761,0.0161851126681702,0.0724883257284815,0.00154647890059333,""
1252,-0.17583318744103,0.00675754737967554,0.0321032522816033,-0.136972387779751,-0.366689577614068,0.0891534175069781,0.146682156497424,0.0683398350589011,0.0390380207953155,0.000446492825883329,""
1253,-0.11526394438512,-0.03280223473567,0.03333197676157,-0.11473420235922,-0.373310790965981,0.103179398587176,0.192659980514555,-0.033808742253686,0.0486281722083883,0.000635900524150101,""
1254,-0.133777966642982,-0.0603567826599277,0.0486844346954798,-0.14545031460743,-0.38954574190966,0.150443399604834,0.171359321061476,0.0709275595641725,0.101351335661728,0.00293991149590594,""
1255,-0.148622735391181,-0.038053346670052,0.0327379881369531,-0.15393809392428,-0.362043169034939,0.0852528105890784,0.198465155863207,0.0599785636632196,-0.089872681160466,0.00205617563540463,""
1256,-0.124013895604346,-0.0645723987801175,0.0205331262387944,-0.168053168145669,-0.353333729990321,0.0582031946065851,0.233548412268608,0.0586475289415615,0.0968666067707658,0.00248353199103392,""
1257,-0.144737276338451,-0.0394735449310984,0.0299643034255427,-0.154246517844007,-0.395471725493669,0.0928157177089094,0.152499370415347,0.0442903725942537,0.112365680734544,0.00390840561005167,""
1258,-0.140785812151671,-0.00773013843615819,0.0307161755821557,-0.117799775005673,-0.40387885856859,0.0870015514538646,0.155127116562946,0.0125039936479547,0.0587570342505251,0.0010657455067916,""
1259,-0.164913936177658,-0.0396577152782461,0.0425845014066954,-0.161987150049209,-0.324403905499963,0.128924010547974,0.191187068538674,0.0200874377381023,0.0927056362008077,0.0024252318831234,""
1260,-0.103479799042193,-0.0243754301910482,0.022359472954019,-0.105495756279222,-0.383529730763341,0.0716191434495706,0.145470833410482,0.0460774763547931,0.0429874663341516,0.000510352060175008,""
1261,-0.113423571528671,-0.0193193028174494,0.0337177338272676,-0.0990251405188529,-0.394545619684829,0.101405398451965,0.0963932207297129,0.0679340281615718,0.0949677492983906,0.00261445522125283,""
1262,-0.106904953737446,-0.00566022880918732,0.0291657955799513,-0.0833993869666815,-0.317910911696239,0.0979475947740278,0.109518453249744,0.0256349429893608,0.0807807719480466,0.00182676873673162,""
1263,-0.155495907233284,-0.0436259984120292,0.0388786621283123,-0.160243243517001,-0.335419150429266,0.121002880054368,0.221487042449705,-0.0221153347030923,0.000386281017931006,3.88214130300316e-08,""
1264,-0.116387982480603,-0.0441703166916908,0.0142360958220278,-0.146322203350266,-0.427449941877034,0.0412588990575385,0.1483718838491,0.11715693229781,0.190528861659486,0.00963575420865905,""
1265,-0.155745765212647,-0.00816367327508036,0.0225381681879,-0.141371270299827,-0.3159816918808,0.0725251703772336,0.186417260224816,-0.0719872001778257,-0.0334138795469845,0.000325521866308337,""
1266,-0.137484032292107,0.00890009687460673,0.0174324630542928,-0.111151472363207,-0.358950493750978,0.0542282826083743,0.154759239274198,0.0587706124824662,0.163431018888668,0.00806018684637397,""
1267,-0.124697219155074,-0.0273946593422332,0.026050603568685,-0.126041274928622,-0.382763955867787,0.0807497328630743,0.158635615601329,0.0289792172940716,0.0312347485974472,0.000277160059984018,""
1268,-0.121470774403291,-0.00550829838375593,0.0262465932538666,-0.10073247953318,-0.392715448117733,0.0726701146422701,0.2142713587563,0.0674902831223768,0.274279817637422,0.0235719619055625,""
1269,-0.184808173610592,-0.0199819135695008,0.0409340628531687,-0.163856024326925,-0.402509068150456,0.115081807755091,0.179243115821302,0.0539223667267621,0.170429938432996,0.00887795353351379,""
1270,-0.159107707255896,-0.0346507704070555,0.023665546621284,-0.170092931041668,-0.379572891890571,0.0626609087701834,0.17031357197002,0.0370965222228219,0.156183080369384,0.00685959299048307,""
1271,-0.140695436049986,-0.0315898355635728,0.0217306589288048,-0.150554612684754,-0.329510198682018,0.0610720052234586,0.217693788563276,-0.00705281132730487,0.0130954880468798,4.40084426032137e-05,""
1272,-0.131683602714784,-0.0514710087210523,0.0331165199343503,-0.150038091501486,-0.418502978634706,0.0927123590441254,0.21818656782043,0.0534428271381206,0.114215781606988,0.00398661500149554,""
1273,-0.0965818898224398,-0.00260998424117515,0.0366993699291553,-0.0624925041344597,-0.388912556649284,0.115249219052374,0.134296134832302,0.0302638566833476,0.126925525438952,0.00496342211849203,""
1274,-0.133748881252078,-0.00880607184957776,0.029811529451051,-0.112743423650604,-0.368345899238457,0.0835937504298669,0.183015167149822,0.0397115774415963,0.0752246675686487,0.00167741068623594,""
1275,-0.110567973576297,-0.0468463586105733,0.00482866580581616,-0.152585666381054,-0.374509662607779,0.0130973458150141,0.2046931779463,0.0507790531295681,0.160020592373735,0.00662125071828587,""
1276,-0.13022823337803,0.017494312603158,0.00447436559266971,-0.108259555182202,-0.33279299413824,0.0126829048164378,0.152589574193006,-0.0171767388571326,0.0123586855700653,4.42615266317429e-05,""
1277,-0.167034090659311,-0.028416991643856,0.0259455962342244,-0.169505486068942,-0.306487720919079,0.0749994524307936,0.234289541089369,0.00968716866849508,0.0464530391806293,0.000626127707497686,""
1278,-0.155209046507636,-0.0419686346848178,0.0358385571562276,-0.161339124036226,-0.337908728231158,0.0931676135988195,0.199631323016886,0.0798641381425651,0.111341392886743,0.00306640623330715,""
1279,-0.170129136532645,-0.0227745521142006,0.0292924219243606,-0.163611266722485,-0.306720631620391,0.0892918012985311,0.204825409657991,0.012346732123477,0.0908460927306817,0.00238523204451179,""
1280,-0.187807369794797,-0.00290312395971914,0.0114639542506744,-0.179246539503842,-0.362379265061637,0.0306493053060519,0.194321593909018,0.0264909242945055,0.159842107069556,0.00760587008983017,""
1281,-0.143256896602962,-0.0189803569896441,0.00836588990570591,-0.153871363686901,-0.343968766204269,0.027116233933462,0.178603056479102,0.0703331745182034,0.14173703669791,0.0056817755826958,""
1282,-0.121617142078019,-0.0728146558051576,0.0408373849493907,-0.153594412933786,-0.377829669511481,0.122703088579219,0.185065743246764,0.0656278939821442,0.210815171312238,0.0121131662745613,""
1283,-0.122533694567421,-0.0359258685877308,0.0317427858664272,-0.126716777288725,-0.382373014609364,0.0794255577804966,0.197358671565639,0.0471799594406876,0.0905393763044269,0.00219376369718326,""
1284,-0.102140361810077,-0.0688814874156474,0.0412242653364372,-0.129797583889287,-0.44217867794665,0.121183520562141,0.204808457085886,0.0984772111272937,0.156405097111104,0.00709265720545994,""
1285,-0.123552530418275,-0.0185486963308213,0.0313360275251655,-0.110765199223931,-0.343056150074707,0.097054900578072,0.136104277220858,0.00567190893594053,0.146250741279953,0.00603199472260663,""
1286,-0.107020646579853,-0.0499522363304571,0.027717504481991,-0.129255378428319,-0.368651950565393,0.0731981617349901,0.196364525826176,0.0434500804902259,0.0278928024152862,0.000184026198381769,""
1287,-0.122028200992522,-0.0411887097861734,0.0392312073884161,-0.123985703390279,-0.339275874513967,0.122063034891674,0.185208926474125,0.0192108383052533,-0.12610418540112,0.00427590052228453,""
1288,-0.155275556758604,-0.0139533716921809,0.0469148842936867,-0.122314044157099,-0.344759654892505,0.13921853790509,0.227696747566463,-0.0178121643389917,0.00956525774086865,2.70369778126704e-05,""
1289,-0.137622009877692,-0.0306672112556891,0.0181312223345389,-0.150157998798843,-0.373193432626658,0.049606048356423,0.193623015798562,0.0564415294024003,0.0544423258748201,0.000799947077661272,""
1290,-0.145507496656607,-0.0152359092573429,0.0198011762326877,-0.140942229681262,-0.381640343235812,0.0548431994388261,0.192378158256755,0.030253850938428,0.27171870340025,0.0225221516271129,""
1291,-0.167400928374276,-0.00352584193659428,0.0145205344887511,-0.156406235822119,-0.259855093967309,0.0398127343060169,0.286009287588991,-0.0760395385079555,-0.025898020825992,0.000201225462972101,""
1292,-0.151923997683685,-0.057147158619434,0.0292213585637916,-0.179849797739327,-0.387366496449964,0.0831253706839321,0.227555845548376,0.0133554403698133,0.0870359868819238,0.00202744183252467,""
1293,-0.112831058798689,-0.0235954380887358,0.0195930194408119,-0.116833477446613,-0.406396650206236,0.0617193745581133,0.156948342447212,0.0443975679186016,0.0370453244939893,0.000399053668471302,""
1294,-0.123056843448248,-0.0166452951146202,0.0287788307839822,-0.110923307778886,-0.402386018058983,0.0860585218355281,0.166149299969967,0.0703931277933599,0.134333787989591,0.00539214513525443,""
1295,-0.143502938665694,-0.0169562476141316,0.028559124766408,-0.131900061513417,-0.380127084552436,0.0817646947704056,0.231752826346757,0.0805508335455348,0.0765337103288036,0.00171358551097593,""
1296,-0.101726368531471,-0.0514129525862472,0.0117319739678889,-0.14140734714983,-0.312371126859755,0.0343334805990856,0.224637040307352,-0.0174268067622708,0.257325957671582,0.0140801525249021,""
1297,-0.137308947823201,-0.0400219137543614,0.0164662963423513,-0.160864565235211,-0.357176028236201,0.0520307959512357,0.219957447234884,0.0361265236229573,-0.0403552936348213,0.000406432592006598,""
1298,-0.177788835454316,-0.0233976147323404,0.0302448293530174,-0.170941620833639,-0.462612762850036,0.081959041134943,0.193981871657885,-0.00694600382653714,0.233747526001392,0.0200917640927655,""
1299,-0.133762838130818,-0.0151328942364701,0.0448683364223139,-0.104027395944974,-0.292727674741549,0.146295908486849,0.157765783456631,-0.0226779858885973,0.043368216766016,0.000542481960833423,""
1300,-0.131545951327727,-0.0349354522808468,0.00527379923707626,-0.161207604371498,-0.377068974461645,0.0146829144788677,0.187128062165943,0.0373864115062747,0.21698992252161,0.0133053116297926,""
1301,-0.10898961698564,-0.0680354302079119,0.0138114413166725,-0.16321360587688,-0.470787075753122,0.0407927422098239,0.162781792571611,0.0666400557139413,0.230941205827695,0.0153440304681021,""
1302,-0.121079061155751,-0.00301015793868641,0.00642976965117272,-0.117659449443265,-0.335934637276983,0.0214790175327247,0.167895981076745,-0.0668886222680955,0.0512221475616982,0.000733489650777991,""
1303,-0.165052669785557,0.0228441738487543,0.00827517996414728,-0.133933315972655,-0.356496395619467,0.0225701205970078,0.157947918204856,0.00765844844613424,0.0514063087417173,0.000759682142691074,""
1304,-0.170604506884602,-0.0153224196352901,0.0410254729198826,-0.144901453600009,-0.324388422124255,0.103791281871128,0.241305212443705,0.0364050852859051,0.202551037405643,0.0122493535389462,""
1305,-0.132886484220371,-0.0298330601849686,0.0341999314567726,-0.128519612948567,-0.399305240000097,0.103903123530456,0.164040499946085,0.00363898293738684,0.2041294358139,0.0117071809661425,""
1306,-0.139701813487863,-0.0133301966947929,0.0385151301057149,-0.114516880076941,-0.316715407691231,0.118839303731475,0.170718206051668,0.0119958824978142,0.0364866713659366,0.000363435837815481,""
1307,-0.175118594336138,-0.0261758301752147,0.0155072732331107,-0.185787151278242,-0.341912850934617,0.038746086870584,0.227932359895742,0.0420661376238867,0.048978118374331,0.000728179849501457,""
1308,-0.139784723425857,-0.0273704033839555,0.016483526496966,-0.150671600312847,-0.331235725933565,0.055483933804672,0.194540165560706,0.00845784610271222,0.0611960304244008,0.00104569688357659,""
1309,-0.119179258217662,-0.0277833361037741,0.023701102603305,-0.123261491718131,-0.377275089742928,0.0717949430193584,0.196268800730096,0.0409286623331472,0.124834388002332,0.00424442145807461,""
1310,-0.116953291515835,-0.0463408252795324,0.0186185727408163,-0.144675544054551,-0.372314384911755,0.0544195597742799,0.193765327020459,0.0304706673948817,0.126896423934278,0.00426283190470385,""
1311,-0.118883662764028,-0.0589651404853684,0.0408610103225711,-0.136987792926825,-0.360781581890811,0.13234201751233,0.152726023749053,0.049293848105551,0.101276246004519,0.00263116746278458,""
1312,-0.14209478739061,-0.016291154316192,0.0335156812852364,-0.124870260421566,-0.277887358067616,0.10433567773152,0.181932808023446,-0.0177397950659565,-0.0368251968910877,0.000390189702295122,""
1313,-0.148941817414228,-0.0444102006670632,0.0404815491773533,-0.152870468903938,-0.372018967758627,0.131981723823784,0.181867941733039,0.0426069377989806,0.0954284040678124,0.00255902795066764,""
1314,-0.154785178229199,0.0175574941274664,0.0347967575188423,-0.10243092658289,-0.340244669369309,0.0980976045598995,0.167114392864109,0.0237430881192221,-0.0190834687237116,0.000108110571517967,""
1315,-0.136861596380954,-0.0331384635006155,0.0386347532778549,-0.131365306603714,-0.368668187239954,0.131624759509809,0.137207820366243,0.0263281414635783,0.101770613169599,0.00297338444230496,""
1316,-0.171491821559795,0.0171006961945527,0.0256381512664344,-0.128752974098808,-0.395643871402045,0.072749827345421,0.191692342785016,0.0580842125470232,0.13775155191117,0.00581424173947272,""
1317,-0.117624677381597,-0.000769163246200384,0.0249093031636276,-0.0934845374641698,-0.377088326233126,0.075357762603225,0.163346836736149,0.0818298056331663,0.19303273621572,0.010938499259207,""
1318,-0.125093876998588,-0.0480085518282891,0.0340135357437566,-0.13908889308312,-0.298426299277765,0.105756433977314,0.213020352998779,-0.00534004079371178,0.105311070978991,0.00281100303488792,""
1319,-0.0949093940832989,-0.0745239348629768,0.0200799757760054,-0.14935335317027,-0.441139484458392,0.0543191207182909,0.17894269481579,0.0464675492480961,0.238130488332999,0.0148190078353918,""
1320,-0.137330791286524,-0.019514009700708,0.026385160572031,-0.130459640415201,-0.333718166865692,0.0784684841465628,0.181243446693051,0.025443654470191,0.017088333346072,8.19132600662035e-05,""
1321,-0.142869661881496,-0.00435198582441932,0.00712814119001568,-0.1400935065159,-0.346445172163478,0.0252715920214574,0.148987351981824,0.0073573824310815,0.123604123346555,0.00441103845126134,""
1322,-0.181236764843381,-0.0115909768338823,0.0391463426272332,-0.15368139905003,-0.330909201612077,0.119635982759789,0.17499117549,0.0279880653106137,0.05345516575983,0.000863748838463602,""
1323,-0.153911665146471,-0.0221234037772006,0.0142207508907959,-0.161814318032876,-0.372866288482102,0.0466436020826532,0.1475266175969,0.0613044246943383,0.172349202327545,0.0086690438602142,""
1324,-0.181680579299104,-0.0203194641557325,0.0153489493899372,-0.186651094064899,-0.300983465118025,0.0448587757530698,0.158549943234043,0.0038557750065457,0.052939446843175,0.000792472364155547,""
1325,-0.159044851208154,-0.0426297586181773,0.0205247671627509,-0.181149842663581,-0.357472946755524,0.0560219888458116,0.213105458645818,-0.00453356109023013,0.0534700760325606,0.000769181062979046,""
1326,-0.164469176939026,0.00110109646902153,0.0400497957788414,-0.123318284691163,-0.336502131465251,0.118572063950412,0.174548474365871,0.0349892710414269,0.110149700394341,0.0036892316271804,""
1327,-0.159170316704538,-0.0171875648421625,0.0216883799792382,-0.154669501567463,-0.352826370698454,0.0672800467115149,0.207528038366379,0.0285512155903323,0.0585492516069853,0.00102444072440735,""
1328,-0.212020099526441,-0.0075433458020782,0.0518686964602106,-0.167694748868309,-0.365167326701743,0.149860078471689,0.263283237144149,0.0542684649540425,0.165239639858734,0.00917863001945443,""
1329,-0.125581361015354,-0.0297812250526308,0.0157252780190332,-0.139637308048952,-0.358441397583945,0.043680925046233,0.17118465637914,0.032476514657131,0.114232795501643,0.00348119812540524,""
1330,-0.112638282597718,-0.032795827753279,0.0375317960912564,-0.10790231425974,-0.326648051263309,0.116643999906433,0.247395908436194,0.0443132938773062,0.0999525880104359,0.00283904648613023,""
1331,-0.113580111279167,-0.0370603085722923,0.0157596327028644,-0.134880787148595,-0.376788930843452,0.0424514273879828,0.179965546626562,0.0141720369647411,0.201913493804221,0.0112417502853647,""
1332,-0.184505808958425,0.0159441099152531,0.0116103106592477,-0.156951388383924,-0.270953759903378,0.0404845654421108,0.136263187375408,-0.0207633382267874,0.0750950419993209,0.00159692241415446,""
1333,-0.13025148371481,-0.0210500146612058,0.0381485957310902,-0.113152902644926,-0.408327773065035,0.123839797973415,0.190979750626355,0.0599634308218196,0.0524371037680698,0.000859028283757252,""
1334,-0.170083896516078,-0.0104451444122312,0.0215368000419255,-0.158992240886384,-0.403585832285619,0.0632670626503196,0.198596975133057,0.067703378989402,0.0649993504677202,0.00122819005660245,""
1335,-0.152471839019784,0.00195213071542548,0.0113939391787833,-0.139125769125575,-0.315866319123896,0.0297579312171,0.235596195725731,0.0157012508067786,-0.0782253311902145,0.00185955697267416,""
1336,-0.121691427254942,-0.0339976680207824,-0.00337512541776492,-0.159064220693489,-0.390984524191517,-0.0106923574544965,0.149404565711047,0.0593923229156977,0.24128930747433,0.015968818542957,""
1337,-0.117746268272618,-0.0562046481792094,0.0222005782501616,-0.151750338201666,-0.385285915597902,0.0704249649849629,0.15748528672371,0.0421497863531166,0.0454686230466684,0.000531262275840545,""
1338,-0.122402890977803,-0.0405495255960889,0.0152868215765297,-0.147665594997362,-0.385185423522769,0.04561268894184,0.231301718207764,0.028721936735946,0.183043941530293,0.00984921578311445,""
1339,-0.0980924783363239,-0.0427611504618859,0.00910595591049152,-0.131747672887718,-0.389655951754177,0.0248610444764658,0.212359822575886,0.0702346737842431,0.126827748817096,0.00473215300218384,""
1340,-0.157871711794289,-0.0218314249412857,0.0395689699053362,-0.140134166830238,-0.348537875989181,0.119132757126489,0.154963581667798,0.0239226307009879,-0.0128544327590082,4.83044981212361e-05,""
1341,-0.122510362893277,-0.0331415057460997,0.028748896286084,-0.126902972353293,-0.372676278786968,0.0862872858528632,0.203501775716555,0.0865680254128233,0.202007288614065,0.0121069852209432,""
1342,-0.124893001933687,-0.0637105642072286,0.0448477624988321,-0.143755803642083,-0.377110660305049,0.146195500574456,0.21869911359296,0.0749940813355657,0.204358414831505,0.0121147330533065,""
1343,-0.155204371442173,-0.0232502486830493,0.0159432095538338,-0.162511410571389,-0.324499713736404,0.0450352709832625,0.197553098734318,-0.03176286318589,0.140001895602767,0.00541428562964724,""
1344,-0.13283218139428,-0.0559952085046558,0.0401644500898669,-0.148662939809069,-0.39064567086201,0.109779521391604,0.184976131693266,0.0600863665445816,0.00200476481902848,9.82651465966206e-07,""
1345,-0.0945558941188906,-0.0493473351290789,-0.000702172621320378,-0.14460540186929,-0.417252743525722,-0.00193492444147374,0.16706196551438,0.0115232494714229,0.173698869623733,0.00804566779266227,""
1346,-0.177099436164149,0.0211974523435148,0.00962139619936564,-0.146280587621269,-0.385621828104205,0.0287827233740087,0.185274009985649,0.0363245634790151,0.188622828139332,0.0113398834763196,""
1347,-0.110953775205854,-0.0578158625799034,0.0315994175029667,-0.13717022028279,-0.446765819000213,0.0920009089313768,0.170043895747125,0.118111227959132,0.0983083108551498,0.00273342819363285,""
1348,-0.146935724800663,-0.0414263416782169,0.00467421155765301,-0.183687854921227,-0.376988753415872,0.0152573663471329,0.260993858063559,0.129748750840925,0.252587560750662,0.0182880336313926,""
1349,-0.109713118049609,-0.037216483659851,0.0544563665729434,-0.0924732351365169,-0.39789372813091,0.160305241812398,0.204461878895538,0.0363581454279041,0.0214501097332763,0.000135517861398715,""
1350,-0.149343971744281,-0.00585114722708645,0.0356224102807847,-0.119572708690582,-0.375722080909837,0.0948738371239401,0.201413099011762,-0.00534937685357024,0.0311407019318973,0.000288131114942564,""
1351,-0.0894009579758374,-0.0318556570704967,0.0333838928300704,-0.0878727222162637,-0.381821812526608,0.104021027774663,0.126376064674538,0.0227304646463176,0.100353959783367,0.0029309782923791,""
1352,-0.14209540145292,-0.0388916724979928,0.0158458882325078,-0.165141185718405,-0.272378132087333,0.0465875489249588,0.247901047744741,-0.0443064552424852,-0.0175381698741261,6.82215548071922e-05,""
1353,-0.13925642089555,0.00645077961254049,0.0106303586443453,-0.122175282638664,-0.366207407920055,0.0331345355292398,0.131176252813739,0.08950552797398,0.190360179568032,0.0104203385298674,""
1354,-0.126358873353375,-0.039752519481895,0.0210441588409912,-0.145067233994279,-0.314132460370094,0.0584197023735474,0.222720418320271,0.0471141106484215,0.0547788327686587,0.000760745168588924,""
1355,-0.168383050788577,-0.0392792829545491,0.0286710976163072,-0.178991236126819,-0.407954925677102,0.07613989867803,0.166230855676809,0.0191898446393925,0.257692969753747,0.0199330109278498,""
1356,-0.195018540893789,-0.000621809098245837,0.0435995790780706,-0.152040770913964,-0.405320617676499,0.117446768828297,0.203681430129249,0.0473953643922189,-0.0364463760332034,0.000429299575109139,""
1357,-0.094673510069205,-0.0571185113077728,0.0263740216090711,-0.125417999767907,-0.36750881327766,0.0726172953497486,0.178841805695652,0.0336244078837379,0.0545648297167127,0.000780163682503385,""
1358,-0.174375365360276,-0.0452535733503068,0.0403343855030057,-0.179294553207577,-0.393665426630789,0.117954535163863,0.103399474864642,0.0606362722296837,0.040000953423339,0.000465709342806555,""
1359,-0.0952518591630377,-0.0190592595149479,0.0168262162909437,-0.0974849023870419,-0.338625305201174,0.0548985192560973,0.171185138498889,0.0222648761473315,0.044488309744235,0.000537159124396656,""
1360,-0.163733636753417,-0.014675937647344,0.0263073326116283,-0.152102241789133,-0.316008794672173,0.0729370561506511,0.205718862851514,-0.0233566432306347,0.199968787435992,0.012378971911447,""
1361,-0.155328399139675,-0.0267587248312944,0.0248555278909091,-0.157231596080061,-0.332460243219911,0.0761329681403986,0.134071688547839,0.0320157869015003,0.0779072893838661,0.00162034549624406,""
1362,-0.127605246131477,-0.0428571581285414,0.0194616005292312,-0.151000803730787,-0.346848169728669,0.0573878000463212,0.160624191703703,0.0563395837939116,0.0826529428296354,0.00174771478570483,""
1363,-0.121756919909572,-0.0353474697209368,0.00438637785228619,-0.152718011778222,-0.312928090811783,0.0115288583463669,0.255329109450817,0.0407694322018475,0.119482101930086,0.00378722991916131,""
1364,-0.147105935399161,-0.0289200098634117,0.0159263725807631,-0.160099572681809,-0.418883862242733,0.0441850502862687,0.193966532164418,-0.00795624738330706,0.271948676141695,0.0234131018679494,""
1365,-0.194144875231885,-0.0181568851257777,0.0480301933379625,-0.1642715670197,-0.338871345045102,0.150924000098501,0.233490477342764,-0.00586690978800912,0.0736365425729223,0.00166828377051628,""
1366,-0.150270307281987,0.00182214927379685,0.0144041313667882,-0.134044026641402,-0.363679641235286,0.0463969799416813,0.151954328155396,0.0519389506761575,0.0896293992666815,0.00236570154489121,""
1367,-0.114570767406762,-0.0358730481221715,0.0252455564616671,-0.125198259067266,-0.36866932451923,0.0752895410689156,0.184590436211998,0.0531438012735686,0.192777825842967,0.0102674578950843,""
1368,-0.175352472253324,-0.0179946708623595,0.0148302203109973,-0.178516922804686,-0.31592539129281,0.0478198870831452,0.214353733453613,0.00480135674246526,0.034894024348889,0.000351202954018591,""
1369,-0.0960014130385701,-0.0317766353305444,0.0220593594186932,-0.105718688950421,-0.381001693588648,0.0739442447246352,0.129761946537909,0.0450966976922186,0.244959784534421,0.0163981841032836,""
1370,-0.095960434383259,-0.0527405297111369,0.0337624992383305,-0.114938464856065,-0.443387453248667,0.102863493083782,0.141507936587403,0.0692862559661059,0.085186067378307,0.00208997267599525,""
1371,-0.123080915662301,-0.0349019899533063,0.016122284762706,-0.141860620852902,-0.37774640852563,0.0482807321422891,0.205050907164453,0.0649457837090305,0.082717214122193,0.00194765032207113,""
1372,-0.147629395219455,-0.0670296457438558,0.0599376370980373,-0.154721403865273,-0.454975508799324,0.171537198218996,0.172099535928075,0.0202212488982129,0.196602856416744,0.011898173883477,""
1373,-0.130611335439,-0.0380256636571449,0.0106711443785667,-0.157965854717578,-0.407728516124903,0.0303945449496241,0.169246380862089,0.0638240747033663,0.0981435405750755,0.00268446713482994,""
1374,-0.162896377836046,0.00527378074062095,0.0263896201051777,-0.131232976990247,-0.332553486736815,0.0753356375715021,0.195141957626357,0.0279302958916077,-0.122652914890066,0.0043103210351124,""
1375,-0.131320204259587,-0.00180362269750454,0.0171857533011699,-0.115938073655922,-0.327562673812605,0.0478017127173415,0.203907174679299,0.0175651707139491,-0.064305663615105,0.00117593992732095,""
1376,-0.149027885348931,-0.0338558674108168,0.0262525222295236,-0.156631230530224,-0.347618499549497,0.0814851113490292,0.152315269801835,0.00208267394355038,0.0563794672876588,0.000881340557397638,""
1377,-0.114258224566939,-0.0847526508890228,0.0380945356963895,-0.160916339759572,-0.404430199769064,0.102728307736007,0.195609223979307,0.0270623747575289,0.177146222850855,0.0078267245788087,""
1378,-0.161531205613356,-0.0350986122512881,0.0126783714617748,-0.183951446402869,-0.368144825801866,0.0401467574007704,0.155891936182287,0.056435537195155,0.109100356217576,0.00323695617836381,""
1379,-0.11300396039001,-0.0263683441108442,0.0258193488736682,-0.113552955627186,-0.324173343919363,0.0739391043151805,0.16451078327592,0.0526093741049732,-0.0423827411912167,0.000465603727077514,""
1380,-0.139115852774789,-0.045196932457606,0.013311679036607,-0.171001106195788,-0.352041082630861,0.0361925994957791,0.194237806325652,0.0346745565111106,0.136805814515604,0.00495139747934929,""
1381,-0.167563204977046,0.0198737153116956,0.00676504111081337,-0.140924448554537,-0.391232191782274,0.0204659875719579,0.14159324125948,0.0137834976996968,0.0973134808257506,0.00299829186077887,""
1382,-0.162206973588598,-0.0170292777734803,0.0202932573915709,-0.158942993970507,-0.382958297198728,0.0617924851680804,0.208515619571127,0.0702546188653439,0.200928161482552,0.0122183687298032,""
1383,-0.120829871777345,-0.0193405484397889,0.00167029050539467,-0.138500129711739,-0.328874161985733,0.00507447571707334,0.232882004579821,-0.00106278018393916,0.0866515574541215,0.00193225462701072,""
1384,-0.162535580702388,-0.0435420178078381,0.0388915585419278,-0.167186039968298,-0.410844240882882,0.111274566494794,0.19360868195483,0.056398295511889,-0.0596705699622968,0.000998365257063106,""
1385,-0.167500972963662,-0.02030122756788,0.0286293415987129,-0.159172858932829,-0.450110627504314,0.0778275158320303,0.197187153641654,0.0542094415473427,0.17198834346925,0.0101353343787858,""
1386,-0.115953267404742,-0.0812632185788946,0.0363018241688194,-0.160914661814817,-0.336830814275847,0.101597344986049,0.191656497560847,0.00378715820016423,0.129324433856158,0.00412815339248853,""
1387,-0.0958909294994731,-0.0248961419457275,0.0336330140549925,-0.0871540573902081,-0.389907633325418,0.098991485720017,0.148524526064225,0.0822737279256143,0.20713529824917,0.0117596683449487,""
1388,-0.155268552540072,-0.073919334881771,0.0246623494949861,-0.204525537926857,-0.43435979079954,0.06682971656515,0.201909996005948,0.0537113520889296,0.189434290369029,0.00965474108638224,""
1389,-0.100886548335126,-0.0472800138327482,0.0313819281467988,-0.116784634021075,-0.390206364883171,0.100010706753445,0.134224366337794,0.0615701509350362,0.220981383319943,0.0144768176657745,""
1390,-0.128690079645475,-0.0188963425845886,0.0170349957024487,-0.130551426527615,-0.391768980990874,0.0511656365167372,0.188459663815518,0.0564644902108112,0.203745953764775,0.0125005231612146,""
1391,-0.0945135243328091,-0.0656198644285674,0.0162810908438496,-0.143852297917527,-0.32819799260354,0.0521439702437723,0.18785886058256,0.0177570987329563,0.146401998974805,0.00485485194863325,""
1392,-0.15090617722449,-0.0433808643425798,0.0556796986330023,-0.138607342934067,-0.46767895426464,0.147117197464038,0.225182772154275,0.0438244924839077,0.234628414617471,0.0180542585609637,""
1393,-0.157773038722185,-0.0223000077715767,0.0230490612955989,-0.157023985198163,-0.386565425989791,0.0656085015609147,0.206775435886103,0.0620748166698757,0.109747061538503,0.0034619966255933,""
1394,-0.112982173117693,0.0250352001817193,0.0213910285458737,-0.0665559443900997,-0.327393777424315,0.0783930189018787,0.0687121422717782,0.00954484167406686,0.0782481099386181,0.0017163958865793,""
1395,-0.106743529113601,-0.0424187998193838,0.0312854328761444,-0.11787689605684,-0.422247742173741,0.0966433448905995,0.145398450021735,0.0326302683409901,0.179328829104243,0.00924118672447967,""
1396,-0.151228299088632,0.00253082854172334,0.035736754742006,-0.112960715804902,-0.352481712851334,0.0996047608821288,0.161307694658418,-0.00223927552835686,0.0475876124644561,0.000675233974004702,""
1397,-0.135870866448025,-0.0446625292958822,0.0320459779247557,-0.148487417819151,-0.259255131031558,0.108133909263229,0.201757775885433,-0.0308688358157211,0.0858467995252811,0.0019618356329093,""
1398,-0.0991674278249589,-0.0382931104847786,0.0257671967634283,-0.111693341546309,-0.313080515278437,0.0842890186865581,0.128461752184411,-0.015727594160511,0.0076861708584282,1.46830643934927e-05,""
1399,-0.108731851480713,-0.0372085954170711,0.00621270918448135,-0.139727737713303,-0.342012604725438,0.0200882770499457,0.154241761861244,0.0666650273039769,-0.0216628077683761,0.000118062220288924,""
1400,-0.129730530155228,-0.06298411000025,0.0141622149178191,-0.178552425237659,-0.440563631647569,0.0365808364084523,0.195028313025909,-0.00901911587050257,0.276535917915362,0.0221379014043507,""
1401,-0.140930088066632,-0.03070039400647,0.0314470321169437,-0.140183449956158,-0.298556168490992,0.0864297340771301,0.215655474865697,-0.0337161522932297,-0.0468523205166706,0.000608070158652036,""
1402,-0.143519196346427,0.00519685701017383,0.0220462920639714,-0.116276047272281,-0.345400023264226,0.0697476738831908,0.206930276196306,-0.0149738051827893,0.0983892447306241,0.00293639516020824,""
1403,-0.113032092234015,-0.0560982736405508,0.00797969776081031,-0.161150668113755,-0.367548336922158,0.0233312893335379,0.247299716025479,0.016589542654026,0.03282497244147,0.000279764925485875,""
1404,-0.126716935140196,-0.0181196881630223,0.010529741863008,-0.134306881440211,-0.357183514910013,0.0297228274357506,0.146258012189355,0.05048903350753,0.187238459929362,0.00919389907358018,""
1405,-0.123908216300026,-0.0603603344582388,0.0284203929369576,-0.155848157821308,-0.393447456445733,0.0795749294900965,0.176997458351213,0.0516249011038258,0.163885883374859,0.00688489477149897,""
1406,-0.169079656142319,-0.00137414758080387,0.0204860242815751,-0.149967779441548,-0.312942314599868,0.0718862383164806,0.202193365247106,-0.031815160174543,0.0276401605167496,0.000231207126421203,""
1407,-0.133336362088736,-0.0238125697878718,0.0434409015658041,-0.113708030310804,-0.296911962827711,0.157330507859519,0.167312525237127,-0.0184374677779734,0.107377727510301,0.00342383141885502,""
1408,-0.132098090630892,-0.0051794501589227,0.013066657554108,-0.124210883235707,-0.349465394762947,0.0358827484161748,0.178191064723632,0.0189078886721143,0.161355947599314,0.00741790798499944,""
1409,-0.0875373585408857,-0.0570239559840297,0.00159427448817786,-0.142967040036738,-0.381776129956275,0.00447443432823287,0.175333770987285,0.0265491717100039,0.0564337737206513,0.000673465323597652,""
1410,-0.156535705263599,-0.00676432928709089,0.0340524566321939,-0.129247577918496,-0.293502397115276,0.123283601378098,0.139067414565034,-0.0318529357046836,-0.0385012255807282,0.000416361820921263,""
1411,-0.172662076009236,-0.0297401623319325,0.0239787479860253,-0.178423490355143,-0.385229754584967,0.0651924021552609,0.143373537795912,0.0645288800614163,0.131487571287992,0.00475834364358645,""
1412,-0.166839708176266,-0.00497082838382378,0.0218185987071261,-0.149991937852963,-0.245297123540405,0.0624529308765242,0.187762774638021,-0.023191003059154,-0.119115528671429,0.00394488570225431,""
1413,-0.157706360081324,-0.00548735402622621,0.0109763910129512,-0.152217323094599,-0.372981513255486,0.0354267086476901,0.205907222157642,0.0657190266541655,0.115850199411175,0.00407838393390979,""
1414,-0.150326205367984,-0.0473476844752906,0.0301026004220449,-0.167571289421229,-0.378950444577706,0.0843137922170997,0.0972918852663703,0.0361101440501059,-0.0221849321584686,0.000122263204568455,""
1415,-0.108069688714165,-0.0672337152618317,0.0138435967592147,-0.161459807216782,-0.340391607186656,0.0398927406879312,0.215498564432399,-0.02687311153052,0.122879591773168,0.00396684324107517,""
1416,-0.132883685294383,-0.00790681417892586,0.0195247136316972,-0.121265785841611,-0.321115964643723,0.0633025119303475,0.144465976660115,-0.000250548533368022,0.0321385281911675,0.000284009802098759,""
1417,-0.178922829860498,-0.0241146442537112,0.0293286157881001,-0.173708858326109,-0.310443533188706,0.0867389259407894,0.220359958975397,-0.00726089088238627,0.0831448505400443,0.00199826968138675,""
1418,-0.208285760090059,-0.0245204268652506,0.0500622713296037,-0.182743915625706,-0.330822120676413,0.142849509875546,0.17857523016947,-0.0166973030434383,-0.0460372851330957,0.000633681931608275,""
1419,-0.157280783529333,-0.0229356407162251,0.0290531749034763,-0.151163249342082,-0.416214214194983,0.0755936148096546,0.230675959372849,0.0696812765009201,0.146584678378296,0.00657174302038015,""
1420,-0.172394616166921,-0.0193387289168187,0.0308085283295119,-0.160924816754228,-0.313793637308474,0.0959460312184673,0.217566108491243,0.0208474873905961,-0.0385295159143555,0.000423366854077255,""
1421,-0.128408181668043,-0.0226128180837228,0.0288359095733301,-0.122185090178435,-0.376008872508343,0.0814634706200117,0.190252489560431,0.0418852260334339,-0.0472969855891213,0.00060466466149798,""
1422,-0.117298104887475,-0.0154477036284958,0.0112542268621312,-0.12149158165384,-0.32495016814158,0.0306855041257268,0.149085791355832,0.0590606437742925,0.164487757615882,0.0071828818594955,""
1423,-0.143324240170999,-0.0529316941645361,0.0199301842134599,-0.176325750122075,-0.388735439603508,0.0637130422237576,0.157447904028465,0.0214296093960528,0.043836228420287,0.000515077694581538,""
1424,-0.166124682675516,-0.036868807068831,0.0315080964888047,-0.171485393255543,-0.331093231834616,0.0937400961960333,0.198667484727688,0.0124151433616771,-0.131325127679891,0.00450423686161487,""
1425,-0.131973232791939,0.0299979793438652,0.0181002100291127,-0.0838750434189607,-0.294967789952608,0.0581984623197775,0.159078829711171,-0.0290664950139646,0.0568375725929735,0.000917105620017176,""
1426,-0.150258361888217,-0.00950803217152434,0.0189614275124586,-0.140804966547283,-0.345349549683961,0.0546961919551687,0.210341620162269,0.0546770266039837,0.127178860404204,0.00483489786471724,""
1427,-0.161028307454181,-0.00672728981542384,0.0244361538805246,-0.14331944338908,-0.230677770053948,0.0761201031887306,0.18309939569993,-0.0610602373980989,-0.202762140568157,0.0110424549993692,""
1428,-0.140799902674141,-0.029244032460792,0.0397817750289154,-0.130262160106017,-0.26715818706728,0.119064364011387,0.116021953858039,-0.0010248562142949,0.00365490869578961,3.36488011364727e-06,""
1429,-0.151442625423867,-0.0131741532425926,0.0113194605900054,-0.153297318076455,-0.300367265823027,0.03721896917902,0.276969911485658,-0.0932057642925564,0.178951505394479,0.00948329052750702,""
1430,-0.162043698184452,-0.0458624831868038,0.0381266403814359,-0.16977954098982,-0.343310430252208,0.125474408856953,0.210787604067306,0.0199274773877365,0.0703850042915772,0.00144593016812591,""
1431,-0.143468166210885,-0.0638069067677493,0.0425941891981665,-0.164680883780468,-0.379343359392758,0.12873096681844,0.189019710136227,0.0676372175189679,0.173335746110674,0.0082142487952366,""
1432,-0.158970132490557,0.0211602718418852,0.0149208026027295,-0.122889058045942,-0.301060251369294,0.043374741007379,0.219351631720385,0.00270751564637575,0.030181873052493,0.000273138864733424,""
1433,-0.129567879213151,-0.0167442551573781,0.0412764411704629,-0.105035693200066,-0.373297916660614,0.118217118756445,0.208652536799268,0.103755216855124,0.20972268834659,0.0131438576816802,""
1434,-0.131394467047808,-0.0354836842636609,0.0246936711698006,-0.142184480141668,-0.331858236693393,0.0692349317678591,0.173909717764464,0.00740900343819806,0.149866564391666,0.00583728276453509,""
1435,-0.134430596878238,-0.0330380664713779,-0.00177694650894844,-0.169245609858564,-0.328836320724877,-0.00469916894557444,0.195081036156933,0.0237938086214342,0.0749026778829012,0.00143392323579615,""
1436,-0.142464780656521,-0.0123431252919576,0.00635778768999289,-0.148450118258485,-0.349599908225737,0.0193048644424995,0.164063987228601,0.0678102248010973,-0.0396440012107648,0.000423998384632585,""
1437,-0.110505941154836,-0.0252302879258965,0.0325633770390187,-0.103172852041714,-0.415075294954241,0.0885375025355632,0.191162542971974,0.0147261506068962,0.262026563502625,0.0216999431005178,""
1438,-0.123214345821025,-0.0480981885425063,0.0280343935881164,-0.143278140775414,-0.292296729385503,0.0867618365015669,0.253709515826111,-0.0611533206301265,0.191292819908362,0.00860814201590498,""
1439,-0.147720211997739,-0.0214939359748585,0.043499218890351,-0.125714929082246,-0.306478801875483,0.13080043937417,0.198466083682242,-0.099657378769742,0.155434789060551,0.00677800465529731,""
1440,-0.111157296467692,-0.0656253714608592,0.0469372554078347,-0.129845412520717,-0.361792963211725,0.12901884658926,0.237195582646494,0.0436416723536153,0.0495312753779729,0.00058946252885729,""
1441,-0.161529879499197,-0.0125392655814068,0.0204610059912109,-0.153608139089393,-0.305914465886182,0.0638606696244025,0.201865132837054,0.000820758843565211,0.0394601895682418,0.000445642099864808,""
1442,-0.167945144491492,-0.0145347135369971,0.0230491713288875,-0.159430686699602,-0.358787472113893,0.0676548161568095,0.284218679401228,0.0526201988953156,0.244005687047423,0.0192339329200064,""
1443,-0.124634325586285,-0.0315109126201196,0.0339813173220665,-0.122163920884338,-0.403799844954337,0.0962409410610993,0.189897407047806,0.0635141995794762,-0.0288051927835545,0.000247880811807275,""
1444,-0.093168073065114,-0.00225691212169435,0.0126038649645134,-0.0828211202222949,-0.343121812462043,0.0385355546384933,0.228400261528746,0.0814895628426525,0.0472675140719596,0.000642980754943793,""
1445,-0.138391818970939,-0.0280972788455329,0.0121949750943826,-0.154294122722089,-0.294640756484726,0.0344798527685903,0.253838347958074,-0.0103179369314689,0.00423950077404937,4.93642149254268e-06,""
1446,-0.173717455525367,-0.0356027695621204,0.0271598261176317,-0.182160398969856,-0.39783994497921,0.0770208105334349,0.187407708072656,0.0883076271700548,0.0925254925743963,0.00257241043714444,""
1447,-0.14785293316013,-0.0310572576023316,0.04401351098223,-0.134896679780232,-0.442451505069832,0.115312209779241,0.235177030129173,-0.0114939473949271,0.221533748730891,0.0167589755880928,""
1448,-0.134635874048379,-0.0309820022812125,0.0430885082668416,-0.12252936806275,-0.345252976968091,0.132601397322527,0.160948826144862,0.0416704972870103,0.125942218758951,0.0044567201921873,""
1449,-0.176325635787012,-0.0158902515782505,0.0198414528460409,-0.172374434519222,-0.336769348223806,0.0536134554859547,0.171396249125858,0.0269255903466299,0.103177890479453,0.00299513602155397,""
1450,-0.0923928354281728,-0.0234218964507615,0.0176219229696589,-0.0981928089092754,-0.326212096463715,0.0498785553009009,0.157643707744125,0.0082981318972105,0.214163663457712,0.0118953953509066,""
1451,-0.143462529402848,-0.0241487643402173,0.0421947734810705,-0.125416520261995,-0.226794995730653,0.126031738073398,0.231555999613398,-0.0400875431813507,0.0341214150009219,0.000329995158191906,""
1452,-0.143954816891605,-0.00424106401899791,0.0216920032915446,-0.126503877619058,-0.246114344538695,0.0770230435311662,0.212994613168793,-0.126901965149536,0.00209577594732119,1.28240374767595e-06,""
1453,-0.138559190966517,-0.0147912168655235,0.0195246837030396,-0.133825724129001,-0.335164832466038,0.0626667888512466,0.179830691312676,0.0706036353998869,0.252242109884657,0.0171590103769841,""
1454,-0.129565540249075,-0.050141837573593,0.0205200282630301,-0.159187349559638,-0.3809635860084,0.0580058525392438,0.180220305379679,0.0626958551803901,0.221204847847608,0.0131259159573129,""
1455,-0.118640238773921,-0.0236734920556135,0.0194607917130529,-0.122852939116481,-0.376542064138671,0.061481205565326,0.19870740483679,0.0712897927138728,0.184403390151656,0.00981067406453718,""
1456,-0.116440093150917,-0.00849186079455607,0.0104424592380606,-0.114489494707413,-0.372963966394969,0.0298648381151127,0.123142287999727,0.0632226841472108,0.0130419285865152,4.63796248248752e-05,""
1457,-0.180160957077659,0.00150532744143983,0.0364802734922487,-0.142175356143971,-0.322792788663471,0.103175579831808,0.218845343750154,0.00624523560766366,0.0570951216342073,0.0010078743944699,""
1458,-0.142196630820079,-0.0390996147132974,0.0149136687728274,-0.166382576760549,-0.338838605814171,0.0457016722471432,0.204979412711496,0.041902811862338,0.071367551904115,0.00134337563043311,""
1459,-0.193612584218835,0.00179870090230714,0.0211941065897319,-0.170619776726796,-0.310883283110492,0.062662477391605,0.263197284938824,-0.00920888945490031,0.141977340079549,0.0062973661467258,""
1460,-0.216108189550494,0.0325287552750801,0.00931503948079799,-0.174264394794616,-0.298404710231492,0.0273390220976003,0.213280410131593,-0.0147682172281905,-0.0811172604557414,0.00199839226121542,""
1461,-0.146975225088665,0.00275400956943608,0.00629813646560809,-0.137923079053621,-0.38391757888136,0.018498809811502,0.232269147486553,0.074238613107846,0.172446517936166,0.00896749104545735,""
1462,-0.135177572483691,-0.013995294672947,0.0233847068725695,-0.125788160284069,-0.289378463840156,0.073005476066601,0.20405969034288,0.00733939616133857,-0.0173251065238214,8.79462162504892e-05,""
1463,-0.189740909759024,-0.00711820918140112,0.0140280195394274,-0.182831099400998,-0.386423245015158,0.0377204907272873,0.227746198866686,0.0541628987527781,0.160790916574341,0.00820678082724893,""
1464,-0.199583843735137,0.0457444249246653,0.00744839837580325,-0.146391020434669,-0.382685982333553,0.0211862368683813,0.166234583806075,0.00420523242092771,0.0619867527369479,0.00116757689785088,""
1465,-0.14889472789716,-0.0172916764649142,0.0482348356777056,-0.117951568684368,-0.353948964090393,0.150226830572101,0.191021030401671,0.0780960929774931,0.152080624644182,0.00710381049197709,""
1466,-0.128191267099245,-0.0328768036118883,0.0234055434218367,-0.137662527289296,-0.408129194811767,0.0759406386894226,0.175052642390885,0.0620799016722583,0.110286351100797,0.00352469642033873,""
1467,-0.0940376497510053,0.0240666901041774,0.00528037606443559,-0.0646905835823922,-0.318318754338475,0.0164270179873917,0.113032092654625,0.00054925379355601,0.103990122535626,0.00302131925875911,""
1468,-0.147907145801294,-0.0506887633692612,0.0187234624706869,-0.179872446699869,-0.27208725000215,0.0746466346290908,0.196230953275368,-0.0593097222014616,0.143996748689033,0.00478316980998485,""
1469,-0.128795792334024,-0.0299937042385189,0.0178632544021494,-0.140926242170393,-0.272953834359127,0.0620603030740748,0.206768370357465,-0.0828593832342938,0.0940910373503533,0.00230500178550504,""
1470,-0.106292071082311,-0.0374764099252183,0.00899856205957326,-0.134769918947956,-0.376405086644338,0.0321227592783944,0.171563733293937,0.0662609641156737,0.116821054544926,0.00378568380183208,""
1471,-0.140178356450189,-0.00932469094143824,0.0250923842712694,-0.124410663120358,-0.40436838729789,0.0717549298024809,0.200852925984714,0.0737303603593761,0.114293771665214,0.00384785468328778,""
1472,-0.108901027694425,-0.034563577793876,0.0263424850880592,-0.117122120400242,-0.390643456771819,0.0846338876154287,0.189705991746842,-0.023145202864963,0.129655173235866,0.00463111976963745,""
1473,-0.168035416869591,0.00808529242331686,0.0312765460017888,-0.128673578444486,-0.302794406727871,0.105748301061112,0.184109095107236,-0.0574288999877544,0.0682165609677585,0.00141245637877788,""
1474,-0.191670304246177,0.0137113891726418,0.0319010671933088,-0.146057847880227,-0.397587859802804,0.0833191725169078,0.205453451389714,0.0191716721791691,0.0437331450814292,0.000614088079374955,""
1475,-0.14923860704298,-0.0319888400028199,0.041515380839443,-0.139712066206357,-0.34659646936857,0.112139222614654,0.2008603572485,0.0456894685326195,0.00649656707872848,1.11934648429621e-05,""
1476,-0.140774030300149,-0.0230278982081337,0.0159058912148749,-0.147896037293408,-0.426536640522297,0.0478982657866807,0.150569551114158,0.0656572573881841,0.150792437732894,0.00640852508851027,""
1477,-0.112195387659038,0.00165112191981399,0.00218058608360787,-0.108363679655616,-0.398378342871116,0.00542940829897003,0.140016187737573,-0.017458179612238,0.284427428190236,0.0241328861237599,""
1478,-0.120627466611426,-0.0404644443596395,0.0136106639509557,-0.147481247020109,-0.38595221475674,0.0352782053418949,0.142480797818689,-0.049228618916293,0.216585872593532,0.013061306660872,""
1479,-0.196325977375261,0.0155079867331285,0.0241396936911955,-0.156678296950937,-0.369679238908451,0.0719949197777898,0.240551792392183,0.0245560281893469,0.207494133190471,0.014526332936368,""
1480,-0.198466474399722,-0.0100671756757706,0.0472558823810683,-0.161277767694424,-0.392992971335446,0.129074428377042,0.133304978846329,0.0641185219549305,0.0357854070222199,0.000395868917525376,""
1481,-0.145383367190813,-0.0354809051225313,0.0284582459250215,-0.152406026388323,-0.365263033138631,0.0838712241177383,0.1297467222135,0.064620838132323,0.10170388539314,0.00290188539517437,""
1482,-0.145898919050723,-0.0432147043625656,0.0205392233617147,-0.168574400051574,-0.427013670263604,0.0551157519999098,0.170519575168451,0.0571417570278552,0.0669342071248633,0.0012275485596285,""
1483,-0.176500981229435,-0.0020928479412884,0.0137353952638581,-0.164858433906866,-0.369881529964689,0.0443681987149113,0.165127658128002,0.0539078936305363,0.129042040226392,0.00518053913142794,""
1484,-0.124228449344032,-0.00096305204067262,0.0496737597136147,-0.0755177416710899,-0.303236641881451,0.149003803098877,0.146569773364414,0.0101094339049207,-0.0424482353458175,0.000525427379884514,""
1485,-0.117651347543999,-0.0255758355456021,0.0072161311702287,-0.136011051919372,-0.391588418572264,0.019656912050804,0.257044465676507,0.10166919570985,0.24220158797892,0.0165816355784555,""
1486,-0.078569758775294,-0.00483623216994004,0.00203619961624171,-0.0813697913289923,-0.324522875823479,0.00671201767352249,0.154405667313418,-0.0344367419424039,0.0910363417595182,0.00232500863011566,""
1487,-0.154308938547845,-0.019120264655259,0.0440321871228432,-0.129397016080261,-0.329921243906606,0.134137985544737,0.176829515668199,-0.00859730841054095,0.0181645631459392,9.95250110401533e-05,""
1488,-0.153664430566344,-0.0290580037479739,0.0186713728989137,-0.164051061415404,-0.29939243448313,0.0488597073674127,0.242877303908013,-0.0294350845657042,0.00894354954246363,2.37454358275812e-05,""
1489,-0.144675855550797,-0.0256404689817462,0.027133544924265,-0.143182779608278,-0.329911749908274,0.070796087849565,0.175683916442606,0.0109372425771896,0.131203965408668,0.00459394606386942,""
1490,-0.17403891234423,0.0104081652280897,0.0284572151389218,-0.135173531977218,-0.301390767785453,0.0865493711531257,0.249693416260985,-0.0430689563858557,0.0928000232955196,0.00270659783545959,""
1491,-0.0905051056252164,-0.0469723008447372,0.0417610794877213,-0.0957163269822323,-0.377810459071249,0.126872411932792,0.154850757407857,0.0458794884391726,0.0636308231257476,0.00104397877144404,""
1492,-0.14041640813683,-0.0503471313976652,0.00808634328740622,-0.182677196247089,-0.348769450073457,0.0215784748041358,0.236439785225051,0.0575114289477089,0.0927830056499927,0.00231995001633018,""
1493,-0.119955785504332,-0.0469850870827516,0.0220880223441737,-0.14485285024291,-0.404932725019237,0.0614498109059008,0.176910221841457,0.0770597102672658,0.122531926113369,0.00404447997740002,""
1494,-0.152734919075477,-0.017313282362161,0.035475147369219,-0.134573054068419,-0.35486869622378,0.0981133667758887,0.236599910313982,0.0445974913126509,0.116774417898877,0.00407898542390181,""
1495,-0.147482290278113,-0.0103414666047639,0.00164691097883041,-0.156176845904046,-0.35085040953839,0.00603679351436114,0.145393362440658,0.0318883622366975,0.21932668997193,0.0137819132450286,""
1496,-0.198356573551108,-0.0259831673424493,0.0173626784163483,-0.206977062477209,-0.411852349397608,0.0432086807966533,0.247985873082787,0.00308510544487859,0.132417481066697,0.00543823189016774,""
1497,-0.122293543831323,-0.0228376802543965,0.0631112964020083,-0.0820199276837113,-0.376814733892449,0.177238116696611,0.191776266483063,-0.0202710138792614,0.121103836774577,0.00444017018604097,""
1498,-0.165330118524994,-0.0396355080964094,0.0109330790913371,-0.194032547530066,-0.347314017000742,0.0279275280767467,0.189210229985101,-0.00896220891337855,0.126649129559374,0.00453483632200173,""
1499,-0.159563223979375,-0.0167552577733913,0.029531354563154,-0.146787127189612,-0.416182420758164,0.090700109333582,0.257674786561416,0.0804141481793491,0.00729943662452824,1.74668459020372e-05,""
1500,-0.167008211727697,-0.0244891776389876,0.0554551450314882,-0.136042244335197,-0.336656585558045,0.157222940850149,0.183917488550221,0.0341853775650945,0.0596301809860801,0.00106665572035535,""
1501,-0.123610502645639,-0.0384680398031941,0.0258151697220675,-0.136263372726765,-0.434203642934111,0.0761315677469773,0.169828244327013,0.0970629913321302,0.250529839562452,0.0195608291665953,""
1502,-0.127442684201129,0.0192842338892526,0.0417546525546624,-0.0664037977572138,-0.27912889197666,0.136388036181377,0.150935648694133,-0.0595007031590435,-0.0376628610298558,0.000410080422290875,""
1503,-0.153929895099361,0.00652422045482856,0.019811585111304,-0.127594089533228,-0.318930589326421,0.0651793823093608,0.176315756929627,-0.0101081176048749,0.118612758317983,0.00418498029523055,""
1504,-0.0703253261404463,-0.0371426152878962,0.0247043174085643,-0.0827636240197782,-0.325314349833633,0.0776417000126935,0.137674193598656,0.0241541390988806,-0.0254655762972543,0.00017846056318323,""
1505,-0.148206178872516,-0.0455481002975654,0.0281057241359168,-0.165648555034164,-0.413001360845018,0.0882264473119665,0.194636385134907,0.089134308068967,0.113262672248573,0.0036096966731277,""
1506,-0.206791335372382,0.013275734328019,0.0170090036312947,-0.176506597413068,-0.439228056173319,0.0442393710083812,0.273679515058117,0.0460321545610181,0.144514719678125,0.00756058954547293,""
1507,-0.132793197781366,-0.0286384858432564,0.0226018854004304,-0.138829798224192,-0.40013581329019,0.0658626484819086,0.198676180064238,0.0753864180656891,0.0663572016831994,0.00121791073857258,""
1508,-0.148103572454266,-0.00415527762367972,0.0116929577010936,-0.140565892376852,-0.394252391695135,0.0297172393500156,0.175675717773265,0.0257952881596869,0.22188955023214,0.0147770064446287,""
1509,-0.156171427499842,-0.0044619093790672,0.0260525157110598,-0.134580821167849,-0.357188527025944,0.0799975089923726,0.154512568352663,0.0480315986909,0.0888478757644944,0.00237840697050008,""
1510,-0.184314848784647,-0.00579578911457362,0.020219233976048,-0.169891403923173,-0.313692575807093,0.0625198458721899,0.20195404371921,0.00124228218254764,0.23093659819858,0.0148523190123348,""
1511,-0.134428760586341,-0.00554011416951417,0.0257496948692497,-0.114219179886606,-0.234763289353306,0.085773851021757,0.247631613451396,-0.125446132911299,0.0744678102614479,0.00165996028605466,""
1512,-0.143061542663016,-0.0135190684493555,0.0360132527580454,-0.120567358354326,-0.320344012316245,0.10744451883886,0.178749693110605,0.00888140093358378,-0.00294316036639305,2.47971000209964e-06,""
1513,-0.130887510613446,-0.0550813446174545,0.0292878826216527,-0.156680972609247,-0.380884216199619,0.0814929121013942,0.194933016953062,0.0345515442106121,0.173754942345496,0.00819279887937197,""
1514,-0.15220892985344,-0.0184756537522169,0.0414993546810962,-0.129185228924561,-0.434065450273672,0.110758812147264,0.150198541207637,-0.00332742928302138,0.0235726745522595,0.000167964698523617,""
1515,-0.112478323088682,-0.0622362234738612,0.0287380514749866,-0.145976495087556,-0.350452758983361,0.0972879408069999,0.201865136838894,0.0320293295318981,0.118586058288964,0.00336949436226319,""
1516,-0.205081396880039,-0.0334086961009556,0.0282067316782601,-0.210283361302735,-0.399217033807677,0.084165287813503,0.182248542653061,0.044568265677087,0.0380226561117374,0.000433388769604621,""
1517,-0.185425446834355,0.0167706758920807,0.0187691882595134,-0.149885582682761,-0.335905507972861,0.0537704934831605,0.181348071895781,0.021835943228813,0.0374211030933768,0.000420507843237192,""
1518,-0.191269591085802,-0.0176857947272773,0.0281558147210188,-0.180799571092061,-0.394728739212356,0.0759771336493036,0.238372999350742,0.0677630330787193,0.0031645267771542,3.09020561176901e-06,""
1519,-0.116733510715443,-0.0190224566646035,0.0294177576676172,-0.10633820971243,-0.412461999543479,0.0914059747252464,0.181284389744379,0.0813532983494634,0.220734031323757,0.015172181374077,""
1520,-0.157894278939206,-0.0370271651665621,0.0197244810791594,-0.175196963026608,-0.422308330050444,0.0611760622476918,0.179787797646774,0.0504341864827202,-0.000203730412755628,1.21039819026042e-08,""
1521,-0.169122329374218,0.0141107971476174,0.0221708076342869,-0.132840724592314,-0.270869249354513,0.0688085697675464,0.178942489749387,-0.0454744884584586,-0.0301576173297098,0.000262250459497376,""
1522,-0.149279116161859,-0.0288039328221872,0.0544575827792465,-0.1236254662048,-0.323987020665633,0.156098254699891,0.222041175863833,-0.0157713774515215,-0.000740899904471421,1.56603154899213e-07,""
1523,-0.0802620100956867,-0.0290453935744235,-0.00203846678660732,-0.111345870456718,-0.414983024308984,-0.00523204636920417,0.152309602071776,-0.000289659701421692,0.299651773892463,0.0241675732532606,""
1524,-0.0777206736514117,0.0143121607636084,0.0293874967678379,-0.0340210161199654,-0.330788188607235,0.0911821671556735,0.140375424428175,0.00746064541607068,0.090434105125654,0.00236529120695541,""
1525,-0.167505261709971,0.00810267559032306,0.0284513442554544,-0.130951241864193,-0.382299568277588,0.0814580005153276,0.213211445834974,0.0139899597955828,0.133409288682046,0.00541753607076891,""
1526,-0.133713470234407,-0.0320955671218424,0.00622604862836169,-0.159582988727887,-0.348359238947507,0.0158539655812592,0.112406719877971,-0.0252514304450074,0.100200424180539,0.00257900108107483,""
1527,-0.137729438529432,-0.020426949165636,0.0245777018904103,-0.133578685804658,-0.377281870384189,0.0800454160976836,0.180559555422926,0.0813142384213981,0.177450046436814,0.00842994863753591,""
1528,-0.096291743144593,-0.050711479725269,0.0275220402263909,-0.119481182643471,-0.418579247947964,0.0753086851326241,0.16971754910193,0.0791270100339005,0.209202067919837,0.0122833967130306,""
1529,-0.130477132721838,-0.0480513329943697,0.0153492599513865,-0.163179205764821,-0.373015131206672,0.0421829097890661,0.197636400498998,0.0570339157164532,0.0653276185819747,0.0010650889979886,""
1530,-0.118757695388484,-0.04128421000547,0.0258968966840254,-0.134145008709929,-0.395284565509085,0.0858000558198398,0.197586406723667,0.074334698877511,0.202830792990333,0.0118641387211199,""
1531,-0.11133434055062,-0.019940357952872,0.0128641433541315,-0.118410555149361,-0.354129960509942,0.0355139214925325,0.24716259319227,0.0357973417952534,0.19871723848851,0.0117883206200241,""
1532,-0.11731127640263,-0.0303385775913656,0.00337321382923803,-0.144276640164758,-0.332554165437379,0.0105399349719379,0.230586377270924,-0.0227893792761862,0.235401431877085,0.014680413878177,""
1533,-0.131435819952082,-0.0240409425622471,0.0252376990370158,-0.130239063477313,-0.381300315350559,0.071557215124454,0.11718959425082,-0.00616569200091784,0.0706218537240484,0.00138518453002949,""
1534,-0.0763652842108011,-0.0517994572728602,0.0138165823595951,-0.114348159124066,-0.403785260069316,0.0386167769884845,0.180480581831552,0.0516431717914713,0.276102448544248,0.019742868409943,""
1535,-0.16171473931897,-0.0372004589587107,0.0171440718652164,-0.181771126412464,-0.414455460947492,0.0481795701337045,0.171274822491917,0.0191600597466245,0.112750552703986,0.00402680719513645,""
1536,-0.129755887920871,-0.00832495682210334,0.0142490363803251,-0.123831808362649,-0.407884654754201,0.0352093251785787,0.223509709379308,-0.000858239041868566,0.147708042395101,0.00649986238374968,""
1537,-0.110092445877684,-0.026121635076552,0.0247186752400022,-0.111495405714234,-0.284861141426464,0.0787138664644992,0.239727587852371,-0.0400933619057802,0.126574841036863,0.00458119771592798,""
1538,-0.156534041255498,-0.036041745705513,0.0423434985557966,-0.150232288405214,-0.373960898518717,0.118992296480359,0.202553107185936,0.0493959999635098,0.205028721410297,0.0121633484743101,""
1539,-0.154330876628645,-0.026628589135415,0.0319316145785181,-0.149027851185542,-0.315531292512719,0.10368852371864,0.202518525470929,0.0156478532164219,0.0287540634283936,0.000237188982513093,""
1540,-0.181754606762943,0.0180723895508148,0.0218087135094587,-0.14187350370267,-0.263635381612757,0.0686282723250407,0.227035685517337,-0.0938684178267485,0.0224976994720582,0.000150873876349622,""
1541,-0.189879997869337,0.00630242979949835,0.0233836783858471,-0.160193889683992,-0.349110331992103,0.06015728728354,0.170462875787092,-0.00804038041092272,-0.00483914530140964,7.08301738395259e-06,""
1542,-0.15175271984983,-0.0291602532955697,0.0279277919764752,-0.152985181168925,-0.312909704381025,0.0798979215015647,0.209025676788084,0.018331720050356,0.0341274995168898,0.000303111373498161,""
1543,-0.149376972166095,-0.0585927261131508,0.0335624177978304,-0.174407280481416,-0.456438264706701,0.0944132014775251,0.250286766459252,0.0941734094227812,0.131601102002762,0.00559510876419282,""
1544,-0.105289613086199,-0.0423149807280688,0.0128693275879922,-0.134735266226275,-0.382203341598367,0.0370258303442071,0.217583513708347,0.0775800143453623,0.312901523786706,0.0263430603697063,""
1545,-0.164931749589468,0.0128519947845668,0.0262868052681861,-0.125792949536715,-0.332317213398677,0.0720525257519845,0.228439324186845,0.0692940158710206,0.129513197424465,0.0051542618645946,""
1546,-0.148495776832474,-0.0508000440191675,0.0224850968777489,-0.176810723973893,-0.357139446537587,0.0639754738204599,0.210964972153244,0.0425704539393978,0.0704065645292467,0.00131558067231017,""
1547,-0.157005354013458,0.00908140992058172,0.0624391025995156,-0.0854848414933611,-0.278703803301427,0.187498519351822,0.253833450059098,-0.0703966789605777,0.0642714040281873,0.00125061294691778,""
1548,-0.133881306599753,0.00968791238213281,0.0218144892474711,-0.102378904970149,-0.347471427562402,0.0587672086374506,0.199897881710992,0.0246235196508893,0.10110252547707,0.00300655932035424,""
1549,-0.171973598390916,-0.0455638299645308,0.0298769250584342,-0.187660503297012,-0.363203097638447,0.077459616108246,0.178970012335898,0.007690244091412,-0.0515845313749467,0.000708277648000103,""
1550,-0.121158252521508,-0.0615938363181255,0.0353032438083955,-0.147448845031238,-0.371723970408686,0.100364781155306,0.19478718574436,0.045615513593237,0.0606374502327112,0.000943866853495733,""
1551,-0.113898911463777,-0.0121243173600924,0.0128987267577672,-0.113124502066102,-0.365387470672965,0.0381682887070802,0.133872738800418,-0.0070161377924674,0.195741136051316,0.0104693546466208,""
1552,-0.131103946364455,-0.0229248965086133,0.022245581936447,-0.131783260936621,-0.376768713536446,0.0586656396491985,0.189027718199099,0.087985221578761,0.0634347140481236,0.00117194964825748,""
1553,-0.169147075422321,-0.0268861694852272,0.0136934351485852,-0.182339809758963,-0.388995194951872,0.0373854135866904,0.149042231416639,0.0455539155732062,0.0453158979284381,0.000520553655996531,""
1554,-0.10304481367347,-0.00953387346738021,0.0439392410623349,-0.0686394460785151,-0.370935804083322,0.136354593870674,0.125826957195578,0.00514265993521243,0.0394171413192532,0.000458898914884871,""
1555,-0.103602865601761,-0.00322959044669733,0.00971466624533461,-0.0971177898031237,-0.349048139022898,0.0286945757283476,0.200288767331069,-0.0116906515461369,0.116432440611482,0.00404966081951549,""
1556,-0.123893376626771,-0.0623647796741606,0.0353807839152526,-0.150877372385679,-0.410449336003003,0.106935599431762,0.19759133264405,0.07944003731396,0.201009808394266,0.011086841174805,""
1557,-0.137661234571871,-0.0302953550396763,0.0208919042216851,-0.147064685389862,-0.382718474913683,0.0615370533287257,0.189974611116495,0.0748335263139889,0.145208839455998,0.00562044592864978,""
1558,-0.138884496642776,-0.0261065621339986,0.0181420987919445,-0.146848959984831,-0.375805302509406,0.0504708014420284,0.228477134569829,0.0259187487687049,-0.0197007124036874,0.000111619792946588,""
1559,-0.0993793914237333,-0.0330931897618925,0.0108708502331932,-0.121601730952433,-0.391599463698821,0.0318627084876911,0.132517285511623,0.0501939548943807,-0.00762437848094689,1.54637168084123e-05,""
1560,-0.113543227234122,-0.0388658399963866,0.00470287867685447,-0.147706188553654,-0.420137279857407,0.0130966463221108,0.139330217900474,0.0441415887283258,0.0728920498166428,0.0014167341379516,""
1561,-0.125113204726048,-0.0307925762948904,0.00689118814803448,-0.149014592872904,-0.34560446846935,0.0176462653322651,0.186292561095782,-0.014087111297509,0.0781486961788987,0.00172819606144177,""
1562,-0.121874913160895,-0.0300969578787636,0.0215797039040027,-0.130392167135656,-0.379115439908022,0.0683810335008691,0.196353969628831,0.0936804178374209,0.154243266025542,0.00652196503220454,""
1563,-0.183695493236354,0.00411651084364615,0.0317147405078954,-0.147864241884812,-0.348197126324184,0.0851024127404005,0.261605404957208,0.031429369853613,-0.0201951080901885,0.000130577503113903,""
1564,-0.172183798333987,-0.0218852852042828,0.0249194874079704,-0.1691495961303,-0.425350779535341,0.0717386665618032,0.128257918080691,0.0725197639043523,0.208031994315295,0.0131028885415117,""
1565,-0.109906609977153,-0.044512291576482,0.0142858548033916,-0.140133046750244,-0.380074288222647,0.0387924039457039,0.227014573238083,0.0231434428262374,0.127269355499852,0.00387736015479125,""
1566,-0.161787227081643,-0.0222799195514416,0.0346780987978015,-0.149389047835283,-0.31851124430752,0.103458854622992,0.243091008922609,0.00175559095521867,0.0057289595155583,9.83491853383164e-06,""
1567,-0.134316225858675,-0.0169656866709469,0.0221795778392139,-0.129102334690408,-0.362819283780082,0.0646616884969299,0.205328473483737,0.0102308812174987,0.110962575307721,0.00356392960639768,""
1568,-0.121519689771745,-0.0561762049181543,0.036084979761701,-0.141610914928198,-0.444502837297912,0.0931217281361333,0.181594949315072,0.0439175143924099,0.0216321584990543,0.000126594272008074,""
1569,-0.128326676606905,-0.0347100507071358,0.0214719593382931,-0.141564767975747,-0.315590094800847,0.0618459290699052,0.195366774634331,0.00683743572800298,0.0842320344221245,0.00184056372828886,""
1570,-0.157994854144592,-0.026502054920971,0.0211348167007207,-0.163362092364842,-0.364989599401846,0.0647167353693183,0.214114905319949,0.0458231803739217,0.204666339897526,0.0124029800124403,""
1571,-0.154549001926209,-0.0343115366494889,0.0171222923200156,-0.171738246255682,-0.407221826170221,0.0518950129653013,0.154212260813201,0.0478083679153673,0.247323819932994,0.0179880216193541,""
1572,-0.124312842764448,-0.0129168220389886,0.0197136385928108,-0.117516026210626,-0.365975778369454,0.0620929349291779,0.186977263142345,0.0575172349591981,0.114460765436326,0.00399756497974934,""
1573,-0.119954447089225,-0.0201746707508214,0.00774003653052044,-0.132389081309526,-0.359872698347621,0.0202512333743349,0.207823591788678,0.0551269202880143,0.155819619509324,0.00677442727022259,""
1574,-0.12605701742492,-0.0323990738868093,0.0114891733625931,-0.146966917949136,-0.348937945429097,0.0334203642344198,0.108767668342868,-0.0216602591162359,0.112176121984086,0.00335567607235467,""
1575,-0.175362350976437,0.0123148090140289,0.0111096286191949,-0.151937913343213,-0.317466547402012,0.0341548502867649,0.202701459660133,0.0197844063959628,0.15960673881653,0.00772279246631774,""
1576,-0.137573995493929,-0.0703256198505604,0.0356440025898238,-0.172255612754665,-0.404020945916587,0.114247241087291,0.230239377908953,0.0785326760333381,0.101659205744638,0.00271381550231236,""
1577,-0.116136727162967,-0.047462680242487,0.0258218734993808,-0.137777533906074,-0.334886266855722,0.0751711001640746,0.213851017316036,0.0524098810015051,0.00084157147531145,1.72648845320677e-07,""
1578,-0.131172217144233,-0.00639637890569018,0.0136104202859512,-0.123958175763972,-0.406699043716395,0.0372192844692236,0.133046035187092,0.0677936558824052,0.0929464586367367,0.00260514262159894,""
1579,-0.224925917087528,0.0452640170793125,0.0130702178028517,-0.166591682205364,-0.358781396053414,0.034888207446451,0.270158872025484,0.0405466361260308,0.157287411383372,0.00825694655301481,""
1580,-0.136437776400236,-0.0345716174098611,0.0310084799598403,-0.140000913850257,-0.342461282119865,0.0939517988009545,0.164815369308787,0.0183643098591654,0.0114560432110524,3.37034799142885e-05,""
1581,-0.125436254695001,-0.062647803811342,0.0387523178577186,-0.149331740648624,-0.368636791632969,0.133519428111397,0.197217380434851,0.0689746254748173,0.0580670865962645,0.000888564511753201,""
1582,-0.139454828485088,-0.00757372300674289,0.0179828826757379,-0.129045668816093,-0.402173972271587,0.0521585941402581,0.174536088632358,0.0610776476843767,0.066784106561661,0.00136034564959747,""
1583,-0.144440174494125,-0.0309932636769586,0.0481150076407811,-0.127318430530302,-0.33456810958345,0.127474255528377,0.204676419188276,0.0665045011052249,-0.0321803680754602,0.000290757577619001,""
1584,-0.135361705751905,-0.0282151057866099,0.0134018415695546,-0.15017496996896,-0.393295279767824,0.0401022643152241,0.15388234447881,0.0580135149118507,0.112342646146596,0.00375766145612494,""
1585,-0.147341667345605,-0.037004453877457,0.0258717237736262,-0.158474397449436,-0.359899265072807,0.0716474628645603,0.15240041849979,0.0430608814800181,-0.073133068101269,0.00134301603421805,""
1586,-0.110716129683844,-0.0206432538627949,0.0310201407383745,-0.100339242808264,-0.342256525660683,0.0902738529465196,0.193519558567232,-0.0144916277205767,0.126231111357188,0.00456867482530569,""
1587,-0.132023215653797,-0.030534662675113,0.020175557372548,-0.142382320956362,-0.395192830607231,0.0574666150803189,0.182023212368557,0.0322625119917069,0.276545345704964,0.021857659178459,""
1588,-0.168443263775665,-0.0314634428099408,0.0205377417446798,-0.179368964840926,-0.341914428229621,0.0557083999556821,0.192450477221817,0.00231529557794398,0.100600622745248,0.00296986405582658,""
1589,-0.122505061501613,-0.0361884134074375,0.0317845653556786,-0.126908909553372,-0.377840764710321,0.0970574435976971,0.184928592080864,0.0329025307402253,0.126081235282526,0.00445889069145364,""
1590,-0.113246719584872,-0.0462654367658345,0.0114086946943368,-0.14810346165637,-0.388847357017909,0.0320826000123108,0.122693777817747,0.0633018197593431,0.0600778606928597,0.0009619967127714,""
1591,-0.156113660026473,-0.0215500897903082,0.0381208006878591,-0.139542949128922,-0.42613420179431,0.102214433294535,0.130521999571956,0.0567866985006131,0.173438515657361,0.0094631428575635,""
1592,-0.183768439588686,0.00977412530089987,0.0188554893576871,-0.155138824930099,-0.388303269875035,0.0540198142527493,0.13608736011881,0.0818812038209856,0.0696356997488346,0.00135532187212024,""
1593,-0.157340319763123,-0.0416281443975367,0.0520290135777221,-0.146939450582938,-0.372389910859049,0.153442775213997,0.167302191295564,0.0234726053462321,0.124472191816454,0.00465393166722739,""
1594,-0.171176215050329,-0.0258515765728845,0.0398942632715555,-0.157133528351658,-0.361699806737907,0.118622092479211,0.153483939591318,0.0358108613081516,0.0664885161591658,0.00125289377844205,""
1595,-0.142620725997504,-0.0239393724503379,0.036390523590761,-0.130169574857081,-0.387203112839463,0.103231028205468,0.206846922266533,0.0603340622465322,0.0668041233855854,0.00139503469078016,""
1596,-0.12460694759118,-0.0306612783981813,0.0267738598953137,-0.128494366094048,-0.423793720068814,0.0788556658011229,0.1395088315007,0.107044857956984,0.200153412910395,0.0124881126681449,""
1597,-0.121745593059532,-0.0129299648859978,0.030435853630105,-0.104239704315425,-0.332743423903153,0.0924772377019452,0.186354679986376,-0.00228067256061359,0.0515345438629274,0.000752511553330135,""
1598,-0.17025161584136,-0.0186954552718254,0.0135922087971425,-0.175354862316043,-0.322158009228062,0.0453156073672193,0.213625656771966,0.0016577933301146,0.242600430976356,0.0158348998939963,""
1599,-0.157055696898453,-0.0180003621734729,0.0417245491374043,-0.133331509934521,-0.29789183336557,0.139352054252755,0.13966570115073,-0.0414205169610818,-0.0452517873295191,0.000602925197097601,""
1600,-0.130712059654876,-0.0245415607410324,0.0274320292053365,-0.127821591190572,-0.433804839556903,0.0831203169906072,0.173226199823996,0.0546448272318643,0.166121204868975,0.00879980588983911,""
1601,-0.134013682252739,-0.0281159118466177,0.0222214761450733,-0.139908117954284,-0.375687198345313,0.0558678793971992,0.180573014296229,0.0204386719044291,0.0811424961404419,0.0017854636769125,""
1602,-0.151836094062308,0.00433020647754773,0.0039303525200024,-0.143575535064758,-0.387831047341612,0.0107483068417051,0.218286379408385,0.0367038280914075,0.176692149165058,0.0101307749124869,""
1603,-0.154426015689246,-0.0157165408302772,0.0143367401685105,-0.155805816351013,-0.382652317742634,0.0420315353675221,0.190150382853916,0.106858845155196,0.177608446076586,0.00895978515209013,""
1604,-0.106766915106635,-0.0588944011568656,0.0100223028638284,-0.155639013399673,-0.325885406969381,0.0302789011633065,0.235965897081093,-0.021057197379727,0.0888510372983395,0.00165765956406976,""
1605,-0.186547885684108,-0.00611567727451401,0.029357479958307,-0.163306083000315,-0.367921896527502,0.0780145228022708,0.23754315922094,0.0236957250415312,0.157435960621828,0.00830832047684603,""
1606,-0.114569995442899,-0.0241061044217408,0.0240495560994968,-0.114626543765143,-0.414878733484291,0.0696648965906179,0.177315813076885,0.0865937272352602,0.265941834473069,0.0215634756795387,""
1607,-0.106538410098324,-0.0159149142202775,0.0107818900354281,-0.111671434283173,-0.333173921330562,0.0345141147562973,0.161861859967867,-0.0266727294553183,0.162512269487598,0.00696904336872453,""
1608,-0.0967256378246693,-0.0023324027759968,0.0133502599031676,-0.0857077806974985,-0.329245161911088,0.0378888190673004,0.167414488116341,-0.0793613037553429,0.0499058101276061,0.000663863287242266,""
1609,-0.115628635404448,-0.0520996263484958,0.0260499914441867,-0.141678270308757,-0.334670795015043,0.0698924927993927,0.267613027261997,0.0449798908760081,0.0433091480490934,0.000532979112125818,""
1610,-0.186307241288142,-0.0335595088919432,0.0254559209174009,-0.194410829262684,-0.329544500640015,0.0785916840946518,0.210890845773928,0.0282384109729128,-0.0368291325252654,0.000371401822520929,""
1611,-0.1805896476094,-0.0263278474499984,0.0321558951559699,-0.174761599903429,-0.321254123536561,0.0911881284120975,0.216688496979853,0.0311779704006676,-0.0344656398248957,0.000350189607708564,""
1612,-0.164175763340212,0.00879199857098401,0.0250847032649687,-0.130299061504259,-0.331896927079822,0.0785330375577337,0.213747240927166,0.0259782877911702,0.138979563510745,0.00597898208372706,""
1613,-0.173794334549645,-0.0479637646612756,0.0453499947620731,-0.176408104448848,-0.373169016715025,0.125053471547897,0.243216337005869,0.0527550934274292,0.168328278211215,0.00870209522519,""
1614,-0.133742410629311,-0.0295444835114243,0.0233985839169345,-0.139888310223801,-0.396774312781367,0.0677224948212556,0.163551030021413,0.0617330535830129,0.104256700610565,0.00287815072756989,""
1615,-0.149294912687284,0.011195110751323,-0.00302457341388719,-0.141124375349848,-0.315516134098696,-0.00883048021812685,0.140606593743191,0.0316697817421163,-0.0623671883973456,0.00105795384337236,""
1616,-0.18878092533581,0.0122027250460662,0.0246595802686516,-0.151918620021092,-0.329376139624523,0.0733838899838515,0.197486404947095,-0.00887871799590932,-0.00393844439559661,4.73841512465962e-06,""
1617,-0.0842826563191739,-0.0323595210004756,0.022156734751365,-0.0944854425682846,-0.35579202014516,0.0749504305049979,0.210061631549308,0.00566439925138341,0.235546828215826,0.0156052156298413,""
1618,-0.105549049547186,-0.0521673660136876,0.018980745954492,-0.138735669606381,-0.420439575834676,0.0696834408025922,0.131135654785358,0.0895429043277145,0.236921120460654,0.016441287139894,""
1619,-0.0952717699702096,-0.0624776550177786,0.0457369264145783,-0.11201249857341,-0.396195521312317,0.151138795416199,0.224156726937331,0.0943356378423368,0.247256275304172,0.0187625374534916,""
1620,-0.137779627605304,-0.0221879708493144,0.00931738370251354,-0.150650214752104,-0.383629653404825,0.0235536823944766,0.189801362563394,0.0672274041903655,0.0806373031731523,0.00176941645415293,""
1621,-0.11566494311171,-0.0709711198425332,0.0259758624453863,-0.160660200508856,-0.279745826416123,0.089397771520478,0.238259566976697,-0.0547778914616863,0.0692697694879924,0.00105943817094554,""
1622,-0.136691693044602,-0.00762030806413489,0.0290051799205214,-0.115306821188215,-0.43759996243192,0.0811958268699374,0.162900328703746,0.065147257190072,0.0505534100040255,0.000797639036495627,""
1623,-0.146711472876054,-0.0138043354699368,0.0309724191710885,-0.129543389174902,-0.350149284718766,0.100941819935644,0.191878727168343,0.0314346720149108,0.118155763018574,0.00425778706281508,""
1624,-0.115893960310592,-0.0511630862245074,0.0125211609681614,-0.154535885566938,-0.355660501817655,0.0365030591437719,0.184919563056839,0.0534065593403721,0.283270804476918,0.0213421386902467,""
1625,-0.118452691494542,-0.0373592645420788,0.0191668851142244,-0.136645070922396,-0.346784535244991,0.0594397889108068,0.195128077717408,0.0514843822100333,0.0217974202148642,0.000119650567372943,""
1626,-0.12402205202354,-0.0115547775576427,0.0177717869430553,-0.117805042638127,-0.348106477310604,0.0592352231951644,0.165381015518308,0.0163018189601437,0.144104922500839,0.0059002945789967,""
1627,-0.142011031081327,-0.0326892353860341,0.0283887588720922,-0.146311507595269,-0.473258474157943,0.0812358680211163,0.175278995201865,0.055932405834201,0.190658924180629,0.0115698526011396,""
1628,-0.147386187618947,-0.0240611089163583,0.0234821241545155,-0.14796517238079,-0.35001969790985,0.0694258140924482,0.153149614290816,0.0499918093819435,0.0165342458838047,6.8091196644481e-05,""
1629,-0.142648916679383,0.00871774607311561,0.0275597483236243,-0.106371422282643,-0.343951805089411,0.0886156453697708,0.168790083154572,0.0390264012902457,0.165271588927745,0.00804648546760264,""
1630,-0.154052991122037,0.0136073937353634,0.0203810474808757,-0.120064549905798,-0.364526061098644,0.0562356847367853,0.201532676581152,0.0128657087042993,0.0286281769630305,0.000250577121191102,""
1631,-0.152527294474589,-0.0315779127904068,0.0211668535036611,-0.162938353761334,-0.347863665669797,0.0672496966527573,0.191134601888624,0.0488116069226887,0.0904644595978472,0.00219111658476683,""
1632,-0.150759495324258,-0.0157992196183622,0.028863354833993,-0.137695360108627,-0.342641782999731,0.0865296976792398,0.219506531377015,0.0598583780601751,0.126977556008361,0.00495069859546099,""
1633,-0.135427031243148,-0.0289860774625634,0.0346559936852028,-0.129757115020508,-0.352895379242506,0.122408308569197,0.153532161784388,0.0108298629002094,0.0424262447640438,0.000512898584242348,""
1634,-0.131299878167957,-0.0156510282857788,0.0278639401362787,-0.119086966317457,-0.328358788077439,0.0838224384235735,0.213098487805998,0.00119235409698399,0.183238941915208,0.00937481229353941,""
1635,-0.180547927381788,0.0206871006787297,0.0176057470235753,-0.142255079679483,-0.295388241277967,0.0549627379307595,0.179442867750756,0.00803674469129839,0.01393024583907,5.64506989282673e-05,""
1636,-0.0847734890859378,-0.0655832636909827,0.0213424414623327,-0.129014311314588,-0.370089386071984,0.0591756430757325,0.197466954408489,0.0710531294106604,0.141624598907561,0.00481958321384251,""
1637,-0.140850217687996,-0.0227974600415497,0.0216554432359448,-0.1419922344936,-0.362490187889601,0.0643443939804803,0.23009727034283,0.0455188183608607,0.0985032281624864,0.00301440164727938,""
1638,-0.120922219340973,-0.0169298935421567,0.0183432729686369,-0.119508839914492,-0.342610662078824,0.0562799541695798,0.202579191520555,-0.00033036611948358,0.0103517113709824,2.99328016194521e-05,""
1639,-0.156164634170179,-0.0361247339433999,0.0364083069399025,-0.155881061173677,-0.297453369268265,0.106333132819013,0.209580297347476,-0.0173140154798116,-0.073334489170449,0.00141931280555234,""
1640,-0.177524502000471,-0.0197794649708872,0.0235139943594484,-0.17378997261191,-0.366831990000035,0.0557406867544933,0.218195119331049,0.0364153083053706,0.233646196502192,0.0159723097478618,""
1641,-0.123893289676172,-0.00331657015440351,0.0291708402830528,-0.0980390195475222,-0.296915002688865,0.0915808629069209,0.117880205684426,0.0341552394736422,-0.0784171115645972,0.00170886638839354,""
1642,-0.189668258458813,0.00626794136166663,0.00329940837334382,-0.180100908723803,-0.339513291818927,0.00847119204459475,0.249629136613275,0.0417863561667015,0.0768320653327095,0.00182930204895555,""
1643,-0.134767502455843,-0.0567739535140968,0.00748065271503903,-0.184060803254901,-0.374474057960398,0.0210969842272707,0.204364693114429,0.0747155318971187,0.0957365503172027,0.00231375898599563,""
1644,-0.160655457293868,-0.0250198052988112,0.0141678174937147,-0.171507445098965,-0.388452942602517,0.0447162358050394,0.239882503667725,-0.0274887603510722,0.208951246488847,0.0133419401359302,""
1645,-0.117324884629657,-0.0360948765749524,-0.00278069940056501,-0.156200460605174,-0.408662599164939,-0.00749608550607296,0.119508694510065,0.0717285752400659,0.0138575680706476,4.62743233557629e-05,""
1646,-0.178186302512887,-0.000418344999266467,0.00902039724523671,-0.169584250266917,-0.442997473014775,0.0263853665859634,0.231443834429782,0.0555509283525143,0.178199597461635,0.0108813026677725,""
1647,-0.175978943455699,-0.00940081106504481,0.0292297153733781,-0.156150039147365,-0.244538969624592,0.0913871516659946,0.23706270216757,-0.0358175683588149,0.101211024905706,0.00299898938845345,""
1648,-0.127310484239494,-0.0267691325973963,0.0295439260409441,-0.124535690795946,-0.381363990724532,0.0834508304469359,0.161738917169148,0.0515458110880769,0.178880094017798,0.00882925656893439,""
1649,-0.147072279195129,-0.0503463422303021,0.0316796789641252,-0.165738942461306,-0.350694393153376,0.0813486178547459,0.239528520009884,-0.00950971132827637,0.144399997055948,0.00620154929759796,""
1650,-0.171045847365528,-0.0248741922241569,0.0415309421000046,-0.15438909748968,-0.379627479466182,0.120718735757366,0.183082334537607,0.0289327709728311,-0.0138897167836864,5.59052354030944e-05,""
1651,-0.131847060322656,-0.0269195841709898,0.0151486578415582,-0.143617986652088,-0.415623767151489,0.0471676513507888,0.202589495215256,-0.0277308685512965,0.180607789222865,0.0100188850901314,""
1652,-0.121865161004685,-0.0315459181737351,0.0448677870317878,-0.108543292146632,-0.331856693954424,0.133231857259046,0.174300481659671,0.0480136350291141,0.0740003962166752,0.00152365413344466,""
1653,-0.131646954764407,-0.0692317251296539,0.0242102590880041,-0.176668420806056,-0.379523831867498,0.075926557406613,0.158487386393038,0.0441674026670284,0.092259221043684,0.00203469577481582,""
1654,-0.138335443611641,-0.0197731519520005,0.0169907479594771,-0.141117847604165,-0.415912970487483,0.0512003458618471,0.179758872267493,0.0598489165338269,0.240702896361262,0.0181531748291659,""
1655,-0.197330571145263,-0.00892930815834074,0.00800227380764406,-0.19825760549596,-0.367568219720192,0.0213450193010888,0.178011447961156,0.0378612476124714,0.0107854112045296,3.28112175087314e-05,""
1656,-0.114313676859023,-0.0698500214142172,0.0131633769856276,-0.171000321287613,-0.410590338947801,0.037547592390635,0.174195085950092,0.0709747269951219,0.134111414677957,0.00459580744904193,""
1657,-0.132252080938496,-0.0285181164522271,0.0327855800111271,-0.127984617379596,-0.376172779159951,0.0945669648618445,0.171942630068544,0.0619543498643847,0.145954293068451,0.00607037930277723,""
1658,-0.173067229303601,0.00859603293170806,0.0264191975103471,-0.138051998861546,-0.328252215610314,0.079255517304077,0.195335418590028,0.0330405982533145,0.188796450593996,0.0109010900784609,""
1659,-0.176201238411331,-0.0229538295447132,0.030295919214208,-0.168859148741836,-0.346013249379813,0.0895875495968672,0.17098534694429,0.0476598391988512,0.099307071139913,0.00276070341091357,""
1660,-0.154369507727928,-0.016400326430884,-0.000334216894082509,-0.171104051052895,-0.310347987538211,-0.00103646874938672,0.146533567087638,-0.0110401815279288,0.00508271073250686,6.86149964039854e-06,""
1661,-0.117930698393879,-0.0604413415426311,0.0228227467423399,-0.15554929319417,-0.338980005303705,0.0692403491775512,0.204256521035739,0.0134542462794772,0.0469019757002968,0.000513936331062962,""
1662,-0.119201225112775,-0.03724026207298,0.0309985486653574,-0.125442938520397,-0.254878546748856,0.095013788302667,0.25255147389066,-0.0100136843472038,0.0896459093501012,0.00207173520984344,""
1663,-0.145911162932643,-0.0295097787687036,-0.00564153977807888,-0.181062481479426,-0.383224300272337,-0.017534781274303,0.175495622678246,0.06436960528836,0.118973374527882,0.0040705640514971,""
1664,-0.150245972162351,0.0232510784437075,-0.00202217892939281,-0.129017072648036,-0.361347978683704,-0.00594802846569675,0.219089591788711,0.0186177499358032,0.0737027115118154,0.00166394684882082,""
1665,-0.141549439980044,-0.0112171243319106,0.0213451825051739,-0.131421381806781,-0.404056478886514,0.0654954433457023,0.124762360780271,0.0685476006418667,0.138289384459861,0.00579958481888997,""
1666,-0.159993679856987,0.0257313372205787,0.0160629509222746,-0.118199391714134,-0.328823616045424,0.0517324862286407,0.223644020999419,0.00693288525481853,0.068717036206234,0.00145349187926968,""
1667,-0.123862546861056,-0.0228472422123593,0.0457560191806907,-0.100953769892724,-0.271795755762982,0.147285985983281,0.16682254835548,-0.044966624826887,-0.00180742271924015,8.45172764177e-07,""
1668,-0.111237840282389,-0.0401081758487237,0.0597438259334353,-0.0916021901976769,-0.380741077510207,0.16600505884659,0.198635151077046,-0.0552745150973409,0.0569504430460688,0.000871239845379007,""
1669,-0.162533693559759,-0.0368805723595703,0.0263596908506717,-0.173054575068657,-0.333848610753443,0.0693855170915982,0.248080883333811,0.0451148605631725,0.0367893365348288,0.000383713932002734,""
1670,-0.147775682549018,-0.0322676930802584,0.0405897058153891,-0.139453669813887,-0.380169735996033,0.118460610226154,0.152566587775639,0.0846315719423574,0.21088079200411,0.0123390655685673,""
1671,-0.105891355390709,-0.0369769753057259,0.00915878286735457,-0.13370954782908,-0.321486957924232,0.02660078107724,0.263944523266532,0.0120962097586461,0.13915486847067,0.00539122632332281,""
1672,-0.194164192200499,-0.00723411616413154,0.0265766883036003,-0.17482162006103,-0.366823671376752,0.0690042952889413,0.258214054119007,-0.00464414352315305,0.0733521864254753,0.0017232486994837,""
1673,-0.16481619714018,-0.0182541653367147,0.0414911867018034,-0.141579175775091,-0.329916432572038,0.134199351210242,0.172394444458933,0.0377754785332709,0.0242833229441433,0.000175222764483964,""
1674,-0.157164733910491,-0.0163812003010791,0.0245262659375731,-0.149019668273997,-0.367826587487727,0.0670550528697387,0.209727480229118,0.066273197142908,0.206911988315386,0.0128916329190872,""
1675,-0.126417967579471,-0.00374067490051427,0.0361940658010785,-0.0939645766789069,-0.342088348248797,0.120723029149742,0.157177892827886,-0.0128131440125081,0.129034865069945,0.00501831077244208,""
1676,-0.130780650581686,-0.0465499264988624,0.031854181093481,-0.145476395987067,-0.37379073907882,0.0908762356168025,0.277681820777883,0.0206005452974551,0.192269416846607,0.0115167871469574,""
1677,-0.113911204273458,-0.0361488732025254,0.0186031000592658,-0.131456977416717,-0.404347544854694,0.0525448946101947,0.208840622022701,0.0629274542432437,0.163387119480441,0.00749830563910139,""
1678,-0.146625464626415,0.00314589888663842,0.00319714234558129,-0.140282423394195,-0.323766937261795,0.00896452119191747,0.155119193717144,0.0373821326537202,-0.0206969849739606,0.000120975509226056,""
1679,-0.0990930587082987,-0.0237992871857852,-0.0109443529905206,-0.133836698884605,-0.394564143862543,-0.0318168784882616,0.178495858490948,0.0447095703713827,0.185916036059726,0.00868898696612856,""
1680,-0.193451120885428,0.0121652882683203,-0.000426253951568328,-0.181712086568676,-0.366079285721664,-0.00113588053429478,0.26163027790944,0.029574387009332,0.143762984500523,0.00683755512747604,""
1681,-0.152035013765068,-0.0179201409217167,0.0229456852523606,-0.147009469434424,-0.359134678161834,0.0629742449936096,0.223429386905187,0.0556988072105396,0.172221709375941,0.00849589932913135,""
1682,-0.168567902400674,-0.0267577361497306,0.0295877935452516,-0.165737845005153,-0.341336893262676,0.0871217416082467,0.248445522958357,0.0361619894101031,0.00924488414425158,2.45673341146067e-05,""
1683,-0.152579506990837,-0.00439776094957357,0.0157137876079818,-0.141263480332428,-0.346273709613081,0.0456208607858501,0.170359608281247,0.019875443350956,-0.0555753742642925,0.000871497899728676,""
1684,-0.164989496326991,-0.00868074769045051,0.0258439153479558,-0.147826328669485,-0.402772197857443,0.0771672054820713,0.158103664786369,0.0731049940417203,-0.0118329576852586,4.17774081926552e-05,""
1685,-0.130567911222616,-0.0207445069357264,0.0362372993106601,-0.115075118847683,-0.393697537070962,0.104936556280403,0.14842178952988,0.0599304650600759,0.0710092309456734,0.00151567043496892,""
1686,-0.13842703826365,-0.0204952037277645,0.0170724802259042,-0.14184976176551,-0.358034584789976,0.0459730238459466,0.203687981539058,0.030854363741768,0.0675937739429984,0.00134318100872592,""
1687,-0.143923634727317,-0.0213266169442179,0.0196082080276097,-0.145642043643925,-0.369859746579495,0.0530121520327834,0.238544641949283,0.10369441074685,0.057576177167489,0.000966641201130088,""
1688,-0.146757875950051,-0.0467980492531933,0.0281072774393281,-0.165448647763916,-0.40945657427461,0.0759777010184524,0.178311913283557,0.0759502581689964,0.0118118049477131,3.38066825663808e-05,""
1689,-0.116510419409463,-0.0488982312306166,0.0233071805659299,-0.14210147007415,-0.366943424549559,0.0635879921602747,0.200804096675476,0.0654851046304725,0.130603386266609,0.00445172594563541,""
1690,-0.150270269924564,-0.0161199670651894,0.00462004093221959,-0.161770196057534,-0.290649475212229,0.0131581548620352,0.142617838385293,0.0167099896680564,-0.0418645222058167,0.000441387243972503,""
1691,-0.145271447663752,-0.0216876928300044,0.0160927711837103,-0.150866369310047,-0.377755568798439,0.0477754593300691,0.242031462245449,0.0299273165255908,0.255300601388961,0.0203727161681271,""
1692,-0.103644784307058,-0.0224661020093195,0.0117725234367427,-0.114338362879635,-0.353143340011273,0.0308191152650131,0.167273511122584,0.021608168209587,0.235530068476668,0.0150751529515845,""
1693,-0.17283373122511,-0.0231094498357731,0.0274161204481435,-0.16852706061274,-0.417447780932327,0.0760771138790697,0.223038329836147,0.0445200367628809,0.22544756218512,0.0166475217458976,""
1694,-0.127482526922079,-0.027473133841881,-0.0131089462415646,-0.168064607005524,-0.355936673758143,-0.0375614440624708,0.211265417618378,0.0269597693264015,0.15406814043614,0.00684540027527517,""
1695,-0.141809749037888,-0.0248676037906617,0.0201968508001029,-0.146480502028446,-0.439716306311654,0.0651229434904119,0.181777710714927,0.0888632180939746,0.263679436214284,0.0225233052042942,""
1696,-0.191709981833788,0.0231249346934836,0.0228062915789166,-0.145778755561388,-0.327307036810083,0.060332631888903,0.236130598210991,-0.00551819107413733,0.135398756466455,0.00566482468892913,""
1697,-0.0896673530789546,-0.0605701947487399,-0.00918623643633796,-0.159423784264033,-0.389085093530446,-0.025090070218836,0.199544610384121,0.0476409394185134,0.190408391802403,0.00893605349287424,""
1698,-0.110006253835991,-0.0187758143139367,0.0135991977658681,-0.11518287038406,-0.3086149263744,0.0370785866317236,0.245415295985674,0.0107369243081755,0.165793903824017,0.00761213637016658,""
1699,-0.130694022583175,-0.0280683314889993,0.0233566000195729,-0.135405754052601,-0.349945268722953,0.0663480832446199,0.178575505469862,0.066908477940101,0.0785269355767493,0.00167361444731408,""
1700,-0.158630949777419,-0.0390076491639538,0.0458369530125655,-0.151801645928807,-0.302244790380509,0.155290103771908,0.139242398801476,-0.0189768332397609,-0.0569266967247235,0.000871767559688867,""
1701,-0.135151958705923,-0.0338598296110576,0.0121645561715244,-0.156847232145457,-0.386777344320435,0.0353870723067936,0.241827818708524,0.0457663229623115,0.22659322692177,0.0151742271577865,""
1702,-0.0925022630618153,-0.0602898872132034,0.0187869036825057,-0.134005246592513,-0.384847069763554,0.0516349861261665,0.179634248618604,0.0359111679342879,0.0287847266490293,0.00020279796672377,""
1703,-0.131269479564646,-0.0266086976270195,0.036446619735257,-0.121431557456408,-0.347505014359595,0.106597363960681,0.190575988506634,-0.0152791207339427,0.0242239452365911,0.000174772737536024,""
1704,-0.159654951713264,0.0139565185472338,0.0188528939032671,-0.126845539262763,-0.306399846742555,0.0583750395448688,0.185298687509088,0.0064638942619972,0.0601253084333843,0.00105780890809046,""
1705,-0.138440652020685,-0.0468291973443132,0.0308630885526067,-0.154406760812392,-0.363674177411102,0.0817581278307179,0.221557453430769,0.0299757885362399,0.168690759690411,0.00779752250040074,""
1706,-0.146815377381476,-0.0474908609181342,0.0327321123425154,-0.161574125957094,-0.345537398006358,0.0911801330285397,0.157951727994491,0.0371646563807512,0.0993478522338578,0.0025989998874153,""
1707,-0.132306573206427,-0.0145625718123395,0.0241747549675028,-0.122694390051263,-0.385910796972935,0.0742720436620582,0.186486233133188,0.0159834500927879,0.0877260868731433,0.00234703500581836,""
1708,-0.107163700700843,0.000607561672744495,0.00182320504757937,-0.104732933980519,-0.317026178137728,0.00547166960854637,0.193674365881047,-0.0279387143104271,0.0517626649669219,0.000755713754287501,""
1709,-0.138068894385598,-0.0583046408927156,0.0136322882363971,-0.182741247041917,-0.36388013584114,0.0385727447841346,0.222121823297309,0.0378449751140291,0.117135708482459,0.00345592363786764,""
1710,-0.104258195584345,-0.0265625131049806,0.0211385110991836,-0.109682197590142,-0.400372814096207,0.0624971528712765,0.0996387174579535,0.0790761378863653,0.0800108373160244,0.00179904844527041,""
1711,-0.17190796189448,-0.00412460373074391,0.0120786423471889,-0.163953923278035,-0.389498708153029,0.0346478092262489,0.135472765996955,0.0256474509813597,0.0590424078672799,0.00103382632524392,""
1712,-0.128534576586932,-0.0131431345233953,0.0437450558466497,-0.0979326552636775,-0.290089605094707,0.141084355926389,0.186822739268993,-0.0452260983731744,-0.0349591586337463,0.000324404287688632,""
1713,-0.215778190350102,0.0103720499944339,0.0353527307582434,-0.170053409597424,-0.278552992776776,0.11012644981163,0.263513325039587,-0.0143280610484535,0.0739850667463576,0.00170664897530233,""
1714,-0.13982692353851,-0.00186366285376098,0.0170902089528275,-0.124600377439443,-0.334786917257932,0.0473355115999629,0.138199245221189,0.0294139797946497,-0.0234798633424551,0.000150123187899196,""
1715,-0.11514958606875,-0.0473829227338855,0.0354205123570807,-0.127111996445554,-0.407844671179713,0.107054043937267,0.15368454222561,0.0981758668042184,0.153585644029103,0.00699221933741632,""
1716,-0.129766497075877,-0.0408885122861591,0.00840262063481007,-0.162252388727226,-0.376254132299364,0.0200781850101332,0.189127103625218,-0.0398632764063685,0.231552381048102,0.0151391692920985,""
1717,-0.104056840275514,0.00163618712952718,0.0198778611387864,-0.0825427920072003,-0.376151252716396,0.0604944957600639,0.169525488011018,0.0879834290214501,0.133449340697643,0.00523098351198425,""
1718,-0.134535787876419,-0.0246892762015097,0.016304380233488,-0.14292068384444,-0.312725942919922,0.0435469060201071,0.187916598972068,-0.0316646684106623,0.0159222453974324,6.94223664449526e-05,""
1719,-0.176647721750707,0.00994494940730014,0.00453483000863683,-0.16216794233477,-0.378129866328043,0.0129469353089459,0.123380052733825,0.0117229478976229,0.0130174599266302,4.83332020157233e-05,""
1720,-0.165328600115069,-0.00242158195106668,0.00840156373564184,-0.159348618330494,-0.385095619968702,0.0222854259595767,0.208854231959485,0.0371784308299891,0.0065059112068417,1.2248417877819e-05,""
1721,-0.161291024256759,-0.0378059617197467,0.0365502928731279,-0.162546693103378,-0.341841192667326,0.105331323828856,0.210370865253952,-0.0103099846048354,-0.0466632744477545,0.000619779877230091,""
1722,-0.0814318892036931,-0.0540176654487187,0.0206743595660113,-0.114775195086401,-0.350740929461334,0.0624863714863762,0.159611530214025,0.0110040012909229,0.015562272722373,5.35525009969361e-05,""
1723,-0.149487820388442,-0.0108317935271467,0.01879449953853,-0.141525114377059,-0.327780245036006,0.051201847168717,0.220655374014869,0.041922591377608,0.15028068667025,0.00673962242667339,""
1724,-0.167437803221912,-0.0146554956054811,0.0431204056725855,-0.138972893154808,-0.245469363411277,0.140518410958021,0.194784740143276,-0.0602505002728422,-0.00600479595922543,1.01811576836426e-05,""
1725,-0.164602673217753,-0.0217243023642527,0.017376482476066,-0.16895049310594,-0.322161752576283,0.0496059008292224,0.20747464440107,0.0165923239045149,0.0515709467551698,0.00073990516375749,""
1726,-0.153510115311732,-0.0244331636294382,0.0482862123503981,-0.129657066590772,-0.419049229946579,0.132195675169164,0.165506953080097,-0.00813684564886253,0.0808358300052367,0.00203751221072007,""
1727,-0.163337788253778,-0.047212277534004,0.026868728846335,-0.183681336941447,-0.398240949551454,0.07649117947805,0.215636828125114,0.0631001211450306,0.0156642832935974,7.13277897662094e-05,""
1728,-0.177636550635958,-0.00376354530390466,0.0236796261444185,-0.157720469795444,-0.341763254099972,0.0731264917965452,0.224719071429352,0.0556620151488667,0.0408714227839305,0.000526201219682967,""
1729,-0.118893641796271,-0.0208628138185437,0.00519923423556608,-0.134557221379249,-0.374034867968951,0.0169921635978054,0.176002103694008,0.078958324384049,0.105275397900362,0.00289238973756824,""
1730,-0.162805148030547,-0.0103680020476709,0.0074906193033914,-0.165682530774827,-0.332439591236718,0.0232930683883764,0.204309498139849,0.0442281692440227,0.180325150281817,0.00943790225270259,""
1731,-0.125750268715306,0.0169220369661666,0.00615024325564973,-0.10267798849349,-0.34943978968435,0.0173331603298755,0.231407735765395,0.0679626526916868,0.231434199879841,0.0164137762579928,""
1732,-0.153222995213441,-0.00547325749889449,0.0259841401643999,-0.132712112547936,-0.333783778937672,0.0719450030437619,0.138571579693402,0.00738221395884552,-0.0545160216181104,0.000836489145420671,""
1733,-0.138541063007264,-0.0246437137706601,0.0182189770861973,-0.144965799691727,-0.373971317413569,0.05229086165474,0.189257650777779,0.0796782777125368,0.241321433899848,0.0166585824701677,""
1734,-0.157383586795533,-0.0190652046805781,0.00771469594360598,-0.168734095532505,-0.336309200579568,0.0223513981058079,0.156805612037833,0.00311588945523248,0.0878536573633487,0.00202156866229714,""
1735,-0.178056022813437,-0.0355794959216158,0.023889120514048,-0.189746398221004,-0.261643538023983,0.0649885188893226,0.198888648761465,-0.0484887569737392,-0.0884618248066767,0.00202892491493742,""
1736,-0.157382019446345,-0.0393067436869378,0.0362074688801805,-0.160481294253103,-0.291856760400661,0.108473150123804,0.198151409908037,0.0467321754729062,0.224828174787488,0.0139404336377985,""
1737,-0.142996832977375,-0.016379363096842,0.045359781902399,-0.114016414171818,-0.279625975759683,0.12668882425147,0.21201095828729,-0.0153236728712657,-0.0685941055054843,0.00131161011518376,""
1738,-0.101860647041039,-0.0251153697481277,0.0200183800732013,-0.106957636715965,-0.369047677997944,0.0621734696672681,0.13679850167938,0.0480535174528491,0.0488758560981944,0.000622814243140617,""
1739,-0.121863191187144,-0.0213620082557672,0.0273446887173707,-0.11588051072554,-0.400978778429234,0.0804236036380982,0.170856365689958,0.070375005209387,0.178085168377927,0.0091652487392307,""
1740,-0.148977777781387,-0.0266654378865723,0.0429202878699405,-0.132722927798019,-0.341230526288391,0.132166266855705,0.174907286989308,-0.069286141170089,0.00408333839658985,4.83494233167582e-06,""
1741,-0.126974947549541,-0.0382117959141279,0.0391475858607396,-0.12603915760293,-0.372624109858594,0.114841653363197,0.166688387810002,0.0590450935972058,0.0752997266875962,0.00158527279891139,""
1742,-0.134723464700398,-0.0561544501799334,0.0182798545757401,-0.172598060304591,-0.43656259975028,0.0549277730326182,0.162786998081303,0.077793518560843,0.0903015374917549,0.00221250298670646,""
1743,-0.128081405004184,-0.0462697332685544,0.0301951465689625,-0.144155991703776,-0.409737323879415,0.0833048936975465,0.185086623670563,-0.0166226160894535,0.0543119255948682,0.000885296380032427,""
1744,-0.113328795067568,-0.0655788269761258,0.0283692361689159,-0.150538385874778,-0.387694194178305,0.081217006110005,0.205244513969687,0.0837023746750589,0.16161540461783,0.00679984588125923,""
1745,-0.12401111395306,-0.0263163161979657,0.00687236967835744,-0.143455060472669,-0.367175039576737,0.0194769107442953,0.192201394533218,0.0653801255892055,0.152052610360311,0.00643286146230695,""
1746,-0.143240684837805,-0.0527522596480542,0.0173480662257186,-0.178644878260141,-0.435520964635209,0.0475766663894356,0.206942206029102,0.0288489341778621,0.210587114382474,0.0129858852507418,""
1747,-0.134292477941426,-0.0707961183062909,0.0235286869513169,-0.1815599092964,-0.374034966827412,0.069804080606267,0.191933527301313,0.0186743499639039,0.102057960844704,0.0026778922958406,""
1748,-0.17379544388621,0.00887758037762348,0.0227162202679568,-0.14220164324063,-0.250465739896195,0.0639978271905839,0.195487792547884,-0.0381912093372826,-0.0786643216133466,0.0017630985498274,""
1749,-0.177263707101082,-0.0300840951161902,0.0300442338899519,-0.177303568327321,-0.396790419690836,0.079911139956157,0.245628046538498,0.0202256633664234,0.0388646255624673,0.00046423886405745,""
1750,-0.152458989589623,-0.0378294789331123,0.0265825857503403,-0.163705882772395,-0.353967658847103,0.0817439957398632,0.196057872012121,0.0705076939595909,0.0340450004580711,0.000290493366145142,""
1751,-0.136253208869081,-0.0133808764681307,0.0351854488757407,-0.114448636461471,-0.348968223185809,0.111005938526143,0.182637019459546,0.0299801454397914,0.130446942618115,0.00520193279007697,""
1752,-0.155523468264736,0.0183039035235513,0.0480686122891639,-0.089150952452021,-0.370525489430138,0.135805516267267,0.233424960768407,0.03458832217371,0.0987989066624836,0.00317556662288395,""
1753,-0.162224384962728,-0.0420988179633949,0.029757693001661,-0.174565509924462,-0.470762902527927,0.0795907561137954,0.184360091217296,0.0907311915372274,0.165300976953977,0.00808639265673421,""
1754,-0.140460859523286,-0.0430013914156216,0.0321680333735788,-0.151294217565329,-0.433664180421973,0.086613626467691,0.202842159861773,-0.0102823289091173,0.154388063905628,0.00733561406177736,""
1755,-0.182849125481605,-0.0292465145811458,0.0416943904555835,-0.170401249607168,-0.305509669785564,0.1202125570465,0.201798264715057,0.0150653390714687,0.109041654950915,0.0033301096177719,""
1756,-0.135604967288013,-0.0108215507187317,0.0227924712525191,-0.123634046754226,-0.352841327538827,0.0709671511943021,0.169417838392231,0.0119251411110739,0.196412632139323,0.0112576444527493,""
1757,-0.168196504371135,-0.0282417423773037,0.0352283206155781,-0.161209926132861,-0.392678109613724,0.109468689134918,0.194498125627262,0.0544727289539251,0.12403086921518,0.00472755138678475,""
1758,-0.144158102074479,-0.0251959602588456,0.0292157294242801,-0.140138332909045,-0.421944839629199,0.0906612301641825,0.18217724860091,0.0288866518522815,0.19024049176469,0.0119396476900197,""
1759,-0.13753292676803,-0.0159759014393265,0.0391267586009033,-0.114382069606453,-0.31847691571548,0.121120953314954,0.186106033339161,-0.0372658782865355,0.0920527640315404,0.00245559131433629,""
1760,-0.165845337895306,-0.042317372499978,0.0469078300795275,-0.161254880315756,-0.346375219989947,0.158566825167455,0.159881671745583,0.0269363239450966,0.14560873406985,0.00651293381212184,""
1761,-0.139053413656308,-0.00748810004411751,0.0424484068427385,-0.104093106857687,-0.333225733667413,0.134408855488263,0.0782623034058801,-0.0122449258047128,0.0320962196515573,0.000300202781904964,""
1762,-0.140267679916707,-0.0742523730049862,0.018715857291495,-0.195804195630198,-0.429465412426473,0.0608075113634407,0.225440167910728,0.0355815535879937,0.265891078353934,0.0191245915329749,""
1763,-0.10184902769376,-0.0220184337361136,0.0512601777210424,-0.0726072837088316,-0.355583396237971,0.145226867391771,0.204581824246067,-0.0134631386873401,0.0537357784770085,0.000866015917073861,""
1764,-0.134131821957418,-0.0205445897023889,0.0284417379570311,-0.126234673702776,-0.371640278446072,0.0983303519411169,0.156942594328225,0.0798524344295071,0.103603808250267,0.00325387628192809,""
1765,-0.171444181787883,-0.0342505311377296,-0.000279199346848404,-0.205973912272461,-0.335721414909839,-0.000706267081092712,0.260643262740918,0.0488187059225117,0.0413594507810592,0.000508521736376751,""
1766,-0.163155555758525,-0.0327296128509117,0.0244251012920129,-0.171460067317424,-0.367445557240326,0.0657696735510557,0.200681081884698,0.0337798960294534,0.172538590424909,0.00837386919093317,""
1767,-0.133310170150861,-0.0287010188566313,0.0383134792224946,-0.123697709784998,-0.283589364417766,0.129472086191243,0.164094802789609,0.0117935005568598,-0.0454952940307539,0.000562345246830097,""
1768,-0.113254269189137,-0.0456375401018172,0.00141002593909137,-0.157481783351863,-0.407658749115949,0.0036720919311886,0.148560932935501,0.0660513539391598,0.124160711929936,0.00387020806085718,""
1769,-0.13442036594475,-0.0615184817727759,0.0257050157970249,-0.1702338319205,-0.376285791926741,0.0717981011775848,0.206806422465304,0.058754967552567,0.164369593219351,0.00670016720484834,""
1770,-0.15724197747646,-0.0295989161199433,0.03680156600362,-0.150039327592784,-0.285549350786142,0.104149037524796,0.22644248448275,0.0149014850548988,0.240487982299164,0.0155855877901255,""
1771,-0.0841408976198057,-0.0455406206767009,0.0350340383879033,-0.0946474799086034,-0.321807482996479,0.10304300606024,0.201450266556124,0.0191031658073256,-0.067881741635649,0.00116933988303156,""
1772,-0.109127664115059,-0.0152088633646575,0.0300135482529085,-0.0943229792268075,-0.341392846474588,0.0939891826792038,0.161529073718596,-0.00422943396811736,0.123382438403578,0.00435175939981764,""
1773,-0.157635946792999,-0.0228544595069454,0.0460105826294026,-0.134479823670542,-0.393034418301698,0.137173959350035,0.0796215205949612,0.0193933234665154,0.0540022855529513,0.000858354210818136,""
1774,-0.0701973164195725,-0.00583877503469222,0.0254847453415133,-0.0505513461127514,-0.32352477486636,0.0772625043881452,0.178090626207873,-0.00660306425169984,-0.0385076215308089,0.000427656328546863,""
1775,-0.108219737896601,-0.0256231604011321,0.0361982502558472,-0.0976446480418862,-0.378985020049503,0.100784811059532,0.128307213456019,0.0361849408386846,0.115621821992762,0.00357213947510063,""
1776,-0.14468974594986,-0.00798924524041371,0.0222775196466021,-0.130401471543671,-0.357389241127422,0.0629984463317995,0.189765295027847,0.0616847606073163,0.127247407670271,0.00476922156842952,""
1777,-0.166966411809532,-0.015583644018712,0.0276449685821337,-0.15490508724611,-0.266613138208538,0.0774500863657643,0.178365737393655,-0.00652173809696238,0.125240677265245,0.00431710767928528,""
1778,-0.180681840947079,0.0072334973515646,0.0205969914228395,-0.152851352172674,-0.32714837306126,0.0621849571413538,0.1611040878289,-0.0100432577143417,-0.000121525286894251,4.41969877620706e-09,""
1779,-0.13451265857221,-0.0370252528956354,0.0305236759376975,-0.141014235530148,-0.291718846523939,0.0944413762586693,0.176741926986349,0.0118917507678266,0.0591743576640061,0.000935518517996595,""
1780,-0.131101348358092,-0.0527036420414632,0.0139895867798782,-0.169815403619677,-0.398331497538535,0.0397019504556831,0.21780035384005,0.0662411679725604,0.0691902428047302,0.00124523381700098,""
1781,-0.112712506846192,-0.0101766995832073,0.0246970700302153,-0.0981921363991837,-0.31534734986599,0.089942073220065,0.142793922572514,-0.06797782358518,0.0202667712070748,0.000116048448269203,""
1782,-0.101873809807013,0.0121386352931134,0.0260475506538714,-0.0636876238600285,-0.335475675297463,0.0882138692762452,0.0995622463194491,0.0162486619197814,0.0752159830222582,0.00161920859840242,""
1783,-0.0725271995172796,-0.0453678689943498,0.0351140995498283,-0.0827809689618011,-0.414929575339466,0.0906937358236108,0.214104082109247,0.165598728767114,0.151889461668042,0.0060807575498897,""
1784,-0.116163167225464,-0.0211583088598485,0.0121633603320803,-0.125158115753233,-0.376003671071936,0.0340021620817054,0.174100852873675,0.0964598843935856,0.155599130447239,0.00653552727007683,""
1785,-0.148897741124334,-0.0243396950794774,0.0184581605227011,-0.15477927568111,-0.424588983452374,0.053465389712714,0.144254459462816,0.0251286591962734,0.138124021926663,0.00575151897882597,""
1786,-0.108604868290028,-0.000806945747789461,0.0279975968366957,-0.0814142172011222,-0.285846938441578,0.0878999437530523,0.223895391575057,-0.0603675239654581,0.121195276175214,0.00436599380125063,""
1787,-0.134507847534218,-0.00313939837055407,0.00977017803300899,-0.127877067871763,-0.33624942970849,0.0255896297094832,0.109632311739279,-0.0220783326598154,-0.0758242998606871,0.00161745174362642,""
1788,-0.107482804529943,-0.0172390461467078,0.020107983266935,-0.104613867409716,-0.399755078359318,0.0585709997395059,0.110116042369553,0.0375479232567173,0.127750632855555,0.00467991161254197,""
1789,-0.20209588650069,0.0202832115903872,0.0184391597284199,-0.163373515181883,-0.396318915243578,0.0532612774734827,0.235217842294778,0.0845762815415881,0.167547033829464,0.00919386662346505,""
1790,-0.181816014300978,-0.0131807294089127,-0.00311917249310932,-0.198115916203,-0.401366917644768,-0.00827850905804932,0.165151744951927,0.0405612793388737,0.0953722287916261,0.00259253726578195,""
1791,-0.13331615139522,-0.0411436657589669,0.0204300235459714,-0.154029793608216,-0.348376265719712,0.070495212363029,0.18537772440193,0.00943218796695094,0.104201105074277,0.00300135618697625,""
1792,-0.136767336174655,-0.0337984466394592,0.0197322057690059,-0.150833577045109,-0.436475658479633,0.0600695967764367,0.136250373037343,0.0489985844591634,0.112916340817814,0.0037158437004478,""
1793,-0.11992278064667,-0.0533298389115415,0.00810302805441194,-0.165149591503799,-0.379057742829312,0.020623066970011,0.209920297770815,0.0533083955513005,0.210845236716826,0.0110205202813004,""
1794,-0.0877916718951335,-0.0430568952732328,0.0144903666268914,-0.116358200541475,-0.357160842142208,0.0439577059629583,0.13315390729554,-0.0338731487835086,0.0891984773232481,0.00210574080801378,""
1795,-0.12436598564298,-0.041469851179892,0.0373433974448675,-0.128492439378004,-0.309206862033916,0.117801350546312,0.186166444907138,-0.026396426471997,0.0492880768992282,0.000647659810643019,""
1796,-0.152300503553704,-0.00598491865144181,0.0461062362204735,-0.112179185984672,-0.329434791716146,0.120563661012791,0.20834794651731,0.0311032286993246,-0.0753422328082703,0.00161040668845706,""
1797,-0.13870806873381,-0.0373232848216918,0.0229758372938694,-0.153055516261632,-0.404111745416728,0.0673237433349664,0.163517972116631,0.0616754154945144,0.241863601692601,0.0171370204265154,""
1798,-0.105551494337072,-0.0421564614169394,0.00388317461238742,-0.143824781141624,-0.403154436226583,0.0118318579242385,0.153161722773011,0.0702894007134629,0.146678116195147,0.00611613063357662,""
1799,-0.139864737986086,-0.0360034136123444,0.00846885764630475,-0.167399293952125,-0.400641801197452,0.0243971265499115,0.168431641475188,0.0745255682482413,0.141127037078903,0.0055032916006461,""
1800,-0.1741134610299,-0.0181438138241713,0.0644309627604914,-0.12782631209358,-0.402992793877128,0.194641009051709,0.213681156915905,0.0378756134323958,0.184735321179966,0.0112812679064846,""
1801,-0.188133313905852,-0.045573722082276,0.0303205204856343,-0.203386515502494,-0.322996279213735,0.0903530040957783,0.219107370394301,0.0330932074355714,0.153922904753797,0.00665759453885227,""
1802,-0.152371522222531,-0.0131528343628523,0.0204861685862091,-0.145038187999174,-0.384025663165115,0.0628781044195324,0.141197409401016,0.0350841572437187,0.0659375944397267,0.00130951939372736,""
1803,-0.120595183460174,-0.0492875406358102,0.019711515999292,-0.150171208096692,-0.385960993657039,0.0539092811779738,0.161431534318079,0.0581546798094026,0.0618330200233915,0.000957094186575637,""
1804,-0.15288130405166,-0.0288020011094939,0.0319050003106959,-0.149778304850458,-0.338425638344895,0.0872511332021237,0.155071424283331,0.0724136073145266,0.0404141921217248,0.000454749177699227,""
1805,-0.131156316714919,-0.0207886276418818,0.00257186406362523,-0.149373080293175,-0.343647738504636,0.00698556902336946,0.188541805303718,0.000220771864979277,0.15433041166808,0.00660393961327635,""
1806,-0.129713192874209,-0.0362292128900472,0.0137270374616056,-0.152215368302651,-0.358798781731918,0.04213965720753,0.175880953534009,0.0683464126898972,0.180558603555308,0.0084026612925022,""
1807,-0.181450192323723,-0.00944889408251972,0.0170241877099572,-0.173874898696286,-0.279120317375084,0.0548906746010451,0.236892837491288,-0.067373150404214,0.164755181412098,0.00825805287428047,""
1808,-0.0980585340490508,-0.0578837004917038,0.0073075829711034,-0.148634651569651,-0.427800095570134,0.0206829055672026,0.173303219716503,0.126652168996262,0.295065608871131,0.0227613822502543,""
1809,-0.171178370589529,0.01612186551107,0.0282119398445795,-0.12684456523388,-0.320535035073005,0.0940674848913856,0.10740406499671,0.0288668418441169,0.0345584377182324,0.000344747265116737,""
1810,-0.176547518602982,-0.000868952644813491,0.0414418295939223,-0.135974641653873,-0.271874827120562,0.134646948924912,0.196222182938116,-0.0341287772834193,0.0187184306810372,0.000105185081348757,""
1811,-0.118304813125567,-0.0435998528541878,0.0428179557668775,-0.119086710212877,-0.352118296569688,0.12715510240893,0.234176542059977,0.0616134506397728,0.156699098090582,0.00660311358700999,""
1812,-0.133415514815155,-0.0326922982379322,0.0457426344190275,-0.12036517863406,-0.293316763548453,0.164196116992975,0.176705467143965,-0.0602480785800146,0.135974784525654,0.00513062205213033,""
1813,-0.124698310720235,-0.044450645307088,0.0358869748030755,-0.133261981224247,-0.37064740941519,0.108052476258387,0.149959997843516,0.0435819477439293,-0.0279600497867813,0.000198306418522839,""
1814,-0.0918056045106854,-0.0290982951921078,0.025724365171982,-0.0951795345308112,-0.401960795213925,0.0724933091104779,0.21058097634968,0.0840333006164136,0.159684605457541,0.00772583565648152,""
1815,-0.126226024776033,-0.00976156826922909,0.0211281066033414,-0.114859486441921,-0.338611237181064,0.0670102938025181,0.130290050336207,0.0182244893410893,0.00160167227219295,6.8767682009615e-07,""
1816,-0.147748386107626,-0.0263007284611747,0.0160750690771829,-0.157974045491618,-0.440515493668801,0.0483991486169961,0.225562809059028,0.0709221974621534,0.192722473476157,0.0123140576212731,""
1817,-0.149119746075985,-0.0447943605172665,0.0187420942613293,-0.175172012331922,-0.430838709269063,0.0501827387492713,0.173631182279532,0.00488244636550088,0.223974875062924,0.0148665844506761,""
1818,-0.0945895756495865,-0.0529989013994693,-0.0033863733187298,-0.150974850367786,-0.43071823795145,-0.0104753231867971,0.1515799068295,0.101408586185019,0.205362545284236,0.0106435141130733,""
1819,-0.101829336965592,-0.0101848725008493,-0.0194095537458496,-0.131423763212291,-0.446719074405174,-0.0553699474349269,0.100592529075189,0.0376276415864838,0.273024397887303,0.02140523118749,""
1820,-0.12396513684365,-0.0499506779601654,0.0442027977180427,-0.129713017085773,-0.337425158145304,0.124729028384367,0.216584938544849,-0.0369886722926319,0.0453916399453195,0.00053498260388629,""
1821,-0.0950276727073845,-0.0294143289088481,0.0424615911989555,-0.081980410417277,-0.300009389654554,0.134405875652571,0.224249280076702,-0.0120372813951854,0.0677193909767825,0.00126376719918117,""
1822,-0.155171434904793,0.0014717938993106,0.0315580063073941,-0.122141634698089,-0.35104628489377,0.0911028384267735,0.232456212332319,0.0840854488445228,0.133128485893683,0.00551153834812995,""
1823,-0.0881712822810528,-0.0302067577348532,0.000895367695812896,-0.117482672320093,-0.321109195614547,0.00255797895887907,0.168387831509477,0.0271904527358066,0.21249492019202,0.0116412602635812,""
1824,-0.116646164329015,-0.0159039801690626,0.0159495587017184,-0.116600585796359,-0.309134154426657,0.0436234264672552,0.255848129076681,-0.0236652328189368,-0.0571504669382789,0.000884621087276166,""
1825,-0.126248023243336,-0.0380378401660386,0.0291168964473048,-0.13516896696207,-0.386489020094827,0.0898117991150026,0.240483066941476,0.110888383516972,0.276737843580036,0.0230820271368615,""
1826,-0.146078168683498,-0.00406050595599685,0.0265144084039564,-0.123624266235538,-0.306423028037284,0.0811560955586577,0.196759057499517,0.0044002668421538,0.123357348525316,0.00422498731124161,""
1827,-0.159015514912045,-0.0475994332390198,0.0285205890964723,-0.178094359054593,-0.37344055159553,0.0790633552059297,0.205130821969095,0.0681030381183682,-0.0163600549509108,7.10070707168994e-05,""
1828,-0.127561587924573,-0.029410747287198,-0.00573147852046033,-0.162703813732232,-0.320167973596004,-0.0178838987310143,0.21292988893715,0.0397136202873582,0.121298552759146,0.00367699660567524,""
1829,-0.145247618502776,0.00106259652113191,0.0354399878941295,-0.108745034087515,-0.367005762119857,0.114451957426927,0.19233612268894,0.0521722788249671,0.100751288671064,0.0031633425811848,""
1830,-0.150018213579372,-0.0170716398393889,0.0380124505734235,-0.129077402845338,-0.351160146852193,0.102656919395219,0.18889872509766,0.0350430443460641,0.00041101275814254,4.73416392308037e-08,""
1831,-0.138591929326823,-0.015633077111721,0.0369228321208498,-0.117302174317694,-0.387435530251866,0.111951106212442,0.175020134466213,0.0385790487072578,0.111918517395215,0.00388271133253405,""
1832,-0.101616336541604,-0.0378506558862759,0.0124898170651385,-0.126977175362741,-0.355873180505606,0.0346305254824146,0.155395029659223,0.0626523417677371,0.144090744563238,0.00515518312679965,""
1833,-0.118350002240989,-0.0462003189005092,0.028272234914302,-0.136278086227196,-0.392220250484237,0.0852911470082497,0.160968652933259,0.0866448358505033,0.0928289404094506,0.00226496309891336,""
1834,-0.147530268145263,-0.026962089448051,0.0244108008121803,-0.150081556781134,-0.312146883394405,0.0723746531502462,0.218261592240906,0.000905686361127277,0.0233612474819372,0.000147421362429454,""
1835,-0.156150928860241,-0.0233931595819686,0.0255936647174618,-0.153950423724747,-0.356093474361285,0.076453520392236,0.159891146878836,0.0411028250322074,0.0557336690712028,0.000897067583411792,""
1836,-0.150073075459844,-0.0408532898933132,0.0241323222585345,-0.166794043094622,-0.392281716896265,0.0810455608713997,0.163429082584998,0.0727907927797949,0.16495138107199,0.00804681924386096,""
1837,-0.142593368322344,-0.0321580141987661,0.0495783300201568,-0.125173052500954,-0.397279872259809,0.127103867992943,0.252942932309449,-0.00531851084383939,0.215046986391394,0.0149209324683363,""
1838,-0.162568202451098,0.00897142010521515,0.0302468539404766,-0.123349928405406,-0.314181460424653,0.0964717096106172,0.217368705371311,0.00190714026090628,-0.00356090712008797,3.71584353121576e-06,""
1839,-0.21013361205911,0.0290969435522737,0.00751915142022454,-0.173517517086612,-0.370152335694256,0.0185690398787311,0.203846496905514,0.0172306674696271,-0.0637764041835125,0.00118636584169453,""
1840,-0.133551703457508,-0.0143577661138565,0.0222924649215661,-0.125617004649799,-0.251101357717911,0.0713537826484074,0.196239585798465,-0.0664262006702681,0.0278755023281975,0.00020531443026753,""
1841,-0.143358772290271,-0.0445279260084923,0.0590213958417048,-0.128865302457059,-0.399629677906459,0.175712980068634,0.158276904716742,0.0669987285221998,0.119647596834026,0.00433737256980938,""
1842,-0.184417910076028,0.0281373085135976,0.0217229190537165,-0.134557682508714,-0.251647482827788,0.067298125452056,0.221138478611436,-0.0450119204425642,0.0289598132573507,0.000243071252725642,""
1843,-0.148821312515462,-0.0263757348343545,0.00535359489145018,-0.169843452458366,-0.311219054428795,0.0174158462734493,0.241973326354645,-0.0351226009730943,0.217035341859518,0.0127752751118004,""
1844,-0.154983118380999,-0.0274641481707138,0.00466444769502247,-0.177782818856691,-0.424736853682664,0.0127809440645392,0.243411950534233,0.0853931449357323,0.212808970837035,0.0152235824719223,""
1845,-0.168181724636305,0.00589453225338213,0.0104006637230816,-0.151886528659841,-0.415732000813301,0.0296821271276944,0.162663991866201,0.049558778916855,0.0952421982691265,0.00283784131521655,""
1846,-0.123884727563879,-0.0275640464809856,0.0207826665809476,-0.130666107463917,-0.389718936342252,0.0610325399526823,0.147362991463194,0.0617605437597294,0.188094771512444,0.00984472554300637,""
1847,-0.170270826061741,-0.00380273938700853,0.0136975865862388,-0.160375978862511,-0.388003071694232,0.0446037832233548,0.194013822217657,0.0456369505576548,0.181924478487164,0.0104552703572149,""
1848,-0.118082943872223,-0.0411067750996355,0.0250425192623772,-0.134147199709482,-0.396221547541544,0.0818987387090673,0.220731475755647,0.101629841454414,0.158956421911389,0.00760554966324006,""
1849,-0.187704954216512,-0.00197883876024238,0.0345314584529865,-0.155152334523768,-0.3065979796549,0.0958427618741649,0.240131229763019,-0.0110998522484267,-0.0602218862062909,0.00106673437366449,""
1850,-0.140084365996441,-0.0229880318719238,0.0267822462724652,-0.1362901515959,-0.361142453055265,0.0705003099348423,0.218013535650052,0.0614527405711187,0.0176630405786141,8.7810371739059e-05,""
1851,-0.16722348693786,-0.0514939152596868,0.0390898044774978,-0.179627597720049,-0.325027644985286,0.113362714730581,0.191207500490478,0.0287506165698687,0.108213365514439,0.00310072283652857,""
1852,-0.147582675592004,-0.0112831670893695,0.00782440873594292,-0.151041433945431,-0.344952944608795,0.0225890472182693,0.17322878137459,0.0542423761134236,0.14993498212013,0.00604072018095527,""
1853,-0.129340419767883,-0.038320644609792,0.0299788193259912,-0.137682245051684,-0.335722472962982,0.0963858373342042,0.201783827165857,0.0214860405126968,0.117760331966619,0.00372909967617094,""
1854,-0.139020949174032,-0.00456032036564534,0.0182929708475417,-0.125288298692136,-0.332827118884576,0.0555627408599621,0.154813140965574,0.0552752496262693,0.0284532144729031,0.00022218695154967,""
1855,-0.10869706442456,-0.0388807014289597,0.0178846985114505,-0.129693067342069,-0.332063690757054,0.0548821944286225,0.199152549634443,0.0544960128612198,0.297006726554706,0.0252649244919181,""
1856,-0.141785604872782,-0.0103678212034578,-0.000853203030220472,-0.15300662910646,-0.395810815974133,-0.00237005832078673,0.132025645280917,0.0207748626459588,0.0966554764677196,0.00261781076805381,""
1857,-0.129810233882016,-0.0116697633644102,0.0137439342686685,-0.127736062977757,-0.321738396998883,0.0427013904976619,0.174569668996098,0.0266176064843902,-0.0580963524308878,0.000895186556567232,""
1858,-0.146979021133329,-0.0433198441090935,0.0436975296650381,-0.146601335577385,-0.454998937570785,0.122332039440456,0.199066985302349,0.044459629031801,0.164653328081835,0.00872303974655761,""
1859,-0.139047196020119,-0.0300376729179273,0.0366570424028849,-0.132427826535162,-0.354438778800621,0.10219736220951,0.202825456794087,0.0463113304865173,0.0696837598185469,0.00127435692728418,""
1860,-0.124603652569701,-0.0181656060435871,0.0111671289039323,-0.131602129709356,-0.377893592921081,0.0314477967090279,0.169534907445434,0.0546176465462298,0.0544706021789546,0.000810230394596665,""
1861,-0.200312493591544,-0.031217425244509,0.0391254747125713,-0.192404444123482,-0.350608742752259,0.1095721721734,0.261419085625569,0.0410879523150456,0.193129872068379,0.0126716640238798,""
1862,-0.171297480277942,-0.0196930753644713,0.0108834499096792,-0.180107105732734,-0.323112395767419,0.0352955028795799,0.172352026023431,0.0362239965732261,0.107399551585911,0.0030805873483264,""
1863,-0.203127685568518,-0.00326748000621648,0.0352358485824296,-0.171159316992305,-0.317019152771375,0.109118188509251,0.175619083768683,0.0185628398419796,0.0567640639753287,0.000985945144002239,""
1864,-0.129264310168701,-0.01751401606239,0.00338719964825766,-0.143391126582833,-0.242414344603441,0.00917582487891211,0.204782090772849,0.0130516779650737,-0.0598399156335727,0.000944117282546236,""
1865,-0.12815253037509,-0.00704665548716313,0.0197128743439864,-0.115486311518267,-0.381961973714658,0.0548858835057301,0.193518407140935,0.0790720808212423,0.233708087529188,0.0159139680137679,""
1866,-0.172361552875345,-0.00442366607036489,0.0424532444831057,-0.134331974462604,-0.347672322984855,0.112345331265568,0.158487286919204,0.00886359649153285,0.0156243681047165,7.25522489455216e-05,""
1867,-0.109256738443898,-0.0226467174579493,0.0103520237840046,-0.121551432117843,-0.414718207979816,0.0325517744689771,0.139495023557276,0.0882718191708571,0.120936170625248,0.00432053833203143,""
1868,-0.179600654544666,0.0188008716357004,0.0361237665113128,-0.124676016397653,-0.372929079824362,0.110580480195522,0.154217780009825,0.055733934276063,0.102652061232407,0.00314498921278991,""
1869,-0.114166366532438,-0.0265489604301818,0.0484910329395171,-0.092224294023103,-0.339173986954341,0.14888949393311,0.167663207256353,-0.0195359437319886,0.135365512758189,0.00533043770430798,""
1870,-0.154745086232964,0.0040808289347779,0.0169569407349307,-0.133707316563255,-0.238022339327825,0.0597900790607534,0.285369853910793,-0.106369365827268,0.139429299053381,0.00591291377693323,""
1871,-0.095703304105236,-0.0357129850196952,0.0225628365566195,-0.108853452568312,-0.390589130555377,0.0677520568574247,0.174667375623537,0.0461092075631096,0.0264879945250231,0.000175294897914858,""
1872,-0.118911382938397,-0.0283181157685794,0.042368960354888,-0.104860538352089,-0.336846834133348,0.13876943948367,0.0934999840454115,0.0358391522781693,0.02899731769524,0.00023335558611337,""
1873,-0.0801678839999964,-0.0399772899049136,0.0156819504473808,-0.104463223457529,-0.355368418485093,0.04851857009917,0.162190837090622,0.0133636982507965,-0.059173633894537,0.000864485011623586,""
1874,-0.111466821937622,-0.0265360254976948,0.0340716042363399,-0.103931243198977,-0.372345461023581,0.0966266346254877,0.18914967198294,0.0430951784164545,0.15312013412725,0.00695738036695061,""
1875,-0.157295714281784,-0.0148444123854245,0.0199407871516129,-0.152199339515595,-0.342276415818967,0.0652979549914572,0.224097852248671,0.0485792150265903,0.244929525101493,0.0181836771445485,""
1876,-0.157382451849708,-0.0286012674293326,0.014883623290643,-0.171100095988398,-0.347505790807188,0.0456404394288084,0.146845220014888,-0.00126312745337468,0.103014718903275,0.003003265635387,""
1877,-0.170505704388666,-0.0122927995813862,0.0371149386456678,-0.145683565324384,-0.430338250898425,0.120270338169151,0.18407272698155,0.0473974501379314,0.188971418855894,0.0126297367789206,""
1878,-0.120455485648291,-0.06663261949108,0.0184726985476007,-0.168615406591771,-0.39221101632918,0.0544982919144984,0.212980814527448,0.0815045636862781,0.139987892728527,0.004877091127425,""
1879,-0.143638920712412,-0.000771246167425559,0.0244340158145468,-0.119976151065291,-0.384080537178492,0.0771298062405571,0.15248573481233,0.0473546225542415,0.140558831036048,0.00600715106240656,""
1880,-0.146753483354117,-0.00694546699640344,0.0182690887565224,-0.135429861593998,-0.386127057903389,0.052103879705651,0.181580724634462,0.0720729535713569,0.130074335506597,0.00482643127256896,""
1881,-0.172950778173911,0.00295225701934975,0.028850117870107,-0.141148403284455,-0.348835719318141,0.0803154657496235,0.228209253619893,0.00633896174184462,0.141234395000458,0.00644232963682816,""
1882,-0.12005835757678,-0.0062451606060199,0.0348256496389669,-0.0914778685438329,-0.338352012190994,0.103407458967987,0.247928045508378,-0.0748107360500966,0.00361825134575071,4.05452942078869e-06,""
1883,-0.177598840423307,-0.0117851587550348,0.0130006805102127,-0.176383318668129,-0.292645268240502,0.0421967934534906,0.238376626165177,-0.0665742600545339,-0.0340911548698093,0.000335536783254183,""
1884,-0.148679721594631,-0.0161578243134509,0.0530077224766499,-0.111829823431432,-0.378808509139549,0.155155405611257,0.161868374831639,0.0163712010389196,0.148056432820146,0.00686858194834783,""
1885,-0.158737623426465,-0.0066524766493448,0.020908409389016,-0.144481690686794,-0.320769158098046,0.0620431749068407,0.261541246233116,0.00392485688842915,0.190391345014656,0.0106110585256589,""
1886,-0.140465004587098,-0.0340887197930856,0.0297906852762848,-0.144763039103898,-0.376620311655755,0.088776676074927,0.203872768781232,0.0691519431729879,0.102140801366777,0.00295830177014962,""
1887,-0.162554746267879,-0.0299921859546174,0.0356050943833466,-0.15694183783915,-0.423743294992158,0.093652287084601,0.163233373691527,0.0124645179518984,0.0509795315762795,0.000781266779344494,""
1888,-0.140983059554899,-0.00173361884003372,-0.00142903367741029,-0.144145712072343,-0.377874791679453,-0.0044156099029527,0.116882087535797,-0.00157192170505924,0.0786384864212577,0.00178293613500575,""
1889,-0.184756969799811,0.0224592960690154,0.0254554309351554,-0.13684224279564,-0.363102075509283,0.0800450714439988,0.203894398672218,0.0118321715435163,0.0799129938505606,0.00201294087586228,""
1890,-0.136845500278249,-0.0197105611015365,0.0388590044630154,-0.11769705691677,-0.341307905772821,0.112631463498369,0.213635823559686,0.0163031814157302,-0.0707345771366155,0.00142718566339185,""
1891,-0.147111712790931,-0.00679913308233297,-0.00165957074728273,-0.155570416620547,-0.40975611448394,-0.00444928047526688,0.167869702392005,0.0409571172936909,0.11282808627373,0.00374166178200525,""
1892,-0.193256423748168,0.030795117794075,0.0184391648648868,-0.144022141089206,-0.369041250540339,0.0502847738368142,0.248832406768439,0.061484302940193,-0.0641179772541201,0.00132109974790878,""
1893,-0.168360477663702,-0.0249017491829937,0.030736220424945,-0.162526006421751,-0.409010891368233,0.094862722473996,0.207600208274259,0.0841460507451081,0.184128346674373,0.0101120605130243,""
1894,-0.160840170150332,0.00976165544948319,0.0199020735108452,-0.131176441190003,-0.374306842877495,0.0571220603246328,0.194887288490372,0.0858819488948637,0.098777644467642,0.00299687185208844,""
1895,-0.134800749627671,-0.0325625263927613,0.0209145797270262,-0.146448696293407,-0.374079785059353,0.0598627939576603,0.167871687800423,0.0411622041261027,0.114618442335695,0.00364766110865532,""
1896,-0.136830422632806,-0.0297477955742076,0.0402369351077079,-0.126341283099306,-0.347934341682889,0.125596292123678,0.230989258269799,0.0650463547899578,0.215861779170949,0.0134580271007305,""
1897,-0.133739922231365,-0.0282258097153553,0.0181253744765963,-0.143840357470125,-0.363417215293877,0.0514136965070768,0.215425393924818,0.0551369280248451,0.110410098580507,0.00359768762299274,""
1898,-0.167027950301981,-0.00948020382279878,0.0298414202041618,-0.146666733920618,-0.410976192643593,0.0872727868065482,0.202839436091554,0.0408274491450843,0.174389431469058,0.0101098649930712,""
1899,-0.138083701619138,-0.0331503884885325,0.0243502774444439,-0.146883812663226,-0.372635578870358,0.0681555013247061,0.218031315933019,0.0608979853584486,0.132503272137777,0.00484246464418761,""
1900,-0.200848516076987,-0.000492624008482531,0.015152375172691,-0.186188764912778,-0.311043119071695,0.0431786559283606,0.200526779679989,0.0248252553310201,0.127184899811119,0.00474346790615429,""
1901,-0.13393685028595,-0.044567494396705,0.04978618080036,-0.128718163882295,-0.365633931112841,0.149163089992348,0.193302823747702,0.0489268944860056,-0.0178647255531561,8.87935232803705e-05,""
1902,-0.137469796107794,-0.0355846860930806,0.0239932219185391,-0.149061260282335,-0.367361445994154,0.0761907112963061,0.173429596672718,-0.0027535093935693,0.0940339077310782,0.00249778198001661,""
1903,-0.15129544222263,-0.0346611443800961,0.0153052152902112,-0.170651371312515,-0.400893286650956,0.0411630185304411,0.184059689176359,0.0448557306363051,0.0805135993468626,0.00184694278722311,""
1904,-0.173057103942812,-0.014162349292419,0.013989605905283,-0.173229847329948,-0.391161569850311,0.0375882147321619,0.183882925404594,0.0632444244977156,0.0584386840289257,0.00102320367135592,""
1905,-0.162122542179762,0.00587611853921893,0.0225518477565138,-0.133694575884029,-0.344855324693187,0.0655048978618188,0.193997488818401,0.0314790769352476,0.0163823086894332,7.98150660844989e-05,""
1906,-0.136747386505963,-0.0499484535141267,0.037035268586856,-0.149660571433234,-0.395285695337778,0.104330416205672,0.206910626971875,0.0607256191869735,0.199188321002022,0.0108470339148076,""
1907,-0.161375621774238,-0.00673298795738911,0.0025952074419821,-0.165513402289645,-0.345811347267488,0.00782234567854367,0.199995092152995,0.0226819962380406,0.0503068233543276,0.00072748556972013,""
1908,-0.120668486101508,-0.00275191136291713,0.0187840235711873,-0.104636373893238,-0.403280850376313,0.0537029763030154,0.146088427080066,0.0499921493837137,0.0797326583631556,0.00191160615738859,""
1909,-0.130287036519639,-0.0287227238613617,0.0230891971637476,-0.135920563217253,-0.336811453377798,0.0745753823482077,0.139395779431468,0.0328473754808159,0.0782920326021821,0.00164972231154562,""
1910,-0.125805870980858,-0.0318883458904012,0.0080261130146399,-0.149668103856619,-0.372298289932088,0.025284152081922,0.24406196754389,0.0732602144043526,0.216218250405497,0.0135349482484783,""
1911,-0.143314295899625,-0.0539550391781339,0.0237180390686457,-0.173551296009113,-0.408441336293279,0.0637793732484472,0.218265814761665,0.0772085837305103,0.210157464386679,0.0125533843105499,""
1912,-0.178209431112231,-0.0193798411113247,0.0328477770141761,-0.164741495209379,-0.325609956228078,0.103568022638151,0.156750118899057,0.00481097477037143,0.0307580180141025,0.000264783709861294,""
1913,-0.131362063152479,-0.0328779888619287,0.0409678050115572,-0.12327224700285,-0.421178252516383,0.128703611940537,0.176531256527007,0.0934226145026296,0.15971736888736,0.00816848989419745,""
1914,-0.153023972191961,-0.0458349281310796,0.0110199807603934,-0.187838919562648,-0.279875468421471,0.0282553377123195,0.207175919808971,-0.00775856145870615,0.0536351128920466,0.000721505962223205,""
1915,-0.165063323869667,-0.0171426572043215,0.0157087011550678,-0.16649727991892,-0.390982909241532,0.0474414200696806,0.213694313347901,0.0543344985636459,0.0225632447193542,0.000145769369731135,""
1916,-0.118354592392058,0.000173298719679404,0.0432005463613832,-0.0749807473109953,-0.307547907293283,0.126189147173678,0.229151856876344,0.0058679236229392,0.114356263772101,0.00386385714690411,""
1917,-0.0939837652359492,-0.00336826939585876,0.0180487841327879,-0.0793032504990201,-0.36737786538902,0.0569555174885599,0.20342840669066,0.0509725896272374,0.110440204934731,0.00364314258089365,""
1918,-0.112648924008399,-0.0135081673929092,0.031944536423079,-0.0942125549782289,-0.321406341594192,0.0924409445212243,0.259815472405874,-0.0219948844133354,0.0637211538804864,0.00113974131557977,""
1919,-0.143989992283214,-0.00279107642427825,0.0330395196657124,-0.11374154904178,-0.340782170387888,0.100996977358807,0.128577722135077,0.00430391800391354,0.0868908874480869,0.00216196852886942,""
1920,-0.116270353658906,-0.0251883218273825,0.011413734003592,-0.130044941482697,-0.394379443036639,0.03481173983596,0.190739691710403,0.0431074543183976,0.0480985261378797,0.00067893143995717,""
1921,-0.129941872782879,-0.0161317581190564,0.0186947610681196,-0.127378869833816,-0.397130670016448,0.0537909493342658,0.142652248896202,0.056766398759407,0.0461831724389809,0.000585467955230656,""
1922,-0.107811031180933,-0.0450433552878805,0.000902142684276814,-0.151952243784537,-0.424934624932509,0.00254093925660138,0.17979834019128,0.0223228205716502,0.253563585729367,0.0177499195944932,""
1923,-0.148321960298479,-0.0349068558308437,0.0385306045077194,-0.144698211621604,-0.35005424072951,0.131935399661873,0.146820021254313,0.0523868388911518,0.0894894041923044,0.00227797687892242,""
1924,-0.128121210817226,-0.0105091749019663,0.0167925683501607,-0.121837817369032,-0.403415122557565,0.0516174675839084,0.197986536713742,0.0867690916912962,0.229269173159271,0.015531966515053,""
1925,-0.120330265220781,-0.0535278296831521,0.0196746800928059,-0.154183414811127,-0.418556657446743,0.0573252312557833,0.198002987584708,0.0936152655500768,0.135121511484708,0.00494875993783012,""
1926,-0.144184981680875,-0.0310635278861471,0.0345792868145556,-0.140669222752466,-0.362499733867767,0.0998451303548374,0.216280399900534,0.0483358384759321,0.15517516697587,0.00698541127239699,""
1927,-0.153374069816317,-0.00474825802146367,0.034470809427138,-0.123651518410642,-0.318660165035863,0.105546771115311,0.226788112878037,0.00709315896226195,0.115082449743375,0.00388226890278911,""
1928,-0.0836539209241548,-0.0334443474643645,0.0234073979644232,-0.093690870424096,-0.328799420681788,0.0672350180893644,0.203757675876697,0.0536143836963109,0.142126543265151,0.00560876128715766,""
1929,-0.0848835126862059,-0.0393889340049471,0.048742824254649,-0.075529622436504,-0.409878287220716,0.13045147416774,0.178708884852737,0.0808246667313566,0.176294128359976,0.0094353790748838,""
1930,-0.0928836853287898,-0.0395043892173916,0.0117491717427031,-0.120638902803478,-0.360470711800973,0.0360087799948238,0.165575063046252,0.0676996260631889,0.243709566824355,0.0148054563220936,""
1931,-0.152067558516012,-0.0284180555096189,0.0153032327446801,-0.165182381280951,-0.367800399398759,0.0412564772963605,0.223994795649989,0.0692792045702064,0.115919740708669,0.00400362129679413,""
1932,-0.138237496153259,-0.0215627545557237,0.0287611085570979,-0.131039142151885,-0.389808760664912,0.079370732963778,0.169348888783316,0.054002205993395,0.193245904118735,0.0108086652676488,""
1933,-0.115411249473887,-0.0490395835801958,0.0303705423485905,-0.134080290705492,-0.401539035525112,0.0832887639689712,0.200918287567655,0.0558517919814449,0.0517312169985407,0.000741922523933831,""
1934,-0.172527106443572,0.00654501396348215,0.0232014301201655,-0.142780662359924,-0.391653580966068,0.0813970307553635,0.156759587170283,0.0651590826456857,0.120036566160153,0.00459797279390791,""
1935,-0.138130546707487,-0.0237655724523551,0.00395520479382848,-0.157940914366014,-0.372992234438194,0.0112051291285248,0.201676241190931,0.0676835950205283,0.142551457417559,0.00546954449805942,""
1936,-0.15059999201441,0.00463365430117223,0.0107427961966496,-0.135223541516589,-0.267011343551996,0.037959067300914,0.148689477521743,0.00746106777733861,-0.0608017368810432,0.000989149578215257,""
1937,-0.167102259753301,-0.006979672921805,0.015393275279594,-0.158688657395512,-0.356055841228962,0.0445687930786784,0.276840572519601,0.0272968574727008,0.153062019544522,0.00776127442945453,""
1938,-0.159597525855269,-0.00853048364135449,0.022449143921406,-0.145678865575217,-0.297986982732031,0.0791632234137058,0.236739244052596,-0.0282384262592373,0.104836935012044,0.00338295340642951,""
1939,-0.155544004733292,-0.0222383644728665,0.022104954598852,-0.155677414607307,-0.437249034661433,0.0584508738405661,0.224800224879289,0.0488152094425919,0.164394966433781,0.00878809849600787,""
1940,-0.0942480556639767,-0.0522729978075954,0.0281077121812935,-0.118413341290279,-0.372651446733417,0.078621001123627,0.261339924159063,-0.00437180847963626,0.0976067004456148,0.00244961960762793,""
1941,-0.138089863695736,-0.0502554351155793,0.0423814493715068,-0.145963849439809,-0.414679571003322,0.127873688700696,0.206291171291839,0.0649419874903809,0.0782736716980381,0.00175077492297016,""
1942,-0.119859973892349,-0.025194800019056,0.000622732867614096,-0.144432041043791,-0.418994102901455,0.00198235645037194,0.137444774776082,0.028073883806295,0.256688866393213,0.0199079704554287,""
1943,-0.120445514918589,-0.00909808075422255,0.0440673099701559,-0.0854762857026557,-0.324014241462038,0.150657781596366,0.11920574294022,0.0189278432696803,0.0357177658855043,0.000374568616555202,""
1944,-0.135783201669043,-0.0531090982892952,0.0424781578242359,-0.146414142134103,-0.318557328112119,0.129856836273347,0.186403677164572,0.00578073894259094,0.150515892651925,0.0051981601184749,""
1945,-0.213020570610685,-0.0140806812832227,0.0404264666042015,-0.186674785289706,-0.346270727585377,0.106307321348359,0.213252808933929,0.00240553434313214,0.0216156200159577,0.000133935623213011,""
1946,-0.149788286847658,-0.0328804406657384,0.0049601528803205,-0.177708574633076,-0.434486917417762,0.0162741289211082,0.19422602339371,0.0795630830395508,0.160256340101473,0.00753248613331398,""
1947,-0.118963787818001,-0.0269590899856394,0.0114388621599575,-0.134484015643683,-0.398895956833286,0.0361475580824584,0.164773625040867,0.0673212082043093,0.11783542801681,0.00408300507154571,""
1948,-0.191347210731061,-0.0400025158737337,0.0460771735790672,-0.185272553025727,-0.316774979238405,0.130154398862166,0.194110498659544,-0.000498287747678683,0.0310073418741629,0.00025523596707436,""
1949,-0.105229548311775,-0.0282705681837716,0.00605849936486528,-0.127441617130681,-0.360830250372938,0.0174414475688135,0.155476684202298,0.0352620863852109,0.142283974399572,0.00570692579001264,""
1950,-0.148089389050926,-0.0397161480853489,0.0222334948849328,-0.165572042251342,-0.430977685107318,0.0716722351175248,0.250564423061267,0.123167642733668,0.128899988630923,0.00552338976660869,""
1951,-0.142650458201089,0.0265781525307408,0.0126998346578078,-0.103372471012541,-0.378508312590167,0.0335654689651405,0.171348615823521,0.000423721505780392,0.196049777740273,0.0115229592945853,""
1952,-0.137726063310114,-0.0389034395779777,0.039443304617974,-0.137186198270117,-0.320392527767028,0.117660696644415,0.18358499666002,-0.0201164717409565,-0.00446363124212938,4.64101846326856e-06,""
1953,-0.141823249231384,-0.0144444878058079,0.0427770533971827,-0.113490683640009,-0.280029909253734,0.142458314491176,0.184961731742562,-0.0609666736362832,0.0351295594009545,0.000364716172401761,""
1954,-0.198259456076439,-0.00237088598585837,0.0016714480784241,-0.198958893983873,-0.32504084835304,0.00487840935422489,0.136322543458124,0.00191902178418977,0.0248850117049197,0.000175525474233397,""
1955,-0.148375649791763,-0.0454237962967502,0.0372764899913998,-0.156522956097113,-0.343178181678165,0.105418393563724,0.191605304255209,0.0885998824775082,0.0200735825042625,9.85365690296438e-05,""
1956,-0.144773762696132,0.0142265006320875,0.0311618842127255,-0.0993853778513191,-0.396252161849376,0.094916671805869,0.125092973561219,0.0418412345901022,0.11149101235327,0.00385904099957013,""
1957,-0.0995784900439329,-0.0574378311374234,0.0464452679849852,-0.110571053196371,-0.372218213297442,0.138408120714624,0.166125611827344,0.0263752534701075,0.14495951963678,0.00586479282723163,""
1958,-0.08701179544279,-0.0742187084950821,0.0494388559958994,-0.111791647941973,-0.433315573948625,0.1364146529115,0.214019178569869,-0.00697723544165399,0.265711768475349,0.0203777683429488,""
1959,-0.170031275329258,-0.0447922369131761,0.0370445503541615,-0.177778961888273,-0.356934330514088,0.105201261549649,0.222183749476215,0.0177096846470244,0.117091338697953,0.0036745975468938,""
1960,-0.109313807498737,-0.026879126748074,0.00872700703989716,-0.127465927206914,-0.29849324484489,0.0253327771819025,0.223595337912976,-0.0325460129256615,-0.0657069136046272,0.0010127437602462,""
1961,-0.12861945060334,-0.030026970876384,0.0139365677904387,-0.144709853689285,-0.390677653232396,0.0461272453684283,0.198042356282789,0.0542998769894626,0.0684619864119485,0.00141534584757365,""
1962,-0.0975834162429595,-0.0289193904161942,0.0369060299978477,-0.0895967766613059,-0.36146250280947,0.117574495741842,0.232943827382399,0.0305097333772404,-0.0439694790028361,0.00055413058998931,""
1963,-0.119162932856615,-0.0205411325303072,0.0195209639456911,-0.120183101441231,-0.365751746805524,0.0557884078458479,0.166158272730421,-0.0074619910248514,0.13140110723106,0.00506728237979848,""
1964,-0.163582507210539,-0.0280345931499347,0.0303423208892829,-0.16127477947119,-0.322897813046336,0.0840137423105454,0.144484205889533,-0.00837929850883476,-0.0191759603968623,9.8269408788236e-05,""
1965,-0.110495905200501,-0.0049892145813227,0.0216901446526388,-0.0937949751291853,-0.331709026147743,0.0639803280591352,0.210767197487671,-0.061694137709007,-0.00494178826003448,7.2430007882486e-06,""
1966,-0.152171778413313,-0.00218472204672876,0.0394080859722092,-0.114948414487832,-0.30346618509419,0.138659687726713,0.180177083280617,-0.0563621409256489,0.138190842926211,0.00567391828721093,""
1967,-0.126413025783507,0.01402227202831,0.0215781525162,-0.090812601238997,-0.308867798488905,0.0719994863428085,0.184946716789161,-0.0343806043659438,-0.0597588261813876,0.00101630109089843,""
1968,-0.132354074735266,-0.0657917879939384,0.0250104158938806,-0.173135446835323,-0.410507212239188,0.0666174493704492,0.19570558739366,0.0481161219567054,0.0985779368139467,0.00248636702163039,""
1969,-0.144986505554633,-0.0453656577736241,0.0259679844256916,-0.164384178902565,-0.354753118764707,0.0778601592427498,0.205373131077715,0.0635377714650118,-0.0110641798998869,3.35722384171297e-05,""
1970,-0.152449632949213,-0.0458972203797685,0.0214671013622029,-0.176879751966779,-0.376329181801123,0.0564009856352747,0.178804113727072,0.0540583117698237,0.0142179297162813,4.82473686535798e-05,""
1971,-0.136896800710232,-0.0329367597144608,0.0151767916568165,-0.154656768767876,-0.345696630405049,0.0483139290465748,0.18034836789264,0.0237710509805118,0.0198544601851657,0.000102807401737123,""
1972,-0.143386093856555,-0.0341143090585138,0.0127886684184227,-0.164711734496646,-0.356750724108462,0.0345179215903141,0.211632938062746,0.0958950316420212,0.17703657108181,0.0089505914463421,""
1973,-0.122763744658754,-0.0414647537178957,0.0311383245447514,-0.133090173831898,-0.407193898336179,0.0865916584821677,0.192844543237859,0.055035050595533,0.0514769731709182,0.000731178818024046,""
1974,-0.0672571048933743,-0.0254433842536777,0.0126904614088308,-0.0800100277382213,-0.391362613362538,0.0414370800422777,0.0869636949710576,0.046948254122276,0.131777305459487,0.00504554264874368,""
1975,-0.146219143605151,-0.0327740289980464,0.0325887921929414,-0.146404380410256,-0.388478707021407,0.0856124442842009,0.221510677699415,0.0845824424342377,-0.0141701589193788,5.48996811253303e-05,""
1976,-0.144342689337222,-0.00311943144981071,0.0339945077816291,-0.113467613005404,-0.367356796174021,0.0975707784033746,0.186028058715999,0.0278423254342233,0.0868856561876249,0.00227774108437963,""
1977,-0.163700149652112,0.00392663880279147,0.026386332990841,-0.133387177858479,-0.369766024604828,0.0793897783904493,0.218881947145897,0.078860377993149,0.212489571380048,0.0140315441734115,""
1978,-0.11909249744663,-0.0441158841875659,0.018384194551473,-0.144824187082722,-0.385805558477471,0.0513979803096135,0.171422654676133,0.0865218670631718,0.193279250842019,0.0099121854779249,""
1979,-0.087095258461785,-0.0440434542423155,0.0255215802840405,-0.10561713242006,-0.371672701892444,0.0728553872150424,0.138137183481989,0.0675001076433812,0.0906462401210267,0.00214801434332236,""
1980,-0.152158644920919,-0.0477603902431327,0.0324598016981293,-0.167459233465923,-0.389644840488551,0.0917893941119213,0.200349799880749,-0.0592846109784616,0.137229678050219,0.00514618698632133,""
1981,-0.133625174317835,-0.0244097206930413,0.0371855395023328,-0.120849355508544,-0.346573615599607,0.126872213417623,0.165250619579315,0.0184830600936766,0.140060297251626,0.00611254606281801,""
1982,-0.146384886262916,-0.0260768484877098,0.0247139680179789,-0.147747766732647,-0.339526171311494,0.073125349102149,0.165494120444495,0.0353099620372053,-0.0177174269320249,9.08343082848073e-05,""
1983,-0.133760851172585,-0.0534721257798645,0.0354683703992713,-0.151764606553178,-0.363291313206407,0.0974210944334003,0.202325432971764,0.046487604352924,0.0185065196161055,9.17587306854011e-05,""
1984,-0.166835232464223,-0.03417169916916,0.0398312158213742,-0.161175715812009,-0.387457075853929,0.105106699428386,0.149478905970085,0.0103884631668973,0.000222194298643681,1.36809250072953e-08,""
1985,-0.165412160473579,-0.00549222497520485,0.0238668136130414,-0.147037571835743,-0.38802437613105,0.0684411578186888,0.179039588536321,0.0333079557769431,-0.00889077037210377,2.33968968045972e-05,""
1986,-0.136533265585002,-0.024179262402572,0.0236452675808238,-0.137067260406751,-0.319222914438054,0.0690515490889417,0.225727055030137,-0.00871715266483352,0.0917473952586379,0.0023866210476119,""
1987,-0.113105009474136,-0.000501783455375037,0.0319394179940583,-0.0816673749354526,-0.329252608626606,0.104187916382195,0.139150272434911,-0.0175571099889177,-0.0363014208603534,0.000366682884195678,""
1988,-0.155718962806842,-0.0504976756983416,0.0105796670498719,-0.195636971455311,-0.417003344993127,0.0282643418839207,0.216152030179503,0.0266647409271555,0.0813060490783075,0.00185911347601515,""
1989,-0.127172801955196,-0.0104703660111594,-0.0117998872711616,-0.149443055237517,-0.372976270647618,-0.0313855290943339,0.231257770244487,0.0536197457686285,0.273463276499312,0.021186217761794,""
1990,-0.124488788128673,-0.0323704135207628,0.0304074115849065,-0.126451790064529,-0.393148349321995,0.0876055732931571,0.17211830978747,0.0732517918390865,0.0883457917187018,0.00215004715959205,""
1991,-0.109537348102796,-0.0394119032368965,0.018035186782118,-0.130914064557574,-0.36214285698622,0.0503109558925978,0.230355352841494,0.0375352758756967,0.126227572022445,0.00445039232975845,""
1992,-0.135733301846384,-0.0206880764414186,0.0406851765065262,-0.115736201781277,-0.372005199313752,0.117506823622618,0.218958995188429,0.0211341475518107,0.121690640053208,0.00451315564152985,""
1993,-0.12022967439705,-0.0243399317325689,0.00917392578673343,-0.135395680342885,-0.367046396045954,0.0279862143068706,0.170173647044795,0.089365214047545,0.135741624351766,0.00509448033628875,""
1994,-0.109117129880529,-0.035154848136942,0.0367826786893149,-0.107489299328156,-0.316199291483531,0.125666369954297,0.240373190566721,-0.00512646836651725,0.0450155534546556,0.000577065688331739,""
1995,-0.142377737517886,-0.0152190095500227,0.0142309465815975,-0.143365800486311,-0.397329123736172,0.0420421012046773,0.177372778283466,0.0697254696768679,0.106281611929723,0.00310600587847002,""
1996,-0.129083594334907,-0.0149533472516419,0.0145639633022534,-0.129472978284295,-0.330789014051345,0.0423517876272247,0.226661622438749,0.0300397278419548,0.0919035296858167,0.00227718564237466,""
1997,-0.0832473465277928,-0.063677304032528,0.0198277489157655,-0.127096901644555,-0.338962411828515,0.0515835316800222,0.256619901879325,0.0236403832525258,0.0529941095809151,0.000702976044667032,""
1998,-0.17678513903901,-0.0284054522675101,0.0368582102572118,-0.168332381049308,-0.406941947984822,0.105975922585777,0.171117642436885,0.0683997292825334,0.0413493555397716,0.000521232821863226,""
1999,-0.191866661643008,0.0342882592266719,0.0191257412645027,-0.138452661151834,-0.371195798667234,0.0567804547898124,0.215143651617455,0.0773143070130138,0.0784280182198336,0.00193762498283888,""
2000,-0.165678917406321,-0.0532012368243915,0.0449049242965081,-0.173975229934205,-0.387596875339037,0.129118343331397,0.175704827626665,0.0100057993047128,0.0345023756412238,0.000344127498404845,""
2001,-0.106258266115428,-0.0282111361909302,0.0374191387985867,-0.0970502635077716,-0.360933605511421,0.109086895709732,0.139572557336623,0.0315139471730758,0.0547893681540925,0.000849306159328065,""
2002,-0.141885840016236,-0.0274496996498426,-8.80963850114365e-06,-0.16934434930458,-0.394893027726912,-2.29326406387814e-05,0.182264223755105,0.0594193479754348,0.0577446113031023,0.000902802735718415,""
2003,-0.137723708592011,0.00221236965743224,-0.00167665810495573,-0.137187997039534,-0.374143635193919,-0.00521001712514981,0.202989996655436,0.0423557696934556,0.149473122254297,0.00666704489525548,""
2004,-0.129756227980745,-0.0360851787800919,0.0163342677426958,-0.149507139018141,-0.380051439921569,0.0502485929889617,0.191530446076176,0.0218563857936876,0.0679643337620067,0.00130329777729455,""
2005,-0.146189062671141,-0.0426537024626925,0.0332945522762545,-0.155548212857579,-0.356977048869878,0.0996025032135219,0.2478372649685,0.0520471430745718,0.176375997091033,0.0092433479502747,""
2006,-0.141198181533384,0.00209375227129075,0.0265533009966485,-0.112551128265445,-0.402855414829488,0.0783994464985268,0.174856327929978,0.0436019084331506,0.0618992671782171,0.00119490582914534,""
2007,-0.10632800736457,-0.0416741923565145,0.0381050478023215,-0.109897151918763,-0.316042748024862,0.123421441059547,0.187840722531956,-0.00800616503794602,0.0954724439643349,0.00231377438744173,""
2008,-0.157992300498388,-0.00317544037422149,0.0304215664703481,-0.130746174402262,-0.290371143005674,0.0817898658943283,0.199990042137669,-0.00609144628186791,0.0144005153708047,5.89648215499397e-05,""
2009,-0.167991162794134,-0.0175280413913823,0.00938673305582252,-0.176132471129694,-0.454326964594573,0.0289751515954514,0.227742302781277,0.0426559276222461,0.312135921613296,0.0322698843070964,""
2010,-0.179333065840515,0.0162810397567082,0.00969124610572501,-0.153360779978082,-0.351198490218032,0.0288239579428635,0.182381596819992,-0.00460972491264112,0.186073479049666,0.0106587804999659,""
2011,-0.13136107593051,-0.0501376622879936,0.0188456428335898,-0.162653095384914,-0.307594879567251,0.0633423461418383,0.136408915228552,0.0014417662485232,-0.0330379899274445,0.000265953788309392,""
2012,-0.184228119882043,0.000220140492052552,0.0185286410901864,-0.165479338299804,-0.346187514128572,0.0504880601479109,0.210033926083174,0.0128732281825562,0.0291156498882508,0.000254418056795248,""
2013,-0.161217587140404,-0.0506444791482412,0.0517792384077276,-0.160082827880917,-0.40841357970347,0.14405645619652,0.190026119169001,0.0886508169052867,0.0671260637044019,0.00131047153828583,""
2014,-0.146780026288466,-0.0113083534169086,0.00511125700987272,-0.152977122695502,-0.328897426648217,0.0167060461773921,0.194297531047084,0.0250740424421873,0.188934972379742,0.00995975248795244,""
2015,-0.120871196032327,0.00435463911696585,0.0251645945273311,-0.0913519623880301,-0.369287653251469,0.0729973790657017,0.166544788848246,0.0729363281858616,0.178025420166738,0.00914399149740966,""
2016,-0.121648269536827,-0.0352885189076801,0.0333659407946627,-0.123570847649844,-0.383550883861111,0.0937055494727441,0.165067014582311,0.00208895716240842,0.113321438717352,0.00356150290979329,""
2017,-0.0976669401686457,-0.0373993027398666,0.0652666750776323,-0.0697995678308801,-0.376513085419307,0.186691800106691,0.201321320939853,-0.00837028826667271,-0.0159288248065054,7.67682126710924e-05,""
2018,-0.120215342049362,-0.0150184554456757,0.00920360438118878,-0.126030193113849,-0.329682234616893,0.0315320500421717,0.221670800775803,-0.0818729575010506,0.172726942543024,0.00906426623990709,""
2019,-0.145626570992621,-0.055846595425199,0.0333602479214414,-0.168112918496378,-0.363330921409724,0.0957702318703179,0.227745538777004,0.0554150441840545,0.089248657449187,0.00205347474594562,""
2020,-0.109938207220949,-0.0401059575694854,0.0357945893525355,-0.114249575437899,-0.336605390043147,0.114544198203446,0.185238300016818,0.010628796206335,0.00502269935275998,6.31882433610735e-06,""
2021,-0.145366335393747,-0.017203168272997,0.0122882803901955,-0.150281223276549,-0.366712354937731,0.0346500733580539,0.220229404905448,0.0754585365253872,0.234068432112873,0.0154367842093832,""
2022,-0.154755293729061,0.0152010254719031,0.0312415738648593,-0.108312694392299,-0.323557839650732,0.0885683926193975,0.165794577174054,0.0232783783176198,-0.112086766032154,0.00365730523254452,""
2023,-0.14621692796513,-0.028160546953503,0.0167243519795985,-0.157653122939035,-0.360559339606864,0.0412083610957636,0.239959197949956,-0.0575456255196286,0.134126147690816,0.00555563626772517,""
2024,-0.137395734002398,-0.0114392796836026,0.0431723941693827,-0.105662619516618,-0.367035795667049,0.13190342806049,0.159019665641721,0.0366232888476985,0.0477102101607765,0.000669384112566489,""
2025,-0.114043017407609,-0.0483417043356928,0.0334573668470445,-0.128927354896258,-0.373742446251984,0.107410815430337,0.190281434113229,0.0648863960391576,0.0437011007637291,0.000545333596931992,""
2026,-0.130566486407071,-0.0459691439852068,0.0377237943330001,-0.138811836059278,-0.357906184934744,0.128982687533833,0.15192398599327,0.0229459296557896,0.123829436075841,0.00418045836283784,""
2027,-0.0878740988333776,-0.0322061417412825,0.0573699590760414,-0.0627102814986187,-0.36801433129217,0.170516428923488,0.179160750731023,-0.000289537338771921,-0.0189815445034304,0.000103086515282642,""
2028,-0.17259528847889,-0.0134924905116209,0.0188928151880179,-0.167194963802493,-0.360498976799025,0.0503892677388647,0.214818579851631,0.0478812055001123,0.0874496344783609,0.0022882779229864,""
2029,-0.1608255646286,-0.0166220018476331,0.0122972797363251,-0.165150286739908,-0.398697440282768,0.0351009551543642,0.210401809780859,0.0625821485994455,0.196476106951392,0.0118740509164863,""
2030,-0.116314377300659,-0.0386064037904648,0.023119446082049,-0.131801335009074,-0.319037182250669,0.0769827515725399,0.201419699258447,0.0121392658655128,0.106447027868948,0.00307737594394318,""
2031,-0.156306577588668,-0.0338211694850986,0.0344620424324336,-0.155665704641333,-0.360383977215208,0.0880690856487041,0.243291728355953,-0.0152292282354644,0.197532983488755,0.0115916133178465,""
2032,-0.184868808327549,-0.0459543259292853,0.0307807093437055,-0.200042424913129,-0.344327088419092,0.0872036722535486,0.207523237244367,0.016693540499022,0.0847013809081884,0.00208454550810972,""
2033,-0.133503367921335,-0.0232050663371541,0.0507815376177974,-0.105926896640692,-0.287996202356877,0.15853977338117,0.18927498303998,-0.00250967341165984,0.0522421981904867,0.000748123539148323,""
2034,-0.139085367501009,-0.0207942404428132,0.0298465586651157,-0.130033049278707,-0.391245540737161,0.0895478554435238,0.164724207735157,0.0727089519397374,0.0866331199679495,0.00221501700510723,""
2035,-0.131465015829998,-0.0393675140794244,0.0236167246352003,-0.147215805274222,-0.37246120470813,0.0704455555592464,0.148660805066715,0.075607708287655,0.213169120092205,0.0121717562885381,""
2036,-0.162843734903915,-0.0525153936514189,0.0153450566348399,-0.200014071920494,-0.416207059803717,0.0394698553588192,0.188456978620471,0.0831794238375719,0.104613627003298,0.00282930635454847,""
2037,-0.138946169943798,-0.00938720586024444,0.00205081321132227,-0.14628256259272,-0.307104762199222,0.00652551879926934,0.209004710632209,-0.0349928091827975,0.0259009878752857,0.000186992928276684,""
2038,-0.169812741151067,-0.00669953005324933,0.0248840275861194,-0.151628243618197,-0.358683142216255,0.0736509555279405,0.128910306645323,0.055931713700461,0.0774044443598933,0.00172699897782904,""
2039,-0.17479704063981,-0.0241469604903492,0.0263843560083576,-0.172559645121802,-0.334489596014415,0.0722579838761966,0.194797361103465,0.0168711604014196,0.198085682758254,0.0110039705214252,""
2040,-0.180632545844646,0.0287509754691397,-0.0148074039632737,-0.16668897433878,-0.311628814167766,-0.0465098161725235,0.188413171692244,-0.00202758786602093,0.13110244185012,0.00487001265936483,""
2041,-0.12328488945876,-0.0411508010685936,0.0366478970293957,-0.127787793497958,-0.403843194555806,0.106578145192997,0.0919757284631505,0.0511858680739452,0.086213248049102,0.00200170928338266,""
2042,-0.142676685815879,-0.0039116000760132,0.0513961558327852,-0.0951921300591066,-0.36884810949918,0.170674724356101,0.155496893157837,0.0282028495847017,0.0737988390473976,0.00171821884075588,""
2043,-0.109038598530335,-0.0413400166905233,0.0318578209270673,-0.118520794293791,-0.336402220272536,0.0833283985013159,0.294373719487531,0.0357720310300589,0.0637604905247174,0.00109645741782433,""
2044,-0.178766155168567,-0.0221051283006395,0.00940423801075482,-0.191467045458452,-0.291029707921247,0.0295008616909197,0.274474166480681,-0.00164468131156648,0.0587381580275148,0.000981075646634278,""
2045,-0.166536683139784,0.00329900343359025,0.0136323725332083,-0.149605307172986,-0.348984016365284,0.0401920674491108,0.183888305727379,0.00436642212414543,-0.0369722450276019,0.00036881312666439,""
2046,-0.146507411299842,-0.0699519687603483,0.039329943177286,-0.177129436882904,-0.417176234417408,0.115688944800221,0.245292006805858,0.0771714840960043,0.14890499254734,0.00660424169667925,""
2047,-0.110827949318142,-0.0497489727556591,0.00666045338419822,-0.153916468689603,-0.384281386914395,0.0180828964345154,0.200065888919261,0.0569784157629899,0.13348538845938,0.00506690730186706,""
2048,-0.114687622696262,0.0206444391369016,0.023909094791089,-0.0701340887682712,-0.234670513370402,0.0847706223888898,0.193882471259119,-0.0992942779284349,-0.10489629230025,0.00308964788683735,""
2049,-0.188368637357519,0.00046871359769837,0.00195360538153926,-0.185946318378282,-0.408342284122618,0.00545027456631972,0.181137590433818,0.033310247320228,0.16109462218046,0.00832083223830197,""
2050,-0.158391651692881,-0.02187107082051,0.0297529794271695,-0.150509743086221,-0.401589374583035,0.0835347177221919,0.218967487201974,0.0404048905836976,0.161466152662725,0.0083393596077656,""
2051,-0.106376327040902,-0.0316601636620469,0.0327103380828571,-0.105326152620091,-0.330109986646304,0.0918118062992537,0.22682396208469,0.0217778670480775,0.0644975520057257,0.00115523918300121,""
2052,-0.158282437712395,0.00897535426454736,0.0338163591162874,-0.115490724331561,-0.269453852857876,0.107017161650144,0.200931911899903,-0.0340694678898811,-0.0384703450742407,0.000437057845404505,""
2053,-0.133890764632356,-0.00430711700559872,0.00410619270696303,-0.134091688930992,-0.328633131970357,0.0116612305208093,0.221631971612261,0.0251393955539517,0.114872585912728,0.00368881154895097,""
2054,-0.164912020614928,-0.0348039052794768,0.0134302556183334,-0.186285670276071,-0.376922047993684,0.0358721804090832,0.201234752938882,0.06849986351671,0.061800348300132,0.00108922105989919,""
2055,-0.143929155182334,-0.0388151736589289,0.00113408805721251,-0.18161024078405,-0.391525401530924,0.0031767855589946,0.199593733447918,0.0582447681936988,-0.0429825288232188,0.000482449438991644,""
2056,-0.164770795642866,-0.0140406451617288,0.0100421482151004,-0.168769292589495,-0.36926083436741,0.026556982811194,0.155761297324763,-0.000536967778186259,0.00218798907070702,1.39648708254358e-06,""
2057,-0.143515512815722,-0.0600022866207252,0.0335157626448212,-0.170002036791626,-0.402628055776625,0.0913348136523379,0.217359348363696,0.0664831515319475,0.174368318598184,0.00919730527065232,""
2058,-0.12114958824042,-0.0483523688681962,0.0182737656973869,-0.151228191411229,-0.385743822753566,0.0540319017703968,0.139893385750036,0.0960938403982365,0.224814007532326,0.0126206621899159,""
2059,-0.136743068489877,-0.021738244270085,0.0296297665704625,-0.1288515461895,-0.348434603205474,0.0806852728230502,0.203837130607828,0.0360777865055785,0.0821770316937886,0.00195998973955319,""
2060,-0.126471179896986,-0.0219971699156516,0.0349387806777958,-0.113529569134841,-0.317067781405777,0.105777113629653,0.2192275892729,-0.020814606489063,0.142573541188802,0.00572852007708638,""
2061,-0.131793019053545,-0.0288905170544515,0.0375718391371772,-0.12311169697082,-0.263210121980032,0.124149412884988,0.157273639639138,-0.0423322082101357,-0.0474247082091017,0.000616686967526354,""
2062,-0.150478176065468,-0.0489171107982004,0.0347650912232143,-0.164630195640454,-0.337211075085117,0.107201528883655,0.227496147848865,-0.0305942223038149,0.0742195147335756,0.00144988177217684,""
2063,-0.111731997478886,-0.00408537693091616,0.014201150685462,-0.10161622372434,-0.308401049602324,0.043413690406579,0.239248054296829,-0.0126609141846524,-0.0138268266759735,5.40116387252876e-05,""
2064,-0.11811603041887,-0.0336589634472256,0.0125731368300841,-0.139201857036011,-0.317928439938089,0.0411933116840761,0.166151212645437,-0.0175982328354695,0.153052793832828,0.00561778244532746,""
2065,-0.119153083127775,-0.0205471577303026,0.0275637279798083,-0.112136512878269,-0.368257685404193,0.076526422603511,0.127826821813695,0.0230573724758218,0.163642810749681,0.00758232592222914,""
2066,-0.17423591709181,0.0258991009659786,0.0291927625081033,-0.119144053617728,-0.284921290260451,0.110055284252954,0.192243226166977,-0.0548873705623027,0.100683832940355,0.00301201120883931,""
2067,-0.0921813670987731,-0.0326667219140659,0.0129664007654414,-0.111881688247398,-0.413234937148878,0.0445101682548336,0.127138415728412,0.0408317933727958,0.109628354859018,0.00328750870871546,""
2068,-0.12997855503884,-0.0168230152098261,0.0405498035600299,-0.106251766688636,-0.332543064565137,0.124167066024334,0.1645941168724,-0.00897581334063655,-0.0523241408218085,0.000812371308173857,""
2069,-0.12136374186018,-0.0248543424071963,0.0201088015408237,-0.126109282726553,-0.386705112804237,0.0575765639944762,0.206291976144807,0.0805635231806313,0.0970996296738996,0.00268232781189283,""
2070,,,,,,,,,,,"Inadmissible PLS fit"
2071,-0.150426009678192,-0.021491679281668,0.0368364921829848,-0.135081196776875,-0.233759188512472,0.110468368198492,0.221275565051,-0.0237069419088034,-0.0792851372184325,0.00169372603837507,""
2072,-0.136379536510801,-0.0374990218099626,0.019927448052945,-0.153951110267819,-0.380758588785198,0.0557496230778059,0.249895145297698,0.0670714824055691,0.247318469498214,0.0186546172173748,""
2073,-0.10623102774629,-0.0337317396681849,0.0424496009811808,-0.0975131664332945,-0.295167486656265,0.124294387240116,0.208575364039296,-0.0282072143156071,0.0189531797213156,9.37760567193717e-05,""
2074,-0.15976360739381,-0.0394724863657069,0.0454539345345969,-0.15378215922492,-0.376517965706882,0.120240962070514,0.235595928495704,0.0104596577973654,0.0146618071514016,6.14542321848866e-05,""
2075,-0.148730780627545,-0.0279949177770553,0.0482479065502481,-0.128477791854352,-0.292648963255588,0.169667138474207,0.194855540194567,-0.02985815251222,0.00331561743374288,3.28999924113997e-06,""
2076,-0.135049793344339,-0.0182103507970876,0.0164388823365548,-0.136821261804872,-0.440130861905025,0.0454834917817427,0.141980534566686,-0.0194595086491001,0.281625990286467,0.0244423623255424,""
2077,-0.119830282791853,-0.0479305414965409,0.0130741888553302,-0.154686635433063,-0.327825086725541,0.0388907053497154,0.173163436974042,0.00898236197088314,0.120214552456106,0.00325285851686641,""
2078,-0.180624246570192,-0.0318772097559572,0.0345825600761633,-0.177918896249986,-0.366150684515229,0.100273545507339,0.153966644873957,0.041514681316222,-0.0270792151842433,0.000215891998241091,""
2079,-0.120949488429759,-0.046625924296452,0.0102172472064835,-0.157358165519727,-0.423653616644107,0.0260042249974188,0.245127200740527,0.0013654957011828,0.188103579311251,0.0115462289124476,""
2080,-0.17122593232584,-0.0355608951756805,0.0250730484955528,-0.181713779005968,-0.328804907621031,0.0716691158813798,0.233160715587865,0.0229424644742771,0.11801959877239,0.00400366488375096,""
2081,-0.172144134797116,-0.0184867137565042,0.0242643396645844,-0.166366508889036,-0.280693940178169,0.0811297010357807,0.208531538489299,-0.0146845088113501,0.0926462240010133,0.00217997585842341,""
2082,-0.146815942015801,-0.0504296275996666,0.0269334249071774,-0.170312144708291,-0.420381992009796,0.0759974627796549,0.210976292536451,0.0710938552278004,-0.00454530197895072,5.43575493921454e-06,""
2083,-0.161636347898487,-0.0697555747424278,0.0384982777060943,-0.19289364493482,-0.380236025680172,0.12003218121318,0.176807926101283,0.0468685557440704,0.0678188471323106,0.00124454297374074,""
2084,-0.105631645585635,0.0102355172599569,0.0126578169265565,-0.0827383113991215,-0.349429232409013,0.0444632332195058,0.143608294377036,-0.00306945014663353,0.148140135576339,0.00642548064021787,""
2085,-0.170357280499586,-0.0447002670725668,0.00312067831432031,-0.211936869257832,-0.384029056747095,0.00891557248024616,0.142063122299915,0.0367430711921961,0.0838889635849489,0.00200119562540809,""
2086,-0.135773290666101,-0.0350298946079593,0.0141143377324806,-0.15668884754158,-0.391096443489632,0.0398861985486759,0.157017450689941,0.042336934953717,0.0552631210443666,0.000786781692260215,""
2087,-0.190337291646879,0.0198427537368382,0.0228862183080337,-0.147608319602007,-0.248292096967402,0.067402137923196,0.245693275686361,-0.0291107078770409,-0.0695748892945734,0.00145522080825629,""
2088,-0.159938554545851,0.0318615619436518,0.000629861621010667,-0.127447130981189,-0.386836579307702,0.00166231273803309,0.17766826714312,0.0146223254007972,0.0526989031881544,0.000834854867571678,""
2089,-0.173305711867452,-0.0201832646560931,0.0138767106845978,-0.179612265838947,-0.261005318696815,0.0431571330251343,0.230396785663825,-0.0818940692456976,0.0172755131141243,8.42920758493061e-05,""
2090,-0.106528445787619,-0.0460140177289629,0.0162388921941971,-0.136303571322385,-0.401603139334189,0.0483925906677028,0.20479451635591,0.0946106658656704,0.208488445953135,0.0117715142972471,""
2091,-0.149359894221697,-0.00848149091064216,0.0200817260027582,-0.137759659129581,-0.402683218475327,0.064820195059128,0.224267011726534,0.0704106241272982,0.198993615531494,0.012057432790179,""
2092,-0.114526834057855,0.0175684381483244,0.0259165766379949,-0.0710418192715357,-0.341961225122355,0.0845760258346024,0.107311504010234,0.025423548763717,0.0730147359289907,0.00154778466283789,""
2093,-0.138456435795304,-0.0266920421665431,0.0177343241720273,-0.147414153789819,-0.374660495524059,0.0466594637051781,0.147595940256208,0.0172822447246298,0.0823570065286354,0.00195241115440185,""
2094,-0.149208247217326,0.0111763749657916,-0.00215403879367315,-0.140185911045207,-0.375612578879992,-0.0056435986190914,0.201818503525921,0.0945908759615228,0.150163387782871,0.00654761345014087,""
2095,-0.12694474799867,-0.0130833516767857,0.00870462516137271,-0.131323474514083,-0.324406990834125,0.0261451618760096,0.184369236284139,0.0464671375339121,0.0172510203787309,8.09199683103713e-05,""
2096,-0.166115375362733,0.000300360365733682,0.0121606268233529,-0.153654388173646,-0.405043064130514,0.0326156873419388,0.200832855167673,0.0554385144246545,0.201573136244387,0.0126498739697683,""
2097,-0.107693984470217,-0.0214113223283517,0.0228004235984878,-0.106304883200081,-0.383773848043123,0.0704187576920288,0.0906757625744572,0.05819955684868,0.0553049170923441,0.000869343072234226,""
2098,-0.172849430632232,-0.0164093289392817,0.0458838603819188,-0.143374899189595,-0.385961547658414,0.134633017896638,0.178653971346841,0.030808642605098,0.103052818329815,0.00340965686801594,""
2099,-0.120629254453698,-0.0145738254592445,0.0236764270249077,-0.111526652888035,-0.376193517766392,0.0776139771246621,0.213284289522878,0.0286920810179235,0.133424246921965,0.0054691488807448,""
2100,-0.157127411834815,-0.0267364547908486,0.00290457136512824,-0.180959295260536,-0.380479813572481,0.00914039926846645,0.135945740667003,0.0321574978863859,0.0473781112508576,0.00063817949704678,""
2101,-0.10648719247436,-0.0192871240909481,0.0317425176354509,-0.0940317989298571,-0.299136869122183,0.103175644366362,0.188615001364406,-0.0389118580232388,-0.0773993256501367,0.00164097786584354,""
2102,-0.134454644510816,-0.0377417364769915,0.0138370998230261,-0.158359281164781,-0.375238463346461,0.0386821437351806,0.157444344692509,0.0377051517185196,0.0354773776948989,0.000338573282957815,""
2103,-0.0805333669227556,0.0159961207543071,0.034316859487791,-0.0302203866806575,-0.305518811169794,0.0994212476064168,0.153078005625954,-0.00665631561435886,-0.0380811458764383,0.000396441970541532,""
2104,-0.178139656893808,0.0172025599599559,0.00257536736043146,-0.158361729573421,-0.377744939277588,0.00718736143691519,0.136384780183357,0.00542955329422424,0.0753697778859272,0.001674921544028,""
2105,-0.163695374074822,-0.0420890898064584,0.0240669235007188,-0.181717540380561,-0.372687544162,0.0784786937391763,0.183811212716059,0.0387298597433572,0.131175501512257,0.00448865234181182,""
2106,-0.109647884571833,-0.0469510884100314,0.0216896526485912,-0.134909320333273,-0.373862678678749,0.0582089245490035,0.202613846372258,0.0529661021197638,0.099898307575134,0.00246412949505582,""
2107,-0.131325809520239,-0.0524241247917836,0.0228671614593402,-0.160882772852682,-0.412170197310621,0.0666665612742211,0.118330246518527,0.0801634844422672,0.0990076136323999,0.00261733214137425,""
2108,-0.163030131983859,-0.042959447579321,0.0220466023197165,-0.183942977243464,-0.366564465234617,0.068537985912263,0.236439766386618,0.0163342362746013,0.197387252731464,0.0115698951082659,""
2109,-0.119333479565485,-0.0353710756461977,0.0210638419556839,-0.133640713255998,-0.350454957721648,0.0590606135449175,0.167164173344996,0.029646670680052,0.243340278966222,0.0160047051802022,""
2110,-0.14786380118824,-0.0273786738205646,0.0355159644041148,-0.139726510604689,-0.371453785544846,0.095148038957468,0.22217385722507,0.0540917674281086,0.0949419627659297,0.00247491750030069,""
2111,-0.165822540504655,0.0172723849438522,0.00192494162647379,-0.146625213934329,-0.319510209513233,0.00503136437808598,0.276258589719919,0.0366068198585289,0.0549023626543513,0.000922333772593766,""
2112,-0.106753566943307,-0.0642711961520857,0.0292373586438809,-0.141787404451512,-0.373527325084433,0.0908843095998728,0.174875776411139,0.0159171583447022,0.0948971476177838,0.00219703459662216,""
2113,-0.202936284762039,-0.0196100969647169,0.0541717522918622,-0.168374629434894,-0.411491706283866,0.14762960487887,0.216186831435017,0.0602673675769835,0.0934689129506602,0.00295497742383634,""
2114,-0.182049546589676,0.00657429592626631,0.0113965386353572,-0.164078712028052,-0.325377466237619,0.0416904172674053,0.2314151607445,0.0293249646398891,0.143307089081631,0.00608900960934697,""
2115,-0.123491734809679,-0.051032132728995,0.0328899645163022,-0.141633903022372,-0.41005514806554,0.0947343007363311,0.199930892101009,0.0409700309879541,0.185285651533259,0.0101817540653399,""
2116,-0.144149594422955,0.0285216321709087,0.0244836909501514,-0.0911442713018946,-0.289078470372466,0.069102244972086,0.163948262958753,0.00486353662214574,-0.00760853803554493,1.56679265571031e-05,""
2117,-0.141126982226424,-0.0436323474937218,0.0159009144289769,-0.168858415291169,-0.309028917960338,0.0471173887796664,0.165214841342142,0.00192342192258056,0.0352578832641255,0.000310566970967984,""
2118,-0.117281103865544,-0.0267710516514972,0.0344474477765545,-0.109604707740486,-0.348535145878659,0.0947218599059051,0.19522015879227,0.0426714612332222,-0.00569331156430732,8.96527059257858e-06,""
2119,-0.101909314836943,-0.029326410647775,0.0359916949676807,-0.0952440305170377,-0.32641033852366,0.112849406725017,0.158062335614948,0.0212184635521537,0.0282729468880456,0.00021391803233933,""
2120,-0.14538956946535,-0.0173146825927506,0.00396611411650874,-0.158738137941592,-0.411355939001222,0.0118157230703936,0.171185606586762,0.108455537266591,0.118459093360571,0.00395296072171065,""
2121,-0.146114044762007,-0.01724685430479,0.010989831631933,-0.152371067434864,-0.406600210080803,0.0342181004572131,0.188975175862532,0.0645237551821086,0.139556481461755,0.00576814140399456,""
2122,-0.140499165694155,-0.0147358235280618,0.0236991048905872,-0.13153588433163,-0.366954487416658,0.07034181568881,0.144562317594622,0.053967246650007,0.243873122942933,0.0174623474945365,""
2123,-0.161287669943922,-0.0314893777936443,0.0021354424705191,-0.190641605267047,-0.32569566857728,0.00522872588612736,0.206637555733296,-0.0273630047354249,-0.0349145528498169,0.00032919380587221,""
2124,-0.181923879176292,-0.00212778244027671,0.0224059595464354,-0.161645702070134,-0.406394532605077,0.0740118846663663,0.254702447419501,0.0866998533879601,0.251872678650102,0.0218509931092673,""
2125,-0.101487502902213,-0.0207691855854985,0.0092507571637582,-0.113005931323954,-0.334025557832796,0.0296879608218985,0.156062103154837,5.85431238449026e-05,0.146779029857068,0.00589407490827035,""
2126,-0.139537584995591,-0.020487958568214,0.0219190385206397,-0.138106505043166,-0.328002721858971,0.0696137749216217,0.14470649875455,0.0253179220486942,0.0237812115935021,0.000158678841043463,""
2127,-0.108740938119612,-0.0374172312907901,0.0104399669956205,-0.135718202414781,-0.410398547021919,0.0269850495654718,0.158399203929585,-0.00713855156819588,0.235056103849796,0.0150654847136733,""
2128,-0.136695202700088,-0.00793177877559412,0.0261695297135544,-0.118457451762128,-0.307422718736302,0.0853325068019848,0.19007158279447,-0.0528705317727116,0.0350876058338727,0.000318012977017187,""
2129,-0.108965264404555,-0.0270724423679628,0.0098688629883207,-0.126168843784198,-0.391457068010518,0.0321029800461672,0.199358128147436,0.0862213950421356,0.052506253875358,0.00075657776709671,""
2130,-0.142688462511143,-0.0430842960623496,0.0143513152941997,-0.171421443279293,-0.393473615372892,0.0453469330796185,0.187114375315767,0.077256897303889,0.124595611171842,0.00441481901492695,""
2131,-0.116357961940092,-0.0192753288301985,0.0261865658610591,-0.109446724909232,-0.37551130956169,0.0777229268755715,0.202057675090932,0.0618217612813739,0.074132181356212,0.00160109337154878,""
2132,-0.234517748596283,0.0225759101838418,0.0184796768092215,-0.19346216160322,-0.360948036296034,0.0599292883769171,0.230080623101429,0.0498370802608488,0.162147670599487,0.00858889147757965,""
2133,-0.136640682235137,-0.0564917006364377,0.0491994852440073,-0.143932897627568,-0.378131866961229,0.136880183886608,0.243638115688444,0.0329058964292752,0.0168756213282548,7.51472492406642e-05,""
2134,-0.129425581660362,0.0148199692253252,0.0173858527731047,-0.0972197596619318,-0.344285133833368,0.0463834018542969,0.240161174329281,0.0676298982760754,0.119220525389862,0.00415822324402724,""
2135,-0.0727944514989618,-0.039942333742606,-0.0171741229800911,-0.129910908221659,-0.382981676062745,-0.0512334483612934,0.140411078530332,0.111388689316595,0.286668029271224,0.019853838528249,""
2136,-0.143136359657734,-0.0160653763561071,0.0181617661456551,-0.141039969868186,-0.411231770544746,0.0544286046358153,0.146795336736712,0.0409326926285987,0.203884064851413,0.0127221912728677,""
2137,-0.11863387803369,-0.00954703211121973,0.0093812280019125,-0.118799682142998,-0.290960909558132,0.0244029803689959,0.240025605038,0.00174382766940374,-0.107374929255906,0.00321467485045185,""
2138,-0.147029134986256,-0.00464537984621218,0.0199411516978176,-0.131733363134651,-0.305423933652944,0.0576409737995134,0.205514405394017,-0.0276573820732304,0.0408413325026428,0.00047537658886814,""
2139,-0.155078160970269,-0.0160112125172828,0.0217935436072716,-0.14929582988028,-0.311023787407884,0.0702199918757362,0.233925020364422,0.0262807322914032,0.123361058768105,0.0043538472326535,""
2140,-0.193359374918293,0.0155791076914653,0.0109580307836421,-0.166822236443185,-0.251462881952351,0.0420364634324602,0.190903846442039,-0.115212473523045,0.091231907847915,0.00246993212820779,""
2141,-0.154137131445911,-0.0184206660780556,0.0310085567928171,-0.14154924073115,-0.350493696304901,0.0836430759163053,0.204799366632326,0.0450072357656704,0.266389185886582,0.020984741593275,""
2142,-0.128141540457826,-0.0424504618806885,0.0475731670339678,-0.123018835304547,-0.361718109731834,0.148510676396403,0.194215196034422,-0.0495336232813219,0.157279792849653,0.00687214336458616,""
2143,-0.147166057711577,-0.046599467342794,0.0464572358143449,-0.147308289240026,-0.334049136968126,0.137481100683359,0.228132690165899,-0.0183900994963236,0.088936614636226,0.00237064001623779,""
2144,-0.134580012588208,0.00281209110917649,0.00304854740545134,-0.12871937407358,-0.327146696896819,0.00869432480659722,0.200887101972831,0.0192982805468353,0.0653170686635624,0.00120868680709989,""
2145,-0.174994011398072,-0.0115606468435973,0.0463930614978843,-0.140161596743785,-0.402607658320989,0.145933009665232,0.147764037395475,0.0628070267889716,0.108292908636783,0.00378220094746752,""
2146,-0.138307064811857,-0.0111239042387148,0.038103664271507,-0.111327304779065,-0.346985234501875,0.117994286910435,0.0909207609703556,0.0442659472125937,0.0307403050487707,0.000273659460943653,""
2147,-0.130750009921467,-0.020720216646485,0.0209931521364751,-0.130477074431477,-0.315651214511148,0.0704545436021316,0.157441051226751,0.000932528344553771,-0.0232624613891585,0.000144224760597242,""
2148,-0.151243234927253,-0.0333478073030459,0.0264337277651611,-0.158157314465137,-0.279711698634298,0.0751399561585441,0.260240904142092,-0.0552043528965453,0.0239181448741593,0.000143757071882706,""
2149,-0.199153619510241,-0.00563919651340779,0.0259060050229867,-0.178886811000662,-0.339698413577201,0.0717734122880932,0.149652088958815,-0.0363015321839063,-0.0607889734093075,0.00101641017653704,""
2150,-0.155368724040147,-0.0229736778013848,0.0489957175306494,-0.129346684310882,-0.289897407605534,0.154728033909434,0.208602248972929,-0.0195047032378266,0.0222088003558074,0.000138309255400577,""
2151,-0.102327314938825,-0.0260107094625057,0.0362579493782863,-0.0920800750230442,-0.346509554345891,0.108180312231886,0.144019343247509,-0.00141388837842653,0.0926466464885376,0.00248592376391829,""
2152,-0.134701072427058,-0.0176480374849808,0.0375537894022652,-0.114795320509774,-0.342685019551765,0.111976039990143,0.194105207615324,-0.0174682376617461,0.00958640907822496,2.75743835156397e-05,""
2153,-0.159731015595201,-0.0437013900564989,0.0350923357240619,-0.168340069927638,-0.379613437940168,0.0937242571697403,0.273279842870345,0.0822946391415502,0.145253304176945,0.00631033869645315,""
2154,-0.116255872068203,-0.0246152255213522,0.0216528530721907,-0.119218244517364,-0.36608961819322,0.0638079893123872,0.135484957974443,0.0646400371968161,0.22753778146517,0.0144962894346615,""
2155,-0.135774659422827,-0.0420080120932707,0.0383791921710192,-0.139403479345079,-0.344616420085092,0.125426684349406,0.196901109115936,0.0131394906275671,0.147884149883765,0.0055844911093617,""
2156,-0.124070240609318,-0.0341332673158791,0.0104408429401842,-0.147762664985013,-0.418200343236328,0.028400275964682,0.149065503877122,0.0531825746962994,0.173367759022375,0.00825506342766117,""
2157,-0.0927771540678577,-0.0377812618482685,0.0212407959035778,-0.109317620012548,-0.406063889094275,0.0693271937561916,0.169209729506769,0.0913533602858901,0.145136187790455,0.00628911314941142,""
2158,-0.119910956023093,-0.0134594787252157,0.0371915958187718,-0.0961788389295374,-0.331836025520689,0.124520924102867,0.0999483432845542,-0.0436075673114397,0.0596451860534761,0.00103217571163424,""
2159,-0.114608663365253,-0.0534918792788216,0.0206894874588219,-0.147411055185253,-0.297171858975138,0.0618363220807435,0.234614992584996,-0.0434330985292475,-0.00951486929057708,2.28436529334642e-05,""
2160,-0.110131978520628,-0.0172313035743174,0.0289717863871768,-0.098391495707769,-0.332376450757362,0.0935812090455248,0.148221489905522,0.0407937320348917,0.0530086449614719,0.000801713345737116,""
2161,-0.140759888858187,-0.0467895015347527,0.0197276858868122,-0.167821704506127,-0.391334173669797,0.0658137843377278,0.18458003516481,0.109571141483111,0.151934431638791,0.00641424515954358,""
2162,-0.122224845792138,-0.0213815617731642,0.0398280954206904,-0.103778312144612,-0.432000136690119,0.109923110890481,0.161863233887669,0.103121170329853,0.0863989494822052,0.00217380224523679,""
2163,-0.148504068006031,-0.0358429893899527,0.0287368889694812,-0.155610168426502,-0.384299693506257,0.0779204034968383,0.243979602943106,0.0585275756339773,0.036079948765772,0.000365292417093589,""
2164,-0.117051695071237,-0.0341699638224299,0.0301498748630969,-0.12107178403057,-0.312583634470901,0.106372576694424,0.175385640915276,-0.0535080725324092,0.0782129780029983,0.00167050298750383,""
2165,-0.108876069331686,-0.0671391666907643,0.0316930503230364,-0.144322185699414,-0.402257323488083,0.0890646485428172,0.138494298646665,0.128079618272342,0.300613687523847,0.0210420591735297,""
2166,-0.134859965843362,-0.0062891632736837,0.018607460373882,-0.122541668743163,-0.367707813236483,0.0466489687387207,0.11823554360949,-0.0167864059075372,-0.0617998542233374,0.000998313035233168,""
2167,-0.17986534140581,-0.0360292120725802,0.0530688910420374,-0.162825662436353,-0.368991319459896,0.147122937532597,0.206075061241772,0.0372673591259299,0.12085273502263,0.00442493996619353,""
2168,-0.11410586636637,-0.0187110220451186,0.0419168481665748,-0.0909000402449133,-0.379598558883788,0.137393628277173,0.138923391573741,-0.000174950294977806,0.103333625264296,0.00328130460809813,""
2169,-0.139965862803362,-0.0434898914361977,0.0197383809490358,-0.163717373290524,-0.386147794088607,0.0552994922223633,0.185926127339219,0.0853564828911173,0.155896690022399,0.00628454801896589,""
2170,-0.153150203707988,-0.0388581354273603,0.00849543738707909,-0.183512901748269,-0.404637026218624,0.02666126670239,0.223489102276068,0.0689320164991447,0.0978306092579501,0.00276747238910611,""
2171,-0.142386463305252,-0.0364039455087517,0.0281202355765546,-0.150670173237449,-0.415858488172278,0.0745929501598752,0.18515926474868,0.050751595949041,0.0304455225849119,0.000270848530084953,""
2172,-0.158298759623349,-0.0245815345078696,0.0309813953549779,-0.15189889877624,-0.358332066985726,0.0927808357457681,0.235634977952343,0.042577991085374,-0.0591385653557244,0.00100967393995531,""
2173,-0.165478569531413,0.0198500806297005,0.0163190420847089,-0.129309446817004,-0.384090347528204,0.0426736750225438,0.222760719913753,0.0485778494886796,0.157256218924545,0.00772105156632663,""
2174,-0.109850769261221,-0.0477850871125848,0.0143957010313222,-0.143240155342483,-0.342821603628734,0.0396687883338831,0.208914289474593,0.0532559772619384,0.0389506976172942,0.000351272458682491,""
2175,-0.15373647216601,-0.0391456727365824,0.0211507220087046,-0.171731422893888,-0.416781075869912,0.0537472155696338,0.195523321747922,0.0477917348669889,0.190024690401061,0.0110786007516484,""
2176,-0.164261197037767,-0.00891968456060673,0.0135546200438899,-0.159626261554484,-0.354413370557682,0.0435276346115899,0.187126911811012,0.000367996714590738,0.0259965028396476,0.000197431656549585,""
2177,-0.15629782928332,-0.024718911749967,0.0211819337192358,-0.159834807314051,-0.339079251338882,0.0582731052645445,0.275861753781975,-0.0187391038804806,0.0737627082026319,0.0015057071859141,""
2178,-0.14426452194955,-0.00811179083891623,0.0321300136711657,-0.1202462991173,-0.392342276283631,0.0951102301530182,0.201142652695803,0.0313299272584936,0.125388263629428,0.00478829811470863,""
2179,-0.159304727284412,-0.0273642178479355,0.0207810167990054,-0.165887928333342,-0.362359015555667,0.0593557099948699,0.2548501728559,0.0316097411051773,0.184895635074683,0.0105114734320768,""
2180,-0.183607625867008,-0.0150970660149855,0.0202689883266683,-0.178435703555325,-0.32058195146258,0.0660018293746633,0.238992777311763,-0.0253667285589438,0.164728068215113,0.00811233997498249,""
2181,-0.182127441712745,-0.0235340532819803,0.0205742575691485,-0.185087237425576,-0.356978177888389,0.0567228935225872,0.151556549707301,0.0527430951295776,0.236253380166978,0.0155075163860429,""
2182,-0.115688841345559,-0.033731196721898,0.022829068517328,-0.126590969550129,-0.389453534813481,0.0639549877245933,0.14757173531562,0.0758543751165342,0.0460499916330898,0.000555851569508352,""
2183,-0.153942474567064,-0.00909039828736796,0.0337032145894941,-0.129329658264938,-0.341852346506573,0.101202709712198,0.147308694216446,0.0231646220033787,0.0922440147164688,0.00255493885020859,""
2184,-0.174854607717788,0.0298907992451596,0.00264654570186234,-0.142317262770766,-0.372389307192244,0.00778345708803321,0.134679401522864,0.0522387645869007,0.0919338941675412,0.0025052986907403,""
2185,-0.176611270884425,-0.0377440981600754,0.0225293229955991,-0.191826046048902,-0.40910284317576,0.0695010837555377,0.205606083519937,0.0303243339215836,0.131542812534819,0.00559949218408496,""
2186,-0.125474718336094,-0.0558068370745426,0.039107808306331,-0.142173747104306,-0.490353739740416,0.106334316620247,0.15205949586729,-0.00567494227436745,0.186028676637557,0.0104692978608664,""
2187,-0.148321217529739,-0.0379248980350579,0.0329725936462417,-0.153273521918555,-0.370207746317243,0.0958212676588414,0.209537545011589,0.0395475253137463,0.0336052007701483,0.000331995472065099,""
2188,-0.138011315455132,0.000806661324447014,0.0306304002608872,-0.106574253869798,-0.359548084415426,0.0794634354614823,0.215815935466228,0.0267018045173125,-0.0528214273345414,0.000772149785044988,""
2189,-0.107976639713774,-0.0178836963398065,0.0148219225901589,-0.111038413463422,-0.386645515237176,0.0435639569180851,0.240453988685794,-0.087767397849319,0.216996750804394,0.0141339959356461,""
2190,-0.0974367388388996,-0.0622153723765598,0.0272607794321303,-0.132391331783329,-0.446550855156947,0.0685441912663446,0.221071309054699,-0.0229245729709021,0.266119767247389,0.0215999499356937,""
2191,-0.121129165099673,-0.0367801320625261,0.0172233947168927,-0.140685902445307,-0.367541141767869,0.0485881199319078,0.178080369519248,0.0596775436166938,0.10598218430616,0.00300740542653361,""
2192,-0.16249290844686,0.00377153458381259,0.0219883556552548,-0.136733018207792,-0.27226230758145,0.0732186036082097,0.194729452782247,-0.0528458425807379,-0.0228415477043217,0.000153588336076927,""
2193,-0.136914790195893,-0.0499400675230948,0.0312909001440429,-0.155563957574945,-0.377765541086347,0.0895415699589149,0.152261451633159,0.0390808093009584,0.209647493009096,0.0119578301066222,""
2194,-0.167498953675306,0.00846020109827632,0.030970199787318,-0.128068552789712,-0.301389050367986,0.0943692701296389,0.203772120880523,0.00168689145671885,-0.0595150095024237,0.00105132497169272,""
2195,-0.168060678284129,-0.0466812682906927,0.0229313346882657,-0.191810611886556,-0.429563874860099,0.0606400713062631,0.173279848899786,0.0496867908561032,0.077900716829039,0.00171987626348739,""
2196,-0.140123514981537,-0.038990939404169,0.0199895362562742,-0.159124918129432,-0.378026071961686,0.0651988589264637,0.146101938890942,0.0563340844888961,0.240655226144641,0.0169291357885501,""
2197,-0.128683623783321,-0.0602468404294283,0.01723039981002,-0.171700064402729,-0.408517802118538,0.0518964038188758,0.0978320085129653,0.0586403513957146,0.0878439070673426,0.00198045284139806,""
2198,-0.168753422127017,-0.0314980846559705,0.0342343619037835,-0.166017144879204,-0.388978565222946,0.095603029158383,0.231537247972946,0.00299178806205697,0.229101387100734,0.0164942437007283,""
2199,-0.173361253915252,-0.000486964497241864,0.0260413502002729,-0.147806868212221,-0.340074208817347,0.0854451815375404,0.233962829076893,0.0193580740352871,0.0581788047165747,0.00105324555784159,""
2200,-0.162873983828216,-0.0200055674636433,0.0274755960687777,-0.155403955223082,-0.357895258586059,0.0807547270051632,0.166275315614426,0.0356051601693517,0.00127275062245379,4.69740213043283e-07,""
2201,-0.136412373174564,-0.025293805468413,0.0210221104251242,-0.140684068217853,-0.443063435290903,0.0544562414746402,0.196529980241369,0.0189392086681461,0.190376440144741,0.0107751153222724,""
2202,-0.168595985348639,-0.0270191643788713,0.0299394292294285,-0.165675720498082,-0.290262118432312,0.0857212859821427,0.232983060410683,-0.0153753675599763,-0.0341374174314463,0.00030315210762699,""
2203,-0.137653974035146,-0.0318836450828122,0.0357341021203188,-0.133803516997639,-0.44479833972388,0.0860638937986533,0.191038714886822,-0.0178162905565978,0.234620097372331,0.0167132686873295,""
2204,-0.148726062182262,0.00830888143427203,0.0202207227042974,-0.120196458043693,-0.309815219290181,0.0665439462763034,0.165542514887429,-0.0187211614272502,-0.062918926688421,0.0011387005191907,""
2205,-0.153790203521027,-0.00230218963760795,0.0151385484961212,-0.140953844662514,-0.405252189976923,0.046488259598607,0.179948470195645,0.0574810444471609,0.124732291682153,0.00501231523881546,""
2206,-0.118120275901628,-0.0228638611766681,0.026787229091963,-0.114196907986333,-0.372596300155973,0.0837897751535275,0.150152605836602,0.0911425448735695,0.150500270760958,0.00653927380603066,""
2207,-0.125977918142037,-0.0271782181996134,0.0304689088430966,-0.122687227498554,-0.231603908436804,0.106074343994479,0.212938693141405,-0.0687934872790521,0.0827023456086493,0.00174764379377793,""
2208,-0.157275844319588,-0.0152053028356366,0.0239026530174443,-0.14857849413778,-0.437258439598891,0.0699640596854246,0.161497173886479,0.110515860411997,0.213515728527584,0.0146109144623613,""
2209,-0.144214981791871,-0.0407079321758422,0.0420914869344238,-0.14283142703329,-0.401680875610924,0.110882705091623,0.159692057691132,0.0513305069352192,-0.0027932344439526,2.16909014121738e-06,""
2210,-0.11664454303438,-0.0604474979795005,0.0242033453648794,-0.152888695649001,-0.420340396062758,0.0649459566623172,0.197360232006331,0.0875950865689934,0.202005526931651,0.0117281233656169,""
2211,-0.135025740071135,-0.0464372556301114,0.030856002054937,-0.150606993646309,-0.426912437123086,0.0815601892141095,0.187622137082495,0.0954234464306989,0.149598553650827,0.00594698799190587,""
2212,-0.137129722902585,-0.000731800127996458,0.00572055967404179,-0.13214096335654,-0.325687447488221,0.0165186563998814,0.187554464055698,0.0437078964893599,0.0395194501827882,0.000448208890882362,""
2213,-0.122781762413951,0.00846632596916437,0.000958157221170054,-0.113357279223617,-0.367906199507426,0.00274592986179985,0.125511052850292,0.0301497853728767,0.0754487194719093,0.00160224852107463,""
2214,-0.149277956391351,-0.0339588913648777,0.046414309502912,-0.136822538253317,-0.407790491030332,0.122821768244898,0.189549507213753,0.0772017047819946,0.0739547117702001,0.00163390813469007,""
2215,-0.142143391620199,-0.0219651316139114,-0.0152827792265002,-0.17939130246061,-0.331577113298031,-0.0455652973417002,0.216987856103819,0.0433983606476223,0.162211927754422,0.0066911385167398,""
2216,-0.111535912021082,-0.0241242407895533,0.0195617559695021,-0.116098396841133,-0.348670051859419,0.0629233347395038,0.206308829370593,0.00537126762400254,0.139242674001122,0.00530499129819523,""
2217,-0.159373110126789,-0.0109457561579033,0.0257863916689889,-0.144532474615703,-0.353372811039359,0.0764848497064786,0.172856619398423,-0.0217423697614662,-0.0140017127645796,5.61743406459723e-05,""
2218,-0.139781175583438,-0.0431151459943368,0.0416641287547171,-0.141232192823058,-0.328764157713239,0.14201664113001,0.148515211899506,-0.0574313911372625,0.246235045348578,0.0171621313610001,""
2219,-0.150386950341782,-0.042430746032885,0.0184467673573284,-0.174370929017339,-0.439665540213618,0.0529219619046446,0.164001412757916,0.0228495957338606,0.249598658101161,0.017986836784243,""
2220,-0.170154546581725,-0.0123350774635191,0.00915858092919665,-0.173331043116047,-0.36736595900529,0.0281707740964721,0.199746987357723,0.0461452261419837,0.0494313379969739,0.000721467864253611,""
2221,-0.113373161551506,-0.0536873039663759,0.0196670084252886,-0.147393457092593,-0.38820469644122,0.0628086198564957,0.165072023979256,0.0736164312663922,0.113202882368803,0.00328217539066237,""
2222,-0.133854526309535,-0.0125526264619835,0.028706759903981,-0.117700392867537,-0.256043933932318,0.0975932897784251,0.212831057223371,-0.0898916721214128,0.0465592248842292,0.00058789410559014,""
2223,-0.139378837225243,-0.0329906163970854,0.0317270905850731,-0.140642363037255,-0.383747267692686,0.102982380999396,0.139836571618864,0.067208826160428,0.00645667850956688,1.21891997679172e-05,""
2224,-0.127638675802196,-0.0527579593313278,0.0471195273903869,-0.133277107743137,-0.355376957400247,0.148882345554847,0.184660885972307,0.037118840931007,0.161769540953451,0.00734318620890844,""
2225,-0.14857357883033,-0.0373099153306134,0.0293401720425784,-0.156543322118365,-0.368713883026024,0.0940020807856046,0.162637961234048,0.0596526226438283,0.0670524946777679,0.00123899729146098,""
2226,-0.104312941506299,-0.0303849397327971,0.014706071820465,-0.119991809418631,-0.401621412530348,0.0394958264856872,0.138555893538794,-0.0167900713575282,0.231054530551648,0.0146237546091862,""
2227,-0.145475636931988,-0.00562448923528339,0.0230620536612415,-0.12803807250603,-0.372197405960372,0.0721591323811942,0.159139180726845,0.0569148586437706,0.20553892204895,0.0127538999766018,""
2228,-0.140053040978641,0.0111454618072431,0.0107412798123203,-0.118166299359078,-0.4250907428525,0.0300211237483039,0.150791396198375,-0.0218806329416242,0.0531903775535443,0.000910111510868504,""
2229,-0.143581081012242,-0.021103332855383,0.0291360599620008,-0.135548353905624,-0.409800562081668,0.0879866955200728,0.20324558421055,0.0676284677373342,0.0552520431279094,0.000886249603305415,""
2230,-0.0985773683222463,-0.0388306961871029,0.0232321624494451,-0.114175902059904,-0.408282011127383,0.0653740721023422,0.195595617923797,0.0918037289526439,0.167320034146716,0.00793575044722163,""
2231,-0.157444747858589,-0.00473524029599,0.0109131159180367,-0.151266872236543,-0.280028569048899,0.0315370654912985,0.235554549885071,-0.0520209080855322,0.00623015853474267,1.10760464182701e-05,""
2232,-0.114383997162371,-0.031139625116231,0.0339352849075931,-0.111588337371009,-0.356818976813719,0.105818449571846,0.133674703661516,0.0523771456452823,0.0909012975012056,0.00231136890260961,""
2233,-0.130922738291923,-0.047167876319695,0.0317821272762219,-0.146308487335396,-0.394639106902824,0.091983577702706,0.170115925836877,0.0812150379518326,0.140498801092478,0.00536378572553556,""
2234,-0.169995514444139,-0.0126272184994784,0.0563920629756719,-0.126230669967945,-0.38453092786309,0.151988231843467,0.135043700797769,0.0705093860889577,0.0723146318449699,0.00159198960508051,""
2235,-0.154407611048507,0.0115548107508103,0.0464735050884842,-0.0963792952092126,-0.358879363846683,0.145451737947037,0.148060083433629,0.0153960525940346,0.0775128017491881,0.00184983586386452,""
2236,-0.174430167885154,0.00418899781983413,0.0214237567417607,-0.148817413323559,-0.37864197642009,0.0670807355360414,0.268022721077881,0.0851499350808581,0.237765031336624,0.0189774553847887,""
2237,-0.156971335935316,-0.0093723166173049,0.0272647081739223,-0.139078944378699,-0.329667359418136,0.0914148109075287,0.190654600203519,0.00550307036287811,0.0725984365813317,0.00158677124536635,""
2238,-0.110905813921793,-0.0202508977025679,0.0425052614811365,-0.0886514501432243,-0.399713377382034,0.124835866947698,0.0869684026741891,0.0178468332544341,0.0630873665460078,0.00115173113820978,""
2239,-0.167233180595415,-0.00208924967133016,0.0216614382267424,-0.147660992040002,-0.371161365241736,0.0581614460281139,0.218825479689157,0.0121980081130308,0.102351758633504,0.00335818002466004,""
2240,-0.150104214414627,-0.0162579894668006,0.0162251719224296,-0.150137031958998,-0.352210243141123,0.0506288424787957,0.172672532578955,0.027521281135831,0.12126847254357,0.00432921557049533,""
2241,-0.147263465658568,-0.020385216464977,0.0179752711285002,-0.149673410995045,-0.342341576641512,0.0482129392912742,0.232947590550025,0.0406943826340463,0.102342979212078,0.00303853957819594,""
2242,-0.0970910865788231,-0.0563486515566845,0.0227002174964741,-0.130739520639033,-0.456525902372139,0.0609443063323059,0.1635562635047,0.0901152203415426,0.179866371197937,0.00841965666257239,""
2243,-0.104936007032235,-0.0631624059928577,0.013698038214944,-0.154400374810148,-0.454068304951306,0.0371469613989059,0.162025946724677,0.0383020247888367,0.207879798117975,0.0115038357630289,""
2244,-0.166527760845011,-0.0561034489433275,0.00221443233737398,-0.220416777450965,-0.278706740260588,0.00548564896897738,0.238162682188926,-0.0515006272601959,0.0448156727897277,0.000573442724539079,""
2245,-0.0909643352550432,-0.0436382632509944,-0.0133846746783091,-0.147987273184347,-0.364064854367922,-0.039754813400571,0.170825247977786,0.0626728725235224,0.247174859340888,0.0153937851929723,""
2246,-0.116690814036061,-0.00764052135796188,0.0328300764245667,-0.0915012589694566,-0.339660854271725,0.10155772920596,0.147808088780875,-0.0176315104718637,0.0342376117912497,0.00033688075959711,""
2247,-0.160075232174354,-0.0106817896646701,0.0183005587941089,-0.152456463044916,-0.36132921817157,0.0580440357488359,0.176463759818291,0.0225202846007222,0.0453837442329364,0.000596189275221871,""
2248,-0.113834859887333,-0.0282981185888669,0.0221431320374825,-0.119989846438718,-0.3604637745102,0.0758489285429022,0.17571134093125,0.0623240568180511,0.138512147328177,0.00546096134933725,""
2249,-0.0930900801531499,-0.00591793872218866,0.0208538076635504,-0.0781542112117882,-0.316530480575355,0.0715131170326411,0.149975631685386,-0.0136212959266614,0.0773765011780736,0.00173554369528872,""
2250,-0.105350419100459,-0.0370665043834002,0.0159851329925759,-0.126431790491283,-0.363696786442682,0.0419320309075437,0.159816886253018,0.0442270081410797,0.166452905862409,0.00738132971383465,""
2251,-0.143891904859691,-0.0308024816742938,0.0205158622553913,-0.154178524278594,-0.350502484938229,0.066931698590026,0.170199106901875,0.0578630447343199,0.177468452200781,0.00894939630095669,""
2252,-0.147535337963991,-0.0349427732348925,0.0226949221101178,-0.159783189088765,-0.354342348149205,0.0714245206944564,0.149470279264267,0.0266776689086979,0.0516770503555595,0.000741611581552669,""
2253,-0.183259469318276,-0.0295126591453579,0.0257694175611592,-0.187002710902475,-0.342341681527127,0.0611568842821371,0.240348138163111,0.00686255395731452,0.058849094633489,0.00103228769903865,""
2254,-0.241073730023818,-0.00681287772627224,0.0390217311293576,-0.208864876620733,-0.305501113197487,0.101707703410117,0.276981268619547,-0.027327418211476,0.0586119473568536,0.00109642339190192,""
2255,-0.131385094961532,-0.0319728680900884,0.0165709623888121,-0.146787000662808,-0.370393162684937,0.0499402514166482,0.179838948675456,0.0504175999327422,-0.0329548526007169,0.000307258086282881,""
2256,-0.114844006843937,-0.0583881070896227,0.010649430158305,-0.162582683775254,-0.399642021554498,0.0266307441944544,0.20555756824253,0.119337716450863,0.107368935044789,0.00293372373116082,""
2257,-0.160743152591795,-0.0222123969602539,0.0206725484181745,-0.162283001133874,-0.403344634346164,0.0598767027067035,0.147933832755819,0.0422300792366916,0.148803604302284,0.00652560733899576,""
2258,-0.1698235930373,-0.0316564122803168,0.0396267346260814,-0.161853270691535,-0.353481839680179,0.114065715156331,0.172159735440398,0.0286178438974328,0.105072275804611,0.00320964587854188,""
2259,-0.164965338845592,-0.0229429168682261,0.0282119072475326,-0.159696348466285,-0.281238443157783,0.0778404313115926,0.210695841070569,0.0155711815581792,-0.0546539002761053,0.000837991848309297,""
2260,-0.13217051097794,-0.0149031845626113,0.0154929015176482,-0.131580794022903,-0.368677146826961,0.0463283892139505,0.184218429723008,0.0407461050126892,0.187799136078863,0.0106770085975141,""
2261,-0.168972152415048,0.00152920243306273,0.0306229749032664,-0.136819975078719,-0.289892414538311,0.103741397855626,0.153449323644715,-0.0498163613347502,0.0505507140795859,0.000746766459651958,""
2262,-0.169669772956577,-0.0202096690010663,0.0140132737381557,-0.175866168219488,-0.360415010106005,0.0378374172346345,0.231265794056522,0.0575541800065509,0.073492893988034,0.0016332672310763,""
2263,-0.15811759742115,0.00688980356736134,0.00778478357698646,-0.143443010276803,-0.363562040876491,0.0234878657594056,0.142571636781731,0.0450602235241588,0.142534925940515,0.0059974412593028,""
2264,-0.119566396070648,-0.0320705415248498,0.0145305746746559,-0.137106362920842,-0.293309401960793,0.0413652472456447,0.199788328971447,0.00729428236133671,0.00399061700057452,4.05602020802177e-06,""
2265,-0.144368307711357,-0.0224381839302953,0.00879783468218917,-0.158008656959463,-0.414954069001596,0.0241636270705827,0.217251638876135,0.0374454089952363,0.113337334449927,0.00387995653908013,""
2266,-0.109369836939061,-0.0353384116254002,0.00071034098729908,-0.143997907577163,-0.446507553685517,0.00205656251458658,0.137951140692303,0.121153681337671,0.191867162791911,0.0105079543404654,""
2267,-0.189947923956754,-0.00421458465933781,0.00434077000780589,-0.189821738608286,-0.314193256900765,0.0133932910929662,0.241648939824336,-0.0212120220484565,-0.0443532588958167,0.000591119619872985,""
2268,-0.157777455667973,-0.0197801207692406,0.0381170763946019,-0.139440500042612,-0.290376235682925,0.114361120624359,0.194679245237913,-0.00528299872040736,0.0702104165737306,0.00138418412105967,""
2269,-0.107913310743625,-0.0451160044404579,0.0163246595788366,-0.136704655605247,-0.360836447743304,0.0486361419527825,0.241060780846467,0.0380253037924272,0.168946652149868,0.00852658178661665,""
2270,-0.117367006891017,-0.043496092564514,-0.0126912265876578,-0.173554326043188,-0.31263415847853,-0.0352769833527015,0.240209017963242,-0.0106053685159591,0.108557672483033,0.00279185322606699,""
2271,-0.141443521591011,-0.0236261640062097,0.0330848742164248,-0.131984811380796,-0.365849813079144,0.0982680946959398,0.111886994441316,0.0649305116323022,0.136384457421858,0.00544497213648103,""
2272,-0.112965963814805,-0.0107179773447405,0.0155474416952445,-0.108136499464301,-0.320994087861197,0.055664799257634,0.145907614144793,0.0191898558863181,0.0500215303268592,0.000674165771443016,""
2273,-0.155408275148579,-0.0210201428869194,0.0234003004179372,-0.153028117617562,-0.306475948266285,0.0692599964351786,0.160779250331669,0.0081017320663931,0.129718386172552,0.00465098873888501,""
2274,-0.121006162772922,-0.0329293218892376,0.00872306732627854,-0.145212417335881,-0.341220276148605,0.0254305070743167,0.196074913140153,0.0789616298259473,0.222419051314635,0.0118808436521532,""
2275,-0.15198359089144,-0.0419885109589476,0.0410278179614817,-0.152944283888906,-0.360413726384233,0.114329042585576,0.209965770834043,0.0351633933094466,0.00996212169717053,2.8346461112774e-05,""
2276,-0.141574317659614,-0.0299277182341731,0.0361937160752561,-0.135308319818531,-0.395300527851453,0.0994956176004211,0.176085814193247,0.0565561554718247,0.0845648488997975,0.00205954774296492,""
2277,-0.107619760960388,-0.043161909142368,0.0342338690815947,-0.116547801021161,-0.275370535291812,0.116438624412161,0.144982926141868,-0.0506254432694271,-0.0837953114797568,0.00162128743457672,""
2278,-0.168132335759788,-0.0168166508939112,0.0272790259862324,-0.157669960667466,-0.354906033462304,0.0774602779891399,0.240882303849279,0.00654982960938849,0.0662628942815381,0.00135885166830249,""
2279,-0.143764259552125,-0.0218973381765526,0.0386064994863686,-0.127055098242309,-0.348853358953674,0.114936158364431,0.154269832609654,0.0298956950414264,0.0159876542541614,7.37712053012283e-05,""
2280,-0.127083892071794,-0.0465785344883272,0.0190197274950047,-0.154642699065117,-0.369964508021922,0.0544471307074765,0.162880788721624,0.051600173075926,0.0611365673974358,0.00100158150552843,""
2281,-0.125660022783072,-0.024701774633329,-0.00931654446917925,-0.159678341885581,-0.390446314820286,-0.0278451485465315,0.205969975489717,0.0977123676635124,0.312792144287377,0.0264137942734874,""
2282,-0.170143827326525,-0.0187600874308265,0.021040378863365,-0.167863535893986,-0.361766792080197,0.0531820252379181,0.228921097010749,0.0873683080409326,-0.0554729592809738,0.000843874987570715,""
2283,-0.16056035216724,-0.0327811774747262,0.0307103872587842,-0.162631142383182,-0.328269062372536,0.0953831520800481,0.17405120569001,0.00624719017925899,-0.0312377386998513,0.000256259992408624,""
2284,-0.188863666290372,0.0194772246917586,0.00863575601577815,-0.160750685582836,-0.18532340922671,0.0243075090791121,0.233709671967376,-0.0588651892186986,-0.122482274254698,0.00416252310939081,""
2285,-0.125850408940707,0.00947379044192597,0.0293566628158698,-0.0870199556829112,-0.382277562033478,0.0846869645693336,0.136770100512845,0.0644376976901641,-0.0284820441925477,0.000232151305688954,""
2286,-0.178684372159466,-0.0622966241538172,0.0419574255750842,-0.199023570738199,-0.348134041297817,0.113958552253275,0.170965742324536,0.0234489071327117,-0.0850433124353427,0.00171604829856125,""
2287,-0.14770068581126,-0.0289721841409718,0.0250823408895492,-0.151590529062683,-0.278483876228549,0.0689130599740808,0.290073589781433,-0.0240674248079595,0.100424821119417,0.00288001776742911,""
2288,-0.184678594264041,0.00335224180802534,0.00805470243705604,-0.17327165001896,-0.350885656526347,0.0198076381755935,0.226324989690969,0.00488746717487324,0.140034543945651,0.00590670368571944,""
2289,-0.121876257077428,-0.0153063062864273,0.0335460706828834,-0.103636492680972,-0.33352781964341,0.102740823056871,0.208753152785639,0.0588339131019582,0.144205049115701,0.00615797676635738,""
2290,-0.188054807227778,-0.00856055331656874,0.0442434695523178,-0.152371890992029,-0.32318759654883,0.130617718613989,0.201977090722027,-0.0347489810780006,-0.0925403241288572,0.00270663001113102,""
2291,-0.113260290602401,-0.0267653792803676,0.00906155919302997,-0.130964110689739,-0.406335575322799,0.0300211545895601,0.216193779214095,0.100577284731457,0.333366272489735,0.0347090008034711,""
2292,-0.129397992120065,-0.00884696460092868,0.0324905746564455,-0.105754382064549,-0.317224774646722,0.092830552525811,0.163036122632437,-0.0294673794676196,-0.1284318560264,0.0045829475677084,""
2293,-0.126466268480559,-0.0352157938552197,0.025694158128956,-0.135987904206823,-0.34739235516738,0.082012929924139,0.162783347653009,0.0635818345037229,-0.0150591266069368,5.94989294692396e-05,""
2294,-0.144803597633026,-0.0325771708518885,0.0361125954046454,-0.141268173080269,-0.355682906694382,0.105538085876229,0.133290080769534,0.0314521403657625,0.130612407925833,0.00478587850084336,""
2295,-0.175945262829983,-0.00799734938729163,0.0135861237964809,-0.170356488420794,-0.35108671495426,0.0412654037586334,0.260139663587602,0.0310930837623436,0.269998693510059,0.0240696285682252,""
2296,-0.18506183341402,-0.0133518129765478,0.0239829524878932,-0.174430693902675,-0.353181714704748,0.0680992311526498,0.197769527250084,0.0553811966842682,0.127197192791715,0.00475941421130717,""
2297,-0.157127906758366,-0.0322302451422075,0.0217956247572515,-0.167562527143322,-0.304104604842412,0.0760649853369577,0.161193218148437,0.0216561308504856,0.0923720105702057,0.00213420771071594,""
2298,-0.150347604477691,-0.0341719010601932,0.0301144797174315,-0.154405025820452,-0.381967709090338,0.0848744631099008,0.174692774099959,0.048691273488232,0.0580398341755037,0.000908973563166674,""
2299,-0.169861978174869,-0.0256669132327488,0.0335154091969315,-0.162013482210686,-0.392325498887121,0.0823411143036631,0.202617465811069,0.0904287334997351,0.235508704246863,0.0156246650450124,""
2300,-0.117055427128297,-0.0493311085803919,0.0119760763500343,-0.154410459358655,-0.377851037215944,0.0357902160884628,0.154696547154358,0.00999917339027481,0.135443029220226,0.00480811425404802,""
2301,-0.161603870722019,0.00448420022961358,0.0231234601813083,-0.133996210311097,-0.364438913796184,0.0703190968937862,0.194343509259432,0.0900941393067838,0.120220324451214,0.00430119744582466,""
2302,-0.132323209918711,0.0198448306698381,0.0124935342151786,-0.0999848450336945,-0.389351025346873,0.0336666317161484,0.19642642933492,0.0201503967244375,0.118336092340698,0.00439412327589832,""
2303,-0.110607663124535,-0.034753362669294,0.0308126277277681,-0.114548398066061,-0.310852744609226,0.0935436025376228,0.265884786609311,-0.055085664243081,0.048996877120002,0.000644247695258201,""
2304,-0.121606141829397,-0.0257549287043477,0.010159092026112,-0.137201978507633,-0.354746871140111,0.0302682634302419,0.169084100082027,0.0818092938416962,0.220225120888815,0.013116121541403,""
2305,-0.133575805879543,-0.0216785372771582,0.0370711356798465,-0.118183207476855,-0.330693388646971,0.111994877418686,0.135100661892764,0.022279436583961,0.0260060385456519,0.000183974247834931,""
2306,-0.128208596021722,-0.0549390017887872,0.0369817101928721,-0.146165887617637,-0.36023016870426,0.124025862642948,0.151706272781188,0.0733949792849549,0.103340528948909,0.00294853648492517,""
2307,-0.151161625536864,-0.0490413265382008,0.0426666783142536,-0.157536273760811,-0.37213510826627,0.130948098668555,0.191316311902326,0.00539912055457349,0.0484878419891688,0.000639792719260342,""
2308,-0.0712127198933027,-0.0293247151075736,0.034898143289703,-0.0656392917111733,-0.29225396900111,0.10376120098208,0.217419884128642,-0.0127024861603694,0.127354670762747,0.00397080306720164,""
2309,-0.121011022887187,-0.0170159227404841,0.00976506722939589,-0.128261878398275,-0.416211681279749,0.0268751597996713,0.154602985894727,0.118272859561306,0.191612059370313,0.0101759147282381,""
2310,-0.0747421604118853,-0.049174003311012,0.0168612813228761,-0.107054882400021,-0.401761613882234,0.0458949950278179,0.132018415454596,0.0679710175578788,0.259807469083953,0.0179246816105404,""
2311,-0.148383515074593,-0.0435879221986314,0.0106167266216806,-0.181354710651544,-0.422902562780207,0.0285563725402016,0.137866213438632,0.00762567909736045,0.102741901544767,0.00297791768833028,""
2312,-0.13600003304622,-0.0395636547852092,0.0153754627489931,-0.160188225082436,-0.375370873511951,0.0412166202288933,0.20234252065942,0.0467453375870757,0.0864036963431709,0.00192665055346158,""
2313,-0.163832376827909,0.00101020869158861,0.0400999293060403,-0.12272223883028,-0.301284802337883,0.125576888937334,0.206459404951974,-0.0211035479958505,0.106623596020879,0.00341956192407737,""
2314,-0.173509961074803,-0.0112257440798094,0.0175100436497624,-0.16722566150485,-0.352311222724461,0.0514933321629323,0.263180303992068,0.0356083522043157,0.179942092760581,0.0105798071734204,""
2315,-0.173456880987363,-0.0159058534669088,0.0198320095634945,-0.169530724890778,-0.302445784276013,0.0613841298098036,0.187579307706709,-0.0275099989927954,-0.01462300156169,5.94114458143842e-05,""
2316,-0.122648635770051,-0.0313918114336456,0.00317578956802346,-0.150864657635673,-0.398086562635883,0.0097329512680824,0.206629039148022,0.0563107545055849,0.062558939715765,0.00106390548787156,""
2317,-0.184333030843408,-0.0180284681007791,0.0363319069002416,-0.166029592043945,-0.363556318851331,0.113325332451079,0.238506998475328,0.0351533144375078,0.112467538211033,0.00408113509192881,""
2318,-0.115268224385334,-0.00642283182076508,0.0179552475066659,-0.103735808699433,-0.366750605059675,0.0477278988462807,0.194447877537564,0.0341578624559453,0.0675443623611756,0.0012862152244851,""
2319,-0.0963709685766748,-0.0352691840719669,0.0286761144595749,-0.102964038189067,-0.322134161719633,0.0853200106404989,0.155881395822621,-0.0525121319208583,0.130388314597745,0.00427001124743294,""
2320,-0.136325771481809,-0.00149808050058431,0.0152291729271943,-0.122594679055199,-0.36782434319833,0.0454950542379363,0.24360768762784,0.0778570782678904,0.147202349713169,0.00655246386158764,""
2321,-0.120571706003395,-0.0260201554578257,0.00451592817938069,-0.14207593328184,-0.35905130544616,0.0111967384113069,0.188703434806329,0.0141776765309907,0.146777690479253,0.00570980257026806,""
2322,-0.0765407682877198,-0.0651132961400603,0.0153016329044485,-0.126352431523332,-0.411557537167169,0.0414705939073709,0.216289169577126,0.0968468762627217,0.283891445486979,0.0195865975991186,""
2323,-0.152732421373077,-0.0280146723669338,0.0350012777483231,-0.145745815991688,-0.376343484854976,0.0992114704868862,0.119131149421004,0.0689592494031805,0.137336040837312,0.00555503030523324,""
2324,-0.130687486891287,-0.0344939878595636,0.029045068490614,-0.136136406260236,-0.359911728942173,0.0768292888141134,0.184292011006796,-0.00181289688008356,0.0704213105143638,0.00140642703654541,""
2325,-0.15122482830845,0.000923972931504999,0.0205565036136355,-0.12974435176331,-0.394323960862912,0.0677530274476046,0.156087774326978,0.0312448403545583,0.0542770350092719,0.000858160634388581,""
2326,-0.160934647194055,0.0182699446078956,0.0106070654528613,-0.132057637133298,-0.325447681453803,0.0299093601540495,0.202095101150788,0.0482329192063622,0.0522604704522922,0.000781923874078327,""
2327,-0.139553632859425,-0.0125540222301347,0.015248120193618,-0.136859534895942,-0.285039630771038,0.0491379178797235,0.175359485891318,0.000507934392242346,0.0622302520620021,0.00110467078594605,""
2328,-0.132945224354576,-0.0393970674098597,0.018766622906446,-0.15357566885799,-0.411718247864664,0.0593936298720817,0.132747200034074,0.0979630369982674,0.20611128081572,0.011787567511961,""
2329,-0.141152928386333,-0.00643843608982464,0.0283939053573417,-0.119197459118816,-0.380662223848952,0.0870456458954177,0.160092415881105,0.0533212638510855,0.103207727991372,0.0032550076091871,""
2330,-0.136942586791145,-0.0429813788520728,0.0405941278101124,-0.139329837833106,-0.286415401893315,0.11633937248437,0.231728523386575,-0.0553493350640097,0.0630382891181176,0.0011454008778628,""
2331,-0.139285130307733,0.00655987353000575,0.0517540514809505,-0.0809712052967767,-0.331850890680416,0.169696863969721,0.181155663203589,-0.00684315041881018,0.103355307270715,0.00335603157907003,""
2332,-0.106987260695885,-0.0505471857960224,0.021820089076703,-0.135714357415204,-0.414661314259676,0.0612532032864369,0.172177868729023,0.0470555036503728,0.149062744991556,0.00661561769788637,""
2333,-0.113454457053631,-0.0625079518523535,0.0178831761870899,-0.158079232718894,-0.38097970127863,0.0510115467967519,0.204120373973414,0.0294085955396552,0.0904143349577534,0.00210899899978086,""
2334,-0.106783559586501,-0.0382542225500697,0.0241092788203216,-0.120928503316249,-0.323113540627485,0.082041497562451,0.171816843406458,-0.0467631270852752,0.0957925825050486,0.00237818000074758,""
2335,-0.127988684236641,-0.0396614316384339,0.0279344618121414,-0.139715654062934,-0.385814992380797,0.0745523066981401,0.182462903237718,0.0501989876936656,0.102056452918566,0.00262995247502732,""
2336,-0.152162272451886,-0.0107249251428015,0.0263659799964155,-0.136521217598272,-0.298165073695455,0.0824864553366053,0.185033973171745,0.00846447780148431,0.152715960711906,0.00648950757004637,""
2337,-0.113483477752474,-0.0498639076974024,0.0320515329161344,-0.131295852533742,-0.413780781179916,0.075011015922714,0.230482960608788,-0.000199563442668761,0.129274915800898,0.00457881403988389,""
2338,-0.175251869588256,0.0128412717896197,-0.00761526350415985,-0.170025861302796,-0.285995140565972,-0.0204188147747496,0.187943288227172,0.0288331532696717,-0.014502280192732,5.75563878761826e-05,""
2339,-0.105873923983844,-0.0469499871168912,0.0374171456476623,-0.115406765453072,-0.369570968295142,0.103796245442885,0.207977823032391,0.0928481324158521,0.159592231783758,0.00696061858317811,""
2340,-0.21287551944122,0.00426569951072569,0.0497665161597759,-0.158843303770719,-0.248238704972057,0.153413447570285,0.227695448247744,-0.0384835203031175,0.100434460059174,0.00306293012265215,""
2341,-0.124064756008083,-0.0604736981380753,0.0234098267949482,-0.16112862735121,-0.43227235342614,0.0708657242114938,0.113762254193078,0.090563913753034,0.132462522045378,0.00471803127681245,""
2342,-0.11160051609102,-0.0136075421883976,0.00927623911905768,-0.11593181916036,-0.371420055987777,0.0264681151794641,0.190208156569467,0.0435113363736798,0.189362411156007,0.00998823600859122,""
2343,-0.142522623856871,-0.0464564922433849,0.0205900048290319,-0.168389111271224,-0.27130784868953,0.0680981709994344,0.152284600254637,-0.00546374215224394,-5.77990798367831e-05,8.0855804033178e-10,""
2344,-0.120134852638211,-0.0164120576687147,0.0220141377165865,-0.114532772590339,-0.296242438798127,0.070296027507732,0.180576055623448,-0.0729206327999453,0.0976052272082798,0.00260591812316325,""
2345,-0.139022639922073,-0.0617026692351807,0.0108435160797812,-0.189881793077473,-0.403332967297787,0.0301988621664216,0.180840610021172,0.0493744344529762,0.0464064312833094,0.000540877987944313,""
2346,-0.155150246461691,-0.024727711723655,0.0119886063741264,-0.16788935181122,-0.358299910908189,0.0326204082020461,0.176146950942586,0.0314486961753344,0.136022894025785,0.0050261152603866,""
2347,-0.162931081606209,-0.0345764464070685,0.0237534266642653,-0.173754101349013,-0.3696036785009,0.074757107576538,0.164341303969537,0.0693302232284456,0.0361781604355954,0.000338144679206512,""
2348,-0.122865414921108,-0.0538451654312344,0.0318320806146551,-0.144878499737687,-0.330866475100655,0.0998719800445435,0.129345261465086,0.0367122524781094,0.118487050679583,0.00369256735677252,""
2349,-0.132983300772204,-0.0716223764694304,0.0337427109065984,-0.170862966335036,-0.402615248331072,0.100367809016613,0.208046535250338,0.0718688387304845,0.143620363699621,0.00529360465968336,""
2350,-0.184945787145484,0.0279217299951448,0.0125400793072185,-0.144483977843121,-0.352659616218797,0.0360250286509109,0.152773061907579,0.0379622291753394,0.0366496906452529,0.000396008034027136,""
2351,-0.179017545527376,-0.0140871640590171,0.00255832782764469,-0.190546381758748,-0.336624550497756,0.00794831793890624,0.247549207534981,-0.0238535806277888,0.0308903290727583,0.000286162091960853,""
2352,-0.190475789986306,-0.000267355113534675,0.0290734140482545,-0.161669731051587,-0.350449872766957,0.0906246592491867,0.255590306531486,-0.0107024980367559,0.132909025701816,0.00586118617364577,""
2353,-0.150709566793114,0.0359690064043515,0.00679109929002451,-0.107949461098738,-0.370560146611291,0.0193421849517822,0.21113136282154,0.0352348769930821,0.0243759639893897,0.000182569281091112,""
2354,-0.166276214675238,-0.0318833336167177,0.0342289078684374,-0.163930640423519,-0.373534542385293,0.106714680533084,0.18350275980574,0.0268733398196875,0.107276787105807,0.00358708106161815,""
2355,-0.147582798912908,-0.0532069626027136,0.055434377069036,-0.145355384446585,-0.385902535479343,0.158984925877978,0.128719142678201,0.0449152386201631,-0.0263673933867284,0.00017166152505479,""
2356,-0.18442202324875,0.00561120561412469,0.0431971118343007,-0.135613705800324,-0.366979213614236,0.129945414663581,0.177410082377549,0.0289613792033205,0.131359253440988,0.00554039542472559,""
2357,-0.11019862626398,-0.0314701612361264,0.01911905644008,-0.122549731060027,-0.337401690849733,0.0624852572927759,0.151319710913319,0.0250385494764396,-0.00646000575819771,1.15014491767698e-05,""
2358,-0.155462075653888,0.0276719605143002,0.0112615398043036,-0.116528575335284,-0.341002610161371,0.0313868575812224,0.205737915822442,0.032463302570238,0.0855933201567366,0.00219987091873535,""
2359,-0.143656833435643,-0.0134234260643091,0.0117621142570542,-0.145318145242898,-0.278772417592182,0.0323168779731244,0.259990945486893,-0.00196004696643345,0.0531632828457071,0.000806741760527526,""
2360,-0.152135633025503,-0.0391097627957507,0.0285461861345327,-0.162699209686721,-0.365194590249721,0.0899103928133184,0.212228703097101,0.0590220054728059,0.181803849848037,0.00993430071803157,""
2361,-0.173282312692847,-0.0202101559215522,0.0106403679519472,-0.182852100662452,-0.281643515443998,0.0356008463254143,0.228348067860548,-0.0238714102445739,-0.0242515903042262,0.00015272427693055,""
2362,-0.132877100782979,-0.0926311080324886,0.0463802021927729,-0.179128006622695,-0.451109898410083,0.123057114072359,0.232994023600069,0.0503996414454276,0.26986844812247,0.0202644415999243,""
2363,-0.117314155468936,-0.0526452468112833,0.0126973223998319,-0.157262079880387,-0.387864701710808,0.0374052052022194,0.211653436376235,0.0581222381712877,0.14456337839664,0.00562110475422434,""
2364,-0.161900959789891,-0.0303380803335978,0.0392730584951884,-0.152965981628301,-0.422138699510897,0.106804316659726,0.217350514610805,0.0936389531079613,0.0884299213177093,0.00236786773294359,""
2365,-0.176786073532425,-0.011557421315684,0.0207969124947172,-0.167546582353392,-0.304541723961806,0.0585780247989821,0.15087882073381,0.0192903740822967,-0.0521315627598639,0.000735683919726059,""
2366,-0.163153215510975,-0.0312068653084293,0.0262146800859671,-0.168145400733438,-0.297465861770355,0.0943686903795647,0.205965361730699,-0.0258903248124454,0.0949775162430174,0.00257892742715161,""
2367,-0.134566734256319,-0.028080717754627,0.000340525401861672,-0.162306926609085,-0.413250885373789,0.000837546602060549,0.205748860368176,0.0370469446507636,0.130212192742735,0.00477849472638347,""
2368,-0.13064351075208,-0.0225758250028435,0.0198739489031466,-0.133345386851777,-0.381768010471087,0.0580457219858475,0.158327440882072,0.0582675291353612,0.0481800780032323,0.000635228266189889,""
2369,-0.186676708161198,0.0307002664601271,0.0178527960562746,-0.138123645644796,-0.327844074239459,0.0486058851852683,0.14428990367161,-0.000443351448876446,-0.0510381764788649,0.000766253068428895,""
2370,-0.162570965335555,-0.0253249788449842,0.0321926819450082,-0.155703262235531,-0.278181255988539,0.0968480894024213,0.213299254666425,-0.0334727000853298,-0.0401654081461128,0.000453046772455922,""
2371,-0.195429449779922,0.0056280908516031,0.0163069654809612,-0.173494393447358,-0.392524948488787,0.0462098122578644,0.208659237421827,0.0505891109820295,0.184109201842731,0.0111170573272372,""
2372,-0.123405773428578,-0.00889793126108572,0.00199360669437334,-0.130310097995291,-0.317717847541928,0.00528688630329281,0.2088656285201,0.0242121555254596,0.0815050692199943,0.00192491232590038,""
2373,-0.126914855982188,-0.0571370308336595,0.00932289553265703,-0.174728991283191,-0.393973225024852,0.0282126368337064,0.149775128640512,0.0177149889582874,0.193958458594132,0.00965397491150748,""
2374,-0.168823571897315,-0.0426909160751873,0.0464756630868593,-0.165038824885643,-0.316638609976305,0.131699737440362,0.159752872223606,0.0333650156095122,-0.012700585813886,3.91819763701412e-05,""
2375,-0.14595496225898,0.014944959388706,0.00854890716089499,-0.122461095709379,-0.333433706998615,0.0255137226216495,0.170067958383925,0.0386853264733076,0.11427427488037,0.00374866481680701,""
2376,-0.167673660707828,0.0119770355398757,0.00618619609311674,-0.149510429074836,-0.260018571600989,0.0179759940004027,0.223691141191078,0.0156819112820254,0.0260259701146148,0.000197599348424846,""
2377,-0.0960175357418731,-0.0436352362535479,0.0231483423307323,-0.116504429664689,-0.483728600696445,0.0628439544584699,0.204731986261521,0.0621699499331918,0.20973346036779,0.0137222288575152,""
2378,-0.118976967414426,-0.0567484989182764,0.0359202732873554,-0.139805193045347,-0.429223929831989,0.0967332075141602,0.156325064328407,0.0385334124566604,0.195643439621309,0.0107002828527252,""
2379,-0.14638178601639,-0.071690436024204,0.0153596434308327,-0.202712578609761,-0.419853527462875,0.0435492835841779,0.174396047940937,0.0485813418875215,-0.0627444303316388,0.000917643220668866,""
2380,-0.174696761071237,-0.0135237518686158,0.0279348602192854,-0.160285652720567,-0.429638347354712,0.0757459683572855,0.170522292653506,0.032690602832913,0.0252126888322029,0.000192766274462271,""
2381,-0.164805659203827,-0.00123203844414964,0.0219354422294441,-0.144102255418533,-0.351474519495569,0.0637332620545929,0.259090342647854,0.0332815225042744,0.16208005170384,0.0086257265075438,""
2382,-0.144177531795183,-0.0167756968732363,0.0215309781453226,-0.139422250523096,-0.348751291892819,0.0783326542789081,0.188837935048721,-0.0485334618499153,0.154085436105964,0.00721537786414662,""
2383,-0.15296304744663,0.00539354269140654,0.0330744971777348,-0.114495007577489,-0.338304841226508,0.08722685603117,0.191067517083586,0.0541924858994841,0.0157063425640324,7.28494888665391e-05,""
2384,-0.10059357517139,0.022205857961409,0.0165981343399411,-0.0617895828700396,-0.275764156742791,0.0484911792468871,0.136236561859884,8.44487008901961e-05,-0.120341593373019,0.00391566287295427,""
2385,-0.0962610949516944,0.0406964359745499,0.00849246587142883,-0.0470721931057156,-0.223013821685874,0.0274606975998357,0.235035041541318,-0.127109147250346,-0.025285304229469,0.000173086654110307,""
2386,-0.121780975807341,-0.0248419605162442,0.00921028454058757,-0.137412651782998,-0.343348411937543,0.0293207887058552,0.239644491047341,0.011607727582178,0.00840627400526951,1.96835395838845e-05,""
2387,-0.10780941539892,-0.0379741262818213,-0.00672086978503097,-0.152504411465772,-0.366519131145953,-0.0174524293261403,0.200918421268295,0.0263053436157915,0.0563487679443971,0.0008240470814143,""
2388,-0.122975934536677,-0.0147252202823463,0.0441182975224115,-0.0935828572966118,-0.320373456281585,0.125676764841449,0.181894581165328,0.0324056171295174,-0.0513431212813178,0.000717274784351084,""
2389,-0.160749859423631,-0.0129518596192336,-0.00170104201248709,-0.175402761055351,-0.416951497780496,-0.00501265948026675,0.147130602877787,0.0365290185772991,0.178063870689425,0.00954591077351792,""
2390,-0.140710733359355,-0.0430845506281789,0.0133226911664196,-0.170472592821114,-0.34909501142685,0.04376420877745,0.242091098743455,0.061917144234781,0.223960072981104,0.0142303165560326,""
2391,-0.136543749566784,-0.0622319062891268,0.0187756894206882,-0.179999966435223,-0.389551920297954,0.0597852813420489,0.230648985258782,0.0631210365038861,0.185574022064917,0.00922167226133922,""
2392,-0.142109507919216,-0.0292536242680905,0.0314955008322629,-0.139867631355044,-0.259371337084345,0.0954888385077897,0.205894591721279,-0.0169548213260096,0.134055187295328,0.00433980905969529,""
2393,-0.084475070801767,-0.0532487944458873,0.0152252300567356,-0.122498635190919,-0.329978625699844,0.049120156203269,0.227868275560098,0.00400518927123215,0.173913033597518,0.0072866489521639,""
2394,-0.106168826371571,-0.0616956871068533,0.0295959665191238,-0.138268546959301,-0.439054961156608,0.0771442063055733,0.142369796694717,0.0229085895375488,0.174683423979094,0.00836939771453848,""
2395,-0.139417494283916,-0.0700532323166412,0.0300458386696772,-0.17942488793088,-0.375659483710431,0.078855244654128,0.214428984951571,0.0725126585802106,0.059171529122154,0.000886784230339134,""
2396,-0.104082535971463,-0.0314623709055519,0.036306916446896,-0.0992379904301187,-0.378282508604235,0.106483663222008,0.145016443995122,0.0720832638167371,0.104799903270772,0.00302270895853487,""
2397,-0.135648331388362,-0.00651608065508602,0.0406818055463338,-0.101482606497114,-0.373399774550853,0.126994083617688,0.201305870752325,0.0571942720761677,0.109783625702505,0.00385260811916341,""
2398,-0.14901632002808,-0.0263105512605787,0.0342153822592982,-0.141111489029361,-0.38035646622299,0.10203240561772,0.148304936842483,0.0502495680091394,0.0469332523473788,0.000647373319675287,""
2399,-0.167401635167151,-0.00288260156452883,0.0300084605433209,-0.140275776188359,-0.358149711986014,0.0842082323966162,0.226974314385482,0.0251325297871702,0.150893035482693,0.00706550295374106,""
2400,-0.13518285158701,-0.0389197366476895,0.0253308861056898,-0.148771702129009,-0.376730773461363,0.0695026436469071,0.199458913685855,0.0580210371360689,0.295376006927563,0.0259206381433122,""
2401,-0.160323887521012,-0.0233099785960846,0.0147817251277599,-0.168852140989337,-0.328343332314298,0.0398880686969417,0.212624793470845,0.0123814826090338,-0.0689136807591843,0.00131214273175324,""
2402,-0.109076000635699,-0.042914984915465,-0.00354520889685504,-0.155536194448019,-0.39755720261485,-0.00934133773703487,0.208438616852729,0.069298322904966,0.220170268399566,0.0128573491116788,""
2403,-0.172437260487943,-0.0116169102929449,0.0295946323380103,-0.154459538442877,-0.40544162553073,0.0864120358276638,0.199197494748832,0.0584610789042539,0.122650055560419,0.00496143776095669,""
2404,-0.130921610226305,-0.0245246919877058,0.0215434352757752,-0.133902866938236,-0.294898473078377,0.0670970800314536,0.245561111412836,0.0446527429306839,0.119158711887534,0.0041696006373417,""
2405,-0.136870832415245,0.00482053698312613,0.0320524087192653,-0.0999978867128535,-0.387654147998344,0.0854100840466966,0.139490817873707,0.00246610895106252,0.0624457039032875,0.00118709085580505,""
2406,-0.157664551373099,-0.000697078980678034,0.0289701815439513,-0.129391448809825,-0.262968276356022,0.10171523246759,0.210916919942139,0.00254714588928913,0.0862846667335454,0.00216301179635079,""
2407,-0.152017629885708,-0.0397691978099013,0.0270022970408961,-0.164784530654713,-0.246804455293184,0.0919963309474897,0.204495774399951,-0.061889798288504,0.077099849946298,0.00141900104163605,""
2408,-0.165145482749921,-0.0551434653128497,0.0389065446171789,-0.181382403445592,-0.429880905547308,0.104666790779834,0.163372326146791,0.0418613907986185,0.00189609541199875,9.9655105612865e-07,""
2409,-0.170542062214881,-0.030579650617389,0.0360898151079841,-0.165031897724286,-0.356364300144982,0.111670892917365,0.085315553133239,0.0429629968510416,0.075608969423959,0.00157566449708617,""
2410,-0.117556927014115,-0.0024979924659725,-0.0141791988380988,-0.134234118318187,-0.297435097964881,-0.0393591952139615,0.225059306461864,0.035629799528758,0.167710752613484,0.00783708812009387,""
2411,-0.138242242536407,-0.00603086275460332,0.0202138535433637,-0.124059251747646,-0.366853329221055,0.054326643516339,0.174044924656064,0.0675674094665495,0.184070532491926,0.0101054395074352,""
2412,-0.156925649251805,-0.0318683529655358,0.0370726608320685,-0.151721341385272,-0.408885827756895,0.100643850509571,0.224554494517753,0.0758473998007307,0.036985037240837,0.000421180169084356,""
2413,-0.140596800544338,-0.0615901108433954,0.0239522728677734,-0.17823463851996,-0.37344631024398,0.0604852053671201,0.213969051307786,0.019602090344288,-0.123659440029361,0.00385511117495063,""
2414,-0.193752364833033,0.0110906635227933,0.0291155602083869,-0.153546141101852,-0.389487523552123,0.0904289860577834,0.16948019883032,0.0344544276602923,0.0964211797456982,0.00295077008723208,""
2415,-0.154934624702299,-0.038452285851319,0.0225850949986094,-0.170801815555008,-0.40433043511073,0.0693782487249197,0.147044767336823,0.0712710606589431,0.128489901369895,0.00413978431904642,""
2416,-0.15222872684809,-0.0101683661282757,0.0275708964601384,-0.134826196516227,-0.289742585643202,0.0714853236137332,0.290683403017256,0.0166717612336258,0.0315041743873666,0.000287939102794272,""
2417,-0.134152930345595,-0.0590062876669036,0.018686337364536,-0.174472880647963,-0.456079201733055,0.0506253225409141,0.158108895154795,0.0337530793456413,0.216075621714134,0.0133692970063875,""
2418,-0.148072377765444,-0.00744544046013005,0.00686963615990256,-0.148648182065672,-0.336306662716477,0.0209774377164854,0.138178147871746,0.0320241315749563,-0.0655258744395099,0.00121112457974967,""
2419,-0.129974948995329,0.00686347897753052,0.00490219438925204,-0.118209275628546,-0.353718740348046,0.0132611518747513,0.223132476315332,0.0372278928897498,0.210268454039861,0.0136612673248602,""
2420,-0.119381685656118,-0.028057507123224,0.0227101168997826,-0.124729075879559,-0.302818231876135,0.0731532327707927,0.148241918172423,-0.0263193355018246,0.0154277609935244,6.13687279878185e-05,""
2421,-0.095940671073632,-0.0469032019320775,0.0451803943736064,-0.0976634786321031,-0.383372369874291,0.138679608361082,0.174494901222109,0.0155278180050056,0.0619604952809847,0.00102765688242492,""
2422,-0.121519634998553,-0.0326719958752704,0.0311175346758939,-0.12307409619793,-0.31858122886559,0.0868820861670759,0.187964913116938,0.0347392929264798,0.0144389871833305,5.55311733060901e-05,""
2423,-0.122551564762291,-0.00999434233084086,0.0322403477708271,-0.100305559322305,-0.340298096582977,0.102538987892335,0.193441791532041,0.0375555170126691,0.0877594530134176,0.00228919539171657,""
2424,-0.148553997414945,-0.0579611816666627,0.0161047299873788,-0.190410449094229,-0.382522601402057,0.0414119852699081,0.18120289248904,0.0301046231131109,-0.0379102563102625,0.000327258904287124,""
2425,-0.121659588331799,-0.022604696007862,0.0166664312140973,-0.127597853125564,-0.319819885167781,0.0537854799071074,0.176049172382866,0.018510633610708,0.0440078386750948,0.000528835693868982,""
2426,-0.165867375662355,-0.0432855485679932,0.0193207486601828,-0.189832175570165,-0.386037648122534,0.0519293926582985,0.176098710959184,0.0257589905760646,0.0385201175397,0.000425602397410323,""
2427,-0.0967345194225419,-0.0589118012591322,0.00693777772649496,-0.148708542955179,-0.439849759637957,0.0197755381592862,0.107652315372069,0.0408775527176847,0.204424920148537,0.00997510099453208,""
2428,-0.217520887795946,0.0159736982045381,0.0105876680415591,-0.190959521549849,-0.323901183629932,0.027516240086942,0.249148580662022,0.00683657791734783,0.00896040833013974,2.5217159514106e-05,""
2429,-0.152512973603915,-0.0310184281067354,0.0182492127896667,-0.165282188920984,-0.384695132634105,0.0646262022953488,0.163794855819571,0.0100662030800787,0.217661042888014,0.0145762803105557,""
2430,-0.136256559001581,-0.0243735695945275,0.0102918534007152,-0.150338275195394,-0.296633810734173,0.0332629568636069,0.165374402931048,-0.0467304472346996,0.0752891588783532,0.00154264609100102,""
2431,-0.155989216066525,-0.0329874115860645,0.0378101344516525,-0.151166493200937,-0.44062434731325,0.105708758399663,0.244185827145796,0.0577969391362429,0.293956910894495,0.0305113195955875,""
2432,-0.147478191877576,0.00294726206953596,0.0349290291196711,-0.109601900688369,-0.313300979147782,0.10909048353876,0.178590185061021,-0.00990400234967539,0.00532856364057905,8.50080301713616e-06,""
2433,-0.100322957464877,-0.032758996644808,0.0397548917471212,-0.0933270623625638,-0.358267215195648,0.125376425827647,0.170415303870714,0.0471093082383496,-0.0333369581990349,0.00030736387808708,""
2434,-0.134549330838513,-0.0491889728324312,0.0476909389963566,-0.136047364674587,-0.394025078625813,0.14349216196528,0.161889694955682,0.0924892414920022,0.155345260095039,0.00701141544947341,""
2435,-0.1565677456245,0.00407966003353997,0.0251223116125561,-0.127365773978404,-0.362279243630167,0.0709625986449864,0.197532023754254,0.0521952987371125,0.0560907385881108,0.000974817289698516,""
2436,-0.13779730853823,-0.0268585218964665,0.0272390424015199,-0.137416788033177,-0.351201661686138,0.0886976372058694,0.102975355474297,0.0179439335638514,0.159998497389444,0.00719789732131678,""
2437,-0.140587153575431,-0.0419095296152984,0.0247284122661693,-0.15776827092456,-0.338095645553952,0.069520865587847,0.262492349687715,-0.00736620321942406,0.0527728960977355,0.000799070860885418,""
2438,-0.151487362445331,-0.049230660235056,0.0352531978451469,-0.16546482483524,-0.372885413156724,0.0983667758925915,0.193800794023789,0.0795303500111979,0.210352007725015,0.0120031770368026,""
2439,-0.1496172511855,-0.0598068733499133,0.0216656967657322,-0.187758427769681,-0.333176473554063,0.0618790226427872,0.221702457104653,0.0128174540251658,0.0308801752489754,0.000243281109194046,""
2440,-0.178571375781983,-0.032566051206536,0.0371009369461087,-0.17403649004241,-0.330483057086717,0.102822190315034,0.203023348639234,0.0552124916320154,0.219712459784367,0.014163572708531,""
2441,-0.130435058360915,-0.0494416445229662,0.0317460319994494,-0.148130670884432,-0.391157290826377,0.0975830382261278,0.184061149774126,0.0734238719985392,0.0657504460609941,0.00118966153534161,""
2442,-0.195083852533742,0.0181503562752374,0.027550695249134,-0.14938280100937,-0.314934968676092,0.0727482382109424,0.236420781372529,0.00144831986611745,0.0369750962990515,0.000411934980980231,""
2443,-0.169248321246599,-0.0379204371094533,0.0213882702442095,-0.185780488111843,-0.311649578170864,0.0614623106088721,0.201388331550019,0.0167991186445766,0.0437886348013152,0.000528398477390344,""
2444,-0.135179601355037,-0.042337356984628,0.0114447526152147,-0.16607220572445,-0.393695374736961,0.035794099903841,0.190418997586343,0.0288937937141526,0.0527692007474516,0.000739736758085635,""
2445,-0.160736270498903,-0.0178860857647695,0.021825370098414,-0.156796986165259,-0.246643403593876,0.0683542259918457,0.187172529836535,-0.0714976113108083,-0.0405192135511016,0.000433080038527925,""
2446,-0.131165456414196,-0.0286781030277558,0.0281148058019686,-0.131728753639984,-0.412983009383861,0.0796084914296935,0.168048840214873,0.0776191961964757,0.160666526276175,0.00738598500676865,""
2447,-0.13508289224666,-0.0383724287697168,0.017690003046579,-0.155765317969798,-0.392423893458095,0.0486373686575917,0.203824154169096,0.071525874397399,0.143399547601629,0.00568855190835732,""
2448,-0.128943277595043,-0.070728411820314,0.0226633598044793,-0.177008329610878,-0.455756611714386,0.0634710450384739,0.121372303082044,0.0413804097907678,0.088767210231366,0.00192595020189381,""
2449,-0.137402452958776,-0.043137191034204,0.0247335082251582,-0.155806135767822,-0.36094536968503,0.073935157674299,0.160784542529727,0.0156600026841126,0.244861103222326,0.0172436840320113,""
2450,-0.135516157161399,-0.073889924384742,0.032360271004054,-0.177045810542087,-0.363570724882397,0.0899188479453443,0.222412085369524,0.0853986284057524,0.210144865275336,0.0110869542549363,""
2451,-0.149258858077705,-0.0277906471461047,0.00984424129986168,-0.167205263923948,-0.362202875646883,0.0257843167331311,0.188696926625874,0.0398825904235083,0.0712010657137556,0.00146873383322704,""
2452,-0.135195054816065,-0.0107963780103473,-0.00597349656072648,-0.151964929387139,-0.39489425970539,-0.0140593157427517,0.198099527306692,0.0220652273262401,0.0834560407828775,0.00196136686007077,""
2453,-0.132057815016984,-0.0192853257581969,0.0389002778747567,-0.112442862900424,-0.294818259258342,0.12670320650816,0.226182052341337,0.0133710229295917,-0.0344997207030964,0.00034072937825836,""
2454,-0.171578659786457,-0.0130857582630323,0.0308879409020818,-0.153776477147407,-0.322662470256723,0.0904199832741468,0.185792916571939,0.0248097449521858,0.125324601979025,0.00474262553261545,""
2455,-0.151753854075747,-0.0213856910553614,0.00642556441173567,-0.166713980719373,-0.35956033877337,0.0184955035237309,0.216759763027754,0.0463285681747034,0.239609461843869,0.0174239359828186,""
2456,-0.155210582872658,-0.0341694077398905,0.0217045381603648,-0.167675452452183,-0.417941899574961,0.0608711129551588,0.195257705846617,0.0395132635185823,0.255190612806972,0.0199717791248489,""
2457,-0.136847104912924,-0.0691358320807409,0.0285471055429492,-0.177435831450715,-0.31686767258658,0.077127160730836,0.208495924751185,0.0140896834911332,0.124329478426887,0.00356945793097063,""
2458,-0.165586469067695,-0.0300165526927264,0.0452921508910973,-0.150310870869324,-0.314541992326224,0.148677733089282,0.112253272110625,0.0314806280670399,-0.0585808900997124,0.000881808220830192,""
2459,-0.136871140900037,-0.00988725310166998,0.0365858937495857,-0.110172500252121,-0.286231989144519,0.127470293123515,0.17621615677891,-0.074351178402784,0.0814789894522863,0.00187963539176392,""
2460,-0.138437559418316,-0.0100850521356577,0.00795337902337135,-0.140569232530603,-0.394007034825856,0.0205149010055467,0.181057394326258,0.0357687678136833,0.0938420775306646,0.00253868471560339,""
2461,-0.134370778051449,-0.0436756576931651,0.0417890115839168,-0.136257424160698,-0.382827523561093,0.128605422196268,0.200315457709086,0.0818472381609059,-0.00837733676390008,1.99680360038007e-05,""
2462,-0.133330286852306,-0.0403114601679887,0.025692711431005,-0.147949035589289,-0.402381374746529,0.0690454247060932,0.222375023742647,0.0393605632434346,0.0974951432512781,0.0027207180506459,""
2463,-0.148601225016057,-0.0154060044405373,0.0214261058348257,-0.142581123621769,-0.353399604835091,0.0743221117716679,0.141601442410604,0.0457156324914107,0.0680553024800282,0.00133497688094314,""
2464,-0.136087963956323,-0.0141797623354399,0.0147776092109699,-0.135490117080793,-0.405154069477423,0.0452828585205985,0.143471939234723,0.0759926245929446,0.132865441421062,0.00533223050691287,""
2465,-0.136858944564594,-0.0107543694526914,0.0210550686964712,-0.126558245320815,-0.272735227993311,0.0637417501874776,0.187090133760105,-0.00718028003411294,-0.0331279760411093,0.000291442374589651,""
2466,-0.148394736395475,-0.046144739226909,0.0351855899919756,-0.159353885630409,-0.40521381649278,0.106098149855273,0.181329560092059,0.0859338725690175,0.287247874401629,0.0242731264628365,""
2467,-0.158885082201238,-0.0182885075736968,0.00552652410101633,-0.171647065673918,-0.287824507906633,0.0173075203109503,0.221899812139165,0.00448306164475383,0.191839809598385,0.00987593716275924,""
2468,-0.199683470547548,-0.0208778414659208,0.0297548134358587,-0.190806498577611,-0.406147564037012,0.0884978663568401,0.267777710535407,0.064923587330266,0.254322851125908,0.0230047767399569,""
2469,-0.128194454534352,-0.0437013757026702,0.03684869786228,-0.135047132374742,-0.341476419806851,0.11412522871814,0.175526219628417,0.0243031329035075,0.0984286584534659,0.0027521774731483,""
2470,-0.127212559090987,-0.030458300098573,0.0233491749003136,-0.134321684289246,-0.36685975237376,0.0720363805203909,0.142836038231005,0.0557240447580646,0.064750796241147,0.00114492382361404,""
2471,-0.121378191199827,0.00650773283517379,0.0249538607086548,-0.0899165976559988,-0.394199046517495,0.0814549164567822,0.141197988999423,0.00841909546798245,0.15051434054897,0.00700729212966003,""
2472,-0.136571098851676,-0.0391303385272639,0.01601120165448,-0.15969023572446,-0.452600910177919,0.0404983129006114,0.206988463851048,0.0157158896392548,0.189330914653289,0.0104484692773419,""
2473,-0.206048087515211,-0.0176379736820629,0.0500498529424229,-0.173636208254851,-0.269362419024261,0.186721247994089,0.182614083389544,-0.0243989734023506,0.0361668784013441,0.000398700987420401,""
2474,-0.0934494377261641,-0.0690602628998284,0.0366797179000264,-0.125829982725966,-0.423984605169934,0.104771514367222,0.216156175882093,0.0874423357334494,0.173792466016459,0.00842822185492219,""
2475,-0.107352669655091,-0.0343940482991399,0.0453092200956316,-0.0964374978585998,-0.370601715284882,0.134022647681062,0.196071112265635,0.0392381904518915,0.0447719158408097,0.000605222365086297,""
2476,-0.0872138353533384,-0.0527896309874255,0.024346679246319,-0.115656787094445,-0.413802076092464,0.0744078899391881,0.143605892973158,0.104509698728054,0.168555985363529,0.00755605793767974,""
2477,-0.150354150581251,-0.0311436874933472,0.00562945798966207,-0.175868380084936,-0.338191549048662,0.0139861023762776,0.236102130009457,0.0513831455360373,0.0544600790269409,0.000791407474721711,""
2478,-0.181738234361818,-0.0469677204262966,0.0297618233413367,-0.198944131446778,-0.289027186147577,0.0997051854624821,0.19137848327982,-0.041901186831386,0.114812912991802,0.00352419038227897,""
2479,-0.147335793049145,-0.0371854968535146,0.0235823214623161,-0.160938968440344,-0.381059428554562,0.0695988949647059,0.191317201404136,0.0178818906039739,0.192369178621321,0.0112477858373039,""
2480,-0.154554710747301,-0.0257928519915571,0.0296166654073193,-0.150730897331538,-0.346064842305503,0.0747390692586625,0.212861119511205,-0.0359653780267463,0.181499593423072,0.00985532403628972,""
2481,-0.119739061247641,-0.0388787430968923,-0.00443296837341656,-0.16305077271795,-0.395307982199649,-0.012682966807538,0.173116444867029,0.0428609880816344,0.150125969108957,0.00600281863140313,""
2482,-0.0819448576590807,-0.0302553027022903,0.00675013637691707,-0.105450023984454,-0.290613910110043,0.0219120135811728,0.180233862975754,0.00111401637611728,0.161084494718244,0.00681708967061553,""
2483,-0.140384264072358,-0.038909523848931,0.0196017185420066,-0.159692069379282,-0.324727068638636,0.0551487656230684,0.167334670188104,0.0592425668596192,0.0913944487736689,0.00207797052499138,""
2484,-0.162373910852107,-0.0131238484768696,0.0143269664327651,-0.161170792896211,-0.404168010669331,0.0416493998972048,0.258397603703113,0.0339862527470844,0.279348185352373,0.0271208836635574,""
2485,-0.0887482769999912,-0.0318670562276951,0.0288381031936486,-0.0917772300340376,-0.329258346175628,0.0982464025991809,0.172412623434996,-0.0651223935760239,0.0359508381849079,0.000359777909040732,""
2486,-0.138868732454089,-0.0223751525505077,0.0245998146726367,-0.13664407033196,-0.404171234213586,0.0782372320682301,0.202722459967803,0.0382142343630333,0.168413932102354,0.00893528927670723,""
2487,-0.152042033237981,0.00963219080969556,0.0073224459652272,-0.135087396463059,-0.26370060640259,0.0242050554450505,0.226773662476933,-0.0374560369943031,-0.162058417321463,0.007210476025957,""
2488,-0.0932150178010198,0.0272809034267124,0.0214581690283788,-0.0444759453459286,-0.296768709391702,0.0620478016741158,0.184898230776548,0.109321717459201,-0.174160029588807,0.00872709761761888,""
2489,-0.142716311185342,-0.0294603322795754,0.0178205624703277,-0.15435608099459,-0.449638367943497,0.0505243473428666,0.153955039386477,0.0544409452470988,0.0965171375569269,0.00281698423204761,""
2490,-0.170502061605593,-0.0189339325155477,0.00757153492464741,-0.181864459196493,-0.318866235426422,0.0229278870247037,0.182076011839872,0.0252852298762325,0.306802302607552,0.0262361930930094,""
2491,-0.124171672006728,-0.0594593751715021,0.0198971490665661,-0.163733898111664,-0.505648425322726,0.0511119869179683,0.211830205076992,0.017913647412778,0.223406535294191,0.0157043547907672,""
2492,-0.13864100872152,-0.0443155928243179,0.00493801075793861,-0.178018590787899,-0.389660953096468,0.0130322300081088,0.217480393436274,0.0725768989522368,0.117238675296566,0.00344665622288677,""
2493,-0.14558425363604,-0.0473807367622143,0.0308141491851977,-0.162150841213057,-0.397740947338597,0.0910501339379014,0.219859648592616,0.0811056010385381,0.189084329439878,0.00998024031362246,""
2494,-0.135603543532066,-0.0322099194053191,0.0362466306805565,-0.131566832256828,-0.405793055601499,0.1059260884729,0.134986010703523,0.0659291798203755,0.100835718995601,0.00301672597941704,""
2495,-0.140598675362686,-0.00314540684379497,0.0279185759397026,-0.115825506266779,-0.38171041420913,0.0882912531398792,0.142215119587021,0.0548005184206695,0.118601349496876,0.00416974124673411,""
2496,-0.13214844254433,-0.0163534926876295,0.0305022835628543,-0.117999651669105,-0.372621559535918,0.0855086578815799,0.170048141474198,0.0491604893778602,0.0121773003524711,4.13118479067844e-05,""
2497,-0.12359048321214,-0.0408850868388465,0.0376720642429234,-0.126803505808063,-0.279296265989192,0.126461089916812,0.161765617281884,-0.0122702295511298,-0.0787295259556794,0.00165775543136826,""
2498,-0.138329472652418,-0.0493490937484701,0.0227060444067467,-0.164972521994141,-0.392855813676942,0.0693194742283491,0.15269158420971,0.0568227478802514,0.242730669373679,0.0170249166505104,""
2499,-0.146396154994957,-0.0238782826553507,0.00293382060799149,-0.167340617042316,-0.363735219001674,0.00872158163651361,0.191429753263843,0.0669299956685391,0.156736307008025,0.00651178677642048,""
2500,-0.132550399772837,-0.0163013472688625,0.00500949387232262,-0.143842253169377,-0.32060700040249,0.0157217728929563,0.152728169561442,-0.0103746612928608,0.0226574552142539,0.00012642815868375,""
2501,-0.125366117583585,-0.00192517965119608,0.0327064025231194,-0.0945848947116614,-0.282342993883216,0.0948726705065335,0.227332769583091,-0.0166346704292138,-0.0250980866921584,0.000187145496630247,""
2502,-0.121493113583721,-0.0280592108541073,0.0304105506751019,-0.119141773762727,-0.357882996730516,0.096762253851484,0.164484957745891,0.0477306509473392,0.0683052706517936,0.00131187886200862,""
2503,-0.210085229016798,-0.0294979801112354,0.038861322640776,-0.200721886487257,-0.330148363507274,0.116286992800967,0.234733721731615,0.0480627949793706,0.252176586667407,0.0195360457955452,""
2504,-0.155436099046118,-0.0651839573155539,0.0432742682059907,-0.177345788155681,-0.395498807111389,0.12454396428779,0.208882285416395,0.075671347746025,0.176594724865243,0.00813597378603834,""
2505,-0.146277812539568,-0.00966449766977159,0.0192708453484764,-0.136671464860863,-0.40424132622344,0.0576662565638782,0.158814712093433,0.0539244413820706,0.0501134183241299,0.000741680476397584,""
2506,-0.113012970350842,-0.00721374764284879,0.0183889395738358,-0.101837778419855,-0.348497259368777,0.0523965828026049,0.185666812156683,0.0363065334145804,0.166240464333233,0.0078029165062774,""
2507,-0.112280578836126,-0.0415832718298211,0.0349635506069824,-0.118900300058965,-0.342114256941869,0.108597776753197,0.183107519974957,0.0368424454150139,0.132775517944426,0.00479188331662263,""
2508,-0.14886355745381,-0.00427685397173248,0.0243528501581203,-0.128787561267422,-0.323180768331794,0.0704205438977455,0.192988464951884,0.00173044141837923,0.0423696935708782,0.000539397830811277,""
2509,-0.108748576354412,-0.0217609860154292,0.0202681694830739,-0.110241392886767,-0.236496783382161,0.0631733816013255,0.233921003061345,-0.0482726610303265,0.14056238695756,0.00486358976333939,""
2510,-0.140027789282295,-0.0505562867441083,-0.00193663439105482,-0.192520710417458,-0.363227371030421,-0.00499176168048024,0.18281154171768,-0.015675952816699,0.169245048922563,0.0076450633978747,""
2511,-0.142499619778883,-0.051708464525479,0.0506624437554812,-0.143545640548881,-0.450664064499694,0.144435154429833,0.174738179532492,0.0988281611973512,0.205910094286502,0.0134554721853036,""
2512,-0.177586908952864,-0.0122406532807665,0.0127003369884833,-0.177127225245147,-0.312448111850102,0.0319475132038539,0.240002125815482,0.0401665509353108,0.0312580582625419,0.00029614676753743,""
2513,-0.137284786690804,-0.013667338717714,0.0412238970703197,-0.109728228338198,-0.304116185191307,0.140375545938915,0.175202342219176,0.0213742884751877,0.0753297068368305,0.00166288433155928,""
2514,-0.109387004163304,-0.0352814548232551,0.0350786267227845,-0.109589832263775,-0.325218478236002,0.115230776946593,0.135649414911089,0.0420824629820453,0.0753423085588917,0.00154840439228121,""
2515,-0.162553464560263,0.020827853262307,0.0146370372025595,-0.127088574095396,-0.228673866857673,0.0419165855282612,0.235388877118682,-0.0606004089415909,-0.0648264454521805,0.00118846831186061,""
2516,-0.124758647045424,-0.0455676610303865,0.0128266276362576,-0.157499680439552,-0.361472196452597,0.0372974774123349,0.179995443359104,0.0506624459470833,0.0598193472596521,0.000895692883806297,""
2517,-0.122688578773598,-0.0311699749937377,0.0355491865532864,-0.118309367214049,-0.398014279246774,0.0976253354109174,0.212080215412688,0.0180931203202835,0.101607573489847,0.00291372719379059,""
2518,-0.189550262317836,0.0057738133404818,0.0424326376408698,-0.141343811336484,-0.303922959471403,0.12269335764932,0.235544221842426,0.0140161839910678,-0.0481996385383227,0.000728066696433292,""
2519,-0.13651133100206,-0.00709809450817564,0.0224494330171071,-0.121159992493128,-0.357280224969825,0.0603695149998194,0.157102132130279,0.0307952279484952,0.0179676812208882,9.24352231543704e-05,""
2520,-0.119989944929123,-0.0394951471097902,0.0209324801262006,-0.138552611912712,-0.405635693525747,0.0497166726175743,0.26684578630019,0.018474504730112,0.180547501648786,0.00948353860613303,""
2521,-0.159333651212155,-0.053239070740656,0.0299526191364318,-0.182620102816379,-0.3981100494771,0.0867387164852011,0.187148205232789,0.0493834465504791,0.148099238261201,0.00548269702452275,""
2522,-0.107393951414321,-0.0496745963673472,0.00491599572655203,-0.152152552055116,-0.424758274517399,0.0126792737704988,0.204122836759232,0.0744217800332095,0.283301199155153,0.0197260354716407,""
2523,-0.145602481171605,-0.0644168248866512,0.0140148289174033,-0.196004477140853,-0.368413606075414,0.0384571286074535,0.210505110759514,0.059692790890152,0.229098676113219,0.0131830245127601,""
2524,-0.154121003149912,-0.0186122809093625,0.0207454820617669,-0.151987801997508,-0.373728853522753,0.0607954444741618,0.172490265365731,0.0577057894583655,0.200561244409196,0.0118446423677814,""
2525,-0.107713276355075,-0.0426188723169062,0.0342557841983101,-0.116076364473671,-0.361802047692532,0.110990800371037,0.0815196184192734,0.0739739559982072,0.0953324303354534,0.00245556627448417,""
2526,-0.133177121639845,-0.0068304206184683,0.034200595928419,-0.105806946329894,-0.279519651052488,0.10811509335426,0.189620610182184,-0.0923186017368886,0.00479464147426196,6.63265920840931e-06,""
2527,-0.189483660946408,-0.000645589168349856,0.0290635339373032,-0.161065716177455,-0.287563812627387,0.088249760973407,0.222973709373868,-0.0539382509169623,0.0263905110574427,0.000212825896693455,""
2528,-0.167947043574246,-0.0380288376133832,0.0151760140004135,-0.190799867187216,-0.356981781094933,0.0467571495703031,0.161521281852582,0.0323864504112941,0.0887656588197058,0.00216260091036874,""
2529,-0.151655356077577,-0.00943646500083898,0.0298790660132077,-0.131212755065208,-0.350422726606035,0.0932658309861884,0.220603041268206,0.0422527736227088,0.109163074685023,0.00359545133782809,""
2530,-0.0950686523203049,-0.0388890843603719,0.0293542735333349,-0.104603463147342,-0.387139068166638,0.0832969478749303,0.212763927487223,0.0702991761367566,0.16645101053441,0.00764361491168519,""
2531,-0.112199640666389,-0.00625864323049029,0.0308353099367509,-0.0876229739601287,-0.334863975296022,0.0842303153139161,0.192878531192541,0.0429063425981587,0.14762751430446,0.0064543078397135,""
2532,-0.115860241169651,-0.0426160938701201,0.026536676852411,-0.13193965818736,-0.364185284626425,0.0769271676177715,0.210431023255653,0.0373871947127726,0.199842068846575,0.0112361993756877,""
2533,-0.117681524884798,-0.0438464030885012,0.0142607442989321,-0.147267183674367,-0.379099336478998,0.0424515045844648,0.206753732246122,0.0712043565116158,0.115229295951395,0.00339704977907147,""
2534,-0.147559488319329,-0.0483466210528142,0.00960411262584993,-0.186301996746293,-0.328210591194091,0.0246583401624068,0.21421077604111,0.0138167939380634,0.0714984994471771,0.00125984272108098,""
2535,-0.14641611785891,-0.037279042298125,0.0229590382619676,-0.160736121895067,-0.432308813979763,0.0668086307746653,0.215600125935665,0.0577893339341014,0.146508870217284,0.00705386354315368,""
2536,-0.164621000153875,0.00419881270774351,0.015783849688364,-0.144638337757767,-0.437153148344789,0.0434562475006866,0.189410400517338,0.00933048905163044,0.156175198210323,0.00798397819316575,""
2537,-0.136773548371328,-0.0203451729856496,0.0315067373598348,-0.125611983997143,-0.406580547765898,0.0918621618176931,0.164440406133458,0.0799289201275354,0.150490901285403,0.0067187516419356,""
2538,-0.118137182347206,-0.0210245849887147,0.046444102297225,-0.0927176650386961,-0.365727467698038,0.133071652266497,0.102823769184036,0.0178050969499402,0.0474948994709512,0.000644386943463631,""
2539,-0.0947227904108651,-0.0263578789983268,0.016215802382929,-0.104864867026263,-0.304206597244239,0.051519173389036,0.120150019414451,0.0209426800094491,0.0810428272276796,0.00173568443462552,""
2540,-0.167516058764698,-0.0283173920073009,0.0216729188876655,-0.174160531884333,-0.429270237060691,0.0702864684954334,0.222480444090476,0.0496200916347858,0.21534862639948,0.0161589437540589,""
2541,-0.118973214491695,-0.0509616909898297,0.0250420354310712,-0.144892870050454,-0.267520873233884,0.0832713840017381,0.157693307836476,-0.0448189934932531,-0.110000230350918,0.00275021704320282,""
2542,-0.172144664624368,-0.0256356507365762,0.0444128597665114,-0.153367455594433,-0.412852477519391,0.129928318678267,0.241945717953232,0.0976824152283067,0.133352149369061,0.0054515034755782,""
2543,-0.210028316324126,0.0350048169033856,0.00712793203877907,-0.167895567381961,-0.244719425916344,0.0233012881911874,0.244324917535273,-0.121391747641277,0.00147117830658865,6.47598154973544e-07,""
2544,-0.13540071893647,-0.013549937839865,0.00473070242616814,-0.144219954350167,-0.400473384405482,0.0152033969784574,0.142802089177645,0.0938834749891128,0.100851275298623,0.00274339195178867,""
2545,-0.190695716310573,-0.00438445225484699,-0.000258873683343754,-0.195339042248763,-0.286333016474355,-0.000704141531306379,0.280738927171401,-0.00484179969775472,0.021123523874145,0.000135030619647623,""
2546,-0.150670246429842,-0.0218552741630056,0.0260544898657618,-0.146471030727086,-0.265829491061406,0.0812571823630605,0.158622135372772,-0.0181380433401365,-0.0210805974193106,0.000117362616569729,""
2547,-0.143361879558585,-0.038076791498938,0.0278098724340699,-0.153628798623453,-0.405578670149635,0.0830476677882863,0.212025396302303,0.0480965395619103,0.181952150822507,0.00952013474037203,""
2548,-0.114328404580218,-0.0192233319985515,0.0228572151701256,-0.110694521408644,-0.390312451566772,0.0725733516173172,0.139322386047188,0.0568236912914222,0.209326054594484,0.0131649708630016,""
2549,-0.114592296558438,-0.0114864338746774,0.0379865142896022,-0.0880922161435128,-0.273659354298231,0.120958062533469,0.216385060897211,-0.0328230650017511,-0.0436415557896644,0.000554821767506811,""
2550,-0.203209839293709,-0.0239141053160235,0.042713446685981,-0.184410497923751,-0.41494521499461,0.124700554350097,0.25781303248365,0.0497011607547582,0.210628449396418,0.015737454901771,""
2551,-0.146277107788744,-0.013203244373715,0.0431875727939732,-0.116292779368486,-0.351641883936917,0.140381090445236,0.157275394659891,0.0318992561655932,0.131771463172237,0.00536201540341666,""
2552,-0.19106164437393,-0.0119341336830724,0.0291504288694022,-0.1738453491876,-0.334880809260195,0.0841797615485612,0.191735075386892,-0.00416137298349271,-0.0715197731430789,0.00136327926105276,""
2553,-0.108131492598694,-0.0273912242576079,0.00404891710302752,-0.131473799753274,-0.390960844350703,0.0109628432907313,0.178842721680235,0.0482633870291185,0.110317815650978,0.00322606181300369,""
2554,-0.147760946892526,0.0314894519827932,0.0135224273264767,-0.102749067583256,-0.311186437978014,0.0438117783090385,0.183340222836373,0.0269752206159612,0.0446941143416877,0.000565033307149509,""
2555,-0.133362340958365,-0.0291889463063615,0.0381673780423123,-0.124383909222415,-0.389282613409387,0.107386506794777,0.168354968355394,0.0870599102746384,0.0700114288722255,0.00139819054908684,""
2556,-0.125579861117293,0.00370310733714991,0.0224002988323022,-0.0994764549478405,-0.370621945973458,0.0682624378461695,0.175906879413246,0.0581017687378931,-0.0556241950662392,0.000921383982079013,""
2557,-0.110112081350866,-0.0137821781862769,0.0248142626296423,-0.0990799969075007,-0.309481720655424,0.0723921536393169,0.188439105703546,-0.0224037786841529,-0.0737287039353648,0.0013744242276678,""
2558,-0.149469493333588,-0.0325820020380929,0.00212638550239882,-0.179925109869282,-0.308854814330751,0.00591446774852401,0.279808103919834,-0.0286253780045146,0.0235725996623599,0.000163481965231154,""
2559,-0.203828832096754,-0.021985857986534,0.0141235506069845,-0.211691139476303,-0.312062310434006,0.041059029607693,0.166927345313531,-0.0132675360837022,0.00622575655594466,1.12099214712215e-05,""
2560,-0.0781900309201516,-0.0358717710323999,0.0217493054565404,-0.0923124964960112,-0.264506895884233,0.0664712503653839,0.184595977456065,-0.00351108913277883,0.143917009990984,0.00497797931119174,""
2561,-0.147359111172142,-0.0484849348973181,0.0276039992715147,-0.168240046797946,-0.396940648163647,0.0841926617529192,0.185646639613527,0.0418667699557465,0.0660167104791127,0.00122183602722256,""
2562,-0.153737681964436,-0.0264681531711825,0.0283869190426571,-0.151818916092962,-0.253802933748198,0.0800731418892174,0.22418602482553,-0.0464213023582185,-0.0808391385130307,0.00163663961741792,""
2563,-0.148204499398833,-0.0274556750123691,0.026505870961754,-0.149154303449448,-0.334574746517522,0.0803040292272288,0.172673702670388,0.0411717634864979,0.109330937026676,0.00320517819231297,""
2564,-0.12659712635295,-0.00733932689244107,0.0348708344877817,-0.0990656187576091,-0.238220775547002,0.107608363259129,0.163485018570403,-0.0824704098993172,-0.177801053185469,0.00877318801512493,""
2565,-0.135533611855284,-0.0269021290301823,0.0182918747957835,-0.144143866089682,-0.397198460816771,0.048931117272163,0.185303819496441,0.0456079454307183,0.0314988356295279,0.000284270543842401,""
2566,-0.101730889855923,-0.0329517272199909,0.0158518624542414,-0.118830754621673,-0.353049536983947,0.0411918386276477,0.210852218465109,0.0247125568191426,0.317018095125615,0.0268579271956837,""
2567,-0.149532585550691,-0.0465675301690426,0.0426569533427134,-0.15344316237702,-0.393279022642703,0.11355461719731,0.226484277362327,0.0893319116509469,0.0839272948480873,0.00197698072446406,""
2568,-0.100418928840814,-0.0490297746677161,0.0094742424549467,-0.139974461053584,-0.362148098309331,0.0296651148766663,0.218977619792758,0.0630226329272268,0.250990436808672,0.0155918563070349,""
2569,-0.111719376340586,-0.0252277347443316,0.0141015470301024,-0.122845564054815,-0.429166687608795,0.0410223963309063,0.13337375648468,0.0793614472160657,0.13549634717871,0.0055024701007376,""
2570,-0.126350087818607,-0.0558605649191014,0.0445911905059237,-0.137619462231785,-0.420833625486566,0.125985696522094,0.196530533547097,0.0988460905503479,0.233674308176585,0.0150659070105493,""
2571,-0.144085246636205,0.000921531340719108,0.022817748129488,-0.120345967165998,-0.269759104150016,0.062817898781999,0.241417216894057,-0.0317588834560575,-0.112901925934651,0.00355468107183743,""
2572,-0.153344919870253,0.00169394453660092,0.0418953653851335,-0.109755609948518,-0.345144318456154,0.126906148000262,0.177021853622817,0.0400093159454828,0.126711398989283,0.00496325436934301,""
2573,-0.1391166202387,-0.066966242062937,0.0405703260395542,-0.165512536262083,-0.37500406732533,0.118232236358013,0.166082187130373,0.0119942847229643,0.145359082874112,0.00568218119582301,""
2574,-0.137496246824642,-0.0533076526405304,0.0309564280657631,-0.15984747139941,-0.28372781097613,0.0854394981643306,0.228658795748981,-0.0142121685263158,0.0731176719374987,0.00125632848142413,""
2575,-0.153810032069936,-0.0248987250162715,0.0299957706497107,-0.148712986436496,-0.371022150409425,0.0763242298575551,0.171596309250175,0.0883288440838956,0.187182824940778,0.00924833541242103,""
2576,-0.184897296695341,-0.000227288963345587,0.0351664925780834,-0.149958093080604,-0.422317034121911,0.102611827779183,0.164015151389853,0.0801833549531334,0.0788117407085132,0.00196690439835091,""
2577,-0.143842924154464,-0.023420518589156,0.00885628612051293,-0.158407156623107,-0.322598554522098,0.023455439504346,0.178219953640003,0.0324707127032438,-0.0613325005939935,0.000986656063426112,""
2578,-0.158138322584627,-0.0340467069827738,0.0207524558237714,-0.17143257374363,-0.417425884555707,0.0626840449744461,0.201083877000245,0.0641057237718343,0.19739291122366,0.0118483164257454,""
2579,-0.120820171846402,-0.00458922416895552,0.0297281528682862,-0.0956812431470709,-0.339445963418966,0.101055882806504,0.122934698255563,0.0167388820219427,0.0973746007802536,0.00279349876461446,""
2580,-0.122408849374258,-0.0511093587492388,0.00747711392807676,-0.16604109419542,-0.395435595929062,0.0209255924244633,0.144255770244426,0.0378905687962995,-0.00357255362953397,3.09199346141602e-06,""
2581,-0.179151056659454,-0.0265642227724547,0.0451666766390054,-0.160548602792904,-0.319078902777826,0.137216014535815,0.224511418364512,0.00718866868443186,0.108728802792139,0.00341944782079062,""
2582,-0.13404722431872,-0.0174771797165641,0.0259886758507951,-0.125535728184489,-0.386244684624749,0.0732768830249123,0.222693902024025,0.0711083993778351,0.235057047954579,0.0169075579142178,""
2583,-0.145556871177902,-0.032170173895756,0.0446782037916794,-0.133048841281979,-0.330376523375636,0.138173257394684,0.187422208355899,-0.0935606003763006,0.0503571485118954,0.000710600015893614,""
2584,-0.176148586527018,-0.0372589875037128,0.0297812985532067,-0.183626275477524,-0.378160950857798,0.0918387750391187,0.207139387365025,0.0378476074058225,0.08281323859897,0.00209548696940141,""
2585,-0.16601628621184,-0.040839215421484,0.0262859568170171,-0.180569544816307,-0.351095773667306,0.0734430897897412,0.150141132672727,0.0304534431113116,0.111126341461815,0.0032949096145674,""
2586,-0.137309673532356,-0.0297032987577445,0.0345161785288087,-0.132496793761292,-0.393349206653992,0.101757094911046,0.157931922722189,0.062406071973027,0.171402179767486,0.00825246068100717,""
2587,-0.138121753595722,-0.00811430273680062,0.0191732308145688,-0.127062825517954,-0.4120474334318,0.0594603039737242,0.113387063042643,0.0241754237462487,0.0409169941672249,0.000482243211999978,""
2588,-0.138974632341183,-0.00471375372043488,0.0182038417782391,-0.125484544283379,-0.367496563773319,0.0535129377753449,0.137677163844694,0.0514089516196516,0.047291070777413,0.000623023012769119,""
2589,-0.146417531318046,-0.0439231303173663,0.0349832477767432,-0.155357413858669,-0.342304383907774,0.114255967895096,0.240211799670573,-0.0500028183412716,0.0722332654505202,0.00144913779170747,""
2590,-0.123082823673383,-0.0418788868570722,0.0371246691132715,-0.127837041417184,-0.33842881345947,0.113453367653236,0.18670694073217,0.0454268380324607,0.120999342083165,0.00395759706171995,""
2591,-0.162366950625496,-0.0116500029893045,0.0184993454959175,-0.155517608118883,-0.357300818421868,0.0507814155279678,0.16041774179632,0.0488447563483765,-0.0138107857538466,4.82354389240126e-05,""
2592,-0.165696542735846,-0.0359533247982455,0.00299426428756962,-0.198655603246522,-0.393641949011884,0.00842490122981833,0.215244866751493,0.0237397759368574,0.159780542824273,0.00821850847096293,""
2593,-0.126967956890856,-0.0241707078548655,0.0230332256234209,-0.1281054391223,-0.381175676405585,0.0655043756258707,0.176064396510185,0.0766739601745005,-0.0453968755520727,0.00057473594677911,""
2594,-0.12652090377109,-0.0399567788249334,0.016085164284447,-0.150392518311576,-0.376352480281484,0.0380353430762161,0.244702947262425,-0.00496410488297459,0.197178087406371,0.0107142783698256,""
2595,-0.0881770305206234,-0.0297847540648514,0.0223833641743174,-0.0955784204111574,-0.354644503103517,0.0729273173807113,0.18734807463631,0.0490311157188256,0.00185388045522801,9.58676272501564e-07,""
2596,-0.119921879681491,-0.0559279118488773,0.0278112237609801,-0.148038567769388,-0.305888089546506,0.085138664420152,0.15196375503869,0.0160420680959756,0.0114692520815274,2.92920812694924e-05,""
2597,-0.154739296227529,-0.0326700574705494,0.0426028119283679,-0.14480654176971,-0.4046148416196,0.118154089859214,0.21399205991361,0.0520882695680725,0.0827849896758064,0.00193411475093351,""
2598,-0.143019998739612,-0.0396623788616818,0.0166712138823207,-0.166011163718973,-0.368270277981425,0.0571242624392392,0.204284003933578,0.059837803292433,0.158122258743408,0.00725760219089311,""
2599,-0.176276167671109,-0.00679245809184939,0.0479112814724218,-0.135157344290536,-0.333038016786506,0.136074536512587,0.226311502054246,0.0286162487716947,0.0267738226593537,0.000224952660545846,""
2600,-0.114551614722305,-0.049993602470148,0.0401351284335496,-0.124410088758903,-0.411406390186988,0.105715637408474,0.185260387652867,0.0286577112048713,0.103226376274392,0.00262885341610367,""
2601,-0.130626846169219,-0.0451936367283539,0.0359898676827241,-0.139830615214849,-0.380135261325964,0.106313080158389,0.251371725797769,0.0482412543424935,0.100664152937027,0.00286669986355666,""
2602,-0.117495462638888,-0.0216584834493373,0.0271051592519799,-0.112048786836246,-0.335955257079493,0.0908075616312516,0.177620630815979,-0.0208405216696671,-0.0142875276394913,5.72209973139273e-05,""
2603,-0.143100036256017,-0.0420716128123106,0.0396778255746763,-0.145493823493652,-0.328054059987105,0.123183697722889,0.140413687878135,0.018188482572268,0.066747211145558,0.00128431280708277,""
2604,-0.140817106204459,0.00134963147221153,0.0386261413799539,-0.100841333352293,-0.332291147874828,0.129201265732174,0.143541601445619,0.00856693367526676,0.02623811531178,0.000203194797048898,""
2605,-0.134166234045644,-0.0509942913486432,0.0279486086997856,-0.157211916694502,-0.342384012938809,0.073545088612944,0.209711517862985,0.0160106582180985,0.259736308930101,0.0176680708140589,""
2606,-0.173365599114512,0.00229551156948933,0.0240625113290712,-0.147007576215952,-0.337889792941156,0.0772616627916571,0.187263941420799,0.0257494242129372,0.117837906699241,0.00426006243655381,""
2607,-0.121842081989936,-0.0379681001063246,0.0214615513492776,-0.138348630746983,-0.398101916564941,0.0570018938596779,0.192298135916242,0.0637563387054244,0.141190102290024,0.00519385982995511,""
2608,-0.123737330012956,-0.0388635071553092,0.0119993567323046,-0.150601480435961,-0.462644363644745,0.0327523530032352,0.099320103886584,0.0149698755816319,0.13569392290963,0.00524120133267022,""
2609,-0.121272860694912,-0.0335482334139881,0.00412572838107349,-0.150695365727827,-0.335726851335738,0.0123358315157356,0.164582894796365,0.0145638740653942,0.0799287634995578,0.00163986306934387,""
2610,-0.154786046188023,-0.0455697023142978,0.0182770423921775,-0.182078706110143,-0.346351614461435,0.0557438973394178,0.194568748986835,0.00376969122568118,0.0683835677307237,0.00126701154570242,""
2611,-0.176412642300874,-0.0459972758706761,0.0278901359802363,-0.194519782191314,-0.27821901981656,0.0852751258814992,0.241044278211131,-0.0404928096917226,0.137564869802224,0.00500464512200266,""
2612,-0.0715812280862531,-0.0384082242186872,0.0122933040338489,-0.0976961482710914,-0.362699812663894,0.034473533794825,0.199140090818648,0.057326160357375,0.00537717878530635,7.69798775996778e-06,""
2613,-0.214659678521502,-0.00638640791724053,0.029478928998277,-0.191567157440465,-0.298788873825251,0.0995244794623564,0.210208912232228,-0.101752503924474,0.150767151052227,0.00712815730629775,""
2614,-0.139358702490202,-0.0110630930617148,-0.00194957042618472,-0.152371365978102,-0.396802570733185,-0.00525392519970309,0.173998581121344,-0.0146332350737927,0.114751993621614,0.00374862251618236,""
2615,-0.164031918356533,-0.0150784963471065,0.0577837475110631,-0.121326667192576,-0.308176372165005,0.169500384364328,0.199127970781472,0.0190285353921963,0.0871097184528093,0.00224971989127306,""
2616,-0.115049825110345,-0.0398700091614402,0.029309204594356,-0.125610629677429,-0.361868525685785,0.0868944686834118,0.113973643204523,0.051614089109193,0.118560281692004,0.00375732911383992,""
2617,-0.12569484205396,-0.0491494815473948,0.0314039509912119,-0.143440372610143,-0.376160505182383,0.0866497468934479,0.181576306884557,0.0666509967787002,0.279267612787138,0.0220210821580729,""
2618,-0.12346618563411,-0.0257659733538684,0.0234654038983621,-0.125766755089616,-0.293300973239961,0.0772978893936394,0.121507226299809,-0.00544215060042255,0.044082411251852,0.000477332911324253,""
2619,-0.177547518849775,-0.0299187339408242,0.0066731676909716,-0.200793085099628,-0.402197169731374,0.0188840051412443,0.269203353035923,0.0631694942697428,0.180028423603441,0.010931092429896,""
2620,-0.154380542743948,-0.0266601103222608,0.0307280318426634,-0.150312621223545,-0.363794901226685,0.0968895519115714,0.161650309693166,0.0375953090877761,0.145173827679698,0.00608141621235554,""
2621,-0.151809672006066,-0.0492550353454488,0.0494554262161195,-0.151609281135395,-0.377901149177774,0.143073456400464,0.210924877508582,0.0499023503681305,0.305144077554928,0.0269232279910463,""
2622,-0.10548845025941,-0.000830739937150525,-0.000378260133662887,-0.106697450330223,-0.394937194905829,-0.00106878820870519,0.176984205384976,0.0949857704983079,0.202893098291276,0.0119358380415531,""
2623,-0.117518552335783,-0.0352827845883612,0.0288486109260137,-0.12395272599813,-0.337509541324615,0.086440081935384,0.211713896035848,-0.0254784457381962,0.076960518870186,0.0015300372533888,""
2624,-0.11991572139804,-0.0341222211614073,0.0298851460613858,-0.124152796498061,-0.397415793870869,0.0956927281223338,0.171919787303487,0.0416496278626129,0.0660574578160086,0.00130628305352793,""
2625,-0.123673499781326,-0.0210170054309062,0.00717972871216609,-0.137510776500066,-0.39722812594939,0.0193689751854294,0.146101817358063,0.0749567463505728,0.193726732628487,0.0106798368745016,""
2626,-0.19919383143738,-0.0236679167131705,0.034695549700725,-0.188166198449826,-0.269536150076302,0.109005056316664,0.20702703809445,-0.0392120050746017,0.026306476462663,0.000212433014156333,""
2627,-0.141266965695899,-0.000937587812020768,0.0274826238980006,-0.114721929609919,-0.373317197775953,0.0915618187361763,0.200400981770351,0.0325646489035405,0.0858953951442275,0.00234771188959321,""
2628,-0.127514789032753,-0.0299865348738593,0.00356293136606963,-0.153938392540543,-0.360167568617855,0.00969816681738828,0.193779247466658,0.083141260775234,0.256270824359502,0.0169761424550952,""
2629,-0.157957961444441,-0.0264861516813121,0.00937988608143083,-0.175064227044322,-0.379406893695961,0.0264313755762945,0.233157176580925,0.0288531512432147,0.176306603346682,0.00873713513154875,""
2630,-0.103306593007251,-0.0246359142874882,0.0187470969582008,-0.109195410336538,-0.272347039017424,0.0729226566926574,0.154283211590868,-0.0628231408554831,0.0624608588980254,0.00101906412805065,""
2631,-0.138855409541709,-0.0349611875862317,0.0288391029920254,-0.144977494135915,-0.348884530381214,0.0798626244016441,0.237400842416541,-0.0110031969405645,0.236393091035427,0.0165061046900149,""
2632,-0.194916605571871,0.0159567295687444,0.03419917810302,-0.144760697900107,-0.349638483751743,0.0965124745459166,0.244218608548063,0.0562851530316984,0.11535132198662,0.00420943351007451,""
2633,-0.165816827357891,-0.00429998705824422,0.0284979179246919,-0.141618896491443,-0.385492846198133,0.0786680170694721,0.175714436845299,0.0357471857491163,0.212478511260939,0.013723125039313,""
2634,-0.0436081698553564,-0.0846992727072924,-0.0131011665607382,-0.141408609123387,-0.369595380599613,-0.0388894225159749,0.174658135861554,-0.00115127087199444,0.00334632083751472,2.29195316161669e-06,""
2635,-0.11035112236185,-0.0410766771558958,0.0332205357599076,-0.118207263757839,-0.318204364739395,0.0910954634162639,0.142142448264208,-0.0101370690353975,0.182204009355532,0.00864005062063206,""
2636,-0.144549274585535,0.0158360231846084,0.0191798013347446,-0.109533450066182,-0.30247026248254,0.0636982668102414,0.188917256429311,0.0192007655104014,0.160821968191997,0.00720370383733428,""
2637,-0.130129806846135,-0.0178612894230093,0.0120604114201744,-0.13593068484897,-0.256812699534323,0.0346924795172281,0.208546863823015,-0.0698015660440068,0.0136037509987612,4.91677654900396e-05,""
2638,-0.150873199503991,-0.0483349547974324,0.0204776059667666,-0.178730548334657,-0.288368064768583,0.0581981281951458,0.202222279316789,-0.0521193837001624,-0.0307592287077879,0.000247389675210363,""
2639,-0.182250970921191,-0.0402721158850319,0.030359258424863,-0.19216382838136,-0.37240496057672,0.0926822668586141,0.101611386362115,0.00329784322311584,0.0055641166041345,8.52095176336285e-06,""
2640,-0.217890682804079,-0.0170034065581932,0.0248323393910043,-0.210061749971268,-0.345941737935022,0.0805576979489192,0.222772001687636,0.0140755913625312,0.130911708695152,0.00537362293143955,""
2641,-0.121810956737035,7.97395921983923e-05,0.0248593035383525,-0.0968719136064841,-0.355753110302964,0.0770654397219515,0.174588416631721,0.0643057892060262,0.0338549591941805,0.000339072352815546,""
2642,-0.106718262903236,-0.0273626140424452,0.00192266806106105,-0.13215820888462,-0.419758832746155,0.00495914090788391,0.134539822673842,-0.0102847429681198,0.199031629250728,0.0112793185662665,""
2643,-0.140764368838682,-0.0113840959833021,0.0387642105139369,-0.113384254308048,-0.351442865180487,0.112838304095947,0.157070597683062,0.0293384896258241,0.0894889316500136,0.00229490652819099,""
2644,-0.165631699702364,-0.0186875376896507,0.0259738410108681,-0.158345396381147,-0.457274819496845,0.0800678538774129,0.199113772565406,0.0834754284110445,0.174453421780871,0.00945074786371089,""
2645,-0.134853082993056,-0.00479769027399324,0.0232697392407665,-0.116381034026283,-0.346626049187091,0.0639090768074569,0.136067072159513,0.0315054341995919,0.0405626767178084,0.000459772295185069,""
2646,-0.147327425775724,-0.0236551604739121,-0.00406090099126941,-0.175043487240906,-0.340616694631537,-0.0121582580134033,0.176990029474292,-0.00154393858212772,0.154983885124666,0.006389729613541,""
2647,-0.145374298697065,-0.0468127113206473,0.0178057343906474,-0.174381275627065,-0.43333887546612,0.0519242367480277,0.185151526959905,0.0346761749248866,0.0289760172494196,0.000249951228045334,""
2648,-0.158373251295249,-0.00571938720483957,0.0144069999400092,-0.14968563856008,-0.28749539310504,0.039696902629781,0.191908806636444,0.0114652315548259,0.102499259109708,0.00299020476814989,""
2649,-0.118698816159063,-0.0719972808830067,0.0347896168133145,-0.155906480228755,-0.417324855888925,0.0950083109546338,0.241007381508467,0.0677669060589397,0.222486663858188,0.0135043975332677,""
2650,-0.140681718481991,0.013661396553913,0.000759013169795234,-0.126261308758282,-0.285110952556157,0.0023584218816766,0.15563875418619,-0.034705547717166,-0.127784218503509,0.00428689871378724,""
2651,-0.184425471864216,-0.0192806378031499,0.0405486068195969,-0.163157502847769,-0.415036709226215,0.109019788142366,0.163026357376296,0.0551563772559638,0.062788174622506,0.00122933231623268,""
2652,-0.137852485274914,-0.0257355331834494,0.0272099525725,-0.136378065885863,-0.37289169655288,0.0703936721604872,0.20465756213104,0.0779082596190189,0.134889875064222,0.00524336823351707,""
2653,-0.0997966364583715,-0.0483914771156744,0.00252315932400017,-0.145664954250046,-0.397102505817631,0.00691662813283556,0.186554326781498,0.0757658152504038,0.135475941408807,0.00453342028119919,""
2654,-0.169069594306641,-0.0315446981683333,0.0291846420463434,-0.171429650428631,-0.34123693259695,0.0866018761895998,0.232130334596864,0.0695125672642789,0.194350726606183,0.011400360991877,""
2655,-0.151420836063632,-0.0520378700402126,0.0314227728727178,-0.172035933231127,-0.410681678853454,0.0865795721440714,0.223361663229387,0.0936064308622003,0.204416013319022,0.0121055037505625,""
2656,-0.146057281819505,-0.0397097738705852,0.0469939442356756,-0.138773111454414,-0.372662544357086,0.148122405884016,0.225983847940811,0.0705701652352063,0.236858932323467,0.017021443003277,""
2657,-0.15781880764729,-0.00886116270402097,0.0234475695950017,-0.143232400756309,-0.357926380643323,0.068395871540328,0.187708041619105,0.068340908310193,0.198073665715614,0.0116093670725543,""
2658,-0.137904432415265,-0.0296834736934652,0.0386441133951067,-0.128943792713624,-0.367095037108967,0.111287784219136,0.212895146170938,0.0680908502478089,0.0768117146120646,0.001663242346481,""
2659,-0.201984615138487,-0.029245785870317,0.0364245886808902,-0.194805812327914,-0.361365862387951,0.108427861269129,0.221108365541266,0.0543581299652708,0.128020230964282,0.00510592231893498,""
2660,-0.103906583623513,0.0175616703650042,0.00727250615168197,-0.0790724071068271,-0.248321462381794,0.0223268626857438,0.238709077017491,-0.0856075805387188,0.0633704706901412,0.00116575950429136,""
2661,-0.128190949146326,-0.0260550776876677,0.0260027704706074,-0.128243256363387,-0.372351362358127,0.0755477269220974,0.14448817024341,0.0801510187706675,0.0695437312696574,0.00136101002869632,""
2662,-0.144159915779358,-0.011900449887775,0.0181307334807016,-0.137929632186431,-0.347921743938412,0.0509106108373716,0.176956141753914,0.0215206829244358,0.0888385839000465,0.00224873038216656,""
2663,-0.139752667157919,-0.0736721780800048,0.0312449986231712,-0.182179846614753,-0.421363220270931,0.0850971199996935,0.287700976550878,0.0549192092187987,0.293701166968129,0.0277222928530263,""
2664,-0.15633285209223,-0.0169512452390745,0.027099418665183,-0.146184678666121,-0.37660236303662,0.0734968653582287,0.192576284033887,0.047831831365192,0.130424756258068,0.00501975526596255,""
2665,-0.0963294054720289,-0.081695143058713,0.025260116977135,-0.152764431553607,-0.391334809190247,0.0675766757167909,0.225900987982555,0.0782659760120446,0.160290349574184,0.00637049171675173,""
2666,-0.161693263518258,-0.0388634312671646,0.0351697834729538,-0.165386911312469,-0.381744625542603,0.110475225401571,0.222907743313105,0.0821393353155354,0.0675728046857019,0.00137649528446115,""
2667,-0.207199289952859,0.0219178260633182,0.0234548064519926,-0.161826657437548,-0.333348214320142,0.0627430958610876,0.229516196863484,0.0186084340978207,0.121095381552597,0.00460461713225564,""
2668,-0.129527617112189,-0.0199733152920429,0.0154510123113839,-0.134049920092848,-0.32986414637047,0.0500441459038631,0.242190849214853,-0.00229273238427613,0.114250669982669,0.00359102201025844,""
2669,-0.112536911708492,-0.00934983019602721,-0.000457807559809918,-0.122344549464329,-0.367276357754818,-0.00123584908314238,0.18391430127253,0.054080263122196,0.139257601293272,0.00553020024596694,""
2670,-0.138544725231113,-0.0079541673676774,0.0143244674603012,-0.132174425138489,-0.336107546225163,0.0425867770427207,0.196694948917763,0.0425801135533143,0.0174819087452228,8.69289000020453e-05,""
2671,-0.184242256920462,-0.0100061039656057,0.00943569753533292,-0.184812663350735,-0.351444784402496,0.0249865230515407,0.244840708066269,0.0556556773446586,0.0342599131768539,0.000361979430186041,""
2672,-0.106787253956501,-0.0168635296494627,0.018136190668529,-0.105514592937435,-0.302360834168086,0.0580539432203408,0.149587352488024,0.00350896432005803,0.0955469822998288,0.00248633815424517,""
2673,-0.179134777379992,0.00662201594743075,0.0216094284635955,-0.150903332968966,-0.332626066759267,0.0691530821333636,0.13827311197889,0.0136904917589205,0.152611023091414,0.00697762946994422,""
2674,-0.120623211743964,-0.00483162963497005,0.035376872574586,-0.0900779688043482,-0.303875926558322,0.109025337868395,0.23275099848447,-0.0176857271515911,-0.0659129545908741,0.00128655611441754,""
2675,-0.134445625027453,-0.0363990051842101,0.00201753102801021,-0.168827099183653,-0.302434073087,0.00606511439706944,0.203751533516518,0.0474894887846154,0.0210616462278821,0.000108609119874074,""
2676,-0.126572175393626,-0.0413726784267108,0.00369526728294894,-0.164249586537388,-0.428103457710253,0.0101068735478055,0.250599328794762,0.0540632812941069,0.30858887202124,0.0291902249561709,""
2677,-0.113818927653374,-0.00767600204550353,0.0171641179062591,-0.104330811792618,-0.250135761933492,0.0567178906987605,0.228028109758964,-0.07920915834074,0.024858217751166,0.000172560551222516,""
2678,-0.165887625822093,-0.0198156324221225,0.024448631248505,-0.16125462699571,-0.390587114999253,0.0745615890287015,0.178648201092028,0.0545963834582416,0.16787187308493,0.00857245327116569,""
2679,-0.124655160147799,-0.02434329082395,0.0161343696209683,-0.132864081350781,-0.389065161648665,0.0512670421938464,0.188958414946964,0.0668685500397258,0.175421121070577,0.00854095853898926,""
2680,-0.168363108813836,-0.00950927368799295,0.0137899831512066,-0.164082399350622,-0.313988524144197,0.038265617407812,0.208778688478334,-0.00282437875922805,0.0693686269606383,0.00141026771462465,""
2681,-0.161398401404322,-0.0453065549851029,0.0378413150951762,-0.168863641294249,-0.413208809374467,0.110278355891503,0.137579265192852,0.0334857774388578,0.137837990848131,0.00524817551248061,""
2682,-0.1332817553603,-0.0327795576746757,0.0316577896298904,-0.134403523405085,-0.373554039880758,0.0929531557826994,0.153648999291554,0.0388426797387533,0.101900651366467,0.00301563852454144,""
2683,-0.0681899050906192,-0.0297378830129027,0.0428815027079461,-0.0550462853955758,-0.324536514177929,0.12990245668607,0.190226437437578,-0.0690849954491498,-0.00163418862340949,7.40313249979273e-07,""
2684,-0.116799464906809,-0.0408469877517978,0.0172140317615473,-0.140432420897059,-0.317298427179705,0.0512979392965105,0.273254395345723,0.03184374865238,0.293202242465439,0.0216290773942212,""
2685,-0.0894574939323516,-0.0398081209276825,0.0350270797656143,-0.0942385350944197,-0.390592210554696,0.12297397211741,0.145775688509278,0.071343923420032,0.166151861886015,0.00824858428273997,""
2686,-0.152645447087419,-0.0388485689709384,0.0190355971231375,-0.17245841893522,-0.295241741786445,0.0640248151759156,0.119379176923561,-0.0163787763573613,0.0357155646781069,0.000304698322460865,""
2687,-0.106156696391525,-0.0277806768291417,0.015575135848647,-0.11836223737202,-0.417628571795134,0.0477596561355187,0.171518390936337,0.0678972535747787,0.172332541598193,0.00857128145976477,""
2688,-0.123340523545714,-0.0569526810583961,0.0263524408669202,-0.15394076373719,-0.40995877918089,0.0722450592427018,0.146858500657357,0.02209027529708,0.177329950614342,0.0083416933866223,""
2689,-0.150715118043926,0.00546821996771702,0.0166067324989901,-0.128640165577219,-0.258970587591549,0.0500039712823591,0.258988195236161,-0.0775826229546133,0.164520648756014,0.00821768730731057,""
2690,-0.133572802479365,0.0283805513937008,0.00644005972039982,-0.0987521913652639,-0.241158675286408,0.0209883486367333,0.182576484989179,-0.0728971717661486,0.00550503953314014,8.34969578184762e-06,""
2691,-0.167249880614486,0.00813782802906861,0.0308001942012184,-0.128311858384199,-0.331709102868938,0.0875943382039037,0.163430791353459,0.0308081755036161,-0.0734531665423995,0.00159674363312236,""
2692,-0.144914710473854,0.00154392479021684,0.0461008212911879,-0.097269964392449,-0.295731997220619,0.164164147628217,0.190846321723663,-0.0541691559004693,0.0416791166035871,0.000514631877840005,""
2693,-0.103408037502724,-0.0473445344279844,0.00154283535672418,-0.149209736573984,-0.427126397270477,0.00466826416062575,0.105865624371655,0.100901510980607,0.157027527538374,0.00637190900023138,""
2694,-0.119318715338303,0.00540072273300335,0.0264348929598003,-0.0874830996454995,-0.339069442296953,0.0811796421273468,0.157856207885033,0.00137088314295413,0.143197101467155,0.006138205287862,""
2695,-0.140024310934732,-0.0356585479053124,0.0281125437061764,-0.147570315133868,-0.311781555014178,0.0880432234059982,0.182527638135797,0.0364665243352802,0.129110989612203,0.00474535820922425,""
2696,-0.103994878280562,-0.036808079970541,0.0119865276593804,-0.128816430591722,-0.408797221267284,0.038196275197379,0.207041698875369,0.0763066994839737,0.118935087387964,0.00376250208223745,""
2697,-0.173528702860186,-0.00226811297718383,0.0491332331139627,-0.126663582723407,-0.352371412039589,0.143835946592982,0.154678437615191,0.0131944318127118,0.0970943389165738,0.00288978009917858,""
2698,-0.151380972156132,-0.0198916703801051,0.0160866313702554,-0.155186011165982,-0.370530315364576,0.0547005053665141,0.156471059320819,0.0854998861798592,0.107436077316129,0.00309728907173106,""
2699,-0.123505887488695,-0.0267110613043208,-0.00322470965188745,-0.153441658444904,-0.437818449435006,-0.00996559065916035,0.163111682003676,0.0958662471864521,0.265006872144043,0.0191824937593676,""
2700,-0.181977837033745,-0.0456959092009852,0.0205055643592982,-0.207168181875432,-0.387081128372056,0.0549325929749329,0.216993205172291,0.0235682914299403,-0.0122606744307523,4.26373551517458e-05,""
2701,-0.135427380408582,-0.0243533043694488,0.0275181166892665,-0.132262568088765,-0.376964124852457,0.0865245554604705,0.186146046607309,0.0250349029510475,0.111374209147511,0.0036922196473345,""
2702,-0.137124169356146,-0.00982627895338116,0.0111773683890895,-0.135773079920438,-0.392318457996147,0.0302432255366562,0.174376734565789,0.0451602926000781,0.125098394596634,0.00462302865848597,""
2703,-0.105239786572545,-0.0473137447659571,0.0384208739343892,-0.114132657404113,-0.325725785184045,0.111130619074234,0.213973936660802,-0.0435961444692273,0.092138207577448,0.00214539882759158,""
2704,-0.11851328340201,-0.0287284327637265,0.0351783781065521,-0.112063338059184,-0.368541832958393,0.105745661718415,0.132345993693109,0.0488940394074376,0.0848621779695878,0.00205010189559346,""
2705,-0.150363631279682,-0.0209589592451185,0.00777786956863695,-0.163544720956164,-0.366733441895978,0.020717571696972,0.207244892975562,0.0724132316620364,0.103705108792731,0.00290857285665442,""
2706,-0.137576611213734,-0.0199419627196685,0.0503063205755648,-0.107212253357838,-0.264716237022936,0.158657216766517,0.210920689621401,-0.0429546719287406,-0.0181665974281858,9.30911665704183e-05,""
2707,-0.116112487210998,-0.0213738495226874,0.0323415698421055,-0.10514476689158,-0.340363468105888,0.100314422129668,0.147079606151867,0.0134577986782041,0.082207702660207,0.00190695668365235,""
2708,-0.112223867852833,-0.0259959354518599,0.0179988705451515,-0.120220932759541,-0.269636997484729,0.0561860683380608,0.194059683839943,-0.0162630972312525,0.0398549197409251,0.000398219721996513,""
2709,-0.153688363755367,-0.00543803978994648,0.0308616048156107,-0.128264798729703,-0.386792648902713,0.090926702160032,0.189134701215425,0.0604461240557776,0.133902693811836,0.0056683835902943,""
2710,-0.130844980703437,-0.00755205202821519,0.0088618541129931,-0.129535178618659,-0.371801966096039,0.0265002460134725,0.138856839654705,0.0656162922531255,0.202392556955047,0.0118562422218129,""
2711,-0.2035920519025,-0.0310983409580935,0.0345812673257361,-0.200109125534857,-0.358240648118926,0.0897687318453529,0.199642911674017,0.0473465115130706,0.0282411024318975,0.000224468472255277,""
2712,-0.134880526246754,-0.0395030142355007,0.0293788614683123,-0.145004679013942,-0.436859185097717,0.096977210489277,0.123606759793587,0.0823274329345908,0.174389257789624,0.00951930730017635,""
2713,-0.0972666383849184,-0.0323350577388982,0.0164405093996038,-0.113161186724213,-0.32268059874619,0.0497152539939153,0.268600987120709,-0.0613270057256955,0.190033806980209,0.00969293346229513,""
2714,-0.187086197641816,-0.00228107160317906,0.010732010712793,-0.178635258532202,-0.273373814077594,0.0306660463405041,0.228103244070967,-0.00236739734005878,-0.113757345421738,0.00386602751788641,""
2715,-0.108823358100061,-0.0451502127583237,0.0393867679328585,-0.114586802925526,-0.376273199905507,0.108679740998483,0.235426866731445,0.0328216567904967,0.116873721641109,0.00363564462466505,""
2716,-0.147101312198834,-0.0224279710489573,0.0230354372491372,-0.146493845998654,-0.337350680618472,0.0636337163753808,0.182314552793871,0.0285230430781793,0.0138125733526161,5.36864337866555e-05,""
2717,-0.10337898347342,-0.0390245500303937,0.0381268190442953,-0.104276714459518,-0.332588287952219,0.129540178184204,0.175108628616884,-0.033814604025793,-0.00895174673002938,2.23476264693792e-05,""
2718,-0.0853506274252537,-0.0400037820809284,0.0255159520388199,-0.0998384574673622,-0.399385261117413,0.07134174656792,0.163833256282638,0.106277713086413,0.15208461409943,0.00645210462883543,""
2719,-0.142918481285975,0.0082570131428159,0.0128689666676647,-0.121792501475494,-0.397637126357455,0.0353035470384458,0.180050890812327,0.0486421442058561,0.107578271525754,0.00356464050643048,""
2720,-0.165993261308653,-0.00354045263992327,0.0244451548358495,-0.145088559112726,-0.354586392098161,0.0674950641422974,0.188880560907636,0.0819386667778303,0.0712706667768085,0.00142392842099787,""
2721,-0.157655101141348,-0.029233831286564,0.0312040308292169,-0.155684901598695,-0.411735462208486,0.0919418210446497,0.173304691881987,0.0326534831493382,0.126776997103657,0.00499792250958813,""
2722,-0.131213309916311,-0.0669482411503025,0.00376285936855339,-0.194398691698061,-0.374481044263321,0.00981870910519002,0.18768145002303,0.0590841382283341,0.0440047206379527,0.000430392124814576,""
2723,-0.200257107086103,0.00419405077239118,0.0236252841077519,-0.17243777220596,-0.279605851298073,0.0852888752330696,0.16170233401647,-0.0471709622123424,0.00385033982756403,4.37188653746409e-06,""
2724,-0.129768127814079,-0.0362800162351124,0.0136889183794002,-0.152359225669791,-0.427589322030435,0.0465339430826284,0.165599415548257,0.0905099198412673,0.203341309486041,0.0124644281731581,""
2725,-0.138349342636927,-0.0211095194674746,0.0140535823078097,-0.145405279796592,-0.306698711347044,0.0473416885863383,0.267785461872777,-0.011323745553484,0.230198331190403,0.0157850572516132,""
2726,-0.144434974465649,-0.0286119656021574,0.0443244667683612,-0.128722473299446,-0.418429213586463,0.134768993802154,0.186097389735951,0.0745208285456351,0.0725561798251303,0.00167533544572245,""
2727,-0.125357862793417,-0.019727117629874,0.0290573353319245,-0.116027645091367,-0.391391954102426,0.0854953575644701,0.157366336964427,0.0642386201284912,0.0409610078301432,0.000478936422550611,""
2728,-0.111523946799996,-0.0591016871311034,0.0234859036152367,-0.147139730315863,-0.330344814857144,0.0667314873335199,0.233767913911578,0.0177135216788313,0.222400207746808,0.0118329330554278,""
2729,-0.171024688613795,-0.00347442809875711,0.0113756365337543,-0.163123480178798,-0.296155294665899,0.0351826568572944,0.207386669964908,-0.0669512784811603,0.144621164529667,0.00615599675450355,""
2730,-0.122551237368151,-0.0583408510905438,0.0144054828669738,-0.166486605591721,-0.398681327913549,0.0403089871200539,0.176007034770408,0.0428828615614803,0.15105687520078,0.00609663104017334,""
2731,-0.143932299070751,-0.0189911105032088,-0.0112184568232898,-0.17414186639725,-0.265239825982132,-0.032616529116619,0.197029223033348,-0.0623585798930685,0.125674149513491,0.00418787904291922,""
2732,-0.1604342732087,0.0149303832874508,-0.00433521132301916,-0.149839101244268,-0.379036385973735,-0.0121188821562538,0.235248173778689,0.0729950652666742,0.228638221029514,0.0159739909280937,""
2733,-0.150572631725763,-0.0161320427912984,0.0177084776598575,-0.148996196857204,-0.355040441655116,0.0515943995355067,0.1951703659759,0.0563912664700653,0.0674301291994107,0.00135521868886192,""
2734,-0.132598342243119,-0.0443297701340734,0.0121269684520702,-0.164801143925122,-0.34101144139484,0.0336451089194754,0.208425210127076,0.0156933589361159,0.0924158880991689,0.00209097128281671,""
2735,-0.208345832764736,-0.0244296866580105,0.0303658195538228,-0.202409699868924,-0.418588682109282,0.0765377874995036,0.244255270305258,-0.00120854031235268,0.156766547986842,0.0084205496472555,""
2736,-0.136299284291781,-0.0133802937902369,0.0145499574067386,-0.13512962067528,-0.341818316652652,0.0446522787310794,0.221959933196828,0.0329994065587189,0.0965339945745624,0.00272363309603051,""
2737,-0.0996614681155225,-0.017116912530636,0.00756960417695076,-0.109208776469208,-0.388148755993918,0.0235358102514993,0.218522690332009,0.101364850527236,0.0321457283003961,0.00030552154697229,""
2738,-0.117581450587811,-0.0197985243410409,0.00681397203448922,-0.130566002894363,-0.376915753114158,0.0212851606633553,0.125920187205506,0.0575558311578188,0.120955542387217,0.00404828278823597,""
2739,-0.128683562646144,0.0114918772379676,0.0342818063083969,-0.0829098790997796,-0.283536490281542,0.10153475507057,0.201554281269272,-0.0128021672375693,-0.0880582184888918,0.00219909151661152,""
2740,-0.162570160533463,-0.000257983378635144,0.0461966074772818,-0.116631536434816,-0.285020767010412,0.141961069396309,0.129453977853455,0.0107719946475257,0.022422825849229,0.000145324904225298,""
2741,-0.117198647692797,-0.0107996207832578,0.0349340095536345,-0.0930642589224205,-0.36366057837578,0.0986525685652785,0.184059171881882,0.00523527816818848,0.143520484434601,0.0062963953140293,""
2742,-0.162311223501045,-0.00418566740645922,0.0293429617518009,-0.137153929155704,-0.25377024592387,0.0897809792412313,0.190819524030781,-0.0569568377378317,-0.166494156237119,0.00773596928196538,""
2743,-0.155338722626871,-0.0292067548355501,0.028715064094257,-0.155830413368164,-0.340305269507619,0.0951443034896051,0.190323147031802,0.0164805086838486,0.180591056565605,0.0096993549075762,""
2744,-0.141734643005766,-0.002647297973198,0.0143019115325266,-0.130080029446437,-0.343658112132488,0.0451355897893776,0.201189315473617,0.0232759186220647,0.0228556791842082,0.000159233097653122,""
2745,-0.155426450858169,-0.0205308788372498,0.00779237030685741,-0.168164959388561,-0.429450605080305,0.0255988752023053,0.124999784381837,0.0743618254781153,0.106073972897857,0.00337703001454519,""
2746,-0.156382915559823,-0.0263914849907258,0.0363238067840424,-0.146450593766507,-0.315164625099857,0.125680614657744,0.194856329084841,0.0147015464891686,0.186097709947921,0.01023908176324,""
2747,-0.129902081483955,-0.0135445424418161,0.0139446011404106,-0.129502022785361,-0.356552214889739,0.0385424428679922,0.187979296957159,0.0288809763438543,0.0959281028184122,0.00247791704526326,""
2748,-0.149524389557479,-0.0417237024161904,0.0517442367325369,-0.139503855241133,-0.380402543347234,0.152028136192929,0.239809399978015,0.0821628265197532,0.101883352238134,0.00338264493935533,""
2749,-0.125572328460137,-0.0442579596569108,0.0103916146248808,-0.159438673492167,-0.38931251269476,0.0290404208753238,0.201237930736716,0.071716092845606,0.133639396153095,0.00512890666374967,""
2750,-0.146590335355578,-0.0365882921123902,0.0314145241267745,-0.151764103341193,-0.372104713955863,0.0969057193935051,0.22899048396018,0.0767278034958924,0.258475286050023,0.0200431411154482,""
2751,-0.130556935442284,-0.0434815802592718,0.0319949631203245,-0.142043552581232,-0.400952614265918,0.0856648136376239,0.194253999415998,0.0678921465061611,0.104866740389783,0.00301694664936929,""
2752,-0.139661320269729,-0.0634624535933967,0.0311547214226185,-0.171969052440507,-0.440738890652439,0.0945380645480435,0.200203434234238,0.0698951396453833,0.239974697413455,0.0172965829220092,""
2753,-0.14175993462445,0.00258832452269081,0.0403190787230208,-0.098852531378738,-0.289942208079486,0.119408032262951,0.2324603079236,-0.0836921423755502,0.0683050436079602,0.00140793230225111,""
2754,-0.145496269720471,-0.0322544624007665,0.0245507987630126,-0.153199933358225,-0.391817026817826,0.0693070917652323,0.152694257671893,0.0779800042112061,0.126744837857164,0.00458137993029032,""
2755,-0.0950546634557074,-0.0373393669588114,0.0127315467669808,-0.119662483647538,-0.415040119969166,0.0352688165285709,0.212064573632369,0.0406113299075789,0.223896433885796,0.0147012166481772,""
2756,-0.166363476864387,0.00787853536882024,0.0101295830768144,-0.148355358418753,-0.334587839654985,0.0382961852472668,0.171354952562083,-0.0522261469428216,0.0736773573278548,0.00163912160168311,""
2757,-0.117264344702945,-0.0402144812638567,0.00285634097016291,-0.154622484996638,-0.430833674587923,0.00748429029056083,0.168652517243388,0.00814812162425994,0.220430211878717,0.0135777083247959,""
2758,-0.167892067060625,-0.0331260560653496,0.024980382124262,-0.176037741001713,-0.295760318176941,0.0747209784850988,0.242415395719791,-0.0295146734468896,0.00152264008322581,6.42331053313781e-07,""
2759,-0.157039435460043,-0.0245952336266084,0.0435787871885444,-0.138055881898107,-0.383874064941683,0.118295324092044,0.221613738760852,0.0887782527922976,0.108106920370782,0.00352625773537299,""
2760,-0.124694952265929,-0.0128287741788222,0.0296989229392006,-0.107824803505551,-0.302107140000792,0.0888030092226291,0.223443213683385,0.016099956564028,0.133415297604972,0.00474968590242045,""
2761,-0.168731446734042,-0.0137616070568581,0.00954000383755168,-0.172953049953348,-0.340877582353134,0.0280400740553539,0.181952005310282,0.0464874607546154,0.140743219544032,0.00556707892170748,""
2762,-0.17607764117134,-0.0203229740699775,0.0395369743939094,-0.156863640847408,-0.327582024378756,0.107115642703866,0.181350974886912,0.0257247483150331,0.00790537055107627,1.7887235886059e-05,""
2763,-0.126882609515791,-0.0325294538316969,0.0280513725651047,-0.131360690782384,-0.343027875636001,0.0780555200475227,0.16231834416433,0.0354348640968901,0.21543744366856,0.0127449008334272,""
2764,-0.162717077624247,-0.0144593228764006,0.00809669139502518,-0.169079709105622,-0.369471618995123,0.0220928731658401,0.161628821898202,0.0275820055025957,0.10547673303654,0.00319407758103518,""
2765,-0.12418257163865,-0.0743464135616515,0.0250677728174394,-0.173461212382862,-0.389657631641573,0.0787191362661642,0.191846207074024,0.036496177390081,0.152044732487568,0.00585574060874283,""
2766,-0.146528734258854,-0.0503255776655323,0.0435863277205385,-0.153267984203847,-0.460819748166149,0.123755695789734,0.250809278861339,0.118445574012229,0.169332193057128,0.00948593197802764,""
2767,-0.141423579782995,-0.0229619844823092,0.0260503078125393,-0.138335256452765,-0.375205079928181,0.0788181256189748,0.168592828821603,0.0756673127900436,0.22684826936371,0.0145987208902131,""
2768,-0.157245499230502,-0.0332751984596216,0.0394684293644093,-0.151052268325714,-0.315956550459616,0.124850617729777,0.221863675038921,-0.00205127195872761,0.0165545642321588,7.49148689302622e-05,""
2769,-0.090826844197624,-0.00303626332426492,0.0186822403088131,-0.0751808672130758,-0.326421251073483,0.0586722925645393,0.119766332472561,-0.018022979968462,0.0577516442260273,0.000960032222216029,""
2770,-0.159231774168653,0.00434436445346779,0.00670826795258721,-0.148179141762597,-0.344966283064488,0.0197447545595464,0.239149895002077,0.0127344948649037,0.165253156252819,0.00839998181475226,""
2771,-0.168708177667858,0.00250433335571529,0.0240836019936982,-0.142120242318445,-0.335204378197815,0.0705136630768446,0.208600626373298,0.0511288755124844,0.13399223305422,0.00544013175604639,""
2772,-0.11495237940018,-0.0362428733904659,0.0350184041433596,-0.116176848647287,-0.379914750028915,0.104339222384651,0.203360970333591,0.0476297166463471,0.0728185749672355,0.00142374853698283,""
2773,-0.113369034515472,-0.0342621214553625,0.0159743015758326,-0.131656854395002,-0.350311006909034,0.0467737685358117,0.223383648114745,0.0536047785824544,0.074566314085612,0.00154442897047461,""
2774,-0.166482375835169,-0.0125970388030046,0.0125671627483083,-0.166512251889865,-0.26769527019589,0.0413796389917799,0.236218055525506,-0.0296263782401593,0.259462051947282,0.0194229642061521,""
2775,-0.0786942213829153,-0.0354372102269794,0.0397991167384746,-0.0743323148714201,-0.314977041879377,0.128514189291288,0.134094397829661,-0.00864106436912433,0.0358840904561947,0.000354854996586099,""
2776,-0.157277076542194,-0.0197576500460313,0.0410247754246852,-0.13600995116354,-0.310835265602781,0.132654548402436,0.252447365519597,-0.000185588112234838,0.0295795964816251,0.000264734894652564,""
2777,-0.136833225732081,-0.0296785763536919,0.0192490091110248,-0.147262792974748,-0.387793890412899,0.0566213299492414,0.133823985036736,-0.0181520522007992,0.204059782346624,0.0122194316621907,""
2778,-0.128566816310283,-0.020859545483116,0.0455166361704611,-0.103909725622938,-0.370500321352416,0.129422578422979,0.176293645452727,0.0236461619069355,0.0958244274444908,0.00264028839317201,""
2779,-0.181094639662205,-0.000186348291424949,0.0269460520094757,-0.154334935944154,-0.350930970834062,0.0785261759922944,0.131686539294503,0.0428820323948866,0.138167491554601,0.00563548034507548,""
2780,-0.16979860355727,0.0166480388154868,0.0242593869023708,-0.128891177839413,-0.323351704765477,0.0700072144253772,0.198507875968204,0.00827817085721807,0.0839694876538927,0.00214143733324865,""
2781,-0.129540856509863,-0.0534028597572045,0.0120793883765487,-0.170864327890518,-0.361734634939238,0.0342797874144557,0.175941314060608,0.0160587060821282,0.0768537989383382,0.00142654670165311,""
2782,-0.115886511207385,0.00441576850997226,0.0244642136498653,-0.0870065290475472,-0.345605442362401,0.0703622331996064,0.163525419842892,0.0153646099157063,0.052615420114142,0.000774211154712618,""
2783,-0.116434606657933,-0.0564012707172674,0.0212102778818561,-0.151625599493344,-0.427826966708935,0.0568640510991991,0.18283436245601,-0.00817616321790788,0.28321301233065,0.0222924755716017,""
2784,-0.13929637194802,-0.0355371471219711,0.0141688900947172,-0.160664628975274,-0.355404343569141,0.0408029983813875,0.180557189541409,0.0624137407984685,0.226706276974273,0.0138625582760243,""
2785,-0.152479206862135,-0.0170821398768743,0.0209695709649186,-0.148591775774091,-0.398091930633324,0.0647528429469707,0.162584028946401,0.00649036491308656,0.115578433942035,0.00398359298197604,""
2786,-0.14725879361827,-0.0415670121754739,0.0248505389810985,-0.163975266812646,-0.360968967435952,0.0595456825316985,0.260811595559688,0.0233807770125702,0.147109009793997,0.00620010691572463,""
2787,-0.115388781206475,-0.0209329971749018,0.0122164672420724,-0.124105311139305,-0.36358303237742,0.0372515794324973,0.183273311874162,0.070903594404324,0.100988147419255,0.00280392342288858,""
2788,-0.126380980618134,-0.00315111233089758,0.0115499351395937,-0.117982157809438,-0.345476451173841,0.0317381544189655,0.158430883504506,0.0498763785862077,0.0899331947940076,0.00225700323241499,""
2789,-0.149147727962367,-0.0220692447879938,0.0173649885877764,-0.153851984162584,-0.34607467193585,0.0516293789763024,0.118009188471351,0.014386817964498,-0.0789522085528687,0.00167382731001929,""
2790,-0.122395723755784,-0.0317103370294802,0.0232734142565793,-0.130832646528684,-0.379371008870773,0.0706619959846234,0.170842844934987,0.0595490852771115,0.10139715954031,0.00289097975674132,""
2791,-0.138085379726156,-0.026368837845322,0.0048930417724214,-0.159561175799057,-0.411835295678923,0.0141834901211073,0.217351605518587,0.0741160962406351,0.116569437883855,0.00401651261124538,""
2792,-0.128332975560667,-0.021591123501164,0.0288496811962613,-0.12107441786557,-0.302240674931909,0.0888186822078016,0.159421063140618,0.00845535712194092,-0.0149985528335649,5.97673988942943e-05,""
2793,-0.182846826316049,-0.0299361698184628,0.0177363577134575,-0.195046638421055,-0.46820230718544,0.0472662088823511,0.197615064670659,0.0342273432836672,0.194538534105308,0.012601052091442,""
2794,-0.134379263947067,-0.0207132014056832,0.0291268828320862,-0.125965582520664,-0.431258590516417,0.0916494174291057,0.172422199232521,0.109504014009383,0.18204588067881,0.0103700215189357,""
2795,-0.17546054631675,-0.0362831961094775,0.0118337547444187,-0.199909987681808,-0.378087110375624,0.0334442486492455,0.256541752873727,0.0476139293319668,0.0945882271753123,0.00269353565371439,""
2796,-0.144465173785323,-0.0356274818367766,0.0350594276708536,-0.145033227951246,-0.34562215759693,0.102605836469181,0.232802808502604,0.00640855552866376,0.0640850606010901,0.00118898088064261,""
2797,-0.156350202839336,-0.0206193015517599,0.00306540397933495,-0.173904100411761,-0.393191953018769,0.0101442792318816,0.165492698790349,0.0648769491870851,0.181229462745758,0.00963265942885805,""
2798,-0.101772542314482,0.00737527011181829,-0.0170862718281471,-0.11148354403081,-0.360450104711542,-0.0472187294949355,0.152841598134667,0.0908691039825202,0.134361737311819,0.00474643644566538,""
2799,-0.123049655697393,0.00334942083659443,0.011019520768682,-0.108680714092116,-0.333577214574966,0.0359415429079406,0.157574265682137,-0.012572330360012,0.061922943775475,0.00108978424838231,""
2800,-0.129039527736397,-0.0550923780813592,0.0227691736284721,-0.161362732189284,-0.323000265544377,0.0646521888672754,0.221495473230718,0.0251766930030669,-0.0151631832037172,5.58686732673967e-05,""
2801,-0.141339279940288,-0.0312843171056042,0.0146908967192306,-0.157932700326661,-0.369912656075865,0.0429524876319844,0.228236085593323,0.0318897317537484,0.125675854015133,0.00453906249680101,""
2802,-0.176519740609605,-0.00209513759261278,0.0366332306035859,-0.141981647598632,-0.352893144854161,0.105140188241615,0.201210453746557,0.0523632798197791,0.161482688910454,0.00788918250637517,""
2803,-0.149735060425668,-0.0195455938210885,0.0268848162847975,-0.142395837961959,-0.327764609557861,0.0795473466010054,0.230518493962461,0.0179952565473713,0.127302195874259,0.00480304079777828,""
2804,-0.132049088176604,-0.00914990793451755,0.0257117478856768,-0.115487248225445,-0.353581643838792,0.0686350781241821,0.16982799582414,0.0787055145338458,0.114233180448999,0.00329124478102594,""
2805,-0.184104098378194,-0.00310035819269265,0.00416061444091912,-0.183043842129967,-0.381842606514309,0.0103921577081504,0.231217768150034,0.0285172704156249,0.128102592665208,0.00533189988081696,""
2806,-0.155423790086904,-0.0446883647895528,0.0214942539744555,-0.178617900902002,-0.348312865912598,0.0615829617299555,0.242893884391971,0.0294330037781874,0.0628532750464731,0.00119586929507854,""
2807,-0.118517622104224,-0.0229433690219394,0.0134865716553233,-0.12797441947084,-0.426559106393951,0.0355240835559399,0.18590147978236,-0.0112943579788828,0.178528441637365,0.0100201061039531,""
2808,-0.132650456821534,-0.028690200200344,0.0127285837699421,-0.148612073251936,-0.322317049531378,0.0364404175063304,0.231111039876882,0.0416529867765035,0.02924946694778,0.000244329070275981,""
2809,-0.101400278201514,-0.0761600495366544,0.0250242317409742,-0.152536095997194,-0.452098925159896,0.073893510249078,0.128971220035712,0.0775786955156594,0.197396947532372,0.010023871423882,""
2810,-0.102892222205736,-0.0703474529234084,0.0338653261439192,-0.139374348985226,-0.411379551018873,0.0988606988029452,0.19481025559715,0.0586541540297647,0.119636789297307,0.00310518348397476,""
2811,-0.13331342918043,0.0163183092867217,0.0120328078593436,-0.104962312034364,-0.287297812543421,0.0368018379546492,0.238859799748294,-0.0719904037534824,0.0626385070663021,0.00114663980768082,""
2812,-0.190100578883881,0.00591621729916077,-0.00739263520402918,-0.191576996788749,-0.304840552792354,-0.0198901799349452,0.266413158386125,-0.0166654183299977,0.2053406237516,0.0132591060853135,""
2813,-0.123583608803291,-0.0358108119678209,0.0260951342342808,-0.133299286536831,-0.366825853858831,0.0759218207136177,0.187259002667542,-0.0088532715395171,0.0838744704762463,0.00189799262314645,""
2814,-0.183057262841311,-0.0421193413663953,0.0235739722333565,-0.20160263197435,-0.305611495393446,0.0726559236504168,0.17957914363213,0.0085679575160209,0.0435565474711862,0.000507834193798625,""
2815,-0.156805458644715,0.0328301595596807,0.00911927125688548,-0.114856027828148,-0.410944192749419,0.0267943190477826,0.203221040101965,0.0678930020716514,0.00451052698862698,6.23543082037863e-06,""
2816,-0.182372814855849,-0.00291239387764676,0.00603605862594146,-0.179249150107554,-0.352652843741875,0.0165080741474059,0.170281923785961,0.0259745893031149,0.0947324191682643,0.0025927119260261,""
2817,-0.14813660559039,-0.0463713638651487,0.025910396159482,-0.168597573296057,-0.422043745926467,0.0721388636602486,0.20549776129499,0.0723045698155235,0.0765936373654777,0.00174107323958181,""
2818,-0.113637835959474,-0.00291990046806452,0.0384611589379498,-0.0780965774895883,-0.33545784269395,0.112972760792219,0.18976345325757,-0.00380972604625303,-0.0324324842328561,0.000305645155962179,""
2819,-0.141404621142063,-0.0210048499063949,0.00697968843322744,-0.155429782615231,-0.38780676076922,0.0197717904742047,0.205028215454155,0.0862240419413855,0.199734101883798,0.0110608801069124,""
2820,-0.191059154682368,-0.0158604288450334,0.0532513878774962,-0.153668195649905,-0.311980433759198,0.14659609418805,0.183822662585212,-0.0033586867430849,-0.0625650332817632,0.00115802627038113,""
2821,-0.147895454504722,-0.000650090587516701,0.00154203879523285,-0.147003506297006,-0.326170509638616,0.00438023656318878,0.157022548625032,-0.0386395917229164,0.170815518606724,0.00811473400414903,""
2822,-0.0861905080221619,0.00101703989338531,0.0145272541102814,-0.0706462140184953,-0.366080275339102,0.0399092873504573,0.190066609293089,0.0607112173442147,0.0474803922917392,0.000605314050268715,""
2823,-0.154152532214674,-0.0214060226892597,0.0272928047448187,-0.148265750159115,-0.363765143121137,0.0771680847305827,0.1811753654455,0.0690700483599826,0.0589230676432731,0.000958016009802035,""
2824,-0.105377987559593,-0.0147849753270597,0.0355674130174213,-0.0845955498692316,-0.33653958394475,0.109935450438064,0.171367577562104,0.0108882711683539,0.114812087933241,0.00365719338139068,""
2825,-0.154628811298579,0.0128095411681692,0.0129790722269563,-0.128840197903453,-0.333272309809997,0.0408121099296527,0.201707692215794,0.0734680205650568,0.152690464371445,0.00687341199238571,""
2826,-0.115049907634857,-0.0328406490347496,0.0438791108009571,-0.10401144586865,-0.3464408332318,0.130055497612236,0.164756385559885,0.01952145813433,0.15809702268679,0.00718088402935262,""
2827,-0.136298860141845,-0.0710141150126126,0.0298813988197506,-0.177431576334707,-0.394345031948825,0.0697703716131013,0.244638369038433,-0.0550008468292084,0.259343449625779,0.020413357049213,""
2828,-0.158504202066972,-0.0317591950835733,0.0373475199314463,-0.152915877219099,-0.343865334866089,0.123957076271615,0.130446032756011,0.0345853125755315,0.109446711034054,0.00337505604030559,""
2829,-0.108505318070409,-0.0392132921128834,0.0356277082647801,-0.112090901918512,-0.363582951734235,0.110666478350175,0.20531302290782,0.0601822649858901,0.278044385922123,0.0222337170433791,""
2830,-0.145698256214321,-0.0110950130840424,0.0024076027769914,-0.154385666521372,-0.371013487924867,0.00718459567211766,0.141868051863722,0.0201304163165765,0.134702426422196,0.00520898841928153,""
2831,-0.160364062273392,-0.040995369626459,0.0272525264823466,-0.174106905417505,-0.391133305905285,0.0745802584940608,0.200171483092685,0.0689115420131024,0.111894206510798,0.00343895553529683,""
2832,-0.12236724294949,-0.0261871530194203,0.0278773787932399,-0.120677017175671,-0.31998381036811,0.0795423094078869,0.180352637824327,0.0644252686522698,0.167770259809809,0.0073481257630566,""
2833,-0.110824270836849,-0.0195524031285967,0.00911648517453383,-0.121260188790912,-0.337233932333358,0.025686759173244,0.179219197115718,0.0377812925586587,0.0347546814738688,0.000328146948501509,""
2834,-0.18025111649762,-0.0416797522513107,0.0326928128919497,-0.189238055856981,-0.321977734389928,0.0896677762598903,0.225914781376406,0.00303177325150413,0.071798551339308,0.00145626500516678,""
2835,-0.105076176928977,-0.0170327222491784,0.00532469139323609,-0.116784207784919,-0.363119112074135,0.0150365221448305,0.195010093108316,0.0606640993909483,0.133747638463997,0.00509655673376672,""
2836,-0.141589895609644,0.00677285882377431,0.0171894554097383,-0.117627581376131,-0.337973152342111,0.0456381100799308,0.171612471338704,0.0198544776750365,0.0354519668160441,0.000359390025241446,""
2837,-0.148704649039107,-0.0255729539841709,0.0119178468369901,-0.162359756186288,-0.371062435138152,0.033190444826524,0.222242123830371,0.0632862129286821,0.113079055471181,0.00359789685200991,""
2838,-0.119986013072922,-0.0148927912236236,0.0460327403530147,-0.0888460639435305,-0.338638708913778,0.140106288150607,0.183756067409037,0.0605968567400134,0.0527855013150496,0.000839501099263747,""
2839,-0.0909465397862606,-0.0522866433948028,0.0389727119960866,-0.104260471184977,-0.377723399781056,0.128258396008006,0.114367144231327,0.0309962929635831,0.0794527969337183,0.00168179228118634,""
2840,-0.148668023322451,-0.0274141368093287,0.027382173639781,-0.148699986491998,-0.309335642462374,0.0832021883611163,0.17437281718597,0.0265409232388216,-0.0184342653956734,8.71478229044586e-05,""
2841,-0.109287033621385,-0.0174727594349846,0.0161374496381515,-0.110622343418218,-0.315180087638941,0.0439950382735035,0.185633235375459,0.00888156471894376,0.00572404561148507,9.01146055553362e-06,""
2842,-0.122047064195582,-0.0100522191825901,0.0322517593609316,-0.0998475240172406,-0.344399786890761,0.100720837319597,0.120385004100651,0.0322684300212825,-0.00422824537917109,5.14580696781026e-06,""
2843,-0.136918327604172,-0.0456300611359398,0.0293141554951245,-0.153234233244987,-0.37091146746677,0.0850637717904613,0.172913926823254,0.0164643825871232,0.0810321603307032,0.00179147283503381,""
2844,-0.124109106644906,-0.0321595077858682,0.0214502249422585,-0.134818389488516,-0.325774333590096,0.060252344683858,0.231581522268778,0.000155462573588741,0.0375055811405338,0.000371227627834322,""
2845,-0.134862419076458,-0.0120620472243715,0.0202777389489838,-0.126646727351846,-0.382492410911545,0.0617315797654208,0.136955783318665,0.0702914942189553,0.127331031864673,0.00474604012906448,""
2846,-0.118877383915725,-0.0418715229052219,0.00704687834937481,-0.153702028471572,-0.375085257232772,0.0187144741977879,0.206598360706782,0.0820623981715886,0.227807415646861,0.0141763495894804,""
2847,-0.134231038184321,-0.0611456858042789,0.0269193940713174,-0.168457329917282,-0.369548102237123,0.0864537114509994,0.20170516589271,0.080926385001442,0.258163687518272,0.0167349529509817,""
2848,-0.166697008366964,0.00430916136485218,0.00386263246118709,-0.158525214540925,-0.310077205734815,0.0115509901480724,0.213763861435077,0.0100144970311824,-0.0501120794707738,0.000728402039163101,""
2849,-0.163244302861158,-0.0137646553493731,0.0357357683317805,-0.14127318987875,-0.322196443390325,0.112323652039656,0.192865484761593,0.0294226207604077,0.0883379125432887,0.00232536758251256,""
2850,-0.107950510480537,-0.0550268856902389,0.0102578518011323,-0.152719544369644,-0.41467595348559,0.0296782096354244,0.203936848067798,0.0794278024642377,0.203086342768878,0.010453680077194,""
2851,-0.163444841071507,0.0157540404064202,0.0136317892322197,-0.134059011432867,-0.301144730899556,0.0493054992287505,0.17534603013662,-0.0137174012560963,0.0419333663285623,0.000516964108193295,""
2852,-0.079824574562956,-0.0559843597282806,0.0278055064595014,-0.108003427831735,-0.45601396998737,0.0853459728936577,0.123501001954736,0.0808827102286397,0.0556149339982205,0.000858792760885593,""
2853,-0.137629836044672,-0.0145813559554244,0.025901325538563,-0.126309866461533,-0.238328668581258,0.0760197980719025,0.247443482814436,-0.0531129607631314,0.115118923541054,0.00373920236876907,""
2854,-0.169274364097713,0.020810164787438,0.017732192528505,-0.13073200678177,-0.344794098355556,0.0610785849372813,0.234853081575207,0.0445312334271488,0.195972842588847,0.0121164448873193,""
2855,-0.161843845024555,0.00339419542468789,0.00720737553966112,-0.151242274060206,-0.343160096368163,0.0219885324455509,0.228935247053742,0.0315166461740174,0.163015519635803,0.00783091801573494,""
2856,-0.0936050626044774,-0.0292080412615433,-0.00978989704486728,-0.132603000910888,-0.432898727325913,-0.0283977602685333,0.142402222838707,0.107631330088487,0.215951034959921,0.0128624341886996,""
2857,-0.170539572957789,-0.015629033359079,0.0218309784034465,-0.164337627913422,-0.364676336834613,0.0620222119180164,0.147647883408317,-0.00177224954357935,0.0459342785126372,0.000607054809966175,""
2858,-0.155067420333885,-0.00118662753732658,0.0450212711574914,-0.11123277671372,-0.308729981067617,0.148032985230285,0.193535047076285,-0.0214649451605173,-0.0579153990884025,0.00103419696456355,""
2859,-0.135412836573508,-0.000190714901674419,-0.0029308207586853,-0.138534372233868,-0.40874662433781,-0.00911068950098338,0.148647917137822,0.0695106595883282,0.155609574351142,0.00711092941139125,""
2860,-0.152677546961817,-0.00715291651181269,0.0138943363700075,-0.145936127103622,-0.388035937304642,0.0413208233617645,0.148765416264543,0.0506485244492622,0.0663450463378401,0.00124729688081348,""
2861,-0.153579843626861,-0.0124045788961463,0.0187623102914319,-0.147222112231575,-0.416248998040404,0.0503734170571017,0.219997037392248,0.0847177769110041,0.235643737102119,0.0171461950978579,""
2862,-0.135510639397953,-0.00307542750766977,0.0292875203588343,-0.109298546546788,-0.309345176033876,0.102486028928708,0.22664543532429,-0.0151679275755681,-0.00526390889927023,8.28078430866069e-06,""
2863,-0.160075300047816,-0.0469646679741378,0.0320616814048912,-0.174978286617063,-0.42450445165322,0.0999318967354867,0.203637213741256,0.0595194951486199,0.149837547623391,0.00679391914537285,""
2864,-0.161447806130292,-0.00820261017719915,0.0129023832303594,-0.156748033077132,-0.19200175789407,0.0421740836340927,0.189906738846539,-0.0845839255214793,-0.165691614350595,0.00717528997509499,""
2865,-0.133050380346109,-0.0329396727532211,0.0536393172790863,-0.112350735820244,-0.36040598301776,0.150574146570971,0.193488445676386,-0.0247202721271904,0.0425498325663517,0.000514202877283968,""
2866,-0.117820295370856,-0.0189988152966077,0.00805758900225788,-0.128761521665206,-0.345291967625373,0.0231519290912042,0.212899362101688,0.0520254623035849,0.152398550379681,0.00611409843469066,""
2867,-0.186533399905118,0.00726634044073182,0.0231745161713964,-0.15609254329299,-0.300192555121428,0.0643028695628776,0.141873559194214,0.0180998584151261,0.000631729181509187,1.1174268241794e-07,""
2868,-0.188720442291203,-0.0222147248714087,0.0209308760891216,-0.19000429107349,-0.31814926060713,0.0594923460600022,0.146830210734772,-0.0100627070713384,0.0195361530784657,0.000108355365818755,""
2869,-0.17067108042644,0.0325249629502255,0.0201457191193691,-0.118000398356845,-0.333708629673948,0.0609768829031669,0.247272275186305,-0.0139297373564533,0.152214390770667,0.00721937997740963,""
2870,-0.113059092798373,-0.0744675189374078,0.0416178719649766,-0.145908739770804,-0.369223410438447,0.126622303897189,0.201993390708705,0.0321175296328224,0.128190745507923,0.00443720424715274,""
2871,-0.16574083387367,-0.0334728355832988,0.00837676077028624,-0.190836908686682,-0.372233429767219,0.0222532567747268,0.192142731848651,-0.0115932007594692,0.0568030719799443,0.000996171175330406,""
2872,-0.168435277859306,-0.0286600476525861,0.0267663224242578,-0.170329003087634,-0.325121583740846,0.0717985548716632,0.196382981383578,0.0297907678390275,-0.0935036507685796,0.00232814074296146,""
2873,-0.160408156829177,-0.0247303747678659,0.0144835256825319,-0.170655005914511,-0.454441492141163,0.0401080025157053,0.159497653168906,0.090909623516362,0.171737137217256,0.00872482420851263,""
2874,-0.141563992103711,0.027218670422816,0.00236419244055284,-0.111981129240342,-0.291964017157027,0.00767380413345463,0.144519631434248,-0.0800151361294421,0.0692660017731753,0.00135586369422741,""
2875,-0.157750168224486,-0.0199315056753105,0.0494056759600025,-0.128275997939794,-0.449342985067818,0.145185214107988,0.200027284828765,0.0350180944730347,0.173324237614269,0.0107111350195909,""
2876,-0.168601633787087,-0.0633189941921244,0.0321016415677764,-0.199818986411435,-0.407483022991735,0.0966956642429833,0.217029701164471,0.0375544763974604,0.0225719719947651,0.000154023356545161,""
2877,-0.177733457881407,-0.0599308072533388,0.0281926784557527,-0.209471586678993,-0.395640890338337,0.0777480565066374,0.187409224261035,0.0219987735900512,0.0709800080386749,0.00145239917137457,""
2878,-0.112178231222512,0.0116497440970119,-3.89926829910078e-06,-0.100532386393799,-0.279984935988061,-1.1701038332701e-05,0.24167699919783,0.0128879694708288,0.0149623551674394,6.08444467871332e-05,""
2879,-0.154157597171929,-0.0239933515076217,0.026688933651384,-0.151462015028167,-0.377548285303327,0.0817968370890356,0.179718373651176,0.0805059669331405,0.104707677477506,0.00298280486376145,""
2880,-0.165246267022387,0.00465979584170599,0.0338798160647049,-0.126706655115977,-0.30844802706317,0.0970063359033686,0.218852903226842,-0.0137176940472014,0.0433730761346227,0.000570796841237586,""
2881,-0.11059533295293,-0.0401309167699486,0.0440084739390111,-0.106717775783867,-0.382287343192077,0.124586455578139,0.173121399187842,0.014635004527936,0.111354013644339,0.00357959595896923,""
2882,-0.146584836271122,-0.0357850976805694,0.0367857804061245,-0.145584153545567,-0.288222832689212,0.128640614414997,0.206607298995299,-0.0150519990285671,-0.0287891801084026,0.000225852890607555,""
2883,-0.153159358273123,-0.0429217874775824,0.0463444714796576,-0.149736674271048,-0.356413389796045,0.137178700623462,0.171546901128167,0.0076043064874453,0.0656727119332631,0.00122003526879377,""
2884,-0.100634441527553,-0.0214765551048106,0.0402059782118982,-0.0819050184204653,-0.385437459104335,0.117357445672115,0.155557392767176,0.0875770469072386,0.130856876144481,0.00482417534412372,""
2885,-0.134834671337334,-0.0373690871906217,0.026462792741891,-0.145740965786065,-0.402092258761383,0.0728594554766998,0.201766052996725,0.0280048321521735,0.0878725027796154,0.00211087414916605,""
2886,-0.149880691309827,0.00358848675592803,0.0217545825898028,-0.124537621964096,-0.340767002095345,0.0637430816156996,0.16002391765503,0.032997626775409,0.0714359696695794,0.00149719199657842,""
2887,-0.148018033432368,-0.0417949431796865,0.0288347031257258,-0.160978273486329,-0.413103742205739,0.0705230848791578,0.235498398322935,0.0397304532330874,0.162518293014323,0.00784709505699583,""
2888,-0.118701655064865,-0.084096802943492,0.0480488281680717,-0.154749629840285,-0.402745003544654,0.137821589625009,0.171478514305542,0.0658748481646258,0.215550905623162,0.0119780757111006,""
2889,-0.145211303005156,-0.0112946963909217,0.00662107188014916,-0.149884927515929,-0.395706593221338,0.0187044944780788,0.155711919904186,0.0437812217548095,0.226473398348387,0.0144883798672276,""
2890,-0.1769540055757,-0.0414446001916762,0.0545609614107411,-0.163837644356635,-0.380630488342296,0.154420196199686,0.215207492612805,0.0232023673425776,0.172308333044424,0.00804061729111157,""
2891,-0.123077016114414,-0.0304160553228214,0.0453657433648793,-0.108127328072356,-0.320464524333321,0.137490991938591,0.169959503258208,-0.00391703726420104,-0.0118577130637156,3.75062499278019e-05,""
2892,-0.167649408811449,0.0292615894624103,0.0214986204151726,-0.116889198933866,-0.291137106683834,0.0745590518242651,0.13807779189436,-0.108176626266097,0.0513408057441368,0.00076475736413098,""
2893,-0.117900907116656,-0.0119371550882074,0.0246177744878408,-0.105220287717022,-0.260450838749578,0.0860472577663713,0.180151328421642,-0.0719997267056944,-0.0159696565739005,7.13413470006117e-05,""
2894,-0.123219738883405,-0.0174292993770055,0.0354317820472421,-0.105217256213169,-0.316274826886706,0.115313520499394,0.152046149313484,-0.0077600466231359,0.110111309759802,0.00329885251242326,""
2895,-0.143022362494319,-0.0152145267450405,0.015787907328392,-0.142448981910968,-0.353800717821617,0.0530809997256468,0.164533448506678,0.0454654707243578,0.0150092919542076,6.45006844015405e-05,""
2896,-0.147381904853218,-0.00734074529211625,0.00908387105757041,-0.145638779087764,-0.392153474164293,0.0254019321684956,0.224730925778039,0.040274796476606,0.182407167223266,0.0102101855806155,""
2897,-0.128468580111006,-0.0325243039727112,0.00496257946499936,-0.156030304618718,-0.371066565708409,0.0155387146261002,0.170331255022236,0.0247521330453501,0.256269693502595,0.0182576975845295,""
2898,-0.162450909318688,0.0303183233704574,0.00995003424855507,-0.122182551699676,-0.368021937990592,0.0267211582440532,0.157516799388719,0.0404369543302815,0.0634400108009916,0.00112439176696791,""
2899,-0.131412847483749,-0.0470603926665088,0.0330100633449779,-0.145463176805279,-0.415683873002455,0.0919960639020789,0.207157089099907,0.111930472137689,0.20549547902059,0.0125093428662722,""
2900,-0.164669736106312,-0.00849546106395717,0.0209183385406613,-0.152246858629608,-0.322959050899827,0.0618201335624998,0.187890333681604,0.0304552673906612,0.125380770036315,0.00471728532712822,""
2901,-0.100247197010418,-0.0601363931974267,0.030862944468455,-0.12952064573939,-0.400786030287657,0.102353174116217,0.182978754115023,0.0713091679245832,0.215238732866093,0.0124725192499487,""
2902,-0.135457070077962,-0.0212093739106722,0.00774585832237449,-0.14892058566626,-0.381326815389742,0.0246350263632184,0.151009959421148,0.0490586815263866,0.124150573969204,0.00419434880950116,""
2903,-0.142327373473973,-0.00914466072169625,0.0523047059208583,-0.0991673282748107,-0.402468803219527,0.154648179403857,0.211101649794454,0.0625916859555049,0.139990873464757,0.00661516110782892,""
2904,-0.133479597061771,-0.0106059641999431,0.0260794588642117,-0.118006102397502,-0.281728674847252,0.0808204198146173,0.2086656248932,-0.0193302357090185,0.00433798506962552,5.4433037137362e-06,""
2905,-0.195141345216125,0.0155146341361827,0.0247313410890295,-0.154895369990912,-0.361297278008709,0.0834369962536055,0.195887498565164,0.037209457417259,0.107474505806441,0.00370642753644754,""
2906,-0.139507365951667,0.0138578450999199,0.0340402165726558,-0.0916093042790913,-0.405105175204173,0.0969102733390288,0.187593578248845,0.0575807161127282,0.112337749528493,0.00391558777609519,""
2907,-0.166384297978858,-0.0209376322056541,0.00688823354219957,-0.180433696642312,-0.40849951434248,0.0198221533699384,0.171405658603663,0.0695945689094642,0.156896701391671,0.00708795348163668,""
2908,-0.155738265474511,-0.000134810264489339,0.039836658947546,-0.116036416791454,-0.291942447698657,0.119505783801007,0.193044502410823,-0.0245785648350337,0.00288844982151789,2.48301686263824e-06,""
2909,-0.14150562246437,-0.0245538929919022,0.0514179401929724,-0.1146415752633,-0.308680016314781,0.164382400604237,0.168578484196814,-0.061480918396008,0.105476334782401,0.00309614329620373,""
2910,-0.103371601190077,-0.0650720247630608,0.0407726839547485,-0.127670941998389,-0.368072476088755,0.120656343476322,0.224640290970064,0.0738318417406965,0.2242532301215,0.0136603275380536,""
2911,-0.168104485740227,-0.00552934607162592,0.0205089378038373,-0.153124894008016,-0.406226859049226,0.0645175762869923,0.104107844675277,-1.49806653184465e-05,0.0621415988515128,0.00114779590205296,""
2912,-0.115173856103818,-0.0295387576878702,-0.00202555345345911,-0.146738167245148,-0.357930886955004,-0.00587661236353439,0.160291402085169,0.0785549339636186,0.279673027548636,0.0206554784129893,""
2913,-0.127151094806762,-0.0391350499927767,-0.000220789184166913,-0.166506933983705,-0.384996863783079,-0.000554100793157042,0.175671326149584,-0.0194277481260613,0.132270502164838,0.0047242656851545,""
2914,-0.138110295568669,-0.0185548211483636,0.0203023907966158,-0.136362725920417,-0.384534423219616,0.0543853826868472,0.163020608139264,0.0607857190932178,0.175931358409373,0.00906373152681158,""
2915,-0.172141387108961,-0.0199009963060309,0.0261891553868007,-0.165853228028191,-0.367121117689455,0.0747630980468916,0.200643735762265,0.0285376134830802,0.108567307931019,0.00347995490228916,""
2916,-0.115316425109437,-0.0244813460417316,0.034611753466837,-0.105186017684331,-0.33640475666115,0.114722966969873,0.18827506512842,0.0447875420013313,-0.0192352895369771,0.000103569346411009,""
2917,-0.112198532934509,0.0113728488251279,0.00891235420964111,-0.0919133298997396,-0.364862005190035,0.026325467602005,0.178776487218983,0.0600517497254738,0.0268365028942642,0.000206533618819337,""
2918,-0.127496048221314,-0.0347704572985987,0.049594998579933,-0.11267150693998,-0.422953520109333,0.13934427872008,0.196911715282057,0.078054485358047,0.148464897525058,0.00652570539073902,""
2919,-0.156837068988355,-0.0126298682996817,0.00318130983924297,-0.166285627448794,-0.372991229770807,0.00930909958465378,0.242088694152954,0.0281253857561205,0.210260479517226,0.0130658194937309,""
2920,-0.105012908222259,-0.0905911439443755,0.0251193653428087,-0.170484686823826,-0.410768592708706,0.0624222125800178,0.255880322876755,0.051573717925924,0.206601426113651,0.0106465347434569,""
2921,-0.128306798416388,-0.0116366274974332,0.027134774801626,-0.112808651112195,-0.408893645558921,0.0893770869638231,0.135607698327751,0.0628364655635886,0.100676300686425,0.0031562458106796,""
2922,-0.117909988197814,-0.0285873467907657,0.0149083592499249,-0.131588975738655,-0.377553494001813,0.0414053718387498,0.210125272382234,0.0523210401688854,0.0554307182149369,0.000842688837609942,""
2923,-0.147327701195462,-0.0199962573426705,0.0236844024004001,-0.143639556137733,-0.409487394297584,0.0791358264676711,0.104523429042191,0.101007402821789,0.185695797179192,0.0103133999969416,""
2924,-0.118005101589838,0.00169875627806811,0.00610426310624954,-0.110202082205521,-0.345147243495118,0.0199988261116286,0.188996681167111,0.0355479993846136,0.0969698152537829,0.00284386356141882,""
2925,-0.127714317395253,-0.0269678276017226,0.0320509340691361,-0.12263121092784,-0.40463257596272,0.0866835297749024,0.210828457147655,0.061751212969472,0.0842142955723278,0.00206398516191627,""
2926,-0.167518142280166,-0.00549912877149711,0.0212630424222432,-0.15175422862942,-0.442070056694642,0.0615205166352008,0.1569480324742,0.063488477495213,0.0832406018842666,0.00221164055854482,""
2927,-0.146883539047636,-0.00854566758063327,0.0188796755298046,-0.136549531098465,-0.297262901601038,0.0559896540430989,0.217295956059123,-0.0138155167974512,0.0597464098486264,0.0010041388318955,""
2928,-0.104558186428227,-0.0249053410901533,0.0191677330291355,-0.110295794489244,-0.349778594362166,0.0582808521903767,0.145662522683658,0.0253851894347513,-0.000671258360755173,1.18242530422128e-07,""
2929,-0.166457747982326,-0.0353025698871012,0.0237298770232462,-0.178030440846181,-0.372677913327504,0.0660296170081347,0.218994317056347,0.0640427227023662,-0.0639469535530968,0.00111082194488034,""
2930,-0.131273668271883,-0.0194956931681978,0.0607675436293191,-0.0900018178107615,-0.30825113128517,0.182774684142647,0.212713859050953,-0.0422550776253589,0.0476590374682873,0.000693949844621601,""
2931,-0.120064609925619,-0.044994130939292,0.0420510207553191,-0.123007720109592,-0.345387086892797,0.143918335077376,0.142828372316163,0.016773951543299,0.09648144715308,0.00259112190641669,""
2932,-0.198577401758978,0.000122432664003847,0.0467666977884887,-0.151688271306485,-0.340408685658005,0.133155850264604,0.214364585663459,-0.0326810950945565,0.08217503612436,0.00213388167275726,""
2933,-0.139141465538815,-0.062775910948898,0.034218170830836,-0.167699205656877,-0.335827054786449,0.101586276293521,0.266461773350272,-0.0507081444906488,0.037351705667024,0.000313393958886849,""
2934,-0.129382261190501,-0.0389573122971018,0.0333645520699305,-0.134975021417672,-0.350010575235613,0.102548165024662,0.162028171638095,0.0537946252087241,0.124725056962504,0.00424914429849273,""
2935,-0.142061802798185,-0.0276217193403118,0.0401675735026406,-0.129515948635856,-0.343728023823784,0.131452349108519,0.180800546520164,0.0468436447591384,0.0946501347889851,0.00268351361201879,""
2936,-0.144128740342396,-0.044556732400198,-0.000243713821018003,-0.188929186563612,-0.399150011305063,-0.000754375577401045,0.133339163119001,0.0405052711893535,0.162130248624146,0.00643870351907891,""
2937,-0.145028649086891,-0.0273567082123643,0.0450495495292606,-0.127335807769995,-0.435608553187582,0.119760441451748,0.229439385140637,0.0482853621243837,0.101669495437946,0.00321378721500117,""
2938,-0.0866680785639826,-0.0488174626360297,0.0106777965786138,-0.124807744621398,-0.355726931036207,0.0331759492115677,0.196160039413349,0.0623231118430104,-0.0117017437165469,3.43597479206031e-05,""
2939,-0.119646234998035,-0.030152511643516,0.00829745558640246,-0.141501291055148,-0.394852306589503,0.0231819474164815,0.170186385056393,0.0280454062194325,0.219803113209492,0.0140086639066484,""
2940,-0.0890427655182557,-0.105951478548331,0.0127315541721518,-0.182262689894435,-0.4744695241339,0.0293243927817629,0.248658211236644,0.0709256498835337,0.0765899927953255,0.00144595161412373,""
2941,-0.135466396632373,-0.0488778540184295,0.0243547364221669,-0.159989514228635,-0.409581188948296,0.0792438494498802,0.180538157050905,0.0972167382393304,0.257119929160165,0.0187960621006707,""
2942,-0.175115956378891,-0.0328168558154569,0.0110855110701779,-0.19684730112417,-0.420122405518228,0.0278102173545683,0.179639545082023,0.0341635114559003,0.0828074509604707,0.00193765555045311,""
2943,-0.124104284815809,-0.0363041944783473,0.0425238607606733,-0.117884618533483,-0.349082977495559,0.125663789978854,0.182700827199115,0.0423004760064364,0.125958266135406,0.00426401674234341,""
2944,-0.154848760097051,-0.0221961012296208,0.0106768165830298,-0.166368044743642,-0.291985405696396,0.0327042162906326,0.191454148041873,0.00219473250121513,0.0500756073645817,0.000670355749313227,""
2945,-0.173589076222774,0.00440242096394605,0.0307494099890895,-0.138437245269739,-0.331243021110485,0.085849103494144,0.12947737309299,0.0325528906812141,0.0701313517515436,0.00136600704312543,""
2946,-0.149275734357509,-0.0472697973977363,0.0383617388320467,-0.158183792923198,-0.409949341711482,0.105275694701041,0.204077703966012,0.0714093464305175,0.0300749711934382,0.000250692837081359,""
2947,-0.16071649809688,0.000284264145530278,0.0517969475475783,-0.108635286403771,-0.316127679244164,0.164816361894954,0.187652602471445,-0.0139399250827898,0.0805380658783582,0.00200524175954156,""
2948,-0.116374942348817,-0.0672166132140851,0.0285829774846359,-0.155008578078267,-0.438467273529305,0.0818950479996386,0.176310142546019,0.0564530513822393,0.135319284040683,0.00493607178985697,""
2949,-0.144643567588239,0.00994378529709786,0.0233627907384232,-0.111336991552718,-0.345606600614035,0.0711206415255271,0.185010822337248,0.022945159140448,0.146363604373367,0.00659952695743188,""
2950,-0.127370694387642,-0.0288590179750797,0.00552238313539332,-0.150707329227328,-0.412910726551292,0.0156354822003659,0.125438307542207,0.0287009450746317,0.129355377135497,0.0045267136318909,""
2951,-0.177496000963923,0.0190172509041425,0.0316034452410072,-0.126875304818773,-0.414864414346728,0.0956649234801872,0.211232556496383,0.0683205753191831,0.15280388898187,0.00800019981994911,""
2952,-0.168508878605837,-0.0485589701072368,0.00540829878421148,-0.211659549928862,-0.364755557380349,0.0140589666508591,0.230375647479943,0.0519793633855121,0.080518085875235,0.00186812484560358,""
2953,-0.171215505276427,-0.00623508127719971,0.0296363559980575,-0.147814230555569,-0.4284417091654,0.0906968629382945,0.210387455318561,0.106833793140575,0.232309515214619,0.0176202908647857,""
2954,-0.151780499232836,-0.00583781981361794,0.013144933479571,-0.144473385566883,-0.30645136266963,0.0465079686010726,0.199857224746149,-0.0257283892966463,0.178580568093634,0.00916725018310082,""
2955,-0.134673621795607,-0.0225696369645848,0.00428643868764526,-0.152956820072546,-0.301225715280774,0.012391819729226,0.191082882292769,0.0532533655834815,0.194408846132916,0.0102792918024943,""
2956,-0.14457253614636,0.00576908954475062,0.0313769887258949,-0.107426457875715,-0.384408699929507,0.101533723501936,0.146363351792026,0.0474891573711211,0.104651208109566,0.00340853524556269,""
2957,-0.190785358910268,-0.0447271177154399,0.0484156431556124,-0.187096833470095,-0.395967266703334,0.121295240762709,0.251937727192443,0.019734620481753,0.199575898689569,0.0128754816425213,""
2958,-0.210208770878509,-0.00899657870654061,0.0174840491959628,-0.201721300389087,-0.366118662990481,0.0507185066791645,0.257371014556151,0.0292859172886494,0.0811934892085421,0.0021552203212748,""
2959,-0.115623416809057,-0.0114662620843366,0.00657910383033032,-0.120510575063063,-0.365434374962213,0.0184348519997555,0.157322717149638,0.0451147339757986,0.12668436727588,0.00465840542831885,""
2960,-0.151617934970427,-0.0353348648463582,0.0246921403483205,-0.162260659468464,-0.279569580401758,0.0715675257602862,0.26191229785651,-0.00658788051823786,0.155897219771705,0.00642663723641992,""
2961,-0.15055717377216,-0.0104628263832917,0.0166694996766955,-0.144350500478756,-0.359077978129613,0.0522637202357591,0.1953434850044,0.0424361199241964,0.127531801321127,0.00482856690519541,""
2962,-0.151321148934415,-0.0325570572144656,0.0314902280508325,-0.152387978098048,-0.314343217170524,0.0968985067418555,0.168624412881877,0.0391436114119401,0.0479159635197995,0.000627096563801191,""
2963,-0.156018031936091,-0.0383347661650706,0.0648502704199339,-0.129502527681228,-0.373944639075476,0.193631738379156,0.196110202557827,0.0647213979174248,0.141704790522319,0.00642100758176694,""
2964,-0.106217545407353,-0.0140349183146211,0.0187965357276047,-0.101455927994369,-0.323527807250262,0.0594433946815207,0.21040465204705,-0.0798956336812077,-0.000826274374628434,1.94216752516981e-07,""
2965,-0.0869081745239944,-0.0150874570475935,0.0361942061186122,-0.0658014254529757,-0.358741089197401,0.109025276485291,0.180343486595894,0.0158005825376517,0.138683384719345,0.00558544682338488,""
2966,-0.10215579902324,-0.0235051938107727,0.00775814150882285,-0.11790285132519,-0.359946874985778,0.0261797034789753,0.109425158149517,0.0511061235894554,0.13499540765408,0.00519952768266189,""
2967,-0.163792423129533,-0.023426565087491,0.0156166158534016,-0.171602372363622,-0.385353381339772,0.0437719691338592,0.224386577971148,0.0651640584929399,0.204661657652567,0.0115123737412956,""
2968,-0.113329942636531,0.00259575857725069,0.00638725822091692,-0.104346925838363,-0.276235518200914,0.0177713613959126,0.245648447769131,-0.032590952153459,0.0298897030240546,0.000257809125594829,""
2969,-0.150963887915569,-0.0188738288457014,0.000294275750696986,-0.169543441010574,-0.268214047932777,0.000989996224800276,0.257400033637249,-0.102189020800886,0.253920738857071,0.0187757541371278,""
2970,-0.148756642460741,-0.0165665969892781,0.0211145988022712,-0.144208640647748,-0.458787821013437,0.0608324780800809,0.139695573646229,0.0460413611588112,0.135239280123041,0.00554845211670404,""
2971,-0.14826084332272,-0.0213932834081564,0.016458906877531,-0.153195219853345,-0.291258031505897,0.0419625638479141,0.241996555258198,0.00295566791288134,0.0857121873352975,0.00204635403118126,""
2972,-0.146270540619425,-0.0469961531512455,0.0259613012591393,-0.167305392511531,-0.380871314386704,0.0810916884225686,0.193561875825114,0.0492143147613623,0.208544553008636,0.0119635083816203,""
2973,-0.197487758633433,0.00698469360601199,0.0192818830437765,-0.171221181983644,-0.422133187330905,0.058501568856533,0.199862518392312,0.0329066219630568,0.149592912183755,0.00758057516228251,""
2974,-0.136355530268397,-0.0095503980975163,0.0136301814917678,-0.132275746874146,-0.364742980037793,0.0436776600066785,0.218750593539831,0.0205397128364561,0.123240289237442,0.00480823633922305,""
2975,-0.142357242860646,-0.00878262898885944,0.0113481980923242,-0.139791673757181,-0.38734541695598,0.0343751786832672,0.196701203784434,0.090971899913605,0.101797745084003,0.00304850720102744,""
2976,-0.10492720985384,-0.035160743052543,0.00379676868018253,-0.136291184226201,-0.401116516078809,0.0118757008672193,0.138717670745291,0.0853529454846893,0.0898434329215963,0.00227167149532914,""
2977,-0.132258300520537,-0.0458642985227803,0.0305964300004054,-0.147526169042912,-0.332297137368522,0.0846089495867125,0.20013649461572,0.0676056903869827,0.203574275657911,0.0109685401744371,""
2978,-0.147017538351303,-0.024687121786406,0.0108782943047556,-0.160826365832953,-0.347238779613873,0.029509680756271,0.147998546938982,0.0290138756120641,-0.00838791090822566,1.87899685092655e-05,""
2979,-0.113194534034301,-0.0746034828574038,0.0361519243938271,-0.151646092497877,-0.415261806122979,0.106820834762645,0.157175502090238,0.115079092199153,0.226396768570687,0.0131210300060632,""
2980,-0.136042024842435,0.00723639505536003,0.0336687854650195,-0.0951368443220558,-0.282512401587599,0.131168305895809,0.177934105481263,-0.0689562572673193,0.114910506634126,0.00386334912608159,""
2981,-0.109288787469764,-0.0374297639398936,0.0156417971135527,-0.131076754296104,-0.33857291381352,0.0495996593037187,0.210429188236872,0.045953451515833,0.166351175606676,0.00748720946718669,""
2982,-0.168175034662716,-0.0110176573944693,0.0364691519410047,-0.142723540116181,-0.331932279779804,0.109091522180173,0.199847925121925,0.006949042533166,0.094003701084479,0.00250565510241058,""
2983,-0.144597087216733,-0.052926132111732,0.0132670206357624,-0.184256198692702,-0.236391494548915,0.0393875746000809,0.254971032940651,-0.0904286323898995,0.0756105382348886,0.00145637345917124,""
2984,-0.123944207364964,-0.0275465869751571,0.0246054541826702,-0.126885340157451,-0.370823866332325,0.0716148610642755,0.224769464309365,0.0211915638459125,0.116356837185792,0.00357960578744582,""
2985,-0.0971911536146888,-0.0421646292282666,0.00871514985247377,-0.130640632990482,-0.411935105981785,0.0213377434155816,0.187719942052472,-0.00510926684588594,0.0346263929890419,0.000302066827797214,""
2986,-0.129794473768377,-0.0280657647146064,0.0273393202277633,-0.13052091825522,-0.31186080688689,0.0872438552084865,0.175901718890816,0.00182501355998035,0.0639197480449757,0.00111223796201207,""
2987,-0.156309983298853,-0.0187923511436015,0.033591191378701,-0.141511143063754,-0.321304503353606,0.101338100144412,0.232763100550208,0.0303881032362999,0.165898008773129,0.00824653206023388,""
2988,-0.164114222994652,-0.00427743895572846,0.0164600709763458,-0.151931590974035,-0.412551726139294,0.0496961733490988,0.179736016132252,0.0563882491994851,0.113977619357379,0.00412671404180592,""
2989,-0.108834780130872,-0.0468777660059202,0.0291023889922271,-0.126610157144565,-0.328815931291093,0.090345539842192,0.168195601265803,-0.0434107479132984,-0.131383594620713,0.00415192038592729,""
2990,-0.111089570084122,-0.0530890463086458,0.0345093919646207,-0.129669224428147,-0.389916547746955,0.118458978036949,0.181547841817751,0.076480578992856,0.182087049639079,0.00962027271381441,""
2991,-0.163054931073543,-0.0311202267222999,0.0176521926624268,-0.176522965133416,-0.396702153607936,0.0496578513332512,0.185801518525871,0.0793912926359782,0.0356576116960276,0.000348253580617313,""
2992,-0.155634002212236,-0.0341322874468339,0.0152211630979857,-0.174545126561084,-0.388539910885775,0.0401572604237195,0.194356016342619,0.0314112588494958,0.0405315575669289,0.000481418606531908,""
2993,-0.141649030636507,-0.0303490865859838,0.0474282491635287,-0.124569868058962,-0.326134411146493,0.144024348584662,0.221979078649355,0.00539716948964967,0.0628020899049503,0.00114520168421283,""
2994,-0.160026056493365,0.00839267141897963,0.0182415147914935,-0.133391870282892,-0.377234776719165,0.0514596014608625,0.230119701643183,0.0577441166271963,0.194654697434841,0.0123679281753762,""
2995,-0.164402301682535,0.0252803394824684,0.0165479616891483,-0.122574000510918,-0.379138857896058,0.0521097032098824,0.161611210137633,0.0489337154749249,0.118233851846244,0.00428938708742274,""
2996,-0.141313018211826,-0.0446093326204352,0.0220672312220721,-0.163855119610189,-0.384754251694611,0.0655211498058195,0.222481617552109,0.0540840763289677,0.16257812568577,0.00713327069082881,""
2997,-0.130404738635391,-0.0197407201364869,0.0419620053566577,-0.10818345341522,-0.340914633094359,0.131200813236641,0.237158343257164,-0.0343512746579297,0.144048133520799,0.00640888244036988,""
2998,-0.133973331080647,-0.064547432971266,0.0234463759387647,-0.175074388113148,-0.345797466896436,0.0752989156939551,0.215244003819959,0.0187833536370016,0.0271274361010339,0.000185016326565932,""
2999,-0.126148756078556,-0.0238801688352958,0.0198729623434849,-0.130155962570367,-0.405408046250765,0.0619724329729089,0.167033337120697,0.0277629529644884,0.0251729038965431,0.00017404071901114,""
3000,-0.150283224377212,-0.0259382736264154,0.00859004541297251,-0.167631452590655,-0.352697900810868,0.0239071283288588,0.246029872483298,0.0719769175420468,0.180373339877458,0.00969319259249556,""
3001,-0.127391033963569,-0.0383826709242163,0.0262118548382231,-0.139561850049562,-0.357955710351093,0.088806068295744,0.195183157013606,-0.0350307319966177,0.184790108599605,0.00938397569784078,""
3002,-0.115512430911148,-0.0586787246731113,0.0307059457136881,-0.143485209870571,-0.387830772594244,0.0904163807281749,0.19503989007249,0.0557059873262448,0.159988170813607,0.00626620748702617,""
3003,-0.127187282207454,-0.00850015185277372,0.00881394470197706,-0.126873489358251,-0.396954311648783,0.0253981512761152,0.13792450820336,0.104924186674989,0.0922418642840806,0.00243236339852636,""
3004,-0.154656040445232,-0.0152123917490779,0.00743947145869602,-0.162428960735614,-0.399925419884351,0.0221148751685816,0.191379750068545,0.074509806524053,0.158188938136565,0.00744745951946212,""
3005,-0.149195820746143,-0.0352196039814966,0.0245427353860111,-0.159872689341629,-0.257204712607856,0.0793835882682626,0.187745840869281,-0.00339913391517712,0.0418842190644071,0.000442213915770458,""
3006,-0.109146659316047,-0.0156066845184345,0.0416721788232148,-0.0830811650112667,-0.307198323305971,0.140308085519888,0.135402617949072,-0.00860065963380987,0.0156345793503175,7.0401228146352e-05,""
3007,-0.130959351931556,-0.052173200081059,0.0396097220792646,-0.143522829933351,-0.383121447167272,0.121190941843186,0.16591127679107,0.0543166865131253,0.100824295468978,0.0026860786461988,""
3008,-0.118336753369414,-0.0518866717980787,0.0210298995276147,-0.149193525639878,-0.320036075049118,0.0639677208982945,0.188273259688968,0.0400146499913896,0.155790306899988,0.00584762414451904,""
3009,-0.127458486328077,-0.0483051516293727,0.009836125274778,-0.165927512682672,-0.390537952801137,0.0244690457240427,0.187479752454778,0.0706657577792889,0.201046394146761,0.00960822245486313,""
3010,-0.176439458346389,0.0074032415018349,0.0256607951390993,-0.143375421705455,-0.396953746805989,0.0767393357237634,0.156119093986321,0.0206240312429044,0.137938147907919,0.00610869427824896,""
3011,-0.164101457801359,0.0166841044766208,0.0301081272449764,-0.117309226079761,-0.29241742747973,0.0979589080318737,0.121651761555167,-0.0329535477055732,-0.0611255369572193,0.001073479448763,""
3012,-0.160319902736134,-0.0167887226737541,0.0183945213987189,-0.158714104011169,-0.42195433559484,0.0536683901076992,0.16708547826597,0.056391463407504,0.208475844162173,0.0132475357390546,""
3013,-0.153537324664021,-0.0469484644541323,0.0149496215899982,-0.185536167528155,-0.393489157607036,0.0420521633200003,0.245482839441315,0.0553599436882484,0.148292101800252,0.00590067568972467,""
3014,-0.14266485191501,-0.0127638573307031,0.00394131955509649,-0.151487389690616,-0.347327116873805,0.0102930027242266,0.194206753511125,0.0204892212491028,0.167848124813205,0.00784595780302987,""
3015,-0.150371598036864,-0.0424819508432865,0.0357989142829575,-0.157054634597193,-0.350157196013993,0.101801921397461,0.186856465860175,0.0580818315580469,-0.00152365655605685,6.5424157382784e-07,""
3016,-0.126287059553095,-0.0215494270230524,0.0126739868172839,-0.135162499758863,-0.304399257885309,0.0339904971374964,0.230817843585497,0.00833241943126329,0.0805655309304513,0.0018646922036368,""
3017,-0.158189115111013,-0.0157422180171639,0.0303047022187613,-0.143626630909416,-0.268218448713234,0.0804455059728348,0.2415774973865,-0.0384606721262277,0.00433463658125986,5.19200037664478e-06,""
3018,-0.132885702624945,-0.0586049202231458,0.0129878116927279,-0.178502811155363,-0.390109547790662,0.0374676137805796,0.143797936589593,0.0506143550549019,0.104928528080368,0.00255987256596242,""
3019,-0.0930735407384568,-0.0200076864852669,0.0159598006784058,-0.097121426545318,-0.344029713586593,0.0495066028723419,0.152490943576879,-0.00870363575225869,0.0805538091069112,0.00167184665325815,""
3020,-0.110094902411811,-0.0503754973311165,0.00730692592814422,-0.153163473814784,-0.327121079759097,0.02099172362345,0.231818380884096,0.0119282206484302,-0.0152648020797282,5.83409620324224e-05,""
3021,-0.167974773850614,-0.0106993969892165,0.0432121998678652,-0.135461970971965,-0.31084205924413,0.128121312370832,0.185686838346027,0.00104939911773288,-0.0554795653502624,0.000900004457201754,""
3022,-0.12970976824259,0.00868414305376488,0.00824130759878153,-0.112784317590043,-0.362082543078974,0.0242327079711994,0.136921422577457,0.0575062990645179,0.111847458645408,0.00353308375349577,""
3023,-0.134931674668293,-0.0321589845015511,0.0192323008804177,-0.147858358289426,-0.33095608800456,0.0570167203254473,0.161292074904744,0.0140121254897355,-0.0267879174999879,0.000187366931519539,""
3024,-0.112161082295589,-0.017071643076648,0.0252967212585466,-0.103936004113691,-0.346732920018377,0.0703405537852425,0.157545896706196,-0.00595902752337745,0.161958180347545,0.00749283739966748,""
3025,-0.11168230908245,-0.0121808698777148,0.0344460232918912,-0.0894171556682735,-0.332641635908365,0.11133426034794,0.165294867754307,-0.00297782363786606,-0.0341920429158318,0.000340951083337791,""
3026,-0.141223204378497,-0.00915824671949605,0.00938808453579434,-0.140993366562199,-0.214056677614288,0.0305730148054841,0.285376015086758,-0.12978480780788,-0.0656161690059801,0.00121005184452496,""
3027,-0.140356199525154,-0.038612945671088,0.00775140562866861,-0.171217739567574,-0.414322170262089,0.0190333016751079,0.167803436149677,-0.020865454715813,0.141152777018945,0.00552227680461622,""
3028,-0.135086269746931,-0.0233433207941209,0.0314831282798784,-0.126946462261173,-0.365746259611445,0.0996938252505289,0.184801803447997,0.0427190167312654,0.205730330413184,0.0118921052185959,""
3029,-0.12823308140279,-0.051897374722636,-0.0139071589705697,-0.194037615095995,-0.237908352492821,-0.0386598919476447,0.249330224070388,-0.0720045383668295,0.0169723175539624,5.72297698029284e-05,""
3030,-0.144468831791991,0.0412907120250196,6.85747118893399e-05,-0.103109545055082,-0.343915339356702,0.00022236749232088,0.178887568715359,-0.0242753908242226,-0.0198494303227748,0.0001145995955821,""
3031,-0.147038592093532,-0.0359029997291938,0.0331239126179151,-0.149817679204811,-0.314980430467487,0.104746013371812,0.187391265619691,-0.0043237675418546,-0.0953506579848939,0.00242038657269659,""
3032,-0.122282953747291,-0.0406909196100137,0.0275090611401644,-0.13546481221714,-0.361435798780397,0.0844203916137884,0.213278468231773,0.0177100684105385,0.0834075624438469,0.00184352684348032,""
3033,-0.157179415168645,-0.017357603633785,0.00553704126364428,-0.168999977538786,-0.381110463485884,0.0145265516103288,0.204758491138958,0.000530215904055585,0.0296321777601772,0.00025249211939412,""
3034,-0.136338057561753,-0.0174282781696452,0.0202389355522612,-0.133527400179137,-0.30780598641482,0.0594701159590044,0.227968891987789,0.0206281375162588,0.036513249554252,0.000373239305170397,""
3035,-0.16818267436157,0.00533294932728439,0.010678072124113,-0.152171652910172,-0.330004404597233,0.031979194401466,0.138499159190966,0.00818389500132013,0.122793213625825,0.00427986079538215,""
3036,-0.132952570828855,-0.0127337301024255,0.00656930430594381,-0.139116996625336,-0.286949620198292,0.0178336946375505,0.199413518164261,0.0264410905154313,-0.157156406036591,0.00669246517522141,""
3037,-0.117370211240221,-0.0158359629567885,0.0312238897065201,-0.10198228449049,-0.298276515726079,0.102630897942693,0.179034489526644,-0.0264592399370179,0.0615624722298463,0.00109223482668737,""
3038,-0.122100992550938,-0.000388960287099843,0.00223827998818647,-0.120251672849851,-0.298521737097443,0.00891749674288052,0.235778363005664,-0.0740155720080575,0.156729783855857,0.00725955858217493,""
3039,-0.145979610576547,0.00700024822870667,0.0207634435597501,-0.11821591878809,-0.258227164337386,0.0812782513243587,0.168263356512916,-0.0740174541051145,0.0194381080177978,0.000107899579580404,""
3040,-0.185968941631914,-0.0191571046747477,0.015209444403156,-0.189916601903505,-0.38058715933463,0.0489297065530999,0.253588288166547,0.0847868974769869,0.271880747702541,0.0241514048100307,""
3041,-0.121071936512513,-0.0378957078965421,0.0354146776114856,-0.123552966797569,-0.412182403421828,0.0951357946325553,0.189323137003946,0.108238993226982,0.153412681887193,0.00640378090163376,""
3042,-0.221564202115528,-0.0128064891024067,0.0147028272282879,-0.219667863989646,-0.356466636501901,0.0378105554459933,0.24439009371237,0.026753178300232,0.0519203740419461,0.000888716086905606,""
3043,-0.105844765999859,-0.0457063586358141,0.0246347017976546,-0.126916422838018,-0.368514966097722,0.0804889812538136,0.172441942716905,0.0569548607405443,0.142218278516431,0.00550916094654154,""
3044,-0.142304246380937,-0.0229932865574455,0.028765983860954,-0.136531549077429,-0.249668187735453,0.109875665910806,0.170359858004878,-0.0551614421374815,0.0700668381575605,0.00134017660462971,""
3045,-0.173938982575819,-0.00953745833240262,0.0216227518312273,-0.161853689076995,-0.334769239965917,0.0593605282717126,0.253521200798572,0.0425345972747895,0.022721358240975,0.000159335666706816,""
3046,-0.159814636394834,-0.0255447246453597,0.0168169987712666,-0.168542362268927,-0.411042675247385,0.0485654120160464,0.148635913117207,0.0664775679390675,0.05128192188784,0.000707017661444635,""
3047,-0.111360084691817,-0.0570828702142263,0.0532372979832007,-0.115205656922842,-0.414533331149288,0.162547655248029,0.183553317669662,0.0789363188479284,0.162535105277257,0.00775644552365854,""
3048,-0.12216900164197,-0.0349820028026874,0.014267648492084,-0.142883355952574,-0.365805295404436,0.0434569885890339,0.162471743827354,0.0668360692735793,0.127223365870444,0.00422889960200685,""
3049,-0.195250638258858,-0.0344420945727724,0.0298121730552853,-0.199880559776345,-0.304497102094405,0.0992363674410899,0.169462409717717,0.00234292008477212,-0.0645891991711245,0.00117382122258135,""
3050,-0.155996630318569,-0.0292311240023214,0.0245987721851112,-0.160628982135779,-0.395334271466265,0.066615797028549,0.177062799836989,0.0670699230820408,0.126192396719012,0.00442971265606797,""
3051,-0.130894692315723,-0.00758816358023954,0.0200663048282566,-0.118416551067706,-0.36357706457368,0.0605809543156898,0.150774786389563,0.0566621210372219,0.0357900911171456,0.000363454486899357,""
3052,-0.142190949224678,-0.0173529278932916,0.0256816040998145,-0.133862273018155,-0.378544635803689,0.07134757015129,0.142208421441494,0.0544686579687368,0.12122699997074,0.00391598380205586,""
3053,-0.110512687082655,-0.0486234523994579,0.0430137816622219,-0.116122357819891,-0.365866206628245,0.132253220797318,0.229051110972966,0.0798946860815614,0.127382924516793,0.00463649737935841,""
3054,-0.136935453619948,-0.0133683364313976,0.00836111687256368,-0.141942673178782,-0.289969543914305,0.0223984933070696,0.225716138830331,0.0207918357304688,0.00982506984606385,2.54746161551936e-05,""
3055,-0.119982826875933,-0.0475528465490157,0.0333705020549057,-0.134165171370043,-0.396910113009302,0.096363802759305,0.18441891099582,0.0667544876573019,0.257052152669776,0.0198898640426387,""
3056,-0.104580061705127,-0.00277368161181257,0.0188126070085582,-0.0885411363083809,-0.341204558735304,0.0582953030704871,0.19239118107851,0.00752474917358636,0.0633491330951082,0.00119093467260294,""
3057,-0.130375479471211,-0.0521970393740629,0.0356914762242211,-0.146881042621053,-0.394224709705356,0.102543692941637,0.196741383942952,0.0572626682334171,0.232887301284878,0.0152445395755506,""
3058,-0.127850552273963,-0.0335232074469311,0.0095943748901995,-0.151779384830695,-0.404641916098752,0.0269580362227388,0.0709874909539639,0.0608594642089294,0.126959151348262,0.00424412386527497,""
3059,-0.0993021726322562,-0.0366895452070635,0.0275683977443093,-0.10842332009501,-0.335649160898715,0.0870252621724835,0.200644041010636,0.067455186504234,0.083265027509488,0.00192501341827971,""
3060,-0.12714124253651,-0.0522574121134926,0.0152395737692259,-0.164159080880777,-0.440382679611336,0.0418273221762496,0.190476267575874,0.0349100803153776,0.332066258747027,0.02955598259132,""
3061,-0.14387581371054,-0.0229917620335742,0.0161825986856003,-0.150684977058514,-0.301177448397953,0.0488564169705278,0.183616079609957,0.0142183359451725,-0.0356254508108291,0.000328686404945657,""
3062,-0.163837775151328,-0.01470369252383,0.0308011698606732,-0.147740297814485,-0.36291561086618,0.102783893105654,0.277900140072253,-0.00301948084551774,0.302744834188187,0.0295505583016465,""
3063,-0.144931199006987,0.000840805231169275,0.0228092942539214,-0.121281099521896,-0.332355518308712,0.0801862679543343,0.179815006157125,-0.0249321939559204,0.16388595747199,0.00791299983142383,""
3064,-0.159205871409979,-0.0427646284950909,0.0117038102085371,-0.190266689696533,-0.369274949608875,0.0315921280250818,0.14983494238578,0.0119076079688034,0.0749765326367514,0.00145642560474994,""
3065,-0.103785083463106,-0.0472288985855192,0.0397709491224009,-0.111243032926224,-0.330319761481843,0.126714585861659,0.177679610760267,0.017526151441048,0.00789326924515007,1.53537101233297e-05,""
3066,-0.178275858215254,-0.0012714642820061,0.0132622089377714,-0.166285113559488,-0.365835618998781,0.0376412834823279,0.259935550856653,0.0436095909978636,0.152697826480526,0.00744611073953117,""
3067,-0.118308772255191,-0.0412797305765674,-0.0113828153756297,-0.170971318207388,-0.433199433654636,-0.0323852946307986,0.169495527740488,0.00769509743147588,0.153040734929855,0.00632694201560022,""
3068,-0.183460163250456,-0.010329852211672,0.0494176677899108,-0.144372347672217,-0.283386761031093,0.139043510942846,0.219732496092862,-0.00658125739804393,0.039323255423792,0.000463066731285038,""
3069,-0.116506007969337,-0.0379812613242077,0.0172496505820364,-0.137237618711508,-0.446587747554356,0.0504666159334233,0.0977774859105749,0.0936936604059585,0.146038390320778,0.00606382375413216,""
3070,-0.132986599661564,-0.0331418705872251,0.0289848618818004,-0.137143608366989,-0.310584236108401,0.0955992668419173,0.220472334470184,-0.0362855081839031,-0.0660119230853794,0.00113896885447456,""
3071,-0.151295719106982,-0.0395257054375634,0.0260241787701293,-0.164797245774416,-0.444919028466213,0.0765419529389021,0.186525907805021,0.0741763866535074,0.137801573252383,0.00624020361404325,""
3072,-0.164918809083837,0.00607205756227558,0.02254567809095,-0.136301073430611,-0.328498313552508,0.0654293127171043,0.121567857284503,0.0337870328116385,0.00337728862239961,3.23526361516371e-06,""
3073,-0.161495532422205,0.00458945711249553,0.00516035984513105,-0.151745715464579,-0.298014530803845,0.0173711402594216,0.232698063688342,-0.0531539765692174,0.13589914602036,0.00523599814718026,""
3074,-0.113654538265831,-0.0468182714702391,0.028789147707696,-0.131683662028374,-0.394814865447376,0.0823659055489608,0.188380925179162,0.073359040115251,0.240950627993607,0.0159358298758443,""
3075,-0.135537677508738,-0.0377914265522492,0.00147331300975188,-0.171855791051235,-0.358446196122365,0.00383358082888588,0.160058547089749,0.0140582842491979,0.0570575126751747,0.000897158785491236,""
3076,-0.134206658519703,0.0185141255507067,0.00102255444518077,-0.114669978523816,-0.342585444175483,0.00298501652922977,0.151708210698565,0.0393156419963343,0.046775479018561,0.000626750387750947,""
3077,-0.0837100398637201,-0.0384905917500275,0.00693438305721126,-0.115266248556536,-0.422298366035979,0.0188003785947734,0.115940928842298,0.0111717062066458,0.201432757293177,0.0110415989945431,""
3078,-0.15062268216692,-0.0401694695195186,0.0238402184025337,-0.166951933283905,-0.275673789783224,0.0715250242088025,0.25044438707113,-0.0394129639076889,-0.0515372217556033,0.000729673724956021,""
3079,-0.175314693336208,-0.020191339725226,0.0430926196376961,-0.152413413423738,-0.36210793670172,0.131032001035377,0.1989040874247,0.0176087912615497,0.044688127190859,0.000626857347909123,""
3080,-0.0991765229361053,-0.0574901340845828,0.024879862973522,-0.131786794047166,-0.326301503500361,0.0807389792257234,0.165146762214545,-0.00272239455312941,0.179704762020767,0.00787584347067841,""
3081,-0.176600712534542,-0.00824307485119067,0.0377098078710072,-0.147133979514725,-0.307791729190458,0.100977395085112,0.197755814010648,0.0232864989192437,0.0585019643547631,0.000988388484157936,""
3082,-0.154017069784278,-0.0462396182499194,0.0332058007388407,-0.167050887295357,-0.442466964290441,0.095580027420834,0.164386217833708,0.000763858307980309,0.172165738457172,0.00950793908906328,""
3083,-0.18108345988364,-0.0266990863872723,0.00486197046822578,-0.202920575802687,-0.385705712023878,0.0144208429297351,0.123972555902847,0.0262192641260455,-0.0279064819825248,0.000218152251192516,""
3084,-0.169882377794813,-0.0200571086682149,0.0185624272158737,-0.171377059247154,-0.358561791664664,0.0498993170943866,0.172698657703898,0.037012177670642,-0.0312864677596213,0.000264170838359811,""
3085,-0.123275997904015,0.000859765708253552,0.026899775346525,-0.0955164568492364,-0.374110236544158,0.0705564740368372,0.201541169818611,0.0567877750554487,0.0134719495476155,5.18012863582539e-05,""
3086,-0.153174701542705,-0.0562711810442986,0.044228583030493,-0.165217299556511,-0.426654214685754,0.127328680496248,0.197952395524264,0.0717799962235217,0.186539727377091,0.0114329835054614,""
3087,-0.115127274594327,-0.0511067952047721,0.0341231979969259,-0.132110871802173,-0.362874183795767,0.107548600167579,0.126322143310162,0.0572052139170071,0.0860602995372543,0.00199185664928746,""
3088,-0.158622617395955,-0.0133543533931097,0.0320066979549832,-0.139970272834081,-0.381877775722309,0.106860525465536,0.1996651702303,0.0556732446160598,0.177012311209987,0.0103625997229586,""
3089,-0.115233231934058,0.000687988300370774,0.00829249514822747,-0.10625274848546,-0.341619476705914,0.0273307995003152,0.0811739962702262,-0.0104563714155632,0.0526064354936489,0.000745792649184347,""
3090,-0.217066509311445,0.0431717996218906,0.00997913163853846,-0.163915578051016,-0.305684497210482,0.0282336040298974,0.178728681540753,-0.0401032207167147,-0.101911858329752,0.00303117777865046,""
3091,-0.106931304525775,-0.0667235315971755,0.0157784263669958,-0.157876409755955,-0.3760386103182,0.0419697101346102,0.199278958321474,0.0935180972115921,0.111905232347553,0.00295590251329892,""
3092,-0.126560676566617,-0.0237628755977129,0.0324263652280414,-0.117897186936289,-0.396463143400778,0.107821776584474,0.208454656274724,-0.0678732028692235,0.167698701166563,0.00885790188170826,""
3093,-0.180800712130344,-0.00936701673647554,0.0288501140345713,-0.161317614832249,-0.265887437801545,0.0810029234682485,0.322800269234267,-0.103098862963287,0.0476996983494162,0.000692382476361026,""
3094,-0.122465838863975,-0.00602981849306934,0.0285414378356956,-0.0999542195213484,-0.385805488724125,0.0823234070311871,0.166798784792083,0.0421767315140665,0.128896672245908,0.00464197242434614,""
3095,-0.125940738872859,-0.0391306013748095,0.0227211267904144,-0.142350213457254,-0.387584696722933,0.0677660255986533,0.218638516462698,0.0758745051839993,0.203174599064806,0.0122273088226688,""
3096,-0.11963145150149,-0.0572432890346652,0.0116530434114436,-0.165221697124711,-0.433711807749746,0.0336220890107207,0.172755606351014,0.0836832277270945,0.0207834019098327,0.000113071674208987,""
3097,-0.171334430948225,-0.0119551944752248,0.0188245555967044,-0.164465069826745,-0.254593923433388,0.0638140053106121,0.247201292539686,-0.0652680382350554,0.0182252592899433,9.89352218801269e-05,""
3098,-0.146790783074004,-0.0144110165652652,0.0146478342317997,-0.14655396540747,-0.387662350858468,0.0414628505729127,0.220908498739234,0.0440585579080545,0.173121113327817,0.00916772554320068,""
3099,-0.141487075510592,-0.0547832019142684,0.0297060532644451,-0.166564224160415,-0.433822691256385,0.0850565358865195,0.213769345682455,0.082639137095646,0.106313268458894,0.00338653178308063,""
3100,-0.210558767574161,0.0119098917469744,0.0386285538894673,-0.160020321937719,-0.401726680688399,0.104192554201343,0.220797524446166,0.0210083565113354,0.169879764901788,0.00995699518823198,""
3101,-0.0958832530470237,-0.041329289085332,-0.00568953840187012,-0.142902080534226,-0.300796583997235,-0.0157362592215982,0.269104688388783,-0.0699255458770621,0.0925227775907843,0.00226736934650404,""
3102,-0.161881576616722,-0.0190817644717135,0.0426346969108155,-0.13832864417762,-0.284565474482821,0.133011121898221,0.11982777130016,-0.0371890649377964,-0.0692346928316403,0.00133764030796472,""
3103,-0.143944050879881,-0.0229688150159766,0.022463262319064,-0.144449603576794,-0.350839030165026,0.0724146146466976,0.206545678098953,-0.041895555869104,0.147182263484769,0.00635731951368161,""
3104,-0.178680607097826,-0.0251584175572372,0.042469252412815,-0.161369772242248,-0.39074226807031,0.11828421908594,0.192450328766332,0.03465352614704,0.227930719819822,0.0161263052541101,""
3105,-0.089303038490571,-0.00897439918303837,0.034866282398009,-0.0634111552756004,-0.29750287401331,0.110257621525715,0.13783921856318,-0.0488168239324539,-0.08299697302632,0.00191278370955093,""
3106,-0.138519179629961,0.0131573026507141,0.000524159455374576,-0.124837717523872,-0.312123654651163,0.00154093622941365,0.179879062988761,0.0530082121560015,0.174312612823229,0.00851517219317595,""
3107,-0.114516039135355,-0.0247258505295267,0.011643467049988,-0.127598422614893,-0.434593667633655,0.0330685929569433,0.149277853771401,0.054640066011421,0.214984947427621,0.0138203367592264,""
3108,-0.136999354783772,-0.00913034625969852,0.0122423588150738,-0.133887342228397,-0.400984268008869,0.0334333185430381,0.171973587020233,0.0177221380137621,0.0302578720526312,0.000258269418760897,""
3109,-0.126008906030845,-0.0327829902214445,0.0318825238514824,-0.126909372400807,-0.350738466351449,0.0936284306093465,0.218008137550064,0.0621104770348259,0.0902086576919799,0.00229827499672491,""
3110,-0.10980202225275,-0.0403415333832198,0.00483625912972733,-0.145307296506242,-0.327271259090559,0.0120145133317609,0.264950926675206,0.00779996875080273,-0.0368558462600506,0.000375366222917973,""
3111,-0.128297052658453,-0.0396244213111609,0.0159808409915005,-0.151940632978114,-0.301817516817564,0.0507735398275811,0.243848480697361,-0.00535163839036853,0.00365360849311806,3.35310991823176e-06,""
3112,-0.159135926446493,-0.045395569470146,0.0229735719447303,-0.181557923971909,-0.281360839809295,0.0665335383795591,0.225577624657216,-0.030404653606963,-0.00149233383120169,5.75497578011067e-07,""
3113,-0.130455675986079,-0.0326339621140112,0.00863419307019648,-0.154455445029894,-0.398613458873866,0.020719919326942,0.236167802059387,0.0894168309277374,0.0181751515334412,9.52516393912051e-05,""
3114,-0.133176232886734,-0.0198042091568258,0.0247441023362934,-0.128236339707266,-0.354299196929529,0.0627582749753874,0.236645447185233,0.0544827759913225,0.0222480360493693,0.000139617678554626,""
3115,-0.13189833772428,-0.00734759001138584,0.0180006248532982,-0.121245302882368,-0.367621745904861,0.0520192820529261,0.17895522952991,0.0253925235046158,-0.0116444587091147,3.94203971324644e-05,""
3116,-0.134156932549002,-0.0101284618584396,0.0237818041578549,-0.120503590249587,-0.4161159565275,0.0680714487238923,0.181192086726148,0.0675095667169321,0.00650658557394636,1.28071235329985e-05,""
3117,-0.112033464809794,-0.0199127884457525,0.0333675442604825,-0.098578708995064,-0.26821265353653,0.0960204873782228,0.158975905763629,-0.0224375245233086,-0.0871856305189893,0.00198597888622353,""
3118,-0.15336634628589,-0.0105039023942425,0.0321553587698399,-0.131714889910292,-0.260340967972596,0.0999650762424285,0.222394570361226,-0.0856318967977573,0.06868359226547,0.00137725363558769,""
3119,-0.115131991464423,-0.016372667067732,0.0164865575029748,-0.11501810102918,-0.304218922657058,0.0512101080559233,0.142100229223257,-0.00894554334969479,0.0139456676644239,5.27031265538945e-05,""
3120,-0.13462911293204,8.97659794114544e-05,0.0182435298481744,-0.116295817104454,-0.356344093101499,0.0544840362433548,0.188640704985742,0.0348762891910615,-0.0360425479615306,0.000382243246594783,""
3121,-0.128604362829057,-0.0299457545407605,0.0170582730934389,-0.141491844276378,-0.424411412479691,0.0521204922318131,0.16201248026344,0.0567934861106539,0.156890321239177,0.00712055153833396,""
3122,-0.149107990695801,-0.000564765020682565,0.0219746792747301,-0.127698076441753,-0.351351288158455,0.0668952594419679,0.172237864821004,0.0565457704924287,0.12064000280889,0.00427455019422335,""
3123,-0.168114633786909,-0.00346647702281168,0.0339767487024593,-0.137604362107262,-0.365230293946236,0.0988500091369659,0.194614300670788,0.0345047841478984,0.0322385100701897,0.0003245256000736,""
3124,-0.139841794538805,-0.0241664840398063,0.040605607941541,-0.12340267063707,-0.331400549671288,0.126250537765626,0.152747426792797,-0.0302476659414293,0.0136962233358072,5.35183537158199e-05,""
3125,-0.125552436550781,-0.0620538204689849,0.0319962408271657,-0.1556100161926,-0.330792431352228,0.0907046059911288,0.218213870335523,0.0324420407421555,0.0646975709695355,0.00102128739483427,""
3126,-0.136653045728883,-0.0176295790495793,-0.00229246246540296,-0.156575087243866,-0.403363509627332,-0.00629002068307878,0.153150969289383,0.0774694990934957,0.126179406264287,0.00413271612379333,""
3127,-0.135312807001004,-0.0154453485791103,0.0296435048208285,-0.121114650759285,-0.452554167376955,0.0826161763820177,0.137091084917635,0.0405740778588826,0.111462530447364,0.00371371277932766,""
3128,-0.157060117641975,-0.0341678658089431,0.0324751787587841,-0.158752804692134,-0.324030642836143,0.0924153563333669,0.248679406304454,0.0637421053158965,0.145654634746837,0.00629103107959022,""
3129,-0.132133825860908,-0.0219021882974077,0.009499322294029,-0.144536691864286,-0.325143122365228,0.0283659707073107,0.17130978576854,-0.00344540089640415,-0.0411206817035591,0.000455539311477212,""
3130,-0.181812955477448,-0.0336762354900023,0.0590154717453371,-0.156473719222113,-0.332690429908063,0.180695740864641,0.182778422972878,0.0117977327795045,0.0789874945384531,0.00186016644773024,""
3131,-0.13561586382404,0.0217485771754736,0.000108499345572988,-0.113758787302993,-0.280665412113464,0.000296113070918202,0.203759699163463,0.00791589256895729,0.0799611622951389,0.00177975869964202,""
3132,-0.123113067102918,-0.0197446752269067,0.00969803608036,-0.133159706249465,-0.343164130127988,0.0315231540719997,0.142717402012091,0.0469852884676534,0.212264718671401,0.0119538196907075,""
3133,-0.124761781152677,-0.0289612759482068,0.0444724726151618,-0.109250584485722,-0.383272929891309,0.138922574748119,0.194866797006042,0.0417396943144048,0.104784865407078,0.00332568369214565,""
3134,-0.100903430005781,-0.0528099039170724,0.0425089259579636,-0.11120440796489,-0.358844041847354,0.126320025049536,0.23184376387683,0.0740612942815303,0.199175757941454,0.0111943893414807,""
3135,-0.114752336566658,-0.0302517805148076,0.0166445302686218,-0.128359586812844,-0.40781553338645,0.0506827672968675,0.216046563462918,0.0891893802946637,0.243189083678013,0.0178997908930503,""
3136,-0.117900169729245,-0.0612099798108672,0.0448129244665972,-0.134297225073515,-0.39207207581441,0.121176225842944,0.173691235978323,0.00616293193865151,0.141285416513919,0.00560178321307519,""
3137,-0.151862301214404,-0.026432805803807,0.0178674800115898,-0.160427627006622,-0.390643777321356,0.0494715777526389,0.156328691955892,-0.0102753223390933,0.102842563367623,0.00300312854098856,""
3138,-0.128063138174644,-0.00960090737787763,0.0373341508982492,-0.100329894654272,-0.365811902825332,0.109840107420227,0.116481528564466,0.067148260291792,0.178012936640959,0.00915288543602773,""
3139,-0.153391462625088,-0.00474640515193492,0.0211615669268235,-0.1369763008502,-0.344975503765779,0.0633672987349462,0.237534012904648,0.015338739845977,0.126558706274839,0.00478703813391541,""
3140,-0.163397731268349,0.0133150534695414,0.028723657988585,-0.121359019810223,-0.332677172802883,0.0895368272472786,0.15576431021188,0.0354666154127226,-0.0516425329829863,0.000784588061848355,""
3141,-0.191473471150107,-0.0241405210100811,0.0162526849096815,-0.199361307250507,-0.337169045478386,0.0468227133641606,0.153170987354721,-0.0556669728343021,0.0582782806554291,0.000996443947308058,""
3142,-0.140714485820509,-0.0443198378481042,0.0195165301824111,-0.165517793486202,-0.319552885374061,0.0668866036811757,0.189281926531658,0.0253939331358073,0.192073057828266,0.0100260501223606,""
3143,-0.153223260132551,-0.0367558666444599,0.0138797896110529,-0.176099337165958,-0.422688539533794,0.0366981305835781,0.247618702646169,0.0451065402223772,0.120381994832511,0.00445179622086195,""
3144,-0.167457219562788,0.00353020720064286,0.0356147377429105,-0.128312274619235,-0.405673660314837,0.111985214291966,0.18017284885457,0.0394827877505547,0.125056361872489,0.00507610828645037,""
3145,-0.114911798985173,-0.0731138363467707,0.0206063644862319,-0.167419270845712,-0.319434397623716,0.0664255630414356,0.196585792640023,0.0103461322585931,-0.0335306654124852,0.00024518711542529,""
3146,-0.16233972760609,-0.0313258637738639,0.0241271674179166,-0.169538423962038,-0.358850828780236,0.0711513644439475,0.158610803094554,0.048016888825,-0.0887577744166703,0.00196593697732964,""
3147,-0.179799680202133,0.0120124414985813,0.0314309611094091,-0.136356277594143,-0.276109802116981,0.0914841422258184,0.176877867205466,-0.100198568689228,0.00835144457380445,2.04604470738479e-05,""
3148,-0.141710631747466,-0.035088770283665,0.0182426667651944,-0.158556735265937,-0.338772562287101,0.0471575871327955,0.245199571965246,-0.00956105958163945,0.27190464605472,0.0220665083981614,""
3149,-0.135467846890742,0.00550719735734119,0.0240933100898363,-0.105867339443564,-0.356298746253397,0.0803048865298102,0.133607720623589,0.0473059932437848,0.0704074537431742,0.00146101270457216,""
3150,-0.129123831416456,-0.0143705369759257,0.0238754958128243,-0.119618872579557,-0.349596641879111,0.0661585785418828,0.188444525407518,0.000849414338753787,0.0850817761576848,0.00197128833089945,""
3151,-0.129570585884992,-0.0160732616135726,0.00687379048320254,-0.138770057015362,-0.336930848417681,0.0224190622177034,0.13878806210851,0.0232917201630834,0.0904906351873333,0.00222547813386437,""
3152,-0.139319078145399,-0.0574052889534871,0.0222618479695688,-0.174462519129317,-0.388777396917976,0.060341797067737,0.208350781865213,0.0717209426544086,0.122405044908558,0.00420212596719486,""
3153,-0.116102160594968,-0.0343414638273249,0.0376585756478314,-0.112785048774461,-0.243992939565102,0.113494663223338,0.240145731457803,-0.0504902125450541,0.0651884158080856,0.00104038808048555,""
3154,-0.138228525737938,-0.0441487427102292,0.0220697960783715,-0.160307472369796,-0.355639126122149,0.0632971083274268,0.174601056058471,0.0373754110545355,0.0132088979017531,4.42523947429403e-05,""
3155,-0.135022901931014,-0.0549611983266298,0.00942089964463719,-0.180563200613007,-0.462520742849826,0.0245727822534979,0.187384315191324,0.0257291160389081,0.180546617297443,0.00948595872536883,""
3156,-0.157672234046865,0.00789281703232072,0.0348772439531117,-0.114902173061433,-0.268517175199077,0.118563493361955,0.242272590730431,-0.00792659853037418,-0.022208319911765,0.000151058698697548,""
3157,-0.184625790968392,-0.0252673041977898,0.0322265320324803,-0.177666563133701,-0.35086779139095,0.0967752650427916,0.244964675370652,0.0414231124573221,-0.0436345102833273,0.000571464416943478,""
3158,-0.173477780109649,0.00405275724254694,0.0230401359909827,-0.146384886876119,-0.273016837398431,0.0670214611014792,0.172087673472643,-0.0104817565416946,-0.00542286601138228,7.98048238529871e-06,""
3159,-0.109523546848697,-0.0596087012312367,0.033098146732984,-0.136034101346949,-0.456498654260784,0.0894666335422616,0.168093131729316,0.0339161971966062,0.156561804762463,0.00654174800657771,""
3160,-0.139890654266825,-0.010132176911202,0.0316241053157477,-0.118398725862279,-0.365470171394826,0.0964294722483945,0.198835309599526,0.0345640269708486,0.105429958861203,0.00330288908264976,""
3161,-0.124278341978249,-0.0489350973655845,0.0385048324537271,-0.134708606890107,-0.363139635695685,0.117073519164266,0.192640363045856,0.061505086894801,0.0555894383852847,0.000812549987586595,""
3162,-0.0980018529950754,-0.00928323560638969,0.0115903925722123,-0.0956946960292527,-0.31885252663493,0.0339885987365469,0.189248035894899,-0.0148568850871119,-0.0486168847914331,0.000636622139347921,""
3163,-0.170273922746368,0.005424104065538,0.0131234260532837,-0.151726392627547,-0.329422336292236,0.0403170763802126,0.244302371966601,-0.0308736792927349,0.162170919082217,0.00760225328458225,""
3164,-0.156362502893117,-0.024447405025484,0.0317671240690668,-0.149042783849534,-0.412397099659035,0.0865836289893199,0.218598177982661,0.0799649351751761,0.0399758674992203,0.000494775778694538,""
3165,-0.115393177132438,-0.024129663297531,0.033762345528388,-0.105760494901581,-0.380457160041198,0.0951103729914868,0.229027368468729,0.0495155151596765,0.100767033064736,0.00292359832860703,""
3166,-0.102045814599131,-0.0223040619870236,0.0261841711742316,-0.0981657054119233,-0.333869012830402,0.0836447758131819,0.18639943020625,0.0187401327899372,0.175389253920484,0.00897343778989854,""
3167,-0.0881854607917735,-0.0274444123121021,0.00362698976214736,-0.112002883341728,-0.361032814603618,0.0105196965044886,0.175024014107596,0.0729213015053385,0.125462532750795,0.00385206103858929,""
3168,-0.0872458345087017,-0.0303092415113282,0.009146900959978,-0.108408175060052,-0.351638636604478,0.0279390123977532,0.182770165801815,-0.00934502407952958,0.0408087329112309,0.000432537734098436,""
3169,-0.15734687383112,-0.00441139862722575,0.00832451233053381,-0.153433760127812,-0.371949402705217,0.0270368867827072,0.190452217214829,0.0403508341721648,0.149318094603332,0.00677343603388815,""
3170,-0.163373629336078,-0.0340656643123472,0.0280639172868905,-0.169375376361535,-0.409066965243575,0.0854624613426292,0.14203912499536,0.10048543329524,0.154565207127967,0.00671326983694079,""
3171,-0.158147166526737,-0.046235280686207,0.0120009123372372,-0.192381534875707,-0.408782494912197,0.0334999954041626,0.18963803051227,0.044638800689305,0.0835515037468682,0.00198440079231648,""
3172,-0.160217405257529,-0.0439530432356696,0.0213881550238517,-0.182782293469346,-0.301576696597522,0.100807649619697,0.250280197854126,0.00210559278494557,0.262741166254439,0.0206328451498896,""
3173,-0.127611395381393,-0.0579176597596292,7.03561181751129e-05,-0.185458699022847,-0.423329398134059,0.000190485935120041,0.139004624540192,0.0116297934352449,0.229306831376294,0.0133222248831762,""
3174,-0.176553493929233,-0.0138427611533657,0.0202266003630469,-0.170169654719552,-0.410243189224827,0.0528487212425547,0.181733513319245,0.0155077920033182,0.216406561617128,0.0148818039887663,""
3175,-0.128148325087492,-0.00906340090009155,0.0119157782143821,-0.125295947773201,-0.343692521565889,0.0363733672054205,0.189991807330344,0.0540916404709438,0.0837500101036517,0.0019230739925523,""
3176,-0.123971710873655,-0.00921338813917989,0.0104620538824517,-0.122723045130383,-0.380025468552607,0.0292006696002343,0.13000577582277,0.0404401770562647,0.0751062440361041,0.00158749583110183,""
3177,-0.13129632202257,-0.0406796982420718,0.0239062152587137,-0.148069805005928,-0.426651672127214,0.0714841933987808,0.16209543706378,0.038440080441072,-0.0473440949581005,0.000607311799600133,""
3178,-0.128826877819157,-0.0324292799365559,0.0155441536130868,-0.145712004142626,-0.381898065925686,0.0438267488493806,0.178636632582411,0.0666862059921525,0.139736375686251,0.00574310311296597,""
3179,-0.120157393394203,-0.0422340741852011,0.0156780388729494,-0.146713428706454,-0.35436193707362,0.0477834809471261,0.217128900664192,0.0732417549902284,0.171364821172238,0.00778989814692263,""
3180,-0.146940807016591,-0.0105585444399075,0.0248735311284728,-0.132625820328026,-0.359377461778462,0.0773993386619453,0.15382055409084,0.0237255699597498,0.0964660613483307,0.00278848097621227,""
3181,-0.130272863361946,-0.00993587362754285,0.0355685548932012,-0.104640182096288,-0.356840701016617,0.110288580824349,0.179915020378292,0.0306296690981797,0.071736224842795,0.00155365123795361,""
3182,-0.131788397972077,-0.00113602277825671,0.0339834205781341,-0.0989410001721996,-0.397706460601542,0.104575127116693,0.152795915631104,0.0481502115443438,0.0375778133230866,0.000438975076216966,""
3183,-0.106877370199343,-0.0260367011026235,0.0196734250704751,-0.113240646231491,-0.361366257539945,0.0562009863921917,0.199068085029673,0.0185292560212262,0.265395354303174,0.0207440959678673,""
3184,-0.155713397316917,-0.0142252745429345,0.0202039257358155,-0.149734746124036,-0.287136496459678,0.0591873362522786,0.169618458010491,-0.0165281026641173,-0.0711329031056637,0.00139086498544665,""
3185,-0.141076598889855,-0.0289336343032772,0.0394830620490951,-0.130527171144037,-0.356780336236793,0.125998043560746,0.141395723608606,0.0365351217014402,0.0725621287835475,0.00154172493095475,""
3186,-0.132216176821109,-0.0273253828781675,0.0324120280982212,-0.127129531601055,-0.362990152561582,0.100974722166068,0.157608937017877,-0.0440696745442267,0.215478077637452,0.0135310002072277,""
3187,-0.190170338231199,-0.00580366838399503,0.020416073792792,-0.175557932822402,-0.248007272877824,0.0654234256388075,0.192455122996185,-0.0543400852459682,-0.121400776678115,0.0041058367368682,""
3188,-0.16035795708461,-0.0605871273918605,0.0532448372981579,-0.167700247178313,-0.404491724140357,0.141883758003151,0.180323869872969,0.0768518658212616,0.212534622276631,0.0125834916346061,""
3189,-0.118326184587001,-0.0346883465798727,-0.00127924599913048,-0.154293777166004,-0.324261514732579,-0.00397754801502218,0.175545934605957,-0.0176660180077993,-0.072373503989845,0.00119323839532259,""
3190,-0.137233814558257,-0.0247017631026763,0.0289405820960146,-0.132994995564919,-0.365704406393015,0.0915454350191573,0.167335458100069,0.0330647011340952,0.193504067143153,0.0107003766055752,""
3191,-0.151556850780117,-0.05930562426779,0.0145869466540229,-0.196275528393884,-0.372593563195301,0.0373766994436161,0.203186639524518,0.0124775022846308,-0.0208779928648994,0.000105448115162195,""
3192,-0.152544548223881,0.0154012225277404,0.0106407955947623,-0.126502530101379,-0.361543938169065,0.0332339417661598,0.16038819735342,0.0179060694344141,0.091472333549952,0.00251446965164857,""
3193,-0.141660965970226,-0.0190160334192151,0.0173695229557321,-0.143307476433709,-0.366625843901806,0.0535044806149709,0.234981409546682,0.0822623928994318,0.129578922560861,0.00452062849940904,""
3194,-0.147848462846661,-0.031230424907922,0.0217496730496811,-0.157329214704902,-0.339660864474036,0.0600476452378645,0.192862943343475,0.0258515512528721,0.0631479946483301,0.00106748699240833,""
3195,-0.165913498481299,0.00756247026533307,-0.0108161395677376,-0.169167167783703,-0.413453029580474,-0.032203090664364,0.134711138074232,0.0616404411407837,0.171541273554747,0.00885769568198539,""
3196,-0.138281688761039,-0.0172313793512849,0.0312657349795612,-0.124247333132762,-0.355363273935849,0.111153252338659,0.113963758109745,0.0460214331366966,0.226259339727012,0.0145714308402453,""
3197,-0.164260972245195,-0.0297235745728097,0.0204971157110897,-0.173487431106915,-0.425134951419808,0.0684789254484375,0.227053263566723,0.0879912164216884,0.186773361984437,0.0110350270647971,""
3198,-0.149722926183121,-0.0419517643043679,0.0259292432142553,-0.165745447273234,-0.344775633884681,0.0771121698502016,0.177229023034527,0.0268653473036967,0.111556723666422,0.00337958557936082,""
3199,-0.14888820379402,-0.0433467276067097,0.0342044444041597,-0.15803048699657,-0.371780920919952,0.104109750835294,0.203808731027643,0.0807130648624434,0.0774440840054205,0.00160445358336998,""
3200,-0.149455417910953,-0.0052910317179757,0.0211582794291992,-0.133588170199729,-0.373905874802314,0.0578477025685026,0.211670541611803,0.0349177623830901,0.115169311388015,0.00386079595284983,""
3201,-0.188520525859694,-0.0193481860177153,0.0261336007480145,-0.181735111129395,-0.253649115009878,0.0794608066029986,0.235521511494886,-0.0693255698416411,0.0123583561584615,4.36007628187635e-05,""
3202,-0.17050338247595,-0.021585916825961,0.0446439069012796,-0.147445392400631,-0.306796744970229,0.135079605394021,0.261111313325804,0.0018088810700559,0.00546307995286106,9.07652483744542e-06,""
3203,-0.130515740935914,0.0148885178809257,0.000826141060466913,-0.114801081994522,-0.307290760512933,0.00234991217788569,0.246707200713438,0.0185446217127114,0.178574724945632,0.00905066590206335,""
3204,-0.138600456372132,0.00635808723848055,0.0371223682601312,-0.0951200008735205,-0.285476856258556,0.122243995581483,0.213780258303779,-0.0568980526460126,-0.0182923548848727,0.000100413618849416,""
3205,-0.111654037709963,0.00347338864083556,0.0347912603118786,-0.0733893887572487,-0.336302682932341,0.112641218335984,0.119390905477913,-0.0331893777002914,0.036255302504972,0.000380375888814297,""
3206,-0.159603344794906,-0.0237782425603228,0.0231288700594191,-0.160252717295809,-0.378229150507862,0.0695271810478357,0.19990178705471,0.0574651110419173,0.227347685621824,0.0162442943254035,""
3207,-0.111566646945267,-0.0287728805966484,0.00171263254211029,-0.138626894999805,-0.391926656697832,0.00460069436471406,0.20276407284246,0.0799523657308553,0.108597145394479,0.00319565944340735,""
3208,-0.0981392914645617,-0.0596910536357077,0.0110420346150903,-0.146788310485179,-0.328921387574732,0.033040256257535,0.186068068998114,-0.0335342706425244,0.101577030059779,0.00214217942271702,""
3209,-0.125656767084191,-0.0180779128839257,0.0295890357921182,-0.114145644175999,-0.345992436286037,0.0859120230051344,0.167415733561511,0.0382155436988182,-0.00558483822526716,8.79643631413575e-06,""
3210,-0.148119232688457,-0.0150904152837155,0.0277247444362885,-0.135484903535884,-0.237422222826207,0.0887865619073763,0.231315167221434,-0.0450690771362425,0.085836561153392,0.00202329410885079,""
3211,-0.104736697435875,0.0269675227298226,0.018570428093597,-0.0591987466124554,-0.31840907363843,0.0562435154062557,0.179956753160689,0.0136122554068641,-0.0339581133583078,0.000331855938920921,""
3212,-0.156095749791636,-0.000963571571882002,0.0319316082763492,-0.125127713087169,-0.355251181907246,0.0887146945884085,0.205493932413323,0.0395691823825393,0.160565260689959,0.00790272988519016,""
3213,-0.164339052293295,-0.00337250283559544,0.0416128766226482,-0.126098678506242,-0.331649204073303,0.127684028306751,0.181384288456589,0.0507119447276034,0.071473755922597,0.00149599608202948,""
3214,-0.19947727864248,-0.00141027591170895,0.0243615093597299,-0.176526045194459,-0.381557890054045,0.0758235463686011,0.279676333833232,0.0497068686859058,0.184095654659897,0.0117414309436415,""
3215,-0.138113689998973,-0.0528871385871105,0.0420783102034806,-0.148922518382603,-0.284182857176867,0.140687735415574,0.25332027509694,-0.0268294735030671,0.1435860972787,0.00523919535893068,""
3216,-0.160238559275056,-0.0340684725809004,0.0312834473346767,-0.163023584521279,-0.402826949946531,0.0921351102441879,0.257608370835617,0.0855278189311983,0.306600828479371,0.0298901119265035,""
3217,-0.131069367591115,-0.0394324096145945,0.0325811737103598,-0.137920603495349,-0.384079325275131,0.0985636662974517,0.103120905840447,0.0720676307680439,0.0516855937312688,0.000723391655045383,""
3218,-0.119368078113308,-0.0541446169298583,0.0244392179648723,-0.149073477078294,-0.353938486544501,0.0631015135692395,0.202943679851291,0.0656163983906138,0.164805575878589,0.00698814763726638,""
3219,-0.137586906744878,-0.025633072059801,0.036320879669963,-0.126899099134716,-0.353097205389067,0.100692194376786,0.142207066322145,0.0527867790226048,-0.0997498986836239,0.00269310996054538,""
3220,-0.142990566616916,-0.00983305154256907,0.0310106800272539,-0.121812938132231,-0.382527912970077,0.0975465703118365,0.205369970488652,0.0432613014530736,0.206005923887788,0.0135633095093688,""
3221,-0.180147946524834,-0.0184096603914736,0.0335241353326872,-0.165033471583621,-0.409331790168096,0.106694555838274,0.194696425073927,0.00650094276093099,0.124983782067885,0.00506837091179075,""
3222,-0.135158669966579,-0.0528435263543989,0.0295726372004594,-0.158429559120519,-0.408274996704884,0.0796035431652566,0.158302546483073,0.0650230368371066,0.265196623426271,0.0192966748881592,""
3223,-0.168065348142429,-0.019951942619364,0.0323961226997771,-0.155621168062016,-0.352461389652121,0.0883907387166005,0.193449495351579,0.0285941517030911,0.0535876644833916,0.000812667429719747,""
3224,-0.15181334525568,-0.0416446291584475,0.0453815867252674,-0.148076387688861,-0.306683617107571,0.154002081036926,0.209954554109991,-0.0204953047805463,0.104535884102705,0.00292349340696884,""
3225,-0.128407026358319,-0.0356792938853714,0.0272045470593634,-0.136881773184327,-0.39132520844776,0.080303816048378,0.224557652148506,0.0478393568803054,0.232842930958048,0.016907050156765,""
3226,-0.190995194631249,0.0271545407246774,0.0136874750722684,-0.150153178834304,-0.307120627807539,0.0417096524224146,0.228513506527698,-0.0258381511010513,0.00652604258132691,1.30784846972698e-05,""
3227,-0.138411118957926,-0.027473277018699,0.0319430861584706,-0.133941309818154,-0.428824865191208,0.09717312424787,0.196060598525802,0.0860342539745884,0.0500164589704828,0.00077700287153521,""
3228,-0.167242986500195,-0.00996881435714509,0.0228967702979713,-0.154315030559369,-0.398356485704035,0.0619336853290394,0.189045510991986,0.0373910820818205,0.172700732538832,0.00938429423796527,""
3229,-0.133483241573978,-0.0239054346860681,0.0335532356251628,-0.123835440634883,-0.36058732770797,0.0960256175919937,0.105097765741634,0.075312372948395,-0.00629737743244243,1.09171490890877e-05,""
3230,-0.137906752082681,-0.0136405647641783,0.0178154565001206,-0.133731860346738,-0.299194469390056,0.0547602900244078,0.225577428274154,-0.0673879226013896,0.0789388361367601,0.00172502172349064,""
3231,-0.144320756930237,-0.028098458076253,0.010520406751586,-0.161898808254904,-0.356360398741017,0.0298029909651282,0.15635050334527,0.0292248695645507,0.0904198019315462,0.00213369078423171,""
3232,-0.161441437338627,-0.0211498365693592,0.0382028790763969,-0.144388394831589,-0.392712797599881,0.111723361876421,0.141379261747151,0.0710840474347526,0.00915972272941886,2.50029096325491e-05,""
3233,-0.122309888925161,0.0407245902241739,0.00536093244115806,-0.0762243662598288,-0.279271752082834,0.0170848042735767,0.17533011150612,-0.0202313880517574,0.0529702435653475,0.000766712775316482,""
3234,-0.160231947467711,-0.0469110633374733,0.0195933161294483,-0.187549694675736,-0.350193893034533,0.0516674019740834,0.187696513894235,0.0420638936161459,0.123430203155103,0.00379925835514857,""
3235,-0.134129958353871,-0.0270009940272208,0.0190116168121303,-0.142119335568961,-0.382834479026184,0.0532488574716527,0.190282247581047,0.0224310132843642,-0.00437929658548265,5.01750763442166e-06,""
3236,-0.122963182131574,-0.101823825362167,0.0277239206617492,-0.197063086831992,-0.42665735935059,0.0711816604398996,0.212472291376509,0.078599954071033,0.0533107220913213,0.000690376086495999,""
3237,-0.196756739419094,0.00214816511579479,0.0309744002290656,-0.163634174074233,-0.34010303662393,0.0980657375215322,0.223837555903054,0.0370762084486599,-0.0410770757681807,0.00052242417194082,""
3238,-0.165804535436439,-0.0229388360451456,0.0298334007396648,-0.158909970741919,-0.409776586194083,0.0830633996208417,0.295753336423735,0.070367944727772,0.152873870355125,0.0076772618730749,""
3239,-0.131985627423364,-0.0112362506508446,0.0246673383843268,-0.118554539689882,-0.33441174782428,0.0733562835911784,0.162720200736113,0.0082464858118508,0.0378851092624092,0.000403164713008202,""
3240,-0.148088074425601,-0.0311315621884404,0.0155702890134433,-0.163649347600598,-0.371565958232327,0.0513097821862513,0.183882611870704,0.0457217491521942,0.153995997087657,0.00692377587248735,""
3241,-0.168378695339307,-0.00771703272646476,0.0152196223196806,-0.160876105746091,-0.372049634838784,0.0456003200323712,0.145538812916217,0.0640982561238767,0.070177917066838,0.00143392008216129,""
3242,-0.161427387024468,-0.0363063510061611,0.0314654767067222,-0.166268261323906,-0.460446635115725,0.0791274022966371,0.236992165906035,0.00433874195497064,0.244752507660235,0.0192077523271714,""
3243,-0.151640224581308,-0.0089245886626009,0.0117212625939627,-0.148843550649946,-0.389982988071936,0.0328498512105411,0.131935354041324,0.00756683076152765,0.108387867280411,0.00331089439227825,""
3244,-0.143731034688282,-0.0244869526793029,0.0161907985988481,-0.152027188768737,-0.354652126569406,0.0469139966491296,0.147686478557937,0.0472467521742813,0.0484185472701876,0.00063749002102781,""
3245,-0.10385434126765,-0.00681793499869228,0.040040289001302,-0.0706319872650401,-0.337198387121046,0.12030675639137,0.168163862006358,-0.0199674511262969,0.0601313090839872,0.00107867151287327,""
3246,-0.143974305685,-0.0405674142704393,0.0102578123345057,-0.174283907620933,-0.379184505965194,0.0318892301361308,0.160280468727607,0.0906435690751947,0.203201827157782,0.0106944384982447,""
3247,-0.17324431004362,-0.0174932971268519,0.0183401138548809,-0.172397493315591,-0.246720119096629,0.0576404430533966,0.202467609766052,-0.0381824308930889,-0.0220413029746003,0.00013686974958706,""
3248,-0.150434429431663,-0.0343029663850186,0.0406511138843578,-0.144086281932323,-0.388591767825258,0.113252684272539,0.160069024738562,0.0652348650846846,0.13078342626135,0.0047377310230688,""
3249,-0.141014654015186,-0.000927072443829012,0.0165260069958819,-0.125415719463133,-0.306319397811671,0.0473708687119244,0.157257701519014,0.00695440487410185,-0.0738877221661274,0.00150412187493613,""
3250,-0.126623824571301,-0.0184765214591821,0.0191439357093312,-0.125956410321152,-0.412494005785696,0.0541072559389949,0.128036488215831,0.0423668190499522,0.136861434088095,0.00545117867350122,""
3251,-0.159006472649031,-0.0290559217270708,0.0256224308226697,-0.162439963553432,-0.336484622398751,0.0804255568968977,0.189264743475103,0.0410635514473729,-0.0481473306166268,0.00063100073711346,""
3252,-0.130860320720973,-0.0153301670384949,0.0242998086865212,-0.121890679072946,-0.390805742365233,0.07211137103925,0.145619600456884,0.053419454661932,0.131500779824764,0.00519367853399842,""
3253,-0.124783486436206,-0.0293141717855661,0.0317091103429373,-0.122388547878834,-0.366351172530776,0.0947773148172174,0.156502000772812,0.0323675920033113,0.0830006429412679,0.00187803702712304,""
3254,-0.143467957788841,-0.045916057965532,0.0293442796702598,-0.160039736084113,-0.345368970713049,0.0783649362166706,0.265366079309554,-0.0131834824536723,0.0774434279042366,0.00163212856307728,""
3255,-0.164026753689654,-0.0346207685176044,0.00393793944659548,-0.194709582760663,-0.358108591318257,0.0115810604154639,0.19515761093555,0.00613741972659393,0.151372177686518,0.00632241801334024,""
3256,-0.141512278826415,-0.0466412910046222,0.0430481489069828,-0.145105420924054,-0.391804141993297,0.118651624986028,0.188163498568843,0.0953955560915416,0.143101049562984,0.00577364647913142,""
3257,-0.174052381125748,-0.0573266753338706,0.0409382466235302,-0.190440809836088,-0.345429590332305,0.128865171839961,0.161841914890364,-0.00165664872837624,0.0113942362142073,3.23534049104073e-05,""
3258,-0.183780393804323,-0.0185724301100487,0.0295406884802165,-0.172812135434155,-0.350901177256942,0.0829518061057768,0.17662456755644,0.0571296274150637,0.156406562873693,0.00721018882514342,""
3259,-0.160525043351433,-0.00741353373553107,0.032669332488447,-0.135269244598517,-0.34754249538238,0.10801987264305,0.192460244548708,0.00808652582862019,0.169877039005335,0.0089654766648587,""
3260,-0.118189212685349,-0.0230345647441046,0.035573879412799,-0.105649898016655,-0.268831248518738,0.116629166814463,0.173600732028078,-0.0651580698038326,0.00990885036132543,2.66212290065361e-05,""
3261,-0.102757163024345,-0.0475033629048309,0.0388557926382815,-0.111404733290895,-0.382761519764226,0.11197530350673,0.166247017830062,0.0580025419367448,0.0651289603886457,0.00112426561250084,""
3262,-0.0841409093087205,-0.0461681652937411,0.00314622754700692,-0.127162847055455,-0.458737334350363,0.00916105180001363,0.117363966209237,0.0515348466616171,0.253988025162278,0.0170378305577667,""
3263,-0.122917309664788,-0.0407187516796504,0.0188495726014327,-0.144786488743005,-0.364647088109554,0.065824269222244,0.186539340874557,-0.0377367497856313,0.198246165402943,0.0110361206500709,""
3264,-0.138226370541526,-0.00668871768049124,0.00797560477449616,-0.136939483447521,-0.356742379329805,0.0187095516260244,0.277018409425224,0.0301871826946122,0.140352250219455,0.00619222029318421,""
3265,-0.16188715678633,-0.0302119804756022,0.0219002673492032,-0.170198869912729,-0.314898763123211,0.0676355231258753,0.158333189781137,0.0187401686453459,-0.106098849670337,0.00299084543668573,""
3266,-0.14900629123,0.0328869820161221,0.0240606004419138,-0.0920587087719638,-0.349709362025638,0.0784117599825279,0.126674465182451,0.0227869506177457,-0.0422452984675575,0.000518988902452976,""
3267,-0.164690806399689,-0.015364937764208,0.0353062724911015,-0.144749471672796,-0.322561384778319,0.103013072943641,0.173627823045936,0.0162251411994486,8.1755629116646e-05,1.81007487983134e-09,""
3268,-0.143799018141967,0.00449013310301347,0.0152579850435245,-0.124050899995429,-0.423573315514317,0.0434100857434884,0.176653642543786,0.056022853952465,0.130938859945761,0.00553627922302561,""
3269,-0.152196114443744,-0.0275216420170679,0.0247509390577772,-0.154966817403034,-0.350623811918127,0.0688294628570563,0.20348208330109,-0.00138769703615032,0.033950483997672,0.000317700013641038,""
3270,-0.0904039869434618,-0.02333722354625,0.0364153502472518,-0.07732586024246,-0.326998591559995,0.109587550937996,0.184529761014178,0.003971566290828,0.10317689839792,0.00282092686990838,""
3271,-0.123485489623987,-0.0446778165884277,0.0279072660373462,-0.140256040175069,-0.432693186432917,0.0754541327567068,0.183391581492587,0.0652098851830867,0.0697470298135058,0.00134098834727747,""
3272,-0.145516788457775,-0.0595626447694336,0.00631204597466045,-0.198767387252548,-0.433421544245298,0.0176636810455433,0.193016431706387,0.068261315755151,0.111715272575208,0.00348164944642595,""
3273,-0.151459133530113,-0.0241500989647359,0.0253984128891256,-0.150210819605724,-0.426815261733261,0.0728277262447827,0.22684108344215,0.0382951612091,0.302718752779131,0.0320654160573278,""
3274,-0.190178016719701,-0.00348694304246787,0.0461881684649491,-0.14747679129722,-0.388184311701886,0.124878260079085,0.220660029906626,0.0342598770910317,0.117438902428969,0.0044884293265903,""
3275,-0.136606149498898,-0.0319789504976379,0.0194373113953207,-0.149147788601215,-0.393472523817447,0.0570291876212412,0.19891875290512,0.0526991336762934,0.182807297964493,0.00957164005071258,""
3276,-0.145089157673068,-0.0558990944926461,0.0361292306355533,-0.16485902153016,-0.324830133820387,0.0951928152008015,0.215663504157154,0.00299280073340676,-0.008211274721048,1.75740233916446e-05,""
3277,-0.126161136637908,-0.00369447443283624,0.00549841262156137,-0.124357198449183,-0.388620751291422,0.0166946012503787,0.11080676038135,0.0784512818954464,0.146293678924524,0.00626819250249271,""
3278,-0.119291797077701,-0.00977958816971299,0.0127598832781356,-0.116311501969279,-0.388760527393091,0.0402589275483754,0.163848684316949,-0.0401418835434167,0.195643139817164,0.0117975131218251,""
3279,-0.164234751083726,-0.0305387418010083,0.0266631845876468,-0.168110308297088,-0.315943591655896,0.0900483734122177,0.202200347378624,0.0101140397084659,0.0806271006390833,0.00186003956887217,""
3280,-0.13999142281434,-0.0314417628298907,0.02049195872336,-0.150941226920871,-0.318972826273263,0.0596884257464766,0.160270132405767,0.0544949158762006,0.0504270182772951,0.000658793929753555,""
3281,-0.158275280513429,-0.017028250055352,0.0382082371188657,-0.137095293449915,-0.384431837482662,0.127390988032722,0.166692635874977,0.0286240910750742,0.173318045335808,0.0093796166967179,""
3282,-0.181331710131992,-0.0172842488571585,0.0316290016192798,-0.166986957369871,-0.333259891789049,0.097875434798728,0.167703635779138,0.0530520250151037,0.25821012884505,0.0198744082439529,""
3283,-0.0950592473342293,-0.0576762662369974,0.0182571333550783,-0.134478380216148,-0.322887409428262,0.0553387678192467,0.227505156800961,-0.0236685246501105,0.016476791819303,5.98992972393333e-05,""
3284,-0.102799956406079,-0.0467812944293356,0.0365310116832002,-0.113050239152214,-0.441263720500962,0.106709915757545,0.164986335740665,0.0698223308850615,0.139807149183112,0.00588092111905756,""
3285,-0.156027681727123,-0.0498423801305495,0.00904629517871332,-0.196823766678959,-0.403563427938428,0.0226410712209529,0.159478707334748,0.00735460216029905,0.16829631193714,0.00796847360567241,""
3286,-0.151219404849492,-0.0131392273034703,0.0163905284556462,-0.147968103697316,-0.402407326511966,0.0484948501595611,0.113438967283869,-0.012270581832147,0.0585418540294474,0.00102202760441043,""
3287,-0.170152336717014,-0.0168037892746477,0.023260327891716,-0.163695798099946,-0.38661940898397,0.0635349631960873,0.193804051847558,-0.00150236422422788,0.11445016043624,0.00417198566712389,""
3288,-0.148500977186715,0.000564976898413769,0.013987806355616,-0.133948193932685,-0.399366224777072,0.0426852962871737,0.200187937823406,0.0923494633224596,0.199759924309811,0.0126093695733328,""
3289,-0.149095685361887,-0.0115047136902,0.0148021031539251,-0.145798295898162,-0.423900932049266,0.0461492399437076,0.183588976429906,0.0543461907404921,0.0929412665698811,0.00260757728600404,""
3290,-0.141579218545352,-0.0138395955212231,-0.004767687724798,-0.160186501791373,-0.397942314163541,-0.0136944190639534,0.159648048403227,0.0586719020255249,0.205283678174337,0.0119103241549578,""
3291,-0.150553487922259,0.00231074771970588,0.0376801868655471,-0.110562553337006,-0.424657816053425,0.112337759959822,0.150898268053879,0.0287211341104254,0.0873484533724251,0.00242309716919413,""
3292,-0.158957768915543,-0.0130469885649323,0.0273404241119086,-0.144664333368566,-0.355074557071005,0.0871790255015942,0.150090397727464,0.0554824001774723,0.042205121959369,0.000529508097425774,""
3293,-0.148528090227558,-0.0161852780555069,0.0422955351906284,-0.122417833092436,-0.285345242349863,0.139146123129446,0.182089674887706,-0.0266612776702287,0.0409684985505118,0.00049098135689688,""
3294,-0.15054001013788,-0.0135910987756384,0.0323123820789743,-0.131818726834544,-0.385685723400956,0.0857361628283829,0.249447387195877,0.071284204609614,0.0313335404444769,0.000306247248922557,""
3295,-0.142181949511016,-0.0383884482597156,0.0312618145711361,-0.149308583199596,-0.455327503092687,0.0780453574772581,0.143841056719261,0.0414626938415924,0.134009101960329,0.00518524695738383,""
3296,-0.142880200406699,-0.0371945852681483,0.00785009125192092,-0.172224694422927,-0.360800433346133,0.0233729743248376,0.247013808925335,0.0327074844626794,0.154157025459115,0.00721446889096514,""
3297,-0.13424677083635,-0.0296634466077378,0.0123856176506774,-0.15152459979341,-0.385380456411931,0.0370851949555172,0.151606254536328,0.0653070401224819,0.0867572919461644,0.00202300741228509,""
3298,-0.159062124439092,-0.0144234080384466,0.0265021830984455,-0.146983349379093,-0.435100538626671,0.0690214554278532,0.193419665181765,0.0411960812465431,0.214600458205163,0.0144743234037169,""
3299,-0.156963456140545,-0.0345947112315661,0.0157596890199716,-0.175798478352139,-0.393491405064162,0.0451549062381083,0.202316207361126,0.0636905385981215,0.253025448205178,0.0186077746887143,""
3300,-0.104910357690814,-0.00395509650374814,0.0255752913243557,-0.0832901628702069,-0.306900276592151,0.0755021619614697,0.206489748230294,0.0193666043990113,0.0339603931352178,0.00033361973254418,""
3301,-0.170248497041875,0.032613917057674,0.0106584419814608,-0.12697613800274,-0.34161090649288,0.0306440998075094,0.216634294650803,0.0420449578796433,0.0246914317203208,0.000183770431954691,""
3302,-0.181407625703604,-0.0124774743113219,0.0331558441357507,-0.160729255879175,-0.3252458619212,0.108092351181753,0.145223355775681,0.0121689395732497,0.157409125402048,0.0073984275341321,""
3303,-0.108329023396263,-0.0389127801839193,0.0301872646265488,-0.117054538953633,-0.377449572258416,0.0978226132901683,0.0907882568048029,0.0733847129015301,0.210855015910537,0.0120743382657776,""
3304,-0.11799014758951,0.0134668531558283,-0.0197984386176134,-0.124321733051296,-0.235534117639621,-0.0615571639179144,0.171188546248466,-0.090863269794338,0.0395511200174424,0.000411246297607196,""
3305,-0.181219758495832,0.0100990165537976,0.0268491489441578,-0.144271592997876,-0.296708986393024,0.0780137571855019,0.200333093432082,-0.0163840372297653,0.0927981451801221,0.00256781526657946,""
3306,-0.130244079896724,-0.0360213072488722,0.0235987033132424,-0.142666683832354,-0.427125613013287,0.0742465787020524,0.106661838538626,0.0550968662048431,0.0761127801151267,0.0017066820982899,""
3307,-0.170758593847186,-0.0270835899665488,0.00845109441205248,-0.189391089401682,-0.424454745735878,0.0230458110649332,0.215210473459363,0.0913005952370684,0.111969229131465,0.00379963278231001,""
3308,-0.122424244598849,-0.0755292633718903,0.0450864072350862,-0.152867100735653,-0.383728739226082,0.122746576469076,0.203639680513827,0.0156931189745957,-0.0880317147697211,0.0019626602487823,""
3309,-0.123197090486505,-0.0546584964908712,0.0220999121387116,-0.155755674838664,-0.427592193214015,0.0637267909380059,0.196998188674641,0.0930675752577797,0.223427791308419,0.0135519203579219,""
3310,-0.122713244229377,-0.0548349690271194,0.0313813446156494,-0.146166868640847,-0.383875496478794,0.0924596043985047,0.222096766940321,0.0448641609552419,0.341213603325978,0.0335723807106962,""
3311,-0.119013906643048,-0.00742189950426589,-0.00632417223644302,-0.132759978383757,-0.373560849870908,-0.0182461244560115,0.20114836123753,0.108208842647649,0.140306301119908,0.0055689261483576,""
3312,-0.15628997749479,0.0139738604551022,0.0204798146487773,-0.12183630239091,-0.300821838087353,0.0650222058716625,0.156240627921308,0.0422745068470858,-0.0251564548930183,0.000181307705340837,""
3313,-0.247293005588027,0.0253130900405032,0.0398627448835957,-0.182117170663928,-0.382139883402697,0.11148537450037,0.238999137501238,-0.0069615767857694,0.0616454763969528,0.00130439150064302,""
3314,-0.140783272031299,-0.0455015579182749,0.0251573217307444,-0.161127508218829,-0.380882425125822,0.0811009428470343,0.175555180628166,0.0228790863190741,0.118715154031315,0.00423370224710079,""
3315,-0.134053483545796,-0.045377793433829,0.0233441571990445,-0.156087119780581,-0.401196596799898,0.0650004241909152,0.18447246668811,0.0512791183867558,0.105706823134429,0.00304418675498853,""
3316,-0.207903448203031,0.0318132689215601,0.0334810025850587,-0.142609176696412,-0.377124642837965,0.0916245466839198,0.276919235217527,0.0375216078284752,0.124661028088372,0.00526628418687726,""
3317,-0.194267585030335,-0.00570401879089876,0.0216480123671915,-0.178323591454042,-0.378822724796746,0.058521084814928,0.206790319444256,0.0603673175443731,0.0779073778301817,0.00183539999206513,""
3318,-0.132360002924623,-0.00657851206270975,0.0132074302295118,-0.125731084757821,-0.312716771275074,0.0416856057091804,0.17746846933695,0.018696233906209,-0.00647635081703852,1.15809938169187e-05,""
3319,-0.165443379995492,-0.0316004785298393,0.0341028278266361,-0.162941030698695,-0.334714750626256,0.105596371256238,0.180014981514995,0.0304224625476696,0.126747330290597,0.00476137885184417,""
3320,-0.172616818788749,-0.0210009587724972,0.0335889360849885,-0.160028841476257,-0.239993009619404,0.117250369289181,0.191275285303915,-0.00979083342424106,0.13451232508781,0.00523134219070309,""
3321,-0.133867806038109,-0.0140263956790817,0.0173064088596349,-0.130587792857556,-0.390559121843405,0.0497711163902223,0.169168517654047,0.0579907975730758,0.189396156655746,0.00982842213190325,""
3322,-0.138877724733451,-0.0386448775946854,0.0105243422626152,-0.166998260065522,-0.353989667820458,0.0258504504338183,0.200458029706608,0.0600785554023829,0.230933337342674,0.014307889929171,""
3323,-0.0913817720641766,-0.0491051547600915,0.017204698018953,-0.123282228805315,-0.378686450629088,0.0586650351275801,0.152419876362173,-0.0366209936123607,0.261557799642701,0.018574834214664,""
3324,-0.162637103812062,-0.0134008399515854,0.017654426387999,-0.158383517375648,-0.353277354785872,0.05296160228191,0.165152630078656,0.0495839409420684,0.169431468457685,0.00867326206179943,""
3325,-0.106086861120835,-0.0327416371408724,0.0241815662951355,-0.114646931966572,-0.355676992599712,0.0720618586561359,0.169510545349672,0.0289312430527244,0.0681214586281549,0.00125907365909101,""
3326,-0.0848477092496207,-0.0234211446893259,0.0135211485606265,-0.0947477053783201,-0.350423220440202,0.0411606670306269,0.174690016665489,-0.0572877077306356,0.073009086571882,0.00144991119528823,""
3327,-0.182448666818053,-0.0165838054195533,0.016206586404975,-0.182825885832632,-0.299442006133858,0.0494400170248599,0.226643816035474,-0.0357635404471827,0.193903704380104,0.0107054737255029,""
3328,-0.137845547425974,-0.0285917296205576,0.0213490980317709,-0.145088179014761,-0.367586603866315,0.0619859370968356,0.208948397533597,0.0585414025111245,0.0324292407448001,0.000272362916764248,""
3329,-0.152341318708954,-0.00593159631999484,0.0436689764553537,-0.114603938573595,-0.327931968780459,0.134911950565697,0.184006260713621,0.0124595145671306,-0.0196522994179639,0.000116736184533169,""
3330,-0.143975421607282,-0.0480296769607432,0.034056753436387,-0.157948345131638,-0.386940527178608,0.107640434016407,0.20263605212074,0.0860246377616466,0.102662867369844,0.00307968746957674,""
3331,-0.148668935325206,-0.0209075863299546,0.0187128375538646,-0.150863684101296,-0.382415403185004,0.0544750910155149,0.192896896700988,0.0614068440653326,0.231645609585572,0.0157484058181837,""
3332,-0.135618350381656,-0.0465866154796922,0.0400624231042723,-0.142142542757076,-0.368328534427496,0.119463572541344,0.219069651332965,0.0513404610612045,0.117434954552248,0.00377961885163222,""
3333,-0.140598980877828,-0.0118751020585454,0.0232126991996464,-0.129261383736727,-0.345601255305315,0.0729690705105755,0.187778550053533,0.0219911629313969,0.0611542508290324,0.00108748900334629,""
3334,-0.149343203462515,-0.0319542613696204,0.0468065573313018,-0.134490907500833,-0.394592155880902,0.130872039261288,0.19317093801884,0.0586270539111036,0.167088552835642,0.00878546751518864,""
3335,-0.131997782564545,-0.0140930113950002,0.00398206723213043,-0.142108726727415,-0.399592634305242,0.0109587455762598,0.136104627663668,0.0117376203224343,0.171557075900502,0.00816861852686318,""
3336,-0.134226343898629,-0.0525370578701084,0.0429634166542507,-0.143799985114486,-0.401396352124526,0.134667553476742,0.121124318448619,0.0611734430184606,0.103889847901956,0.00314418249231567,""
3337,-0.174333804143912,-0.033375995973513,0.034385015810449,-0.173324784306976,-0.397709535510575,0.0937164106088215,0.228085788296878,0.0489720598671943,0.150382159709635,0.00718879280208323,""
3338,-0.106073608480714,-0.0161435937089918,0.02695906729643,-0.0952581348932759,-0.315228883390865,0.0782515759359174,0.15828600320837,-0.0163872325060491,0.0624219279720761,0.00105399800854367,""
3339,-0.171136849568185,-0.00972635330417947,0.028233059337723,-0.152630143534641,-0.301204429218151,0.0854395825080704,0.178671439495039,0.0100026303111649,0.0760392884063151,0.0016093134125143,""
3340,-0.162441546228924,-0.0184428034981838,0.00992662284601053,-0.170957726881098,-0.30050993552739,0.0292692514396457,0.184429885171085,0.0226487816064079,0.16092381091362,0.00670204938418677,""
3341,-0.157730140308716,0.0125304791093029,0.0205755686962379,-0.124624092503175,-0.32451231955271,0.0599238866716967,0.195689226245122,0.0480563322241092,0.201249479099173,0.0118933553290054,""
3342,-0.11399133816976,-0.0629454362877118,0.0394743098876782,-0.137462464569793,-0.370135231628306,0.119029579761228,0.180943097203051,0.0562492937749907,0.104304057572561,0.00275390346376645,""
3343,-0.138742401922651,-0.0486327658009926,0.0343848986243208,-0.152990269099323,-0.322749566163259,0.116589419427288,0.156268333126238,-0.00285181627520898,0.0461421825398672,0.00049853592995028,""
3344,-0.0950531032449587,-0.0762021596871234,0.0194143447519588,-0.151840918180123,-0.45813329170082,0.0546655080292458,0.188179879751083,0.0445002191019232,0.185187248082111,0.0090404354281768,""
3345,-0.126809216029177,-0.0265534510511762,0.0256127857340891,-0.127749881346264,-0.339388967336799,0.0822548355963653,0.176885897963044,-0.0345957207634772,0.135667264322699,0.00492387615381389,""
3346,-0.0928869138302755,-0.0238052267267282,0.00807925827208916,-0.108612882284914,-0.37051042662544,0.0257249991877731,0.111076593297484,0.0480448351310342,0.192182460964664,0.0106414652291597,""
3347,-0.115554511176943,0.00337098271583993,0.0381795876216981,-0.0740039408394047,-0.273963905731107,0.126573657334925,0.153464233547514,-0.0695091771704285,0.0318872436438854,0.000290773095033591,""
3348,-0.163973546125971,0.0447423704696261,0.0298244756754668,-0.0894066999808776,-0.286273509205025,0.0894793691491019,0.213734167803197,-0.0268965538781212,-0.0151654793078815,6.6845817225025e-05,""
3349,-0.147624712003895,-0.0192802806687158,0.0340620186358894,-0.132842974036721,-0.322281895846167,0.0935244047411756,0.232200954930396,0.0334342638969888,0.0494280330167032,0.000710885320611889,""
3350,-0.103439922473224,-0.0130221558253437,-0.00229357789048669,-0.118755656189054,-0.311102370008561,-0.00704502722148664,0.183542151744456,0.0397360829127349,0.0316960670212037,0.000259624944846887,""
3351,-0.138972297000595,0.00326452901825262,0.00717388811279941,-0.128533879869543,-0.359183695819156,0.0203875155434281,0.203515208470097,0.0341306851994535,0.0417274066923338,0.000515751431176598,""
3352,-0.119588475434962,-0.0352476455648292,0.00515178751617387,-0.149684333483617,-0.367481063776446,0.0168053133674507,0.147679728599351,0.0561893876930486,0.114013843152309,0.00340201659042457,""
3353,-0.146089059482161,-0.0101168680176742,0.0322074556465272,-0.123998471853308,-0.400988283684011,0.103249924952436,0.130361234220947,0.0340693587759616,0.149920940684187,0.00692552233049477,""
3354,-0.15448594025627,-0.032166612661647,0.0265106576411597,-0.160141895276757,-0.35460510234029,0.0819718832486457,0.156105908000585,0.0569011061231532,0.0546263529535143,0.000836746705212317,""
3355,-0.126004081631999,-0.0486970945223374,0.0419832812132081,-0.132717894941128,-0.345136911532942,0.131425800270757,0.143554428547683,-0.0246754396244997,0.0296110981255216,0.000235735044132986,""
3356,-0.139347122358226,-0.0417384693325551,0.0451394325826742,-0.135946159108107,-0.407094989255783,0.131778006307486,0.194404864166731,0.0339173541601114,0.0944106488575192,0.00259215450576302,""
3357,-0.128782558283016,0.0035136171864687,0.00969563949336678,-0.11557330160318,-0.352525152700815,0.0267752107519045,0.215840394287718,0.0331015719628221,0.137898214024675,0.00533557740684559,""
3358,-0.162157056265762,-0.0268538054192531,0.0242353617120518,-0.164775499972963,-0.34396085275062,0.0668825408110542,0.271413895193748,0.0192649292041639,0.176929960855651,0.0100818605010936,""
3359,-0.084834408853221,-0.0809098091673486,0.014557760735603,-0.151186457284967,-0.445527487157521,0.0406923756797074,0.198829071668579,0.0927255835366577,0.241557867438248,0.015199125049499,""
3360,-0.131685951898814,-0.0227541147533992,0.0133312691673976,-0.141108797484816,-0.443940750841402,0.0393777706206357,0.12943008809965,0.0611138229741181,0.180852684197858,0.0100898504220077,""
3361,-0.18898960435195,-0.0533239056475707,0.0333991377048173,-0.208914372294703,-0.384819528445974,0.0993536200583662,0.198810418037356,0.0482883972870826,0.14341967376959,0.00612834789005664,""
3362,-0.11432535921468,-0.000268294166325318,0.0223883876036198,-0.0922052657773858,-0.306591777856911,0.0685483918981928,0.153367795125824,0.00983508061503263,-0.0745699023234997,0.00155760710540899,""
3363,-0.195224410218571,-0.0201541533317398,0.0201468715117268,-0.195231692038584,-0.418840272194498,0.0571404625203816,0.180750638809144,0.0103058607955718,0.0904421166576235,0.00251213480297615,""
3364,-0.113850246473406,-0.0468861077954646,0.00260582782011356,-0.158130526448757,-0.329415999381552,0.00775064656362939,0.210626208888367,0.0401246851404391,0.0914445851367689,0.00202593084600322,""
3365,-0.188906374934809,-0.0140055077647169,0.0406218879786274,-0.162289994720898,-0.365046959716527,0.118955269082037,0.209040402209438,0.0520110798623122,0.132306648174558,0.0055180641375094,""
3366,-0.104370908384535,-0.0588759601095636,0.031751839762943,-0.131495028731155,-0.333990277219703,0.0899886258129643,0.176392220027116,0.00243313833226962,-0.0283534069252412,0.000194707930732637,""
3367,-0.0961956196874016,-0.0546187977263153,0.0199927818696019,-0.130821635544115,-0.345448730147768,0.0608695097134794,0.147914775329187,0.0501387708611736,0.129538793228098,0.00428042066965293,""
3368,-0.126509022459978,-0.0326499169012896,0.0505081675013635,-0.108650771859905,-0.397693644966448,0.147855711614214,0.140097339770128,0.0576394780788064,0.0793992936937298,0.00184782679037212,""
3369,-0.159458303916468,-0.0207108448843118,0.0302131337033974,-0.149956015097383,-0.428597334166572,0.0895483018022872,0.165233724143966,0.104339230792407,0.200555612331788,0.0125143218552538,""
3370,-0.116543014283261,-0.0136682673872873,0.0174485840568667,-0.112762697613681,-0.253188932897558,0.0646352163832371,0.173635791883166,-0.105725317390065,0.0969070643872415,0.00252799492614209,""
3371,-0.176974506618485,0.0289772707976909,0.00525139906354729,-0.142745836757247,-0.30343432557575,0.0163782214890751,0.211591363591865,-0.0682217895150808,0.073116474463833,0.00160431797105038,""
3372,-0.153557264683763,-0.0104302128987214,0.00109061732057779,-0.162896860261906,-0.335022165058893,0.0028584621571231,0.204775443111572,0.0313556350797216,0.0747251444293692,0.00163070096765694,""
3373,-0.145802762183773,-0.0757332589985606,0.0352456840277992,-0.186290337154535,-0.389056131490732,0.0943359657407108,0.229089930415895,0.067106513316296,0.163008309143237,0.00669815183864217,""
3374,-0.157587769356003,-0.0361813838864015,0.0371256936948977,-0.156643459547507,-0.382721424535879,0.105606567906789,0.169510077328138,0.0718101662988083,0.0144720528126765,6.23263573226346e-05,""
3375,-0.159174450465357,-0.0174536727909864,0.0214700642599446,-0.155158058996399,-0.3716332075598,0.0648992574161508,0.19627300971147,-0.00999352114982,0.103564351563979,0.00322446039970912,""
3376,-0.169391496050364,-0.0192103787306868,0.0196107018614015,-0.168991172919649,-0.324430102984693,0.0609318339706734,0.21187068699091,0.0370367016108574,0.167291742964766,0.00821595085253676,""
3377,-0.125694823946247,-0.0212365295351586,0.000714306817917204,-0.146217046663489,-0.306364464533712,0.00247785664719426,0.239254971631981,-0.0386312755392817,0.144328794283487,0.0058012885048157,""
3378,-0.143788647840928,-0.0293091784831542,0.034227554412608,-0.138870271911474,-0.39971641831831,0.102222088520841,0.128363037265935,0.0685480006030098,0.0953042876423353,0.00256995254258023,""
3379,-0.16166504148534,-0.0322148030148176,0.0189174910521852,-0.174962353447973,-0.388858148762696,0.0536242289003559,0.186185312836534,0.0407174715443196,0.160087694742031,0.00746155503726143,""
3380,-0.149540080219583,-0.0228282557009496,0.049772631375985,-0.122595704544547,-0.352540915733842,0.139283760512475,0.164098639566367,0.0559662620490922,0.140563683938567,0.00559488801606059,""
3381,-0.129482747213408,-0.0930794020549163,0.0552447728225138,-0.167317376445811,-0.415217042070068,0.163354216114647,0.21188063140987,0.0509257792845494,0.089276865293312,0.002035255818354,""
3382,-0.111571640022578,0.0246697854841586,0.0111229452223652,-0.0757789093160544,-0.299958386750128,0.0314582089264825,0.173473950446137,0.0637217592177337,-0.197907178430332,0.0108967739918212,""
3383,-0.159932734591836,-0.0303521619754705,0.0120961395457756,-0.178188757021531,-0.359995594818583,0.0317750126397773,0.168920967388239,0.0400198811543437,0.0633693633986073,0.00106707572162501,""
3384,-0.13531288711943,0.0034807914718038,0.00483944262920344,-0.126992653018423,-0.39222507938041,0.0136983932810835,0.156225719163215,0.0456972533946391,0.0609814181623488,0.00104984619981864,""
3385,-0.107328714691348,-0.0611973721360028,0.020211291594916,-0.148314795232435,-0.369773287078284,0.0530827038736882,0.203295187391564,0.070764096851605,0.181972673490609,0.00840902158971197,""
3386,-0.148883626780517,-0.0264954629347665,0.0127788088068349,-0.162600280908448,-0.378821413921498,0.03709390770161,0.132167751887943,0.0314352278943484,0.0743870652204389,0.00150659408013503,""
3387,-0.126771919303043,0.00491098987157564,0.00258840038571739,-0.11927252904575,-0.344537733993548,0.00825325726294298,0.187887823789803,0.0185000300805725,-0.00717556672622089,1.46968569857957e-05,""
3388,-0.125531180350332,-0.0172331615509871,0.022237888420425,-0.120526453480894,-0.295644943778603,0.0783473078516329,0.205568089487033,-0.0213010570314634,0.135236892910765,0.00506137355784141,""
3389,-0.133857491942185,0.0220015724756135,0.00455304486031356,-0.107302874606258,-0.300344512550514,0.0118239067615368,0.307551166346937,0.00553526520675426,-0.0110662556643462,3.80852688231398e-05,""
3390,-0.158010941112125,-0.0447427950304654,0.0271631830566235,-0.175590553085967,-0.370842011312012,0.077386992255825,0.195690451706259,0.054369315102227,0.160546231763801,0.00752514294934609,""
3391,-0.166359935997492,0.00272862443419507,0.0192451990371676,-0.144386112526129,-0.356523396253568,0.0523312535575313,0.197709619648317,0.060647963124999,0.12234984803214,0.00438773832205673,""
3392,-0.116020070305407,-0.00578564778176986,0.0119569463199881,-0.109848771767189,-0.402717948338979,0.0343874138105795,0.12680402292691,0.0428485904180759,0.244687079748378,0.0182382359384797,""
3393,-0.154622098763805,-0.0539786190971786,0.0270545798894925,-0.181546137971491,-0.377638474298498,0.0735981142281798,0.213019917418199,0.0413224745820469,0.158642511373911,0.00666307740108026,""
3394,-0.144439242477747,-0.0531437083411034,0.024841382959552,-0.172741567859298,-0.405363897587604,0.0696977967857653,0.163177839380339,0.0395126850161301,0.143528937857064,0.00588353677762265,""
3395,-0.146838437831345,-0.011784575913243,0.0258815193909829,-0.132741494353605,-0.385024296553612,0.0873724925807905,0.190031825417867,0.0250522758205701,0.175956985267366,0.00946757910866944,""
3396,-0.157350215779154,-0.0475645426428336,0.0267246990679322,-0.178190059354055,-0.336188002188843,0.0746924366926317,0.225374641411707,0.0363563874432026,0.0947655503686287,0.00240987011811559,""
3397,-0.149698739348487,-0.0118224249812472,0.0321105419568249,-0.12941062237291,-0.364719403522678,0.0895773225087633,0.14426059242085,0.015065624169056,0.00363621816417036,3.75884656755677e-06,""
3398,-0.153702386316335,-0.0432051921430304,0.0217764799611604,-0.175131098498205,-0.322199568489393,0.0718037289022351,0.214051307348124,0.00329724373396398,0.0951114263306435,0.00242565284443843,""
3399,-0.134589167684907,0.00536954222393707,0.0135093720349051,-0.115710253426065,-0.339781291284078,0.0341899064748949,0.199004326925107,-0.0425140015841845,0.161227548134407,0.00748565530349163,""
3400,-0.0975898181124956,-0.0594814448451695,0.0241459818563108,-0.132925281101354,-0.396154375945531,0.0642147618173181,0.17775781221389,0.0689190335394892,0.283298283796956,0.0191632775183496,""
3401,-0.154552977285328,-0.0211780177191784,0.0259969860513207,-0.149734008953186,-0.399758317925246,0.0735872998250277,0.226701155862899,-0.0551633511648888,0.213240800607908,0.0131340072621511,""
3402,-0.158672726655917,-0.00147001814588134,0.00690416774100184,-0.153238577060797,-0.36009658720242,0.021853877224002,0.21399121989158,0.0761952751277772,0.153350624998751,0.00703320974260586,""
3403,-0.135949587878118,0.0104408584899721,0.0178604770903351,-0.107648252297811,-0.36906892998732,0.0512656097277922,0.17597608869327,0.054948515592859,0.0362262798443964,0.00039037301490855,""
3404,-0.182868596460494,-0.0109553579954059,0.0190671686253822,-0.174756785830518,-0.239886803273361,0.0696995266725808,0.205433611592585,-0.0922576490974139,0.0380825662201901,0.000405164145080758,""
3405,-0.198787858277655,0.0214451974686755,0.0299031852937122,-0.147439475515267,-0.376406839878645,0.0926890184928438,0.193730493414237,0.0455933124826963,0.0919527552957061,0.00274107781284204,""
3406,-0.129513232560206,-0.0334563764699393,0.0200102123291814,-0.142959396700964,-0.309731403954162,0.0742800812128234,0.202056279839322,-0.037665952768017,0.118326387560103,0.00359930132010035,""
3407,-0.14385228316443,-0.0215443453041015,0.0247916380904873,-0.140604990378044,-0.448778931644441,0.068149407469823,0.172682036643849,0.0181155555954737,0.133653395866475,0.00578154372723561,""
3408,-0.177732176259353,-0.041635977083485,0.0413968601253897,-0.177971293217448,-0.293893672467086,0.131699572769864,0.23929305936459,-0.0211577339582546,0.0233053624293343,0.000147827530098784,""
3409,-0.151509019415442,-0.0272853243672754,0.0399368901915274,-0.13885745359119,-0.329372763499632,0.11655192915572,0.188211300070582,0.0306327316629001,0.0479971376172618,0.000665271599833918,""
3410,-0.119877576377606,-0.0159303740051784,0.0227994822299923,-0.113008468152792,-0.343742361789408,0.0654538994185297,0.148129763142421,0.0274249893750238,-0.0102509527279297,3.00042440614121e-05,""
3411,-0.097930888820296,-0.0315494227747191,0.0244180791871051,-0.10506223240791,-0.336864158430954,0.0638394134712851,0.224459565006843,0.0360014779018397,0.0837532318117805,0.00182386399311101,""
3412,-0.12770487651309,-0.0305554221572475,-0.00343530532996625,-0.161695604000304,-0.32262724819391,-0.00880014408552716,0.166863401435961,0.043143162338032,0.131126462689489,0.00423367517126597,""
3413,-0.113090981243901,-0.0656557502780421,0.0321875042572303,-0.146559227264713,-0.391923225586941,0.10291662313013,0.154208531238486,0.0596859032810159,0.0868726183097466,0.00184788772445163,""
3414,-0.124115131785459,-0.0213732918039404,0.0444110616484856,-0.101077361940914,-0.368528236100457,0.133165594784268,0.201025073762171,0.0236834104196331,0.0469628593394586,0.000675676616774055,""
3415,-0.177597462461126,0.00734339196715591,0.0166467140717267,-0.153607356422244,-0.393575986558133,0.048336445185703,0.164501957904701,0.0422165245099334,0.158233531288952,0.00774463739065694,""
3416,-0.129165719727511,0.0071816089272723,0.0306696955824861,-0.0913144152177529,-0.301530136512846,0.0985945811959097,0.143189722994965,0.000478013224744177,0.0452258734368354,0.00058302712933322,""
3417,-0.150937530666043,0.0174127761324089,0.0344237162452161,-0.0991010382884175,-0.352635767765295,0.105118283496696,0.178385129038232,0.0356897661175621,0.0686097897833178,0.00144298002937922,""
3418,-0.183769927434423,-0.0249984812572855,0.0159580591330893,-0.192810349558619,-0.418899866857696,0.0439941280430242,0.237311315564783,0.0453491504088601,0.174563521939422,0.0104232641175934,""
3419,-0.142034665989103,-0.0312832691009855,0.0423330645194361,-0.130984870570653,-0.276813110012105,0.144669823275455,0.236955823150037,-0.0856257341368666,0.0281704868520374,0.000217589297243541,""
3420,-0.160073783159394,0.0101847010895483,0.0178049942209776,-0.132084087848868,-0.28102244253048,0.0574864793091941,0.240197464706895,-0.0118278781083454,0.161760568617608,0.00798949342967182,""
3421,-0.174001102678526,0.026961952147279,0.0274061173698904,-0.119633033161356,-0.300616812746779,0.0950525017918667,0.207869813892193,-0.0363396987140814,-0.000213837277429778,1.31600256601971e-08,""
3422,-0.150404931984341,-0.0279845408553612,0.0175906469581816,-0.160798825881521,-0.410428679783701,0.057219254595103,0.161614426954303,0.0916851440275683,0.198066280974285,0.0121308832217992,""
3423,-0.145307416678228,-0.03330517742116,0.0287381764963681,-0.14987441760302,-0.35690925553855,0.0890267085315145,0.16170329768044,0.0461955539648383,0.0720417550403168,0.00152734227163558,""
3424,-0.0976832241918074,-0.0297001602665832,0.04540208976203,-0.0819812946963606,-0.328686004964666,0.15463048275261,0.123818112912284,-0.0184694895140519,0.0557485841343547,0.000878434001816147,""
3425,-0.150521366931058,-0.0183903019662089,0.0154472582048532,-0.153464410692413,-0.344948884030781,0.0497448136655289,0.124640318422503,0.0377524041293992,0.133066095420229,0.0046948734485106,""
3426,-0.118147061752233,-0.0407086274912472,0.0309666591396411,-0.127889030103839,-0.372436504734653,0.099188560119351,0.173580375760756,0.0137276186698172,0.108450470238035,0.00337830115649835,""
3427,-0.149043608238571,-0.0516754149649329,0.0202801454902001,-0.180438877713304,-0.378607176038991,0.0623450802302111,0.169947169351534,0.047164972068228,0.0846376471686023,0.00179879831580673,""
3428,-0.128208293464477,-0.0264479752212031,0.0390595628295105,-0.11559670585617,-0.378896764464814,0.116860213235246,0.175882213155565,0.0390799943561092,0.104965457899336,0.003161536748445,""
3429,-0.0869403811311815,-0.0556272845394241,0.0110551788591785,-0.131512486811427,-0.39243467660578,0.0350794108457494,0.214736986989834,0.0813389943663204,0.262702585865052,0.0165450357853902,""
3430,-0.0867254673625786,-0.0133844256305709,0.0365751521746665,-0.0635347408184831,-0.405132703452534,0.119171300929697,0.134370009915003,0.0698465664866443,0.0817026930776345,0.00204503708111581,""
3431,-0.135808308231295,-0.0494864502786929,0.0526274121399047,-0.132667346370083,-0.416460975558832,0.143506896490023,0.216212410213478,-0.00705243072374229,0.231083665197971,0.0170071755857213,""
3432,-0.164771113724912,-0.0221424705473337,0.0209634542854588,-0.165950129986787,-0.31388056068556,0.0575704200100493,0.126497879364795,0.0318302386901279,0.0151407918318877,5.88954178278013e-05,""
3433,-0.190762416052186,0.00368677312138295,0.0283618011565216,-0.158713841774281,-0.43799689984076,0.0781017457703427,0.201878452847435,0.085210013562646,0.149593751679597,0.00773679730838521,""
3434,-0.136869816752997,-0.058788703229649,0.0320856084117425,-0.163572911570904,-0.352047273830606,0.108913415655077,0.208851148003441,0.0627995589708986,0.157150942701702,0.00705198722734345,""
3435,-0.152011637379761,-0.0369710044935361,0.0117340154504079,-0.177248626422889,-0.38734923950765,0.0306296712025906,0.192903330064317,0.0341591696107354,0.140127484262543,0.00569809356102255,""
3436,-0.100918246022212,-0.038563847863682,0.0248358085791407,-0.114646285306753,-0.348039927877227,0.0780362129797636,0.127371626278114,0.0129112557499561,0.1161431302204,0.00353001185255001,""
3437,-0.147296461696589,-0.0296168259247402,0.0266221427291234,-0.150291144892206,-0.347799589439642,0.0743771189407841,0.141209796486936,0.0443083532070907,0.241686506872521,0.0164741657582288,""
3438,-0.147257089433906,-0.0389993143635751,0.0214041313060833,-0.164852272491398,-0.395486352952308,0.0586524851301575,0.19998821554358,0.0645229698743647,0.0689424737629231,0.00129185786886661,""
3439,-0.141189223780052,-0.049194537873633,0.0224416891061668,-0.167942072547518,-0.43025242379558,0.0648747681439961,0.194369868796206,0.083183045942297,0.150586002876434,0.00609251723840856,""
3440,-0.136371562127511,0.00106142912611084,0.0087605272141241,-0.126549605787276,-0.331851424845686,0.031121009548475,0.190795969469216,-0.0762613084448774,0.101270175285926,0.00302879857827842,""
3441,-0.131502953581218,-0.0175986472443168,0.0229729149170594,-0.126128685908476,-0.389753029533242,0.0689950465732611,0.176994937890464,0.0881914270192739,0.205032077461682,0.0125832947733151,""
3442,-0.137165632006814,-0.0349808143342789,0.0197419808773169,-0.152404465463776,-0.375267791600475,0.0584037195882335,0.152108673887782,0.0707724708891276,0.189205175799442,0.00951001226206726,""
3443,-0.147751220236579,0.00464427599560762,0.0316231467041184,-0.111483797536853,-0.352712818805428,0.092210807018252,0.142665404984434,0.0110775385652915,0.0350209055633403,0.00035253684912346,""
3444,-0.112635099563389,-0.0193465493683315,0.0183921386435526,-0.113589510288168,-0.37285430891992,0.0558766785749268,0.186878559392334,0.0311123348359004,0.243417148652328,0.0169172196625925,""
3445,-0.156659598320566,-0.0110968047523598,0.0314422868227381,-0.136314116250188,-0.406112121717117,0.101457958316442,0.199532738437778,0.0671631155932594,0.0760702919493509,0.00182585831658888,""
3446,-0.130987795010845,-0.0176446802873209,0.0286084948495778,-0.120023980448588,-0.344143418006836,0.0948833717414077,0.185664630472615,0.0470736488118932,0.00649733297488256,1.27567946796196e-05,""
3447,-0.110274768131253,-0.0582000454904393,0.0432403154217283,-0.125234498199964,-0.358408866379162,0.132195727716285,0.219142356762173,0.0161856382808277,0.0234031102129696,0.000144145390106741,""
3448,-0.168075250024954,-0.0198859076852537,0.0247866527389987,-0.163174504971209,-0.368851886935871,0.0698295323518869,0.182592696282784,0.0555701929355778,0.116350711554162,0.00377916421229384,""
3449,-0.130599164279436,-0.0268987580546061,0.0264387133587549,-0.131059208975288,-0.319771893206183,0.0883535464449795,0.166452735125668,0.0088516609441879,0.0837997818286801,0.00183917239309099,""
3450,-0.163961832496956,-0.00311193370192637,0.0274697700360046,-0.139603996162878,-0.378397101059664,0.0781699181497745,0.196635576776003,0.0411189584077591,0.0843772119301296,0.00221338022466718,""
3451,-0.181686231114455,-0.00685190310698921,0.0334666139586173,-0.155071520262827,-0.418200804049711,0.100029496421216,0.223413490847445,0.0341762936723992,0.264470062406178,0.0243249038007234,""
3452,-0.106437854540051,-0.0169587180622071,0.0134736677962237,-0.109922904806034,-0.294402798231,0.0423013459757756,0.148992523333148,-0.0202078048967609,0.0859835469081272,0.00194672322248526,""
3453,-0.0951228416264959,-0.0595264839693884,0.0248970537139267,-0.129752271881958,-0.439672954798067,0.0738676812333439,0.177250291131213,0.0612732230856701,0.233090226459943,0.0159738101007477,""
3454,-0.126634185944898,-0.057032960527296,0.0179001162042148,-0.16576703026798,-0.393481485973315,0.0512021593521902,0.206696050076937,0.0877910903987482,0.266459343041773,0.0202865152673827,""
3455,-0.113169180221662,-0.0362138649709651,0.0219160358587495,-0.127467009333877,-0.358877443268017,0.0640225711290711,0.165520252820915,0.0819047004807884,0.188510845706374,0.00867492162567179,""
3456,-0.189359613633765,-0.0448418195504324,-0.00403431220319606,-0.238235745387393,-0.365610062859773,-0.0137018143642452,0.205169766034674,0.0229633264928743,0.142114987950079,0.00587930723813053,""
3457,-0.117465334087831,-0.0338638695047422,-0.00221828881009065,-0.153547492402664,-0.341826542772645,-0.00560212965714946,0.166270477899994,0.0589424007026319,0.138531878000008,0.00481507505445714,""
3458,-0.125004258819922,-0.0150147641470816,0.00644742838688699,-0.133571594580117,-0.32633822148969,0.0198931725217675,0.147581434912457,0.0454183919848737,0.0525035133162055,0.000686179320557104,""
3459,-0.136108517091869,-0.00837439784821263,0.0440458593790169,-0.100437055561064,-0.297972195859438,0.151000521852374,0.148569391877178,-0.016280177161377,0.0507243196265331,0.000763709063241885,""
3460,-0.149925735504618,0.00238181421468212,0.0190906939209888,-0.128453227368947,-0.370225457626996,0.0584067660519479,0.182832036219319,0.0666451593863943,0.0158506137735292,7.34712585921964e-05,""
3461,-0.176074035098264,-0.00476364556195875,0.0391746647170757,-0.141663015943147,-0.348249668619893,0.12186855611658,0.136724303610756,0.0210111433811077,0.120486238232035,0.00438670290198304,""
3462,-0.125739504531932,-0.0483344949529906,0.0225674011339392,-0.151506598350983,-0.32834736556577,0.0760295209002502,0.147695479964842,0.0121626084513392,-0.0481797595664885,0.000541703988063043,""
3463,-0.120709994210684,-0.0452982143512758,0.0233879914893455,-0.142620217072614,-0.389623341721076,0.0701454222520474,0.187727032200839,0.0582092068204877,0.160865944781359,0.00735683664107616,""
3464,-0.142872043264237,-0.00425473329547006,-0.00353680871530762,-0.150663585275015,-0.30945986535325,-0.0116710566016894,0.236138656127451,0.0128104061650578,0.03270233763411,0.000272477254231854,""
3465,-0.149561148234725,-0.0170885330552641,0.0381612218728901,-0.128488459417099,-0.263025043921368,0.106829281891767,0.219986939705639,-0.0223369769822415,-0.089875476649025,0.00224573545007145,""
3466,-0.176959391181597,-0.023654675176181,0.0273647512597711,-0.173249315098007,-0.346194529562323,0.0713446515241274,0.232536635699566,0.0564921923878225,0.234982624889934,0.0157221808497398,""
3467,-0.0886485678899508,-0.0577384520458796,0.0290846802002422,-0.117302339735588,-0.334197844086013,0.0877893100359244,0.185072823638184,0.0148175801528019,0.061102584744409,0.000927011873211596,""
3468,-0.169574742141827,-0.017849344968753,0.040179861312413,-0.147244225798167,-0.331417223539725,0.124085457647104,0.203724125151647,0.0315116914482932,0.112553234218001,0.00371986791892128,""
3469,-0.167279957412835,-0.014642720146037,0.0293800990069261,-0.152542578551946,-0.381973055234908,0.0917169918199106,0.140224315217344,0.0800469281508532,0.131390002582462,0.00515204534123038,""
3470,-0.174325138197069,-0.030650578623848,0.0123606891720825,-0.192615027648834,-0.293487466080539,0.0461758779653338,0.215028837415676,-0.00249848816133869,-0.00553013074398772,8.1824105110513e-06,""
3471,-0.144544690300647,-0.0313825672701662,0.0127580792343139,-0.163169178336499,-0.379173975373918,0.0388021824807309,0.143238353235885,0.0549521111835374,0.159665577413522,0.00702100594238837,""
3472,-0.128309928958743,-0.00844881431597024,0.0518525372266966,-0.0849062060480167,-0.295401489904281,0.158640742506558,0.229621193171315,-0.0528749005947498,-0.0185760291960091,0.000102022875803847,""
3473,-0.083440734746394,-0.0483137872175767,0.0296520552083284,-0.102102466755642,-0.395714981504724,0.0922643172839671,0.164637124057476,0.0464808735486566,0.139531110994869,0.00538248594605795,""
3474,-0.175637934563112,-0.0421940565761715,0.0303248962410684,-0.187507094898215,-0.418551886393572,0.0870197483175453,0.177201118851804,0.0528280547958377,0.0756725879009111,0.00165361030891324,""
3475,-0.153638273391543,-0.0311597497739001,0.0207772726966612,-0.164020750468782,-0.318536155801651,0.0597083298272178,0.20192913346003,0.00416114295316179,0.00663344032800635,1.16831637848105e-05,""
3476,-0.117751549702729,-0.0207170367577897,0.0229346766283501,-0.115533909832169,-0.380769396434755,0.0664581225957702,0.11494681082358,0.0871003847867303,0.104297593437038,0.00304538662313385,""
3477,-0.124513463376372,-0.0498642607922103,0.0328622356632836,-0.141515488505299,-0.316423943025102,0.103683549181796,0.235806184705857,0.0213896807811207,0.14886247208351,0.00616403249844223,""
3478,-0.130957953672264,-0.0393279965607346,0.028357609930595,-0.141928340302404,-0.405343317522042,0.0872089774451114,0.193157397321795,0.101929207799251,0.173721399509444,0.00881866148659428,""
3479,-0.177072099829881,0.00229774557212501,0.0146424173791131,-0.160131936878643,-0.297608990003711,0.0467674330237728,0.194013959808119,-0.0703647398984033,0.0962767835961404,0.00266694707585935,""
3480,-0.10246512070194,-0.0513063596605276,-0.00371972631686005,-0.157491206679328,-0.417647619362188,-0.0114048817265337,0.169630952397249,0.0706946273524382,0.16332360619329,0.00712250434731995,""
3481,-0.111282013777723,-0.0228959010739907,0.0152360330810431,-0.118941881770671,-0.346868685134078,0.0460680319439314,0.123945568040314,0.0678615325744501,0.0320661402356901,0.00025600321912531,""
3482,-0.152685661757598,-0.01493924835947,0.0142281313989649,-0.153396778718103,-0.367081873794794,0.0381652635615002,0.104292135763372,0.0589710887408,-0.115207235125155,0.00346895023640483,""
3483,-0.118606585424692,0.00521951886960285,0.0141547185489179,-0.0992323480061712,-0.327854472337713,0.0447134120513263,0.159158800300436,0.0418512729374644,-0.0301803006753481,0.000257488009342776,""
3484,-0.142079424024131,0.00759551478529941,0.0182082969575274,-0.116275612281304,-0.39211867143633,0.0575476875535772,0.163380707646104,0.0564383316904086,0.0899696643464521,0.00245066619484507,""
3485,-0.167254182045653,-0.0115806111871515,0.0383600470715876,-0.140474746161217,-0.268973276546699,0.126714465410441,0.195832060198182,-0.018535787747307,0.0137916276116523,5.48876677585684e-05,""
3486,-0.119354107574552,-0.0471243676245059,0.0393341548050986,-0.12714432039396,-0.351704878144776,0.118104076459303,0.229720577151894,0.0832799867898814,0.131474955962842,0.00494622341891162,""
3487,-0.164574487356878,-0.0139662000693707,0.0178382298467076,-0.160702457579541,-0.383994448238752,0.0553191825877511,0.243596439778044,0.0708336055342944,0.134001572516745,0.00573160080758602,""
3488,-0.162770495331969,-0.0150917668999979,0.0291062850371386,-0.148755977194828,-0.357615446832037,0.0812880005051218,0.164538656139112,0.0464698882364835,-0.0388711492188548,0.000405044477238902,""
3489,-0.128906992528762,-0.0168972844558458,0.0518840022067644,-0.0939202747778436,-0.379915995190895,0.150706877421896,0.186584666175058,0.0358975728805309,0.0415993154668036,0.000535570268931119,""
3490,-0.147106818807441,-0.0173820892859393,0.0381409398469311,-0.126347968246449,-0.35935681832723,0.122668664091484,0.174483957485582,0.0320611803122394,0.184728117607959,0.0104427842652079,""
3491,-0.142769346218843,-0.0510959128049115,0.0364771985694125,-0.157388060454342,-0.309009994090803,0.117972483719603,0.16589051282511,-0.00739742434043235,-0.0360897890942197,0.000309146113303501,""
3492,-0.150979735949651,-0.0384422785607565,0.0429066970255204,-0.146515317484887,-0.378001388155432,0.117952318157266,0.223929113229406,0.0478418866249737,0.0705340084766698,0.00143713649936225,""
3493,-0.0878477026597668,0.00467179439669099,0.0458464842224332,-0.0373294240406426,-0.306773207622912,0.141902583736125,0.166709231075613,-0.0474701720663102,-0.0565532447217993,0.000941691664222884,""
3494,-0.15356784631214,-0.013098587772396,0.0132715570076296,-0.153394877076907,-0.337432887338808,0.0436507377959335,0.184103874846084,0.0283071116165596,0.00342814899295891,3.29914334005805e-06,""
3495,-0.117582284750204,-0.0454437934569731,0.0281686989699576,-0.134857379237219,-0.380105899909799,0.0890762862225747,0.161122644534162,0.0918449144750799,0.197858214447723,0.0108212275391644,""
3496,-0.137394805972647,0.0100378302636582,0.0444044406633574,-0.082952535045631,-0.306049998476279,0.142939257411443,0.159025011387064,-0.0302134193411397,-0.0536323053360998,0.000864188107348111,""
3497,-0.134171926958938,-0.0267785293173892,0.0335703365779866,-0.127380119698341,-0.332690965268465,0.0986525235640168,0.183928026431611,0.0449082764479833,0.150063903336876,0.00607498355544715,""
3498,-0.180321663232807,-0.0252254837466571,0.0287162232048665,-0.176830923774598,-0.307035609583883,0.0922473837440188,0.176690732515122,-0.00975248795345085,-0.112283250677343,0.00361885396880039,""
3499,-0.129721473772422,-0.03283676809871,0.0112714062869296,-0.151286835584202,-0.306359984224139,0.0398378134971118,0.180694108309937,-0.0534350481879402,0.0841564073956119,0.00178775189761936,""
3500,-0.186671515568937,-0.00359462470536604,0.0088668843921111,-0.181399255882192,-0.272969619272214,0.0233969447326298,0.210725214495587,-0.0262760123833339,-0.0491923014890136,0.000673873085290138,""
3501,-0.140338751588754,-0.00878243919739765,0.00794285082238287,-0.141178339963768,-0.304785575775052,0.0215519032230386,0.167216911155205,0.0161813377444005,0.144025577158632,0.00574148237562794,""
3502,-0.181004918014237,-0.0651849037094502,0.0302823745320334,-0.215907447191654,-0.329548971691986,0.0951817174143705,0.156245968278126,0.032286932909923,0.246405255168284,0.0149641204421953,""
3503,-0.175480459373911,-0.0349391135483969,0.029680864705716,-0.180738708216591,-0.360092004505449,0.0766991348467316,0.282652838688331,0.0542865122151923,0.111687073348715,0.00392365345084143,""
3504,-0.109608477054704,-0.0676212191917948,0.0136596290587501,-0.163570067187748,-0.385745399314235,0.0381286255235094,0.174368246006452,0.03169767632882,0.154098827716469,0.00599472324234519,""
3505,-0.101726558806048,-0.0559946872145256,0.0244500880548023,-0.133271157965772,-0.419524991731503,0.0712408934311235,0.193191402849827,0.0466816971403789,0.171461930116976,0.00764192910751719,""
3506,-0.119144614831563,0.00433156726527845,0.0341052566702203,-0.0807077908960645,-0.264391321907234,0.104617283636441,0.197894799124977,-0.0443867970068319,-0.105203846353948,0.00308200430043555,""
3507,-0.154939870071753,-0.0507395089437103,0.0380905516108204,-0.167588827404643,-0.425271212567887,0.11023615362586,0.173195018083284,0.048615303001694,0.157028078543218,0.00698805318316188,""
3508,-0.183628974871985,-0.0243705568548286,0.0211906964714762,-0.186808835255338,-0.316294831032942,0.0665919774697848,0.207035073640427,-0.0509309271807075,0.0597755447237605,0.000996249744034294,""
3509,-0.100805308994571,0.0225324507966127,-0.0126519990398713,-0.0909248572378297,-0.301460190927026,-0.0359534407199129,0.151554791661893,0.0103281694662789,0.0808244430545778,0.00179912654629667,""
3510,-0.124027682199268,-0.0425038257188022,0.0277736772989279,-0.138757830619142,-0.386312007156071,0.0793595613242317,0.192818344595873,0.00307109150963318,-0.00518891921308644,6.8580199032178e-06,""
3511,-0.110825374340092,-0.0428484795059628,0.0314789273848787,-0.122194926461176,-0.399130338748482,0.0980783589360497,0.146798297146056,0.0671328766898378,0.122345987797472,0.00443340314555128,""
3512,-0.128862028964099,-0.0611160977722336,0.0261408529474086,-0.163837273788924,-0.368050781583838,0.0733466968514641,0.191075070798523,0.0582029174627338,0.0750311380639326,0.00142564896681292,""
3513,-0.150394558691439,-0.0306268833463186,0.0331416576283068,-0.147879784409451,-0.370648721284258,0.101246043235351,0.129730177961351,0.0683557715320495,0.142105159878788,0.00571319343620342,""
3514,-0.115306789528546,-0.0233186500397668,0.0186656563797097,-0.119959783188603,-0.393850244401914,0.0576991217129432,0.159167614222641,0.0836540877674105,0.182007026803705,0.0094353824400345,""
3515,-0.120453386844098,-0.0119120160199753,0.0295787349803176,-0.102786667883756,-0.361421874521345,0.0952137518159739,0.155264633803459,0.0591236721031191,0.0501409696629694,0.000737858673389643,""
3516,-0.143151640802297,-0.0482255652971349,0.0424719458790124,-0.148905260220419,-0.437533763577705,0.111883100828959,0.211869379724045,0.0632295938470163,0.133470068181777,0.00490475094594499,""
3517,-0.123417502351211,-0.00623040642431132,0.0208502655072032,-0.10879764326832,-0.311000458550963,0.0558520584303376,0.185890991930379,0.00938164729371134,-0.0761091749145063,0.00154924931333126,""
3518,-0.1459121768406,-0.035226807848008,0.0458874088106514,-0.135251575877957,-0.395189465565382,0.146998946791034,0.196613531945766,0.062683260558241,-0.025277867977409,0.000191806511530091,""
3519,-0.131576391878163,-0.0231563729041923,0.0343223430527662,-0.120410421729589,-0.371508352206341,0.109807596208266,0.154222074374289,0.0658593121656894,0.103173332203858,0.00316450582941273,""
3520,-0.100976580798192,-0.0472372223138794,0.0354904370774898,-0.112723366034582,-0.381417869737508,0.11147840408694,0.180101256600388,-0.00492367084715166,-0.0101446687112323,3.02660276938283e-05,""
3521,-0.12525588806704,-0.0306138126403333,0.0265834684108543,-0.129286232296519,-0.342281785934135,0.0930995474026111,0.133122446763451,-0.0169102699378115,0.147829587892907,0.00618070573815942,""
3522,-0.140782896413792,-0.0356158540966001,0.0363577017944055,-0.140041048715987,-0.367783060833179,0.113306163534236,0.130105995563443,0.08381717795057,0.193542188212222,0.0108826995506809,""
3523,-0.118620411997471,-0.0558336212677542,0.0353340378825876,-0.139119995382638,-0.448581336160006,0.0953990375836107,0.165644539261529,0.0939453964264614,0.0762386699093479,0.00166843081093236,""
3524,-0.115076581388122,-0.0120323052281193,0.0241561631555714,-0.10295272346067,-0.253755984578778,0.0729858540920058,0.208299661654941,-0.0554522273501511,-0.0497961709895854,0.000667172548877941,""
3525,-0.166593080030391,-0.00603604001735635,0.0221115662712533,-0.150517553776494,-0.293651695551937,0.0728522911295044,0.124845380729382,0.00202727789939907,-0.0353744024627769,0.000352275938035857,""
3526,-0.134609711557695,-0.0346904424479327,0.0331216886463337,-0.136178465359294,-0.315735188988613,0.111405715341895,0.259064531575049,-0.0671159452718578,0.147381716997343,0.00624386164356059,""
3527,-0.122764618259226,-0.0278834212173917,0.00417958337919352,-0.146468456097424,-0.435511431730674,0.0128900869603294,0.171848773520174,0.0278293152765655,-0.0469326326839324,0.000615655898273697,""
3528,-0.151191177343942,-0.0141539449882367,0.0335204669811329,-0.131824655351046,-0.376949350899499,0.105149813342774,0.179582590777678,0.0476417953673883,0.207035691574549,0.0134136804362428,""
3529,-0.127098153872381,-0.00533366343613436,0.00719379176994449,-0.125238025538571,-0.373442776438007,0.0220562411217378,0.192143626874253,0.051218420372317,0.115273662206812,0.00371351435281292,""
3530,-0.0374360667278961,-0.0512679191926956,-0.00511244834902361,-0.0938164342696153,-0.377033997022477,-0.0167881388975018,0.134234962728976,-0.0973506646470024,0.226608994427464,0.0130513540165122,""
3531,-0.128053660232716,-0.0293189701537934,0.0241890615484245,-0.133183568838085,-0.359071164981249,0.0661234495151765,0.172764935710329,0.0113235303987176,0.0348306259508854,0.000325478990051922,""
3532,-0.107031714050388,-0.0445035077402285,0.0322987202719441,-0.119236501518673,-0.426738979297399,0.0981219441387052,0.188126818527048,0.0720549432014258,0.194202548105014,0.0115166007002886,""
3533,-0.133398546791299,0.0190468406195256,0.0142011916701871,-0.100150514501586,-0.275137056155783,0.0424711383506281,0.165091687302503,-0.0266145505369613,0.0314175747372756,0.000273333462049139,""
3534,-0.0998913621285094,-0.0289220346312739,0.0363802352811466,-0.0924331614786366,-0.380252027450233,0.104627187245412,0.14816891289766,0.0328007656306624,0.18947001073556,0.0102319840825322,""
3535,-0.147012135428652,-0.0506291166699303,0.0322054922439451,-0.165435759854637,-0.379162618180057,0.0918080012531909,0.180365828928228,0.0895051991024812,0.154833488793209,0.00653298503672704,""
3536,-0.151506434844747,0.00616249447974496,0.0134520754097452,-0.131891864955257,-0.299516208386371,0.0387369185090916,0.165818890230504,-0.00886330307042352,-0.0111376097758767,3.41005083546758e-05,""
3537,-0.124700765008658,-0.0509640095054427,0.0186460599940091,-0.157018714520091,-0.399673782928274,0.0534086836477314,0.185335434174994,0.051575753425149,0.0573462752623609,0.000826786137766833,""
3538,-0.112489453372245,-0.0532862590830772,0.0110757738489084,-0.154699938606414,-0.338434215303187,0.0355270850216811,0.201119011348701,0.000334523525998358,0.111869081576439,0.00301799209077771,""
3539,-0.102884593573504,-0.0409355169961947,0.0219326419781347,-0.121887468591564,-0.395999426986071,0.0651473960909755,0.17118493936605,0.0508172833745088,0.0776804888385616,0.00159355815649971,""
3540,-0.131393783709641,-0.0147300609931005,0.018187635677186,-0.127936209025556,-0.355432678623333,0.0588143687575251,0.185090613238821,0.0549828458246541,0.066531923532441,0.00125929414295097,""
3541,-0.128610210772616,-0.0529226247795124,0.0220681710512213,-0.159464664500907,-0.422095244200775,0.0665274006364196,0.134998253283529,0.0173392949473234,0.165191178708593,0.0073852031195793,""
3542,-0.167918013011859,-0.0691152920238568,0.0275560820218473,-0.209477223013868,-0.399519586878327,0.0840780157161747,0.157735343935997,0.0574937201431747,0.0543609862689348,0.000737317152227737,""
3543,-0.153040659821482,-0.0112502756816419,0.0387806859093859,-0.125510249593738,-0.338148852568417,0.105838400138902,0.226919663331189,0.0256627790912749,0.140621068561874,0.00593384540869688,""
3544,-0.151966569733182,-0.0267912166272181,0.024996829990524,-0.153760956369877,-0.369768024291097,0.0752433733207464,0.126180097206276,0.0123620387242654,0.103236531182246,0.00304308583290915,""
3545,-0.192601908412611,-0.0486098380371958,0.00806458071366723,-0.233147165736139,-0.363065803966531,0.0219045458693109,0.200433093458319,0.0293283564582555,0.0481084223366192,0.000684832528642408,""
3546,-0.130034947678238,-0.0170676196739686,0.0189025327817848,-0.128200034570422,-0.334696445490319,0.0545245219453936,0.211197705405085,0.0336113545419043,-0.038336330089687,0.0003759418023886,""
3547,-0.112266324707171,-0.0472898146982785,0.0380618906179302,-0.12149424878752,-0.336646217381974,0.147051647925437,0.128773564560883,0.0188588854555649,0.0519236683255648,0.000729265685648026,""
3548,-0.177567010834839,-0.0168844699203193,0.0331969659255862,-0.161254514829573,-0.386600948885162,0.0875744668870815,0.185569548969803,0.0180822762116566,0.1444242497216,0.00626878858464642,""
3549,-0.169233198893415,0.00567421574042173,0.0177962388855108,-0.145762744267482,-0.297704324083118,0.0525998846419018,0.159796165620193,0.0103204816460807,-0.0132972279764948,5.08417039915501e-05,""
3550,-0.131019697667167,-0.0337321396422015,0.0279483195907274,-0.136803517718641,-0.277298731951771,0.0796407353309748,0.159586137045016,-0.0171142030085253,0.015435145506424,6.20607935641502e-05,""
3551,-0.171615301427611,-0.00467869653944347,0.0457683332698477,-0.130525664697207,-0.400730401473446,0.129864270085927,0.173568494120607,0.0356801836783511,0.0179998649133373,9.99185787746917e-05,""
3552,-0.118627070125681,-0.0303077313161289,0.0132403228920831,-0.135694478549727,-0.407123936586401,0.0387475206183658,0.123864762806646,0.0776422454399962,0.13431749272761,0.00500326116940877,""
3553,-0.16939399571209,-0.0314011697862042,0.040702314057992,-0.160092851440303,-0.304669604599166,0.121197399676217,0.176037178560717,-0.0211490037293627,-0.0770125489928919,0.00153470305229398,""
3554,-0.104657338063179,-0.0277823485135669,0.0320522562918548,-0.100387430284891,-0.3752445051768,0.1191275027542,0.147976069723111,0.055576014393697,0.118685606706127,0.00409593081997423,""
3555,-0.148635175473478,-0.0256383759831378,0.0356310757542762,-0.138642475702339,-0.341618599846393,0.102589762542686,0.248944092875707,0.0477446026105487,0.209142871131097,0.0135165129911107,""
3556,-0.152716956879511,-0.0439309439958986,0.0309192347430585,-0.165728666132351,-0.264035747522388,0.0949324416253026,0.206948884465205,-0.0360383018110709,-0.0364328354416349,0.000334636297604358,""
3557,-0.15145639444057,0.0276657036960683,0.0229919521412874,-0.100798738603214,-0.311797716345894,0.0669016956349675,0.140908897103535,0.0174546758963088,-0.0168194541709391,7.90395242851894e-05,""
3558,-0.194948524965527,0.00547734498125562,0.0391253182104807,-0.150345861773791,-0.37347480582187,0.109235235705072,0.224623334509039,0.0523510234378469,0.167349377358947,0.00916097894564778,""
3559,-0.100731657873407,-0.0476727022979703,0.03493821554781,-0.113466144623567,-0.374975537845933,0.105997242376805,0.133297777809924,0.0106986896121029,0.0976404309988691,0.00234457427602913,""
3560,-0.146525525207671,-0.00446542618379145,0.012725960269576,-0.138264991121887,-0.389492803177269,0.0399706115843978,0.158298848836052,0.0796142874280803,0.162773579534885,0.00764521629773512,""
3561,-0.211166262078713,-0.0194365662091589,0.0196789008003079,-0.210923927487564,-0.320578866212783,0.0584776078604709,0.216500199907043,0.00388814046675112,-0.00834039969176427,2.07849290275823e-05,""
3562,-0.145969016550606,-0.0176363864417986,0.0290547292380266,-0.134550673754378,-0.363285267188215,0.0840443612277852,0.23142308036671,0.0326408540168352,0.0931515295311895,0.00256867618974161,""
3563,-0.119079678204231,-0.0143827344954029,0.0269239700641938,-0.106538442635441,-0.378550658590095,0.0781319465228861,0.186650847522935,-0.0267313791736471,0.159438983816941,0.00729585483956734,""
3564,-0.134429648512937,-0.0196124681226241,0.0395148306782048,-0.114527285957356,-0.38077968715138,0.109164094714081,0.172394739524508,0.0836139794115863,0.0965671626041209,0.00266150297882701,""
3565,-0.132471192264762,-0.0363126105722567,0.0240526545486524,-0.144731148288366,-0.393072106249141,0.0634994278332828,0.201684811210155,0.0374980181694842,0.222367958912723,0.0140329917747569,""
3566,-0.116306204499914,-0.0103502320099608,0.00975023882339344,-0.116906197686481,-0.403655780098074,0.0270877964533389,0.182655525002765,0.0311509199442975,0.244081561794159,0.0182755560111941,""
3567,-0.11347893544141,-0.0503126455979969,0.0170772525081598,-0.146714328531247,-0.41359148235573,0.0463461797915815,0.193707197372363,0.00197938446433675,-0.110646640290163,0.00346072529768969,""
3568,-0.153722744827704,-0.033312706117638,0.0288881559399734,-0.158147295005369,-0.260346469400437,0.0950159834793394,0.194409959427958,-0.0472927962928167,-0.0376315491928122,0.000375636654762247,""
3569,-0.133318621240374,-0.0358830359963897,0.0202216779940672,-0.148979979242696,-0.350750391216075,0.0566089476728734,0.216760578270437,0.0421775112100835,0.0507513851448953,0.000726583834980667,""
3570,-0.116191174970544,-0.0241926900893007,0.0295240871014398,-0.110859777958404,-0.340832218588003,0.0885219940799008,0.170508923808191,0.0226999402362966,-0.00990993337492218,2.68613195416037e-05,""
3571,-0.180033201356965,-0.00600207893502229,0.0281529614938164,-0.157882318798171,-0.404227133234382,0.0825044088913332,0.227491267297786,0.0587918730614411,0.256691582214998,0.0215428407829533,""
3572,-0.10340386951565,-0.0399345343478337,0.0105448669077433,-0.13279353695574,-0.301482088250006,0.0319830813334479,0.149839448462036,0.008830319147599,-0.0434394141499506,0.000401573079319231,""
3573,-0.160009976335802,-0.0406309733579124,0.0484569452542136,-0.152184004439501,-0.390088474825243,0.144638684406905,0.143252984987691,0.0696084589623336,0.181506875709226,0.00937158587601132,""
3574,-0.157593483883807,-0.0208733866935221,0.00360954892594758,-0.174857321651381,-0.39396171306093,0.0103558659473179,0.234856764425668,-0.0238054618049249,0.172407692493992,0.00988931623155032,""
3575,-0.150945818356259,-0.0195292616921463,0.0105034546742682,-0.159971625374137,-0.422778423672943,0.0282753977656043,0.175670748808696,-0.0274520913309184,0.143721582922287,0.0063661994383815,""
3576,-0.136254757174612,-0.0241272530109461,0.0374389904407117,-0.122943019744847,-0.30014791295404,0.131024294804561,0.173767253259906,-0.0765351780239278,0.200430149948956,0.0117465267780987,""
3577,-0.156712712248353,0.00673188123222017,0.0268245673333519,-0.123156263682781,-0.417712211055741,0.0852582678534366,0.151113630637378,0.0843071978636885,0.218290727021435,0.0152413461184715,""
3578,-0.0927233241242112,-0.0320854465926247,0.00680910478158547,-0.11799966593525,-0.383270250047826,0.0186365469553148,0.191805058587725,0.0906750407373849,0.0821874227420789,0.00187329983987691,""
3579,-0.154353130225393,-0.0551132375851676,0.00171701253700275,-0.207749355273558,-0.315610686822724,0.00446857205872345,0.259846645063303,-0.00598349847313498,0.0776014681875976,0.0014776206356696,""
3580,-0.119044132404856,-0.0469104608373156,0.0401917066406607,-0.125762886601511,-0.40981612037888,0.118722227106072,0.173714571115409,0.0897818781912058,0.0391486566589815,0.000416215817681211,""
3581,-0.127361392743613,-0.0592241850558067,0.024595967865364,-0.161989609934055,-0.450628306992213,0.0684246130883451,0.176574201793986,0.120959577533942,0.186078787183478,0.0090300641605533,""
3582,-0.159336162938197,0.0105683596203489,0.0351984152950654,-0.113569388022782,-0.330345358109952,0.116193429857823,0.214252938057956,0.0215896897173813,0.10869634626895,0.00370610319860534,""
3583,-0.109479291347103,-0.037192999096354,0.0178360688205627,-0.128836221622895,-0.332145192418069,0.0495846453836029,0.225444269425684,0.0238795307200159,0.0153524682301606,6.06049165268725e-05,""
3584,-0.151535698957024,-0.0291155511639396,0.0343468798207819,-0.146304370300182,-0.353237356875319,0.103486323680712,0.162972487777514,0.0148949241540055,0.10098244083515,0.00295223563951671,""
3585,-0.109496631098488,-0.036415519074787,0.0352840139281712,-0.110628136245104,-0.373458424431697,0.114062567173439,0.160234104522495,0.0479063870770403,0.138871906002704,0.00571115296832841,""
3586,-0.134437871866974,-0.00325406688351807,0.00953668440912311,-0.128155254341369,-0.364968967259091,0.0294382376745325,0.134663541919021,0.0723615003122531,0.058918116044803,0.000962617237257305,""
3587,-0.187183596489433,-0.0289755047988202,0.0318487392132977,-0.184310362074956,-0.395264532509011,0.0796585588529649,0.215115819915481,0.000471432094840096,0.142573925793848,0.0062040580268477,""
3588,-0.127681407781644,-0.031886470880363,0.0168294980361959,-0.142738380625811,-0.370674480403082,0.0503514087239408,0.161593132112218,-0.0231250427048595,0.139477443517996,0.00534925271645202,""
3589,-0.121142041475513,-0.0645240156887736,0.0292374778427173,-0.15642857932157,-0.357248204481925,0.0786941163692995,0.233500094900457,0.0284223411870158,0.0462620655804337,0.000491444761015184,""
3590,-0.104804917242992,-0.0613076941724893,0.0160135612313928,-0.150099050184089,-0.422070262008388,0.0447582575355897,0.168931917676663,0.0755179422393482,0.156721304622477,0.00666771756483484,""
3591,-0.11744843611736,-0.0454108189954972,0.021102497301929,-0.141756757810928,-0.383366623612327,0.0638409854527659,0.142953668150471,0.0603036351908067,0.16258567928731,0.00757761425566524,""
3592,-0.148194949625555,-0.0314834533074428,0.0287952782600912,-0.150883124672907,-0.389079358244334,0.0861227818510258,0.195353411650437,0.0204988156234683,0.0872725558945774,0.00216880934567952,""
3593,-0.124495568741344,-0.0277954319343676,0.0161207556213368,-0.136170245054375,-0.276286414479039,0.051656084357465,0.22134341222508,-0.1014311038984,0.0878539828084927,0.0019195086244117,""
3594,-0.164851288456157,-0.0430855115266967,0.0229060314794281,-0.185030768503425,-0.425289830184159,0.0646259938148953,0.168037486404419,0.0740145195093034,0.181476887594404,0.00963586184217661,""
3595,-0.16090882434639,-0.0115647207890649,0.0196117318456699,-0.152861813289784,-0.370911555314252,0.057560810169765,0.152803095538057,0.0204736604694424,0.0804343193033858,0.00190915414276641,""
3596,-0.112325914060162,-0.0161128819780311,0.0018415050680825,-0.12659729097011,-0.26431349298434,0.00483905963164619,0.176628662782666,0.0172749157559366,0.0519810195582922,0.000708798097502742,""
3597,-0.176384615394081,-0.00201914147160108,0.0246148126375463,-0.153788944228136,-0.449443767311881,0.0692775724451792,0.142299782467966,0.0538967037290892,0.105525486977642,0.0036618207794596,""
3598,-0.109618306145106,-0.0299197020746993,0.00171428314301793,-0.137823725076787,-0.292097058805511,0.00553416320114079,0.229892125321988,-0.0133174241389255,0.0529277599168328,0.000767271286680852,""
3599,-0.153669232734569,-0.0148029911567335,0.036893917098749,-0.131578306792554,-0.423916280985539,0.1067814081319,0.16691917471229,0.0752304097817982,0.0455874688817487,0.000652849589580251,""
3600,-0.132807507148576,-0.0133618361398787,0.0222275349459351,-0.12394180834252,-0.390489874018998,0.0620104439841169,0.194383157747292,0.0314939542058198,0.107002566378042,0.00346108491151525,""
3601,-0.165776164737257,-0.017403302145285,0.0240193520022739,-0.159160114880268,-0.393267851803846,0.0693947927906811,0.198876220513359,0.0491593597668501,0.186452387923205,0.0107589067998544,""
3602,-0.105940048668158,-0.0426656225631375,0.00684552813407628,-0.141760143097219,-0.397476278929941,0.0202349347203738,0.133010277266754,0.0785851896268385,0.145666889768694,0.00482244547511715,""
3603,-0.140085347746425,-0.0135907634202916,0.0122386618358161,-0.141437449330901,-0.362901777204439,0.0340167903903158,0.209834619913492,0.0468805140912706,0.119500750111988,0.0038259860434425,""
3604,-0.119031370567115,-0.0086704101040506,0.0252030067399022,-0.102498773931263,-0.359321530507614,0.0803027070180097,0.14653140721446,0.0518113967362562,0.0912149446602197,0.00249724047204239,""
3605,-0.153748196509656,-0.000315494093923267,-0.00132721128111534,-0.155390901884694,-0.40056449482349,-0.00405098260828401,0.224199872342641,0.0269854832215622,0.213163128550767,0.0149184201687389,""
3606,-0.128124074895971,-0.0387562102455154,0.025145200631577,-0.141735084509909,-0.363260442273343,0.0775053633279637,0.201618720391776,0.0189526874544429,-0.00496385158428073,6.70010743456091e-06,""
3607,-0.103528626098887,-0.011269304371648,0.0216434757943575,-0.0931544546761776,-0.376664965117888,0.0611736790184025,0.171742509341997,0.0519426536828303,0.0866928644768693,0.00218941236563612,""
3608,-0.115604137769114,-0.0219497706340145,0.0484034930785684,-0.0891504153245598,-0.357375185281154,0.140478078592653,0.215941684510535,0.00884366061589317,-0.0894557424527335,0.00240755558994042,""
3609,-0.139525197141066,-0.0320609441875101,0.00802912214896767,-0.163557019179608,-0.372580200137367,0.0205220196079772,0.199874272172469,0.0182320357967598,0.103114035078339,0.00290738808329042,""
3610,-0.183257513276471,-0.00311351887067407,0.0194170190122174,-0.166954013134928,-0.383664783227609,0.0629486280736514,0.167203840343031,0.0275052365166409,0.156913943600659,0.007642633263778,""
3611,-0.131203106828079,-0.0133969560791139,0.012041852732532,-0.132558210174661,-0.445396304646981,0.0379244276814381,0.140209816588135,0.0532292688206403,0.17689473174597,0.00975433571791843,""
3612,-0.141743640799475,-0.060575833855589,0.052332236766683,-0.149987237888381,-0.406372565857172,0.147497815171414,0.156838666469915,0.0512031259841415,0.043686939879297,0.000501594090302385,""
3613,-0.139418926724367,-0.0244180783878224,0.0273379911710845,-0.136499013941105,-0.367440063250647,0.0743564364112846,0.152307915754681,0.0232718815013482,0.18379201310604,0.00977582510740848,""
3614,-0.156860618252196,-0.0136770696238327,0.0378651473287971,-0.132672540547232,-0.37682160952918,0.114202037334822,0.148067685717263,0.0525394078126771,0.211857516265619,0.0138061304803509,""
3615,-0.162867334895582,-0.0419609269421903,0.0219459057601322,-0.18288235607764,-0.38411094618353,0.0611280932345065,0.173712235175801,0.0371938947224932,0.0382341880948296,0.000394813842681015,""
3616,-0.113993020677467,-0.0554411504495546,0.00527131618545574,-0.164162854941566,-0.389378560652869,0.0130327467162377,0.225475901536015,0.0158172999476515,0.213453499523571,0.0120879587391557,""
3617,-0.120790023711103,-0.038207379884029,0.0209511759873807,-0.138046227607752,-0.423814734765965,0.060583552677409,0.168238955836382,0.049104505527749,0.267594929295723,0.021081783244047,""
3618,-0.117179053704568,-0.010213882388221,0.0208349362488491,-0.10655799984394,-0.380945312510338,0.0696804147681566,0.103931640352454,0.0397233751702687,0.028411060145434,0.000234437662401864,""
3619,-0.130178009721054,-0.0319395513936254,0.0249996273261667,-0.137117933788512,-0.315286512076839,0.0750608221171354,0.177747209295011,0.0182328846718849,0.00407592229845504,4.49353429836205e-06,""
3620,-0.107709988260484,-0.0222665939962847,-0.000237177783510301,-0.130213760040279,-0.354101462002032,-0.000674814445535653,0.175309985054914,0.0249528675531218,0.24834915127514,0.0162362470215234,""
3621,-0.124742989047823,-0.0121171394046039,0.035723620222164,-0.101136508230263,-0.277977291735296,0.121384214668752,0.238510328100863,-0.084702524742079,-0.0268235228801982,0.000202709840999261,""
3622,-0.146549413847189,-0.00739164950737221,0.0098080010087209,-0.14413306234584,-0.373904743545982,0.0289217910063203,0.183472158415778,0.0562466314872027,0.137589231386678,0.00577549175384744,""
3623,-0.11815117179145,-0.0319018749686415,0.0109995656102977,-0.139053481149794,-0.368981665949919,0.0312432516628767,0.155219393758065,0.0560991142249525,0.269105319459548,0.0194385493512231,""
3624,-0.178836708993629,-0.010598202100324,0.0315511206806174,-0.157883790413336,-0.354927159811047,0.104022405166504,0.151465123954509,0.0400077493901662,0.103115062737505,0.0031689108658555,""
3625,-0.13409612263943,-0.0567083008262143,0.0337528559793895,-0.157051567486255,-0.322360672531954,0.0974628875434513,0.196727910208802,0.0340258813518099,-0.0126075423200167,3.3860509024245e-05,""
3626,-0.108952034898213,-0.0595422021065374,0.0256400924692594,-0.142854144535491,-0.42728048361074,0.0802971669704148,0.168094042757655,0.0415907320698391,0.176418004404728,0.00851399027451142,""
3627,-0.109207889756255,-0.0279769004576498,0.0149685350398432,-0.122216255174062,-0.382334690682167,0.0427987612591842,0.248129425021089,0.105114935979676,0.208046810423199,0.0119376573828018,""
3628,-0.177589539878946,-0.0391986519474337,0.011781711655598,-0.205006480170781,-0.384224973283008,0.0312079884802139,0.186775256799272,0.0318108752312656,0.0328788222904099,0.000295501685214092,""
3629,-0.121954767757197,0.00503288856438966,0.00685859795592227,-0.110063281236885,-0.31242337963144,0.0203146670127371,0.219118306830055,-0.0361588455355368,-0.0262519641067499,0.000202060475115132,""
3630,-0.134236518076701,-0.0360263732048648,0.0298048171298893,-0.140458074151676,-0.343496520900937,0.0870151876142231,0.169549841517811,0.0437381386926722,-0.000183779554703131,9.06531159630549e-09,""
3631,-0.171964752922224,-0.0146326073861326,0.0264980078733525,-0.160099352435004,-0.349275708543326,0.0753201128491156,0.226264054575029,0.0320766225670391,0.015097395806518,6.97110966855251e-05,""
3632,-0.14181149151026,-0.0489912942999442,0.0339636077197545,-0.15683917809045,-0.431830582115778,0.103909261132162,0.162406339771325,0.099772192850298,0.16711035544733,0.00851999363128414,""
3633,-0.119897665977494,-0.0265242015915607,0.0296033136189625,-0.116818553950093,-0.375464954535378,0.0899666280153026,0.156945685773913,0.0622194150281601,-0.0514788685599438,0.000753190402616317,""
3634,-0.158342416586896,-0.0347536016971513,0.0532219669771879,-0.139874051306859,-0.412282446198599,0.146890214599025,0.246712500620636,0.0248022125466352,0.126631632930956,0.00502938545715759,""
3635,-0.132483516320085,-0.0627781869395941,0.0318383428288768,-0.163423360430802,-0.404307293047453,0.101854531232476,0.199264494975973,0.0473002370008955,0.226932988552,0.0132324704578027,""
3636,-0.122597353247129,-0.0557948574080199,0.0235837454417369,-0.154808465213412,-0.423706094051783,0.0674138087972002,0.170240008055877,0.0704568678895936,0.0491484176983489,0.000685965917655122,""
3637,-0.242980015379235,-0.0189245469717699,0.0381954267477974,-0.223709135603207,-0.270589985002232,0.102650372236383,0.23398530747315,-0.0466582029031271,0.0233500942879293,0.000175626899282591,""
3638,-0.119481356530162,-0.00657793587405919,0.0166678891247994,-0.109391403279422,-0.391746820393972,0.0445353704088828,0.178707645155075,0.0565216409663079,0.199839612590676,0.0117971580924631,""
3639,-0.11565103159282,-0.0842118758294105,0.0122034307196891,-0.187659476702541,-0.396367868056864,0.0377235253926372,0.248147443570818,0.037158740790748,0.183212575485033,0.00800969026817862,""
3640,-0.143660863934443,-0.010691166858583,0.0173387081669785,-0.137013322626047,-0.391989577966372,0.0486020302037896,0.15917004013412,0.00675887337548407,0.203836302829434,0.0129025800573085,""
3641,-0.106660177587395,-0.0190361916412659,0.0236092306776224,-0.102087138551039,-0.340212524675917,0.0784118712266729,0.139961247198361,0.0370108280813695,0.0265220940855014,0.000193231568064145,""
3642,-0.152562807649396,-0.0136702231107326,0.00826304499751114,-0.157969985762618,-0.376747433876284,0.0211564910715042,0.205256226257177,0.0568367433033024,0.0942871101533408,0.00248475882755985,""
3643,-0.138252721061143,-0.0361761157655589,0.0362345131240151,-0.138194323702686,-0.397821501185135,0.103848982503236,0.160077064836696,0.0468993043989731,0.0228207396023829,0.000151729851408589,""
3644,-0.113272840700876,-0.027180119025903,0.0447334141093235,-0.0957195456174551,-0.277135992552618,0.136725434270578,0.162003505143989,-0.0711050579848798,0.0642219582220522,0.00116686700708833,""
3645,-0.120889337079408,-0.0523962259952508,0.0404334706826427,-0.132852092392016,-0.422985926685867,0.131659259872366,0.162036830027686,0.035409231833358,0.0895637274177907,0.00239887815708387,""
3646,-0.116786729551318,-0.0637377481425577,0.0397310280430264,-0.140793449650849,-0.355524397210468,0.122184486823212,0.202225847616275,0.0644684133814726,0.209398963539937,0.0115469757799565,""
3647,-0.158444471736644,-0.0193659694898938,0.0318015017915835,-0.146008939434954,-0.351257439130527,0.0843402180863794,0.22275727904604,0.054710909673965,0.234187477475293,0.0156280001680248,""
3648,-0.131107521944191,-0.0166527615193962,0.0231285033720613,-0.124631780091526,-0.312778111304283,0.0610999937103329,0.219714257049057,0.0136625783898918,-0.0739350520570096,0.00150627014374985,""
3649,-0.133826907123671,-0.0545401427943472,0.0218238240887337,-0.166543225829285,-0.355639038426449,0.0653873269471421,0.130361091672693,0.0596269548255266,0.131634447743646,0.00443401261414812,""
3650,-0.125659501483956,-0.0283971370715401,0.0138855739930464,-0.14017106456245,-0.347240027917148,0.0426592423116788,0.175761746746437,0.027518929027355,0.0648152544269741,0.00120172005289662,""
3651,-0.152333695704673,-0.0284565972818057,0.000800648278096028,-0.179989644708383,-0.362273797072487,0.00219943196389893,0.187768934247702,0.0226894461836744,0.0788226511442705,0.00179217858776038,""
3652,-0.145609583305296,-0.035211874979343,0.0474934385310465,-0.133328019753592,-0.3835676669417,0.131342225768505,0.203994798846719,0.0259721190627034,0.121935831036466,0.00458061441026427,""
3653,-0.125270285096097,-0.049595349346457,0.0579465677663841,-0.11691906667617,-0.397206517512908,0.158273900371192,0.180122477682689,0.0714963652796177,-0.0597067243061545,0.00101157844842015,""
3654,-0.118739818087552,-0.0376266212133865,0.011210165582134,-0.145156273718804,-0.298438745053042,0.0343362060493621,0.201255689767218,-0.0110900762290987,0.1692021022998,0.00653193641864623,""
3655,-0.148345282766197,-0.0228231052952339,-0.000157069198153584,-0.171325457259584,-0.300114623320741,-0.000402476721652056,0.238193460919824,0.023541128579234,0.0235270081493745,0.000159005912894777,""
3656,-0.121096759885372,-0.0403569739316785,0.0251471657075303,-0.13630656810952,-0.408660912729679,0.0847709693450894,0.114851394620386,0.04663100060978,0.137989477709491,0.00554520563407296,""
3657,-0.104868246732605,-0.0373393173836488,0.0422199826596094,-0.0999875814566441,-0.424876621739426,0.124169933552987,0.217682375585324,0.0323047491687885,0.172808964849402,0.00959350842610994,""
3658,-0.18276867516206,-0.0171811562545186,0.0193182220003022,-0.180631609416276,-0.423177322123621,0.0584558643437388,0.189278267126118,0.0465944021809205,0.161305386941273,0.00844124538994441,""
3659,-0.1276408015324,-0.0348569906004107,0.0155444980598763,-0.146953294072934,-0.409428622434202,0.0409500870505836,0.154784333832371,0.072829676216512,0.123898816149083,0.00423238564386625,""
3660,-0.153347016698747,-0.0188885395463281,0.019276603965098,-0.152958952279977,-0.307737882819056,0.0568604506028813,0.202048035036579,0.0169482663845058,0.1342280223146,0.00515934462809639,""
3661,-0.199672618310409,-0.0216127187828288,0.0048454665984628,-0.216439870494775,-0.268994228882771,0.0161469541714662,0.298363923840621,-0.0741452553756033,0.0175620332418238,7.80358056617259e-05,""
3662,-0.176085248552692,0.0148252816903603,0.00520678046027011,-0.156053186402062,-0.381429464363018,0.0137952403766883,0.208516994031798,0.0433345121913648,0.047119212881594,0.000690607537170082,""
3663,-0.150924770690596,-0.0453724158584669,0.0273330355854528,-0.16896415096361,-0.338423198058178,0.078981012767644,0.172215581194609,0.0207861793263937,0.00449056098162496,5.45243779454015e-06,""
3664,-0.122502987461765,-0.0273542273729696,0.0117982258123683,-0.138058989022366,-0.339342949986755,0.0370983267897977,0.203001709267737,0.00232260458360256,0.0387388565999246,0.000396093369196165,""
3665,-0.137345901499766,-0.029896997182897,0.0417602897575241,-0.125482608925139,-0.39282640041772,0.120693886006661,0.165129078390012,0.0201741829273415,0.0529356415668598,0.000767137736993763,""
3666,-0.150409137828995,-0.00752552207963181,0.0073107377201776,-0.15062392218845,-0.34604784174156,0.0207600259381735,0.110973854854569,0.026914091727499,0.120868176898629,0.00382143556149935,""
3667,-0.147243473929998,-0.0478515146266775,0.0217560915221989,-0.173338897034476,-0.37748444246875,0.055329725361909,0.20885400110475,-0.00940653894273413,0.0271019782204067,0.000207193067976777,""
3668,-0.175768172882411,-0.0398606625418331,0.0253395235543792,-0.190289311869865,-0.368851002345095,0.0808962488054828,0.147917598969343,0.0511469781406154,0.108409364607111,0.00318012156063444,""
3669,-0.113164943663182,-0.0324209254259463,0.0230242112413188,-0.12256165784781,-0.338783196947472,0.0680995275007519,0.178968298021195,0.0411037466222197,0.0944726855603143,0.00240010915267803,""
3670,-0.1157414706303,-0.0154049357771276,0.0367719203333589,-0.0943744860740688,-0.335915361813717,0.133419739834844,0.131878974210719,0.0253887424071809,0.00641599074103752,1.1902247823007e-05,""
3671,-0.159261031240719,-0.000269533982734398,0.0196760215845764,-0.139854543638877,-0.378853523770401,0.0532573760966799,0.224228708250708,0.0746864838796166,0.105573915103987,0.00348038912826809,""
3672,-0.149224213010899,-0.0203774759594772,0.0103774344188067,-0.15922425455157,-0.335525827070841,0.031351248175578,0.216695231218986,-0.0661833797689057,0.132416064073675,0.00504719935663164,""
3673,-0.134811928974392,-0.0345793516400615,0.0228813634133247,-0.146509917201128,-0.395734189748818,0.067902226287327,0.141961581513675,0.0626786636065613,0.0733962985463768,0.00155906611743963,""
3674,-0.21960176731194,0.0111184953810095,0.0225930887856505,-0.18589018314528,-0.359680352784804,0.0567354536755188,0.206986303134172,-0.0172081255620807,0.0298159262021019,0.000290684910561092,""
3675,-0.129546446057025,-0.046376832524503,0.0241692379013868,-0.151754040680141,-0.45796006658031,0.0683046443290473,0.142039859241362,0.00834832074285636,0.186789687914866,0.0108536392431967,""
3676,-0.151290087956342,-0.0177514335187944,0.028015944409789,-0.141025577065348,-0.355569292352741,0.0805921871014521,0.143601158651658,0.0314997751071626,-0.0213641793558974,0.000129092279429928,""
3677,-0.129251511529823,-0.0442639798875069,0.0158224475351124,-0.157693043882217,-0.326766086328509,0.0453750260022867,0.236183402922745,-0.0204157057843935,-0.0390882584888945,0.000392466145606655,""
3678,-0.172451490481015,-0.0447866037752261,0.0457267039859307,-0.17151139027031,-0.397767528781999,0.136146596333123,0.147336169270078,0.0523697045419224,0.0567783435136558,0.000935792152186812,""
3679,-0.163602774365357,0.00865193355973462,0.010283087646058,-0.144667753159565,-0.414879514527252,0.0289248343334449,0.170446624667089,0.0252714942321415,0.112191650635588,0.00396579437333511,""
3680,-0.144152435767965,-0.0447645847199144,0.0229542100066427,-0.165962810481236,-0.420681072620256,0.0583011567766325,0.20591313827355,0.0739117764820624,0.116350636307934,0.00390397713955535,""
3681,-0.189473754897916,0.0146904478449812,0.0201416906995632,-0.154641616353372,-0.287043732860764,0.0604275944423082,0.168849905860846,0.00822009526834462,0.122802422479499,0.00422394876100893,""
3682,-0.104002531064065,-0.0227513545214014,-0.00396570215319758,-0.130719587738664,-0.419112220348075,-0.011687804813553,0.153900860928467,0.0967125033787605,0.161447227329679,0.0073223408344786,""
3683,-0.112263814125298,-0.0334393864321284,0.0132978823652511,-0.132405318192176,-0.37088219687761,0.0422882088725316,0.147326509582999,0.0535680533451781,0.0677218419292071,0.00118809717441991,""
3684,-0.10093703604924,-0.0468074284815042,0.0186455265029451,-0.129098938027799,-0.312853415910162,0.0603625133399021,0.134552827053027,-0.0592516963234026,0.0955948995328017,0.00230411677477754,""
3685,-0.165007267981022,-0.00909338261644137,0.019214621424765,-0.154886029172699,-0.349897635370273,0.0623166762278129,0.253882434932037,0.026730472594529,0.121083880981597,0.00425688070657628,""
3686,-0.141130854198529,-0.0501961745504769,0.0266695220170017,-0.164657506732004,-0.342997741968208,0.081010071112041,0.200173083414953,0.0586884506623151,0.0488987298670884,0.000599413249746407,""
3687,-0.112277693284529,-0.0130266603676776,0.0191315574803704,-0.106172796171836,-0.422972359720455,0.0545138003787256,0.144735422107214,0.0771198464559082,0.146055420478324,0.00641260935611052,""
3688,-0.153272087566511,-0.0248557476864198,0.0483244228892511,-0.12980341236368,-0.312167524235966,0.153350449366882,0.206283623426226,0.0140065832788086,0.0721102514466162,0.00149687419229708,""
3689,-0.150642067934364,-0.0695404869529296,0.0361705587060303,-0.184011996181264,-0.400398475001675,0.104427199938436,0.131380865025247,0.0295647482713491,0.0303520782636035,0.000247379226033293,""
3690,-0.145037428082555,-0.0233811170338458,0.0277773968953862,-0.140641148221015,-0.321656399250798,0.0756908603694835,0.191288294592911,0.0339469132601636,0.165631695569884,0.00716843233267421,""
3691,-0.140821188455014,-0.0323689037990833,0.00775640625638913,-0.165433685997708,-0.350766320788289,0.0215837714691134,0.142657918438617,0.0241598155368391,-0.0401284206794497,0.0004148202503242,""
3692,-0.150204033594,-0.039058788416209,0.00228653140936115,-0.186976290600848,-0.365072904493203,0.00658283199271593,0.138705358142693,0.0829102327553052,0.217111489990318,0.0120914521258492,""
3693,-0.157502576803783,-0.0313251773737335,0.0259415203487306,-0.162886233828786,-0.348101271312021,0.0730401849724939,0.209884053642003,0.0524158362201267,0.12560345420175,0.0045701592246234,""
3694,-0.181888226984543,-0.000631729565498853,0.0537482227164994,-0.128771733833543,-0.343941843832003,0.154020788925559,0.244921832443999,0.0166858423982885,0.187020605363375,0.0110988421183923,""
3695,-0.118881639169193,-0.0180775427877481,0.0251321680456568,-0.111827013911284,-0.371780205440635,0.0802373207758515,0.161729192257361,0.0433307346347658,0.170859824814727,0.00882699676123934,""
3696,-0.158446149802246,-0.0231184823934696,0.0188757275645177,-0.162688904631198,-0.27560761013217,0.0582939026880567,0.206418158647867,-0.0285776827275661,0.0441706822407263,0.000530351576132404,""
3697,-0.0980813179082292,-0.0278366250906981,0.0226487641818188,-0.103269178817108,-0.419276675834348,0.0625967300545896,0.123465909543834,0.03164810763231,0.127474214941281,0.00473699214145817,""
3698,-0.128851133406211,-0.0446809406235765,0.0204024077820836,-0.153129666247704,-0.388818767423152,0.0619379833482345,0.1830263125296,0.0604385335337198,0.259714289122869,0.0179141019232585,""
3699,-0.0961105881351636,-0.0374834092602191,0.0136708809691586,-0.119923116426224,-0.405634185744697,0.0453985802876953,0.115757001756184,0.100649045887133,0.197704877702635,0.0113000800971874,""
3700,-0.100003050395887,-0.0174788223996403,0.0283234635182647,-0.0891584092772629,-0.329639834477832,0.0855019164746951,0.103294121169008,0.0417469472434451,0.0325279133150861,0.000295732030780838,""
3701,-0.129860601191119,-0.0144826488254739,0.00839161714780436,-0.135951632868789,-0.388361366320823,0.0230756836565872,0.13720353401347,0.0432762760002794,0.170952319363793,0.00850761866316851,""
3702,-0.168314138107296,-0.00872516557101892,0.0389859787054573,-0.138053324972858,-0.28286336573272,0.106355873828336,0.221805544748824,-0.0442784819554025,-0.0130062042079914,5.02071713133906e-05,""
3703,-0.112810698677505,-0.00321231723833685,-0.00841318215988126,-0.124436198075724,-0.352656575309973,-0.0241948254575403,0.158876677844374,0.0812174006346999,0.172271858393592,0.00824795914332049,""
3704,-0.128702958456055,-0.0448664035701389,0.0349123651277703,-0.138656996898424,-0.423067466711492,0.0950195840354649,0.241874627001132,0.0797320737849489,0.192340564760343,0.0110764670512835,""
3705,-0.183212855982988,-0.0246186916773533,0.02950945630611,-0.178322091354232,-0.343079912781531,0.0911259224046863,0.206633789857341,0.0426661236166747,0.242130640358492,0.0174643528395965,""
3706,-0.163787662103735,-0.0217314990330369,0.0286799774054693,-0.156839183731303,-0.382659925048348,0.0790290544882069,0.190522774852817,0.0403055947118592,-0.0178947527005626,9.14361887950945e-05,""
3707,-0.120443835463244,-0.0339893727840265,0.0259902474793711,-0.1284429607679,-0.3420876745176,0.0891811847388983,0.169481568841529,0.0427525297443507,0.122406706107322,0.00430945371441836,""
3708,-0.197978192749039,-0.0277963533736071,0.0249796856955479,-0.200794860427098,-0.41973096310154,0.0683593401072938,0.237005922791744,0.0389361731592193,0.278390300978058,0.0279211446242701,""
3709,-0.162577407099571,-0.0604991229687129,0.0364602483787779,-0.186616281689506,-0.34466707961974,0.114484047223505,0.180105937607909,0.0467464018847686,-0.0676802442017048,0.00114375780276982,""
3710,-0.136311489503887,-0.0531542722775391,0.0289111348844963,-0.16055462689693,-0.343863574985652,0.0821217212263098,0.204613347234173,0.0220059534813771,0.0489251138199944,0.000585051327669246,""
3711,-0.198511340438422,0.00532210730673203,0.0259204141279675,-0.167268819003723,-0.360637236741346,0.0776390802279857,0.186594220111278,0.0494527646161872,0.147991990682455,0.00684985924572041,""
3712,-0.174279080851152,-0.0174684825001828,0.0362285048991366,-0.155519058452198,-0.318878477122643,0.0968045963106934,0.241470770554203,-0.0106784875348034,0.100052583625315,0.00302649198424796,""
3713,-0.142178189329657,0.00569400917678566,0.0127473479584084,-0.123736832194463,-0.382449738720453,0.0417961441632049,0.168097045080734,0.0660342714821761,0.16457455206585,0.0081750539570791,""
3714,-0.204551280498559,-0.0469849064431642,0.0518154227602501,-0.199720764181473,-0.385125521041243,0.137950616924837,0.209320405480882,0.0705453021519923,0.152783978901351,0.00699525229902676,""
3715,-0.127241583405373,-0.0580769670268395,0.0162309152533769,-0.169087635178836,-0.371157442015997,0.0451070992299583,0.19854534165781,0.0562489756615738,-0.00392977809380501,3.80913698975173e-06,""
3716,-0.119039840146888,-0.0367471384466925,0.0206327501397325,-0.135154228453848,-0.391458112288495,0.0548392975414828,0.183227057819043,0.050794082058908,0.219546733300752,0.0136401639694507,""
3717,-0.117247861446421,-0.00799983474574056,0.0361714940286038,-0.0890762021635577,-0.283551012319305,0.116211979092471,0.143459689414089,-0.00408759991494969,-0.073683817895469,0.00151376068843767,""
3718,-0.113748962864287,-0.0193258315163327,0.0101359462207206,-0.122938848159899,-0.390428412361007,0.0269815776614596,0.18698479117259,0.0875824189162355,0.111195339926483,0.00343809113114983,""
3719,-0.107483886360566,-0.0134114734625494,0.0286595618610407,-0.0922357979620742,-0.37604291970428,0.0997257360684325,0.114996175375292,0.0559549895641429,0.154235138571173,0.00722102470199356,""
3720,-0.127183889502115,-0.031723153052105,0.0291734925012938,-0.129733550052926,-0.312594293495306,0.101494978917596,0.152853153159942,0.00523570760478086,0.0751390335400037,0.00152364501129039,""
3721,-0.106860214525158,-0.0379811548570995,0.0285395034734301,-0.116301865908827,-0.318853639589878,0.0974582649762949,0.167466377171095,-0.0201113267474916,0.0268243577274436,0.00018390524080838,""
3722,-0.114045820010685,-0.056535588790468,0.0241169988900661,-0.146464409911087,-0.442015655445225,0.0724877325409503,0.159285745510218,0.101410147588212,0.0562207160395701,0.000872892623747227,""
3723,-0.149303394373595,-0.0158618075021393,-0.00268822460097338,-0.167853426476708,-0.40863423862206,-0.00724923603306747,0.0989465758925144,-0.041148286368799,0.143828210008982,0.00581310053142585,""
3724,-0.0685423407920683,-0.0151789916521556,0.0349805151920305,-0.0487408172521935,-0.33290369671815,0.110622007018023,0.157509005160314,-0.0110904887891258,0.0386894912486714,0.000437055163873543,""
3725,-0.133691497098801,-0.0319662561865133,0.038019903596498,-0.127637849688816,-0.325474200326615,0.117996173481295,0.190817206218902,-0.00545439386127051,0.156034814947253,0.00684275173643761,""
3726,-0.122074075165491,-0.050244198688973,0.0177624415464422,-0.154555832308022,-0.423851137487302,0.0475082873999592,0.182265281638879,0.0719272625582112,0.188586620734731,0.00999402115577648,""
3727,-0.156533458788982,-0.0309150819079026,0.0111886673794839,-0.1762598733174,-0.360475340501757,0.0357866169548329,0.139738877453975,0.0592312058853617,0.09810213920054,0.00273397007847446,""
3728,-0.125603810953445,-0.0656320011562259,0.0250834265948629,-0.166152385514807,-0.386210584736398,0.0709083174586733,0.197748564388557,0.0539521170852877,0.0310356535701347,0.000206727010777254,""
3729,-0.121030258580892,-0.0607472102592107,0.037024377431358,-0.144753091408745,-0.377322160811629,0.107099184939782,0.222598536147527,0.0497107252104154,0.166536397874771,0.00760197145877831,""
3730,-0.158479259515597,-0.0151943406178614,0.0200401672614403,-0.153633432872018,-0.414251121857574,0.0591192135209144,0.162083444907872,0.0424674905102134,-0.00866787219669205,2.23488691823249e-05,""
3731,-0.115038361711227,-0.00784920120522514,0.0411950621771959,-0.0816925007392561,-0.396617966617976,0.120767868561081,0.066807298536216,0.0639959250726826,0.00109116600426863,3.55459707832791e-07,""
3732,-0.17250219824892,-0.00676733984644572,0.0372188436943694,-0.142050694400997,-0.412518086164445,0.0956625023471481,0.227991140311064,0.0248679486505542,0.0681954009879807,0.00149111633715243,""
3733,-0.111736181020143,-0.0397905106951731,0.0246332067010248,-0.126893485014291,-0.39972297750348,0.0735946075562209,0.138645155801942,0.0915351863829335,0.229484441450583,0.0145245908618904,""
3734,-0.136903131931451,-0.0507405550278023,0.0287106478254593,-0.158933039133794,-0.368479102399763,0.0794529323326989,0.195140273865713,0.00829999961262861,0.184855722217372,0.00911969490827465,""
3735,-0.142473237949909,-0.02034789843883,0.0283211934307938,-0.134499942957945,-0.42910255324986,0.0762955682069721,0.147170606929962,-0.00272712015842774,0.0996452486995896,0.00279648092823209,""
3736,-0.156557029909957,0.0040066783624565,0.0117102482733336,-0.140840103274167,-0.29900157562097,0.0365879537565024,0.202259191192201,0.00619197539056598,-0.0358772490260758,0.000362132817833384,""
3737,-0.14905724402031,-0.0436563474654179,0.0418179911692688,-0.150895600316459,-0.349254129448214,0.121744621100917,0.20152337582165,0.0626432581463805,0.0735174023096552,0.00145922700851711,""
3738,-0.180269080625525,-0.0462554334418224,0.0302703869144772,-0.19625412715287,-0.361222789123561,0.0825760800003264,0.214647177677781,-0.0149374888571697,-0.0503797019726835,0.000614935217278774,""
3739,-0.148098289394705,-0.0314924684916987,0.0020751248387857,-0.177515633047618,-0.398103195812512,0.00671765920734353,0.213740980779351,0.0712042098640168,0.159087788768478,0.00763249787431964,""
3740,-0.184199888742946,-0.00125532782576545,0.0274791654402421,-0.157976051128469,-0.322075099634532,0.0855193744667568,0.268814336775524,-0.0236316777806797,0.13640065731218,0.00579670494494987,""
3741,-0.1354613486227,-0.0222217427719441,0.0204869712789178,-0.137196120115727,-0.418093986124094,0.0575537916494246,0.127864705273536,0.0262716163226735,0.119649997208127,0.00418049288110644,""
3742,-0.148979062421305,-0.034465040898108,0.0323029034372739,-0.15114119988214,-0.297471677375207,0.102789398316882,0.13534983037409,0.0330252219941458,0.108357200697671,0.00318928628591581,""
3743,-0.122040956783093,-0.0122486698771959,0.00766589963506533,-0.126623727025223,-0.356050278626864,0.0229374710894089,0.210530582489311,0.0190311556716528,0.0997452466583612,0.00291585390342728,""
3744,-0.157322371131034,0.00166832192257454,0.023892657433556,-0.131761391774903,-0.385557657200492,0.0759011034814665,0.207994324277505,0.0542513461249303,0.0979574114482085,0.00295806541589565,""
3745,-0.118587595924207,-0.00845089785155791,0.0036772285163702,-0.123361265259395,-0.407657017455305,0.0100234076453685,0.167554211126961,0.0655836382134292,0.103711042558494,0.00299633498360721,""
3746,-0.104784571502914,-0.0169487835082078,0.00251276078487148,-0.119220594226251,-0.355415595058545,0.00735370819435904,0.210309905626228,0.0900719405119346,0.133292977808839,0.00477396962609183,""
3747,-0.133367669903642,0.0139830095205504,0.018456775666945,-0.100927884716146,-0.33306878290619,0.0477847892776349,0.177469034500366,0.05295102460516,0.0383261049596681,0.000404117801998352,""
3748,-0.139200364010049,-0.0270236276658741,0.0298727233534657,-0.136351268322457,-0.309562328882516,0.0888884730020455,0.132953186909961,0.0109241244511639,-0.0133882009811238,4.78559561717761e-05,""
3749,-0.150149896656793,-0.022334394287351,0.0280467658675511,-0.144437525076593,-0.362002507469438,0.0948231299300435,0.145656481228516,0.0428954562970552,0.000296578642564999,2.42595463566596e-08,""
3750,-0.168396804442439,-0.0261923890268153,0.0183506208349994,-0.176238572634255,-0.361432366368235,0.0517351537864851,0.145850754177623,0.061958255537653,0.117480375716155,0.00362216972143739,""
3751,-0.149767944577462,-0.0363667656680857,0.0223603809027417,-0.163774329342806,-0.336733382658566,0.070237556284205,0.156201504102634,0.0274551097836153,0.150914585588702,0.00636341784159028,""
3752,-0.119385653268256,-0.00593659677981364,0.0312991509067148,-0.0940230991413544,-0.326627202063793,0.0968731144121718,0.183859011674753,-0.0231949825088557,0.146608496189521,0.00644081016211279,""
3753,-0.186135775623107,0.0275759319082426,0.0458241008554231,-0.112735742859441,-0.29991003512141,0.144609432364261,0.203885442106357,-0.00207691308110406,-0.015373335035071,7.20861901885745e-05,""
3754,-0.127877310579546,-0.0454768434407364,0.000880673647287657,-0.172473480372995,-0.412970304155606,0.0023550043266508,0.212596350865342,0.0183994321540666,0.205012503519111,0.0123703822626998,""
3755,-0.147955492319765,-0.0348596751845303,0.0346398833309357,-0.148175284173359,-0.343376777977794,0.111415496050579,0.190881921063749,0.00180842358294502,0.0799678723867085,0.00172009339036828,""
3756,-0.113773316195544,-0.0420126822129924,0.0104461299988974,-0.145339868409639,-0.34842924632989,0.0328968165474022,0.200097100858324,0.0344254576802574,0.0898226610092067,0.00202382828385517,""
3757,-0.15285141899956,0.00720185194651233,0.0206233962773512,-0.125026170775697,-0.340951667732532,0.060800683850896,0.181525987038722,0.00925658254689581,-0.00516027561748248,7.80709286819679e-06,""
3758,-0.16233603485137,-0.0355918083503406,0.0196320264677128,-0.178295816733998,-0.336643470664929,0.0555762136883835,0.175095721897836,0.00133596559210964,0.152828271090832,0.00642602678951193,""
3759,-0.174302639586364,-0.0085983224931514,0.0166245760920308,-0.166276385987485,-0.327286460597575,0.044083771449463,0.211543203307623,0.012426018864938,-0.0246445149731511,0.000173319112157192,""
3760,-0.117352245564531,-0.0503149614603472,0.0238152025812364,-0.143852004443642,-0.395603000398925,0.0734860918836728,0.141098305106719,0.0536890617366412,0.149402803856972,0.00573119458390931,""
3761,-0.14399289479832,-0.0302456943672281,0.0240174555789276,-0.15022113358662,-0.356020408651803,0.0625919077428147,0.165564733470378,0.0474514775175412,-0.0406700342371608,0.00042567983496826,""
3762,-0.139654205158043,-0.0356216209238799,0.0112351096603629,-0.16404071642156,-0.399258754194706,0.0300333412664641,0.144418278124419,-0.00715021326954873,0.0657985825318552,0.00116216455901038,""
3763,-0.14199090321459,-0.0167624344294101,0.0144979130898926,-0.144255424554108,-0.371060490667824,0.0373177508714898,0.186313557916195,0.0818767520912826,0.163412905576746,0.00726417194202913,""
3764,-0.165057233296137,-0.011691504826784,0.023558303505204,-0.153190434617717,-0.386487830031146,0.071766826839412,0.181027097447819,0.0813660328474384,0.0449538160355032,0.000600211106398419,""
3765,-0.17254825965487,-0.00798245393266985,0.0170489898513631,-0.163481723736177,-0.393864204680179,0.0463394886704663,0.2189671282449,0.0134848792521947,0.29720989879934,0.0291491665559332,""
3766,-0.122898514934799,-0.0331091549128948,0.0274025038305534,-0.12860516601714,-0.346984383577355,0.0854003473771481,0.189355122329097,0.0678002355417231,0.037070568176026,0.000386046581858453,""
3767,-0.173461794399409,-0.0168622182816141,0.0483756831466041,-0.141948329534419,-0.302444023099678,0.171643922549759,0.194412069508121,0.0374024959900643,0.116238372017982,0.00415923664937546,""
3768,-0.139193757518843,-0.0355755530492963,0.0299069593961844,-0.144862351171955,-0.283816276092945,0.0890122493272935,0.174914378324721,-0.0177857505993257,-0.00466792260288191,5.42683508040497e-06,""
3769,-0.146353179269805,-0.00110928872676606,0.0235877398254062,-0.123874728171165,-0.345519874359905,0.073271133746998,0.186238358402885,-0.0106961142960791,0.0523303626533945,0.000799211391109494,""
3770,-0.107444728466471,-0.0250456035719237,0.012431288885426,-0.120059043152968,-0.404789548505382,0.0428766117503039,0.188244029125311,0.110560237176221,0.159783245268867,0.00742115197943492,""
3771,-0.128172315414075,-0.0348400816009411,0.0346624780054714,-0.128349919009545,-0.278119268901565,0.105641226949585,0.2755668522537,-0.0168881310097059,0.00742351598669785,1.31576220407845e-05,""
3772,-0.160115552320354,0.00217478255777307,0.0140060779665873,-0.143934691795994,-0.31679997163533,0.0394636226326418,0.179866094931705,0.00461884317136471,-0.0254138430426944,0.000182181563966828,""
3773,-0.165401176419987,-0.0110233407261037,0.0373603301381491,-0.139064187007941,-0.298699964579453,0.114972991809373,0.186377528242981,-0.0116796856705342,0.0304317562932297,0.000271920545548043,""
3774,-0.150804300753616,-0.00771208514900098,0.0431304084265901,-0.115385977476027,-0.315337620872726,0.139697298797498,0.151555371759147,-0.0161798490530048,0.0269857071779704,0.000221152035178888,""
3775,-0.169096441454942,-0.0283709601728331,0.0410512321550786,-0.156416169472696,-0.350420038153898,0.11883145460402,0.233834042158992,0.028142064386362,0.0829748165679065,0.00193552821519396,""
3776,-0.145605254844291,-0.0205943188066725,0.0058010200175276,-0.160398553633436,-0.358485709241431,0.0167538008660411,0.186146689259852,0.0389097807293527,0.145095905372991,0.00557409077756897,""
3777,-0.142176314400292,-0.0228783761156928,0.0253209248349218,-0.139733765681063,-0.289332671985321,0.0894488343513386,0.166873103408738,-0.0347189460742721,-0.00697328816373163,1.29474429577197e-05,""
3778,-0.131501408293276,-0.0411320404166525,0.0357623651347557,-0.136871083575173,-0.365692660404712,0.0974001077161127,0.245085640044377,0.0576763702526116,0.172404144445946,0.00867629725245111,""
3779,-0.135045835158068,-0.0461470509691033,0.0366611950084874,-0.144531691118684,-0.406756570646709,0.105505686156723,0.160122817297284,0.0554672292467374,0.250079318655912,0.0178338844543445,""
3780,-0.117116390521099,-0.0244121694600823,0.0131527809116023,-0.128375779069579,-0.253886024629106,0.0409247468065796,0.184293182845812,-0.0819241196953156,-0.0346743218281605,0.000286228142023344,""
3781,-0.156358901459476,-0.00376648485210151,0.0423016837706244,-0.117823702540953,-0.36428181613078,0.115907096828888,0.243401993736719,0.0496619960981923,0.185892717984183,0.0111657158220239,""
3782,-0.130074362550581,-0.0206206544066153,0.016568678828845,-0.134126338128351,-0.366711462101004,0.0449538194955188,0.229497834310557,0.0759127454999872,0.045261334189853,0.000599215968144525,""
3783,-0.154159623314538,-0.0423034539188294,0.0296343012253372,-0.16682877600803,-0.439912301547905,0.0887539981360091,0.226136659084857,0.0535563047608295,0.159304093152735,0.00810892208877626,""
3784,-0.16135706980822,-0.00990637563922849,-0.00169056114922807,-0.172954006596676,-0.386721578962042,-0.00427914950520938,0.137999051446107,-0.0389211078109541,-0.0217297897718176,0.000136196672561071,""
3785,-0.106200766754266,-0.03528838671816,0.0249733626079175,-0.116515790864508,-0.353170158391811,0.0849161377687649,0.162292145345825,0.0300362401119361,0.0870088149499885,0.00209885857209451,""
3786,-0.148752748828161,-0.0181579171826878,0.0319929989959247,-0.134917667014924,-0.362022797580551,0.0833607235211123,0.224538152041391,0.0452606636226285,0.138913875878668,0.00563601507876148,""
3787,-0.103707983758935,-0.0378101999253482,0.0369273120690871,-0.104590871615196,-0.356019033718572,0.128934994103848,0.18648511068273,0.0312185240532203,0.1188330034259,0.00417718473084384,""
3788,-0.110670262021091,-0.0445954920944105,0.0212722021362725,-0.133993551979229,-0.40421660745878,0.0611680665857633,0.190190872800215,0.0748915299019525,0.179435617185327,0.00907715871882696,""
3789,-0.100811846857805,-0.0604525439381507,-0.00852934105681159,-0.169793731852767,-0.42987571101793,-0.0210559284136106,0.210396784231088,0.0568432175271369,0.274999632754543,0.0200851849320892,""
3790,-0.129993171441326,-0.0584737286905042,0.0366662012885999,-0.151800698843231,-0.360079337880932,0.101330974742786,0.187592149800242,0.0676249105282564,0.049068594377125,0.000563969304797931,""
3791,-0.136495769246019,-0.0470015970890729,0.0158379533278779,-0.167659413007213,-0.339814755403447,0.0422017041870533,0.211580532728417,-0.0132035435695988,-0.00824236572850781,1.89532212146881e-05,""
3792,-0.115598637627706,-0.039002655248174,0.0200962765300554,-0.134505016345824,-0.356964325590086,0.0596850131742811,0.195937383318118,0.0142044234706102,0.0190007252899437,8.82007291757174e-05,""
3793,-0.128516146056681,-0.0583405231697675,0.0428653268156888,-0.143991342410759,-0.415475755995525,0.118044430150225,0.239565213861202,0.0697250854812954,0.158933606358206,0.00712938171853609,""
3794,-0.118769672184234,-0.0307515322513935,0.0314421335454951,-0.118079070890132,-0.289724003856972,0.10314587793075,0.175924463124761,-0.016104920473051,0.00256580465968477,1.60646236645933e-06,""
3795,-0.156048325829879,-0.016978404895611,0.042877250428479,-0.130149480297011,-0.343362576031614,0.117049859010419,0.194106996562169,0.0143136623432982,0.086199443136796,0.00218633580887335,""
3796,-0.16618417179652,-0.0186767407863445,0.0397584681516942,-0.14510244443117,-0.346076961252788,0.1217131069329,0.154476044629065,0.050359129715036,0.115969640762005,0.00392763629105652,""
3797,-0.156130931451192,-0.033321248742453,0.0389763789934464,-0.150475801200199,-0.389351706943656,0.108911539698813,0.165011577790521,0.0309896989436617,0.0904233099756065,0.00234430645467406,""
3798,-0.159831537969076,-0.0291458969321469,0.0443328587198585,-0.144644576181364,-0.398046690565726,0.121972488050258,0.272328317646505,0.0655615610239224,0.263829155324805,0.0221038631769876,""
3799,-0.173778044008151,-0.0346823437179912,0.0229587404074449,-0.185501647318698,-0.381924550435019,0.0714585487027272,0.211066061115571,0.0472802033090697,0.241328212039224,0.017534776602936,""
3800,-0.144783215885315,0.00835030206335991,0.0202258453993934,-0.116207068422562,-0.349566008372317,0.0592721751009033,0.180791270802562,-0.0167189882187076,0.0492387369169764,0.000727005331016351,""
3801,-0.184878547756034,-0.000576115927248622,0.0360481307921097,-0.149406532891173,-0.391726658344329,0.0986113034590838,0.228342421154535,0.0469244041151193,0.0931244474371965,0.00279058097487173,""
3802,-0.121361822678361,-0.0333990946122312,0.0201227444650823,-0.13463817282551,-0.366864993030667,0.0623241733412031,0.202778797839635,0.0772899998955903,0.266428978692153,0.0187675234052028,""
3803,-0.137360664530652,-0.0063206815782695,0.0268913925456076,-0.116789953563313,-0.234790231408194,0.0926325449033463,0.141697201382245,-0.0564498101363752,-0.0470666190518511,0.000615647160094436,""
3804,-0.0716869753926068,-0.0453634171891088,0.028781201094612,-0.0882691914871036,-0.360010434467952,0.082091170420952,0.209103320623855,0.0662067822238752,0.0314427000339054,0.000264064784131452,""
3805,-0.111173538119977,-0.0308039303647989,0.00965903312433019,-0.132318435360446,-0.337213934025654,0.0284855309752851,0.179689162886698,0.0619514171329798,0.127787062076706,0.00413367101559434,""
3806,-0.149064165249925,-0.0460710759758225,0.0410667812702866,-0.154068459955461,-0.377908908785596,0.115051787654284,0.183113462269079,0.0515454555822647,0.108113519751509,0.00322067124733164,""
3807,-0.217282624384649,-0.0307597458162152,0.0251915013454985,-0.222850868855365,-0.355818839026335,0.0947089139624724,0.195408008498101,0.0089032735328455,0.100257895282018,0.00315435716110734,""
3808,-0.0848036976967957,-0.0210068086957776,0.0299540619564914,-0.0758564444360819,-0.353019623544227,0.0906413052961457,0.207080682259772,0.00167917336702109,0.0271285623679306,0.000203378351447031,""
3809,-0.139035808630615,-0.0203788148114715,0.0474052665128901,-0.112009356929197,-0.341234971838137,0.161899859605299,0.169552566099424,-0.0254485538921252,0.0342533928878559,0.000330990964550554,""
3810,-0.136980702951714,0.00157102173320456,0.00407063595791572,-0.131339045260594,-0.40171416213756,0.0119085979221795,0.108575030794446,0.0633800036277064,0.0331561718595073,0.000312062462383642,""
3811,-0.139227081061988,-0.0455242484031491,0.02616420710897,-0.158587122356167,-0.3733678778788,0.0773848097118574,0.142277558008199,0.0717086230955911,0.125788160666617,0.00437334391756239,""
3812,-0.124034556314653,-0.0149096079223463,0.0275735907882031,-0.111370573448797,-0.428908067594265,0.0799903616224361,0.173120128385161,0.0707303118184052,0.19290112550851,0.0119419351622834,""
3813,-0.154851292574044,0.000683775384443917,0.0159523140943473,-0.138215203095253,-0.368867522615105,0.0469075852964199,0.137892294818737,0.0624545680865746,0.0905304850039564,0.00229532723887993,""
3814,-0.106064881571174,-0.0226106714919362,0.0397238183700323,-0.0889517346930783,-0.330135546362507,0.114116719178419,0.19922587018525,0.0299042516900518,0.0283484929644671,0.000237437547476915,""
3815,-0.162435127371202,-0.00577093610257981,0.0500449116865144,-0.118161151787267,-0.35945544312725,0.142002349077692,0.183683522222104,0.0265497987423505,0.0974907860280782,0.00300173752305199,""
3816,-0.0958673264177775,-0.0312933074204498,0.0379553425948349,-0.0892052912433924,-0.41484267645227,0.119161787868343,0.155338410835371,0.0475374369455584,0.140281300103426,0.00614251438206161,""
3817,-0.176906970870216,-0.0135350029578898,0.0387699887261807,-0.151671985101925,-0.316664862520903,0.123225621834753,0.153413725701455,-0.00567379875451628,-0.0428967723922355,0.000531817387094414,""
3818,-0.115146202738699,-0.0469440832189329,0.0133549440091875,-0.148735341948444,-0.351813120104808,0.0410558273729597,0.191134316343909,0.0609712477396936,0.2211349810234,0.011797578147437,""
3819,-0.125712977475024,-0.0552746754109876,0.00759711624895351,-0.173390536637058,-0.389520458292307,0.0191361066460278,0.184286743385787,0.0477153899377071,0.00840271879074087,1.67985327473679e-05,""
3820,-0.161864587079446,0.00777238815948959,0.00443681772037839,-0.149655381199578,-0.36616701559629,0.0113261641171626,0.179100368666505,0.0499356899583607,0.00468957696674065,6.3901116043745e-06,""
3821,-0.191195166348111,-0.00760013011983224,0.0230192722380358,-0.175776024229908,-0.399050843627623,0.0622199174231361,0.189277158179245,0.0541901117780093,0.110363277181486,0.0038259206996195,""
3822,-0.139010811008745,-0.0616673983275347,0.0479113390376438,-0.152766870298636,-0.444286477669777,0.125280566410174,0.181294763699989,0.0567205577919929,0.0115608661768473,3.61936951802044e-05,""
3823,-0.194563099559683,0.015183108812616,0.0117899140464994,-0.167590076700568,-0.375174877192907,0.0344782596274535,0.187239025381483,0.0686211630603223,0.276376221059927,0.0243257486360621,""
3824,-0.157356687681164,-0.0141221464898929,0.0119462025302205,-0.159532631640836,-0.374750264354675,0.0392762312174352,0.16386504457465,0.0541617393597122,0.138643448151937,0.00538437336094052,""
3825,-0.123706238885803,0.0207558832525859,0.0249077757463475,-0.0780425798868698,-0.350598630520985,0.0757826720074429,0.178088637294516,-0.02748388267133,0.0790774802444127,0.00188292092601614,""
3826,-0.113290909003022,-0.055861308970689,0.0168750936151072,-0.152277124358604,-0.373767072850718,0.0457343366192654,0.142358201128861,0.0130999138293065,0.195090720249559,0.00954884063334365,""
3827,-0.161830778277099,-0.0230452633206626,0.0326439486010388,-0.152232092996723,-0.281134903876592,0.113686530093372,0.152244596556581,0.000623383744087149,0.0209545487264693,0.0001202545048427,""
3828,-0.121888191291883,-0.0374594684945512,0.0123990260674825,-0.146948633718952,-0.366709888541283,0.0403096475062606,0.184095909738559,0.0280937293500993,0.127883691795597,0.00409918444509074,""
3829,-0.136147423773753,-0.0334549455531351,0.0216964747442103,-0.147905894582678,-0.401896149183998,0.0651362644115497,0.135229519026725,0.0723303416813873,0.108947205324486,0.00338941995559536,""
3830,-0.190113725245432,-0.0380225776343997,0.0365162504508233,-0.191620052429009,-0.417859940632319,0.101258335115318,0.192540496953803,0.0408950071761737,0.0256117340094689,0.000204387791784636,""
3831,-0.132995735431818,-0.0274514347318374,0.00367502343542034,-0.156772146728235,-0.435996464685724,0.00971331658183271,0.190945914680573,0.0857441093199552,0.177548445791667,0.00945546977935103,""
3832,-0.142103000750899,-0.00307520494182672,0.0246382342253833,-0.120539971467342,-0.412701552173875,0.0789803825943622,0.162692757211506,0.0854911991160658,0.127468958637286,0.00502190149347772,""
3833,-0.118699248703059,-0.0342863144013613,0.0206848219966539,-0.132300741107767,-0.394574116659174,0.0575915176881081,0.168983518730446,0.00758358400336894,0.267025823907811,0.0210275527702473,""
3834,-0.143186351456631,0.030010099346332,0.0282115234894751,-0.0849647286208235,-0.308582610975127,0.0758138598138765,0.209992049644047,-0.00632544929844305,-0.0261585779477829,0.000199311834153693,""
3835,-0.152859378654618,-0.0277215801547061,0.0140649115685537,-0.166516047240771,-0.333570090074887,0.0370644630298883,0.221446352960436,0.0286279093387804,0.0297536167690587,0.000244176163543173,""
3836,-0.145152609189905,0.00904397211337792,0.00653711216458706,-0.12957152491194,-0.271549538771628,0.0178745563464367,0.268420678522835,-0.0217675794035084,0.0743076609159343,0.00168540415689934,""
3837,-0.114522643138416,-0.0218294205267458,0.0232172004768859,-0.113134863188275,-0.34301650830027,0.0696437985071136,0.160946968896484,0.0520753476254257,0.0727203131078033,0.00148536222451887,""
3838,-0.103955123110869,-0.0474176909745398,0.0385067485928178,-0.112866065492591,-0.325665712075655,0.108636427715654,0.21647155332563,0.0338312896668043,0.077039491445568,0.00157154778329899,""
3839,-0.158696130379857,-0.0121949379743539,0.0157452584614453,-0.155145809892766,-0.30531253196241,0.0434742976099699,0.276137903870652,-0.0210983436174273,0.230528387013661,0.0161780111527118,""
3840,-0.0711826977175447,-0.0273967984260339,0.0269781614482823,-0.0716013346952963,-0.338221416040776,0.0887737492849735,0.131257016293238,-0.0465410538550926,0.0564180982374644,0.000901893236833633,""
3841,-0.15133536219703,-0.0125626128019017,0.0414155212207842,-0.122482453778147,-0.301981493664321,0.119747662709305,0.186597249476395,0.00399845124103675,0.00776787156081668,1.75508250018034e-05,""
3842,-0.119137136142273,-0.00835041444276507,0.0331136082760982,-0.0943739423089397,-0.333497322742357,0.102067683047818,0.215296378991454,0.117333970271382,0.110528849696623,0.00356355301221817,""
3843,-0.122509569682386,-0.036075741765802,0.0243821687710366,-0.134203142677151,-0.383703782318426,0.0681060697117438,0.220566704255758,0.0482971367844383,0.0803148874372955,0.00185491351811311,""
3844,-0.157392785404009,-0.0154800609135808,0.0251469165978294,-0.147725929719761,-0.327382461216798,0.0831966881624474,0.230630135822844,0.0149753006206839,0.155689400552706,0.00759170078461742,""
3845,-0.159985200067016,-0.0449354039990937,0.0405722900479059,-0.164348314018204,-0.343971549008236,0.109115457743623,0.239739715468916,-0.00443787101538237,0.20609765941091,0.0123683150011551,""
3846,-0.123729716545829,-0.0219594098510133,0.0181802078461339,-0.127508918550709,-0.347966199308831,0.0472070242299887,0.259633124571919,0.0528140234461913,0.0973698583169391,0.00265082826099929,""
3847,-0.146548131073473,-0.0103055793122954,0.0336592047876105,-0.123194505598158,-0.387610546452732,0.0934567921495955,0.186665497742483,0.0425477299283492,0.110780428765505,0.00367145974584152,""
3848,-0.0917997201267142,-0.0510958694611301,0.038454406752782,-0.104441182835062,-0.389118239569035,0.121591520412376,0.174133150935083,0.0441367241983668,-0.012062165425354,3.79476518802467e-05,""
3849,-0.114057152198649,0.00262947741818901,0.0542330262091114,-0.0571946485713486,-0.297018100497131,0.183003724778595,0.129292375969543,-0.0321674471423071,-0.0809136702406153,0.00189508921734733,""
3850,-0.121409070490833,-0.0373262572405786,0.0271624113649613,-0.13157291636645,-0.380239898845907,0.0874333755656816,0.220502554690666,0.061591663152566,0.0309991298553438,0.000267501316771984,""
3851,-0.17121909139676,-0.00224175929693085,0.0385002365650892,-0.134960614128602,-0.346216069965933,0.124701230942785,0.177589840189224,0.0268137560468981,-0.012612947439844,4.83311311432468e-05,""
3852,-0.138133121945407,-0.0680306662331798,0.027086054829754,-0.179077733348833,-0.405474237482423,0.0774141081100179,0.216079315284458,0.0888993257013855,0.179147002813285,0.00868321527904298,""
3853,-0.137483911799093,-0.0361351454533309,0.0545434570212682,-0.119075600231156,-0.356255590948271,0.159807083987737,0.167521788046451,0.0252749165901432,-0.00236450751616929,1.63209527248624e-06,""
3854,-0.145588669343565,-0.0152424799725235,0.0143641931420739,-0.146466956174014,-0.329055875897717,0.0399627257876412,0.211708289601764,0.0282253558713442,0.0905761743476621,0.00251519805862277,""
3855,-0.116614952326662,-0.0140271530222691,0.00381763839699015,-0.126824466951941,-0.366335137152104,0.0118901078089084,0.205985862833518,-0.0956379378916352,0.203693549599867,0.0120495604779439,""
3856,-0.182599618167769,-0.032982001112777,0.0196876847280593,-0.195893934552487,-0.37458504817069,0.0511219033249766,0.284504328750402,0.0645492735426653,0.150126001947366,0.00697191177986212,""
3857,-0.133188721275176,-0.0493914139779827,0.0161459821289453,-0.166434153124213,-0.385924849835164,0.0494383457725567,0.16210194170086,0.0531099502285591,0.106938473929666,0.00311574470440847,""
3858,-0.15500320285007,-0.0115341561142805,0.0346114924378046,-0.131925866526546,-0.35936043533863,0.116638273236038,0.193841967212923,0.0826564263734841,0.0543078165285133,0.000897153993248145,""
3859,-0.132913449567297,-0.0462563582598817,0.0114626513317615,-0.167707156495417,-0.384285841646809,0.0286365361606846,0.193910845705363,0.0755655984484731,0.230389244560604,0.0149532088718431,""
3860,-0.174463299918421,-0.0141262262769426,0.00538794936732861,-0.183201576828035,-0.373011161162054,0.0141195969456085,0.222816162484847,0.0599024555790816,0.0763750296826829,0.00181870405494694,""
3861,-0.122251508834057,-0.0460787798154177,0.029314186754734,-0.13901610189474,-0.301350667198171,0.0926544400630535,0.274728844506006,0.0187231560757871,0.0943081482202148,0.0024850901052212,""
3862,-0.0994390452839157,-0.0417135248251839,0.0429826445711492,-0.0981699255379504,-0.33085038118292,0.147216648802302,0.176096332560173,0.00789102942168824,0.139232376673483,0.00554177718252366,""
3863,-0.0842969467718765,-0.056074994026887,0.0425257987840039,-0.0978461420147596,-0.323602473395279,0.13726141109486,0.185265343255819,0.0145077627425684,0.0789859589984475,0.00161113188727938,""
3864,-0.149303303734121,0.0108073690475545,0.0161862238921784,-0.122309710794388,-0.344858962152464,0.043824940156608,0.19704781849869,0.026448709441397,-0.0155964066864784,7.37803490024361e-05,""
3865,-0.12196958113949,-0.033916100955634,0.0324439068657718,-0.123441775229353,-0.408828107242013,0.10460300979176,0.190761118169892,0.0679865077929631,0.192843013485079,0.0113418945237955,""
3866,-0.121709425960972,-0.0120317751764663,0.0168368792711963,-0.116904321866242,-0.377341785408499,0.046964832946817,0.197367701283741,0.0775613794461179,0.174128732530625,0.00904435239030246,""
3867,-0.138221652417325,-0.00220692811792059,0.012072944441325,-0.12835563609392,-0.327539673040089,0.0368899288022154,0.152286208304454,0.0487257929081274,0.0462344944748528,0.000555026742792395,""
3868,-0.223007182765918,0.0333058318120431,0.00745718857137521,-0.1822441623825,-0.305487804468146,0.0215502245324636,0.199720847150065,0.0351675462033027,0.101343255926461,0.0030320972938766,""
3869,-0.140747784261232,-0.0251754663360514,0.0198720306159656,-0.146051219981318,-0.341200288803339,0.0657269502159751,0.196038001268889,0.0350667563276394,0.0216834062540916,0.000130101714276161,""
3870,-0.137363584582659,0.0134949811534951,0.0268027837865391,-0.0970658196426253,-0.307336176681446,0.0724301796819131,0.177504547567417,0.00449711082926843,-0.00607716218464679,1.06673340790689e-05,""
3871,-0.179059216999198,-0.0351252782465419,0.00275355660087053,-0.211430938644869,-0.394187890379134,0.00728704541037412,0.204814499738395,0.0460605307830755,0.0514433316960897,0.000773631371398725,""
3872,-0.0890341625712215,-0.0273078756334665,0.0096231651791371,-0.106718873025551,-0.321921870225189,0.0294517751986506,0.14519315377781,-0.0786399427536079,0.0556198584753085,0.000819530594659999,""
3873,-0.187728434362276,-0.0370155906442215,0.0404265334696837,-0.184317491536814,-0.392143816306758,0.111613726367234,0.245915869849365,0.0562782543317898,0.248130098575456,0.0216992826700422,""
3874,-0.115275814821674,-0.00363707392452834,0.0399437044371829,-0.0789691843090198,-0.325949454706904,0.127603971580054,0.147012676312055,-0.0424507655998153,0.117640377598435,0.00408137744567963,""
3875,-0.15917050356789,-0.0725410335214118,0.0337185106394397,-0.197993026449862,-0.382424196071034,0.0924102685330658,0.234184746649957,0.070510452270978,0.132746873592278,0.00473924700686998,""
3876,-0.136507393931331,-0.0141625535852783,0.0334073301375103,-0.117262617379099,-0.393620292099335,0.109342991025705,0.170810670092994,0.0400129176260275,0.0640061941225214,0.00124911919744225,""
3877,-0.163824650437078,-0.0443898467184735,0.0144484013225793,-0.193766095832972,-0.332980346386739,0.0417410552906544,0.26556281253981,0.00693651636928926,0.178347733110609,0.00910618650845758,""
3878,-0.13907247216865,-0.0161612218040662,0.04414073680518,-0.111092957167536,-0.353564276275682,0.12750791761304,0.122530174343886,0.02918120328894,-0.0868956044911868,0.00209244128456943,""
3879,-0.170795987692972,-0.0616323643665303,0.0279200638506354,-0.204508288208867,-0.416962949015761,0.0811978410888783,0.209886194729417,0.0581748139354768,0.204728913903483,0.0125331322946816,""
3880,-0.128308701000631,-0.0353682029999581,-0.00444822007337402,-0.168125124073963,-0.374046129209363,-0.0125693421366817,0.16259143649128,0.0345020492681899,0.00907090214663977,2.06185171780813e-05,""
3881,-0.134752681762906,-0.0378620266617474,0.0194904015700701,-0.153124306854583,-0.319745346273985,0.0573288242404777,0.18382545040141,0.023057394048349,0.0230994496634747,0.000139898453850987,""
3882,-0.133696490451431,-0.0406774150104018,0.0334823546104628,-0.14089155085137,-0.333684601596038,0.0992518936983274,0.157561945213696,0.0407901160081086,0.128345483262317,0.00444056404504973,""
3883,-0.12481749512845,-0.0303875243855597,0.0440879157999492,-0.11111710371406,-0.377380106238757,0.127829695275659,0.188759936442936,0.0530903438768616,0.204130923646188,0.012678153483505,""
3884,-0.138729805050664,-0.000480776199792162,0.0213936954256656,-0.117816885824791,-0.322322727031797,0.0688286260641004,0.174107442049482,-0.0608239473857154,0.0155363325558385,6.98226249195955e-05,""
3885,-0.100837114364071,0.0105682534662948,0.00959846595323391,-0.0806703949445428,-0.313274827300068,0.0304774464405481,0.159692945359062,-0.0278463684348372,0.0914799746834178,0.00239496744682906,""
3886,-0.1650054057917,0.0304160060422618,0.0307071778276812,-0.103882221921758,-0.344753172018173,0.0836167806843927,0.175489645965689,0.0262293519814091,-0.094485377318717,0.00267840213276423,""
3887,-0.185847547613926,-0.0265119574784171,0.00921565943354226,-0.203143845658801,-0.367323701923778,0.0284779219489754,0.204123489576178,0.0250571398449531,0.0752972201371347,0.00154006285691587,""
3888,-0.115198530247464,-0.0290182325359431,0.0198781697445776,-0.12433859303883,-0.341627770559501,0.0582913597947209,0.221540806762655,-0.00607331665087158,0.0756337943714025,0.00154363710972087,""
3889,-0.137388206508659,-0.00709947958256849,0.0121431447900802,-0.132344541301147,-0.332241259386296,0.0421244541207657,0.142325735467564,0.0657041242904283,0.0666996110112602,0.0012076039182885,""
3890,-0.118145199869443,-0.0496269452460247,0.00970623348455561,-0.158065911630912,-0.378237087356663,0.0283902636196131,0.143134804531528,0.0463397045071754,0.160560620758253,0.00622541871217662,""
3891,-0.115971256232317,-0.0600368914614679,0.0492548655323191,-0.126753282161466,-0.461432849215352,0.130279067929378,0.230520582535656,0.066775116735077,0.105847845736427,0.0032329285484275,""
3892,-0.153383057548166,-0.0087385912655797,0.020461000142746,-0.141660648671,-0.380137089005521,0.0671152706693104,0.167506488458966,0.0459320316070751,0.051031341272992,0.000778151448755923,""
3893,-0.108075697305498,-0.0327427222524133,0.0123587290816316,-0.128459690476279,-0.283393944370781,0.0362459474423047,0.180674999119924,-0.0101071105744915,-0.0670620515557606,0.00108715882397438,""
3894,-0.0874488792773249,-0.00656753674197625,0.0344043091462075,-0.0596121068730936,-0.346532894941513,0.107132218177962,0.0327173740434955,0.0212107378663041,-0.0447546565028194,0.000565098194183332,""
3895,-0.0771977539632269,-0.0782615843569703,0.0411862673076097,-0.114273071012587,-0.390193735592079,0.126408517741056,0.162870960740528,0.0498281093179702,0.165106287487735,0.00666874824120949,""
3896,-0.139666794664467,-0.0304132413263352,0.0251504451677072,-0.144929590823095,-0.425500507558106,0.0723698299226911,0.133923012988066,0.0811399057658119,0.141247452878656,0.00562893216641056,""
3897,-0.134197807294663,-0.047807764715678,0.00260474260465265,-0.179400829405688,-0.368672628038693,0.00706425978167392,0.202385133258377,0.0659032277302576,0.109184342381787,0.00311493757406181,""
3898,-0.172004947678405,-0.0290578876762381,0.0366616204596446,-0.164401214894999,-0.357512724427426,0.0947895196843833,0.230717636205995,0.0618908671776171,0.0670310714116587,0.00127030278146999,""
3899,-0.12013220010422,-0.0614650319950356,0.0499161352123425,-0.131681096886913,-0.43015524093496,0.148564228810908,0.194243950231056,0.0669586586399026,0.166541118047188,0.00833044408348652,""
3900,-0.127751600319273,-0.0369278601595061,0.0135651037583355,-0.151114356720443,-0.367436073429887,0.0490421976928,0.140258830883492,0.0641485921658355,0.110549909310011,0.00347184212106683,""
3901,-0.173469921031894,-0.0323986632459325,0.0120969601053541,-0.193771624172472,-0.40893044541008,0.0316736889359802,0.195225053383341,0.0627348627672836,0.168416538293304,0.00802310617824657,""
3902,-0.117214650883196,-0.0405007358694276,0.0365940622431315,-0.121121324509492,-0.445868337081479,0.118877255697771,0.146110464016572,0.0982868585761973,0.0694559555175594,0.00142659192109813,""
3903,-0.159578564114634,0.00169686300874779,0.0234304293743279,-0.134451271731559,-0.397084337921727,0.0710804796817389,0.179271269530296,0.0722768808023411,0.188234393289317,0.0114751270353755,""
3904,-0.0922939771487817,-0.0525416448831447,0.0228158845450091,-0.122019737486917,-0.402779989664233,0.0693169980765869,0.192704878355059,0.100099887919711,0.222534802999395,0.0136446385914129,""
3905,-0.127577975693471,-0.0347453744273407,0.0184110210792856,-0.143912329041526,-0.259819272148169,0.0697333782838931,0.167950054438918,-0.0272861362236162,0.0512474898094156,0.000648710997472234,""
3906,-0.115630165763922,-0.0218431182233197,0.0545076508133591,-0.0829656331738826,-0.378286558176753,0.167260995069304,0.13837793249159,0.0224504224363689,0.0462448951620333,0.00063991558500297,""
3907,-0.101401735741639,-0.0432154006225473,0.0406132321727177,-0.104003904191469,-0.350957797584718,0.123585641922258,0.20095835376095,0.0261733381887016,0.125015487424379,0.00407845914919557,""
3908,-0.165396600441829,-0.00029436627701142,-0.00355149621184286,-0.169242462930684,-0.322226503624703,-0.0104130968518622,0.218633854686427,-0.0304129479717661,0.0195758850111016,0.000108794329245864,""
3909,-0.111668406289487,-0.0713017545495362,0.0467097896545366,-0.136260371184486,-0.350007606849999,0.148963972846486,0.203539751199104,-0.0325596029713846,0.207479594532784,0.0113539353080611,""
3910,-0.127678782680663,-0.0362556046377486,0.0128467381737497,-0.151087649144662,-0.375871332877145,0.035651041769087,0.266869362966081,0.0669763236850946,0.401321288406447,0.049915714276222,""
3911,-0.118385322469065,-0.0444867982895151,0.0101998638998945,-0.152672256858685,-0.377505934501008,0.0281177020238039,0.248901040537821,0.0352841491104817,0.137345400559253,0.00500568402977574,""
3912,-0.141220087222217,-0.0290248294070139,0.0137631594695572,-0.156481757159674,-0.410666381460818,0.0405869451141969,0.154767139673844,0.0885085267970522,0.149720556377155,0.00636070174164867,""
3913,-0.155794023473322,-0.027704249599204,0.0230585821269484,-0.160439690945577,-0.382857198766163,0.0749393634136203,0.174920273775872,0.0628357253088639,0.112837780928909,0.00377576832874802,""
3914,-0.149227391810284,-0.00937824106949886,0.0342985248763485,-0.124307108003434,-0.349796041604798,0.0935742934784784,0.205626628612087,0.0839644908149077,0.078149651676984,0.00182495248625081,""
3915,-0.13493326308208,-0.0190266283501735,0.0159137781016879,-0.138046113330566,-0.348099836568723,0.0447051805939685,0.142619005358951,0.0804820205277988,0.102636367328258,0.00284499547638659,""
3916,-0.140872008054735,-0.0251555547027851,0.0349582669467211,-0.131069295810799,-0.371290874223031,0.107186635453901,0.114843569056116,0.0411692550688147,0.095466487380118,0.00252329059122547,""
3917,-0.144676076921169,-0.023241226251267,0.0368563109289488,-0.131060992243487,-0.358763828705984,0.110377495563373,0.172920626676753,0.0622234102365032,0.0893411452277246,0.00239840519615854,""
3918,-0.185654629210511,0.00486383439346713,0.0294964490144132,-0.151294345802631,-0.333262817181034,0.0912273103605316,0.214854559271541,0.0269972135465983,0.0597434220130386,0.00110016740899363,""
3919,-0.144063372606196,-0.0386699033792625,0.0206174724919733,-0.162115803493485,-0.424242221663672,0.063789115111126,0.175463098895115,0.0782430374851964,0.186794432796286,0.0102538638693557,""
3920,-0.175889283996247,-0.00546571093590827,0.0173770589467085,-0.163977935985447,-0.355972515444722,0.0477157615346735,0.217391961819528,0.0480096334300965,0.10087110679134,0.00305135591154317,""
3921,-0.117850859523087,-0.0213717714591511,0.0155219383620516,-0.123700692620187,-0.374111383811927,0.0473766351814096,0.173577667044618,0.0508648681137914,0.160086347127677,0.00752517558843271,""
3922,-0.128448396639282,-0.0482015567679629,0.0179485201627277,-0.158701433244517,-0.391118847188986,0.0587101774954605,0.199564371592412,0.0745811362679862,0.0604094821467069,0.00100300622970561,""
3923,-0.117999465244247,-0.0341912422394536,0.00885323970078768,-0.143337467782913,-0.35153895739948,0.0241085206063179,0.183685723092741,0.0296534176827548,-0.0812313304369107,0.00156731879644936,""
3924,-0.152324847876292,0.00806696127133085,-0.00337396945629449,-0.147631856061255,-0.350193962727851,-0.00934972615425502,0.176412496657847,0.0357383366424255,0.19955202364057,0.0114908091228794,""
3925,-0.152279151236809,-0.0394930899323452,0.0250572849225582,-0.166714956246596,-0.362013195712338,0.0683504418069113,0.141642016712348,0.058375146650992,0.0846588287020765,0.00170934750199372,""
3926,-0.13132632897088,-0.070698645997978,0.042860736558927,-0.159164238409931,-0.475133600362592,0.108400249860745,0.243057259438846,0.0707201742642064,0.222690177606091,0.0147635140291247,""
3927,-0.104427592152149,-0.0591609238271804,0.0107033902870572,-0.152885125692272,-0.413213562867083,0.0287391051798936,0.147701119866214,0.0716870220298995,0.250653577758005,0.0153260956467155,""
3928,-0.115497903438442,-0.000947022732964734,0.00726220370762103,-0.109182722463785,-0.366717271264861,0.0222179754061989,0.152461253312643,0.0311691449917527,0.105200101282315,0.00316767791030958,""
3929,-0.150011339077627,-0.0299783877599145,0.0303180678292151,-0.149671659008327,-0.382229835346261,0.0871041538142752,0.16983855942734,0.106029710747432,0.194066423262467,0.0102251715463527,""
3930,-0.13848748309882,-0.0322357635520961,0.0359835856392095,-0.134739661011707,-0.35342246504269,0.108426795541472,0.184326117102928,0.0590112404892127,0.0677665979463857,0.0013573428975605,""
3931,-0.11155872987256,0.0111220823370609,0.00739972280793422,-0.0930369247275645,-0.339093584169997,0.0222379902075448,0.135662821950108,0.0270365043150184,0.044632664680926,0.000563420275382737,""
3932,-0.117917791327536,-0.0324600898754006,0.001185428135748,-0.149192453067188,-0.404481859653122,0.00334447503264342,0.145044021725124,0.0765011378400497,0.183748678178702,0.00961590067583553,""
3933,-0.171650804261663,-0.0387704670157237,0.00518377369202863,-0.205237497585358,-0.433107807418372,0.0134885820520915,0.159916890839405,-0.0109687781467004,0.0426586364447275,0.000521908266405657,""
3934,-0.132894651863815,-0.000340954190403575,0.0146951453487416,-0.118540460705477,-0.391655585647791,0.0406091357007379,0.136751700550719,0.0260114398017702,0.160105022531905,0.0074504886537617,""
3935,-0.188639681917202,-0.0355124701060453,0.0227354443986097,-0.201416707624638,-0.341450759081743,0.0659902638008122,0.208339016725625,0.0538595612922384,0.167596978566498,0.00802737473613637,""
3936,-0.148323321212683,-0.0515308902220602,0.0123581078311336,-0.187496103603609,-0.362293554071426,0.0365074006370732,0.162662306046762,0.0568098838619805,0.162516807635938,0.00669664810016106,""
3937,-0.0953463440260458,-0.00875939170587465,0.0342881436115905,-0.0698175921203299,-0.355181966893926,0.111331566912513,0.144160538663858,-0.0116796631242761,-0.0491669003113842,0.000704343662748533,""
3938,-0.139756723557034,-0.0582132202714208,0.0467633494821209,-0.151206594346334,-0.386026888958474,0.139368336422311,0.203081531228597,0.0418630464268724,0.201349921025139,0.0119092348148509,""
3939,-0.146749393666991,-0.0332172753995011,0.0177642402892593,-0.162202428777233,-0.338791881380012,0.0488711156017727,0.235159265122679,0.0254054000306546,0.0561314853519075,0.000870533479289561,""
3940,-0.128825271692326,0.0261992771731352,0.0221726033258641,-0.0804533911933267,-0.325587360974195,0.0702600481277472,0.147774550153798,-0.0112753223492481,0.00285763775341865,2.3436437236449e-06,""
3941,-0.15490191193814,-0.0449237490551299,0.0345763747117309,-0.165249286281539,-0.292061001274327,0.104029778520775,0.182194090802072,-0.0221603437121049,-0.0939614999466008,0.00204272401354932,""
3942,-0.126448839795296,-0.0231310562880036,0.021831782990961,-0.127748113092338,-0.345023115895917,0.0670996833462418,0.153247516899214,0.0323849807446506,0.0627313436544559,0.00105074288984641,""
3943,-0.130417595839787,-0.0549541370682969,0.0340820406055274,-0.151289692302557,-0.425565355151295,0.111489769650584,0.124367022732711,0.111868846490881,0.194564112619193,0.0109326469424205,""
3944,-0.158356341739542,0.00454386827344118,0.0184869757552566,-0.135325497710844,-0.428887024471657,0.0569111240706106,0.189144754597669,0.0669634117963525,0.241873901627934,0.0197302484584295,""
3945,-0.144189219097649,-0.0180460463162914,0.0215473874370382,-0.140687877976902,-0.37210003818007,0.0596808665100121,0.158561208579502,0.0504782323781724,0.142571057051064,0.0057405132812261,""
3946,-0.154405359817509,-0.0380486329474641,0.0291201725742172,-0.163333820190756,-0.288352156410884,0.0927831108015262,0.223734940419607,0.00319352477015494,0.0149548208391452,6.16104974661968e-05,""
3947,-0.151033567088966,0.0145740337005164,0.0474343341849234,-0.0890251992035263,-0.322042825990086,0.125548541375428,0.231799684848818,0.0448238394571753,0.0534455391138749,0.00084441880451243,""
3948,-0.110645654052071,-0.0472581170543565,0.0265914657473679,-0.131312305359059,-0.380835753954902,0.0875680475720059,0.188189147184724,0.0771021106972191,0.300246128010369,0.0256709266091879,""
3949,-0.133822065594127,-0.0337298232773554,0.0301404743219149,-0.137411414549568,-0.377578148586185,0.0862804386672031,0.111375812265641,0.0763235537210123,-0.0296982671298361,0.000217841214308131,""
3950,-0.151986444951867,0.00184458263819909,-0.00522310985187042,-0.155364972165539,-0.346403698472787,-0.0154870734072544,0.21021874624205,0.0524057863002054,0.147524169333732,0.006442698136079,""
3951,-0.181552130696209,0.000290445390252559,0.025400919243303,-0.155860766062653,-0.337813202988732,0.0770540721126651,0.169428654854598,0.0550983382874959,0.0725918321515363,0.00158182473934614,""
3952,-0.122811698418563,0.0119160735023115,0.0217939539311673,-0.0891016709850838,-0.35673662450941,0.067284766483603,0.208447765253742,0.0378879395942093,0.21044234083405,0.0139423560469564,""
3953,-0.145801801947705,-0.0304730470154178,0.0612789189252008,-0.114995930037922,-0.387343250667728,0.166007832166157,0.148644381487677,0.086940266458108,-0.0377587833853245,0.000405100847219839,""
3954,-0.132413790974418,-0.0749431235995487,0.0413019495061098,-0.166054965067856,-0.387882422165392,0.123026480048627,0.218999049630219,0.0263464423299656,0.200407380874658,0.0117340087302195,""
3955,-0.139612634923332,-0.0470647359541252,0.0120566812328235,-0.174620689644634,-0.367998332953111,0.0333855222897104,0.165405989598087,0.0322750772837598,0.167077970655045,0.00689713445308577,""
3956,-0.132865132910107,-0.0238778369945092,0.033729647341428,-0.123013322563188,-0.392472936607985,0.0965591797766742,0.186355522618871,0.0451253954639963,0.261266173742527,0.0211309730468377,""
3957,-0.0960817942651736,-0.0230171402052951,0.0107182897331699,-0.108380644737299,-0.32401858316906,0.0299518170787557,0.137694562576857,0.0401010222981712,0.0175741399751828,8.20938335457905e-05,""
3958,-0.128973441473833,-0.0352783415190801,0.0224710960394038,-0.141780686953509,-0.384271250115981,0.0686376968308432,0.197268841024431,0.00166562394833199,0.229045860244841,0.0152238888508709,""
3959,-0.160622741495441,-0.0148559170007707,0.0244835863873673,-0.150995072108844,-0.301644098134185,0.0807887389169494,0.178911764702731,-0.000937294955276701,0.130034020728431,0.00486390500409161,""
3960,-0.0919037325096426,-0.0514881918162448,0.0253517733939329,-0.118040150931954,-0.386148595597187,0.0709509946897861,0.179869445819114,0.0849151747595627,0.135897394425742,0.00425354007070351,""
3961,-0.136310127649321,-0.0476906466166425,0.0339316918218238,-0.15006908244414,-0.331337919154153,0.100963459383988,0.178212733614174,0.0182921956859246,-0.0680592899589113,0.00112990951044679,""
3962,-0.129960047610045,-0.00244501994447385,0.0178408233976761,-0.114564244156843,-0.33814082921111,0.067510986749732,0.154887839291618,0.0173116997268445,0.135878196599482,0.005352007884316,""
3963,-0.157979024599215,-0.044668692411657,0.0209482519847712,-0.181699465026101,-0.302070306712182,0.0703112189894178,0.172479904313355,0.00905902982482063,0.0250088480629791,0.000152500147184218,""
3964,-0.0928442003023838,-0.0287176583952954,0.0163041123147123,-0.105257746382967,-0.375187759313678,0.043174395292305,0.177668172070954,0.0570087303513722,0.106887418887433,0.00288871353259445,""
3965,-0.177236862184728,-0.031758150458369,0.0131493301757173,-0.19584568246738,-0.346221555894011,0.0370270022668495,0.235732569056274,0.0190859953798017,0.0131002959436298,5.01436643836209e-05,""
3966,-0.135606267511374,-0.0414493308662695,0.0161957643691449,-0.160859834008498,-0.380562552299331,0.0583864790286929,0.172108875128618,0.076008146616851,0.118853975303259,0.00402837793206893,""
3967,-0.14451097893367,-0.0496075202194658,0.0297474677674028,-0.164371031385733,-0.335966506421496,0.0920509553596837,0.123978719629376,0.0262835574770507,-0.0858291784739737,0.00174817750203098,""
3968,-0.163389130547894,-0.00497434169810112,0.00736683832946525,-0.16099663391653,-0.301533805142329,0.0224907431217144,0.195314054729465,0.00947722387077102,0.174778998623323,0.00900518291610769,""
3969,-0.104401764358948,-0.0160568823376054,0.0395201590288102,-0.0809384876677432,-0.373047563312888,0.115027594068033,0.172143395089096,0.0595752925089622,0.10020960374123,0.00291013970857321,""
3970,-0.152028684718322,0.0116565757619463,0.012604462869968,-0.127767646086408,-0.265629079703148,0.039556280541365,0.190983262284755,-0.0613835073656497,0.0156754525601913,7.06495570243604e-05,""
3971,-0.141961581400623,-0.0229100409122534,0.0309670692024292,-0.133904553110447,-0.286303867485918,0.100466414520087,0.172164851814264,-0.0409699334878239,0.0824216204657906,0.00190075560626691,""
3972,-0.121349988389214,-0.036394472809567,0.04355196359245,-0.114192497606331,-0.386348455785065,0.123010655403406,0.189383177291071,0.117482056757943,-0.0089137979729077,2.27425891631058e-05,""
3973,-0.113309191492941,-0.0364688002729488,-0.00410231996306078,-0.153880311728951,-0.383986299231947,-0.0107310678659692,0.132338824109516,0.0517479142757948,0.142722120156156,0.0052493990814673,""
3974,-0.165741827935457,-0.0104051890565454,0.0196300611428293,-0.156516955849173,-0.3226867879142,0.0513489799451107,0.205770050581161,0.0149023794579498,0.0427546819445443,0.000534536369445564,""
3975,-0.141132077673159,0.0131304875282037,-0.00538496033408679,-0.133386550479042,-0.315171287612608,-0.0149230393854762,0.136671686886193,-0.0139528900629152,0.0577460798882165,0.000933777268581543,""
3976,-0.116088603084441,-0.00165815586969342,0.040603512446009,-0.0771432465081253,-0.341476059684092,0.128718693348048,0.199137769791347,0.00799759603013458,0.11570997115635,0.00411466116895724,""
3977,-0.162327124638636,-0.0160411091545464,0.0220940115482551,-0.156274222244927,-0.377708185450934,0.0591249070325177,0.205938468538975,-0.000646856896270101,0.237780189362194,0.0174211238893723,""
3978,-0.12944241100021,-0.0123827730831378,0.0258888757818654,-0.115936308301482,-0.301432059375892,0.0840287196041899,0.20318939290808,0.0172678889838434,0.0146623545039169,6.25088735941608e-05,""
3979,-0.120408397723486,-0.049702329034021,0.0245022914831587,-0.145608435274348,-0.378103074179573,0.0741826872965645,0.225703105878448,0.0198284419716585,0.0549911360422587,0.000818123876786302,""
3980,-0.150450969775066,-0.0362530561965311,0.0291480218227885,-0.157556004148809,-0.375813018072479,0.0851853551042495,0.153126327124389,0.0532795486854728,0.00336685826202386,2.70639199660415e-06,""
3981,-0.135000325222405,0.00940189077141904,0.0344739530228188,-0.0911244814281675,-0.361463355656443,0.102992167472002,0.119241243947253,0.0562442296710511,-0.0217612200444077,0.0001381532869857,""
3982,-0.147097537586935,-0.0491218345654389,0.0300263665783072,-0.166193005574066,-0.367895678588196,0.0851967240587164,0.21917996044228,0.0443967581041906,0.195815200428643,0.010473196914134,""
3983,-0.176907493620991,-0.0121489188117525,0.0341905354972984,-0.154865876935445,-0.256577528770269,0.116347735007305,0.184327716066184,-0.0651749816923826,0.121776267175158,0.00436770103771209,""
3984,-0.145605249115493,-0.0297085025888497,0.0128443675578207,-0.162469384146522,-0.320149753440048,0.0405115409418241,0.163752358394937,-0.0224994391749953,0.0650779039231133,0.00114806706979155,""
3985,-0.137406006116327,-0.0208221060290578,0.00137426889244707,-0.156853843252938,-0.418675404772484,0.00354788782796465,0.252474518398321,0.0787150918634635,0.245227051139278,0.0199872712993947,""
3986,-0.117101065546844,-0.0575628799004125,0.040752212518184,-0.133911732929072,-0.375528830311902,0.11991948391901,0.194636947965071,0.0690011617666768,0.173957644764356,0.00847874036886969,""
3987,-0.116217561818923,-0.0365487957814485,0.0247726625850949,-0.127993695015276,-0.364486968782506,0.074799745580426,0.222239758672552,0.0459305847706401,0.184947991434498,0.00868587659828074,""
3988,-0.155634052985396,-0.0140654723637062,0.0322403348933647,-0.137459190455738,-0.327053053621137,0.105592444102724,0.161548707256402,-0.00885374781784452,-0.0339860981288702,0.000342019836644544,""
3989,-0.101055543540404,-0.018043583287324,0.00870655477228075,-0.110392572055447,-0.336371459159034,0.0273475129478302,0.173967120044022,-0.0940978241594248,0.114486988780904,0.00356578922217727,""
3990,-0.139177688379737,-0.0157426219995989,0.0373150338878386,-0.117605276491497,-0.379311845550206,0.119341930701837,0.114556807777148,0.0256513158334628,0.138532867191002,0.00569717456171878,""
3991,-0.174463854135665,-0.0309436193841329,0.0254483818418854,-0.179959091677912,-0.358807852802453,0.0667146578328449,0.203826162115639,0.0445302424377971,-0.00645165164854425,1.16345439276659e-05,""
3992,-0.104753922680354,-0.0418029367858394,-0.00606385857863579,-0.15262071804483,-0.319705378915042,-0.0163197277558315,0.235079134187075,-0.0138828937075661,0.0404157112554929,0.000415794401891243,""
3993,-0.113047674020046,-0.0268228213145167,0.0377014773224453,-0.102169018012117,-0.413128909186251,0.104955231093147,0.18308510244332,0.00971096238975547,0.0697625192419323,0.00146174883024134,""
3994,-0.119324740387027,-0.0435584148618261,0.00391685732913506,-0.158966297919718,-0.387278684783257,0.00971920411244993,0.197233948553948,0.025511457899003,0.168113207457255,0.00738088348160414,""
3995,-0.139886991529511,-0.0500203218231975,0.0266985200052023,-0.163208793347506,-0.336909255295883,0.0687420206819303,0.195698225237368,0.0526037381654976,0.0320996114489553,0.000252737087676925,""
3996,-0.145290845439368,-0.0157617426643141,0.0202825878399386,-0.140770000263743,-0.294872692909346,0.0683946353862081,0.26757297464252,-0.0907981755805095,0.164874925943682,0.0079111850865043,""
3997,-0.10303922278793,-0.0324830667326918,-0.0102135559121054,-0.145735845432727,-0.380326085816948,-0.0333246473528707,0.157952869659447,0.020111825018579,0.26594652768325,0.0191571103319924,""
3998,-0.130651068129833,-0.017635853082522,0.0010208129185398,-0.147266108293816,-0.326863225414477,0.0031674354241749,0.179524204176647,-0.0139827895482536,0.0469109107180823,0.000579249562583349,""
3999,-0.176877255461822,-0.0225344245108668,0.0549781301149339,-0.144433549857755,-0.353602613179301,0.155597160650883,0.235600942657616,0.0233993099020647,0.0829107663541208,0.00222836435466178,""
4000,-0.134994983918477,-0.0410202404559667,0.0318088626713866,-0.144206361703057,-0.373543948558665,0.0848009071335233,0.183712314769792,0.0336381551088893,0.0475875859366033,0.00062163970742882,""
4001,-0.128789006090428,-0.0514754293492762,0.0305682196347678,-0.149696215804937,-0.376931379889017,0.0982439559208004,0.190130269035789,0.0798968048683744,0.164511028829675,0.00764949214024636,""
4002,-0.106928021713085,-0.0360741801077212,0.0202129704425302,-0.122789231378276,-0.347376163710498,0.074741030841112,0.202620946539104,0.007115223237901,0.254464068195345,0.017710674641512,""
4003,-0.111527850246249,-0.0668472416356205,0.0161053095623426,-0.162269782319527,-0.359242584242042,0.0436056149774126,0.241024805528283,0.0406458723443817,0.0161036597207144,6.23673507179903e-05,""
4004,-0.103924901807154,-0.0588034435322398,0.0252205607081159,-0.137507784631278,-0.439305846592068,0.0701497700927982,0.203266090904105,0.0971890250674205,0.23651208983107,0.0162813231411448,""
4005,-0.128581948800257,-0.00177562935806331,0.00760597491084941,-0.122751603247471,-0.378536358207717,0.0212786059654473,0.129465750516097,0.031295147005208,0.0841497396164422,0.00199864468579924,""
4006,-0.176082273407511,-0.0233291143712691,0.0453176748751419,-0.154093712903638,-0.359705473123532,0.126209087545676,0.193193443733515,0.0523090881962441,0.087725722474457,0.00237701433759827,""
4007,-0.133543484185557,-0.0156670992852868,0.0163452277878002,-0.132865355683044,-0.328192099843315,0.0511997257059803,0.198374237374501,-0.00829095498544059,0.148575925158381,0.00630805268913516,""
4008,-0.116669179160518,-0.0135114937828725,0.0140739803330018,-0.116106692610389,-0.312856274287321,0.0514605777691484,0.112368018246622,-0.0603778482476144,0.160689416694375,0.0071617034158387,""
4009,-0.151496220844581,-0.062542868393629,0.0496634979584555,-0.164375591279755,-0.350995178132684,0.148916850632543,0.239514386016749,0.00891730439897756,0.114694645771879,0.00367599734369238,""
4010,-0.156971314125639,-0.0239203370592771,0.0412801638409501,-0.139611487343966,-0.353942935511206,0.108241934485088,0.223399254160307,0.0266751471064349,0.0119333249306205,3.95180001731872e-05,""
4011,-0.136380849594601,-0.031746859516371,0.033987669532529,-0.134140039578443,-0.350233007747721,0.103102955405014,0.216549168575331,-0.00700647222953692,0.0734235271051887,0.00152036662981257,""
4012,-0.140879989731342,-0.0355628456057882,0.0135734156210402,-0.16286941971609,-0.423030245779469,0.037534250452249,0.146990557151964,0.041023240723941,0.0394597849033701,0.000428013232620991,""
4013,-0.0850860271147049,-0.0132955127922057,0.0112097930237326,-0.087171746883178,-0.366420949442013,0.0327325175791351,0.138300506679353,0.036336987072871,-0.0258065982898727,0.000180065099935575,""
4014,-0.127243672625868,-0.0370553870981511,0.0272756413262703,-0.137023418397748,-0.392162607764571,0.0889819280044113,0.134122979822271,0.0482222456702674,0.125401926129897,0.00460639734367612,""
4015,-0.136086969747694,-0.0145668613597836,0.0241007091717277,-0.12655312193575,-0.331742791663567,0.0774729930183058,0.205216916758375,-0.0757966581549101,0.177316667348062,0.00889142833649081,""
4016,-0.145590351065392,-0.0370737215019109,0.0298228844886978,-0.152841188078605,-0.276462211838558,0.0955404911097594,0.207845345905483,-0.0469307461696657,-0.00116558692692068,3.60213163410744e-07,""
4017,-0.134639048115776,-0.00764459004958294,0.00847729759998487,-0.133806340565374,-0.387488881957663,0.0232733671175651,0.183236767005194,0.05379306000918,0.292873988613935,0.0250503703618021,""
4018,-0.0957561618525733,-0.0474089837094475,0.0267649359574195,-0.116400209604601,-0.376544175625996,0.0813526341400515,0.182256636667654,0.0570794104630082,0.0674191331350115,0.00121169901348704,""
4019,-0.156158586867428,0.0171974946328342,0.0404023578963632,-0.0985587343382311,-0.314018401931675,0.124940962081082,0.187089430200741,0.0275332495002116,0.0720938083824918,0.00155347249616952,""
4020,-0.11418527606441,-0.00714515422519249,-0.00740314429929552,-0.128733574588898,-0.349103781942485,-0.0203695499285337,0.154826815912021,0.0709824541878299,0.205941789695532,0.0107221028971127,""
4021,-0.168120500790408,-0.0293824868405157,0.00439446476359636,-0.193108522867328,-0.28221880896087,0.0133225699788905,0.236716099764385,-0.0171276175536165,0.125445414640022,0.00443819304162199,""
4022,-0.193989055410848,-0.0198933987476959,0.0167728980808367,-0.197109556077707,-0.367747686206744,0.0498710207197448,0.232670417432853,0.0738667839680176,0.177064797972842,0.00992451255601395,""
4023,-0.1378862760127,-0.0339556432267292,0.0327054642226152,-0.139136455016814,-0.35971640793736,0.0964309831163645,0.152191040322372,0.0582974910289778,0.120966234626918,0.00406660528652507,""
4024,-0.195603892317403,-0.00365971765444686,0.0179838296564822,-0.181279780315368,-0.280723483557207,0.0484885701198632,0.220938414700643,-0.0233651886406937,0.100248990596605,0.0029843192390632,""
4025,-0.144716386556962,-0.0123048403497046,0.0221555398969134,-0.134865687009753,-0.346685970754215,0.0644682535830314,0.174170896060721,0.0365633626824587,0.234116971743109,0.0161826893185631,""
4026,-0.142633078675265,-0.0301333694191223,0.0131176371289394,-0.159648810965447,-0.300873391059092,0.0368937126095997,0.233681501203,0.0096849794477277,0.0466013436049454,0.000596780617330468,""
4027,-0.137098449382094,-0.0250184465393206,0.0451849426029033,-0.116931953318511,-0.382442934040169,0.122573507937436,0.160390163621643,0.0192431327162727,0.218054679727062,0.0134507514608053,""
4028,-0.163989824552946,-0.020131405400431,0.0147212306715018,-0.169399999281875,-0.4046146809167,0.0398687829066363,0.157729758660096,0.0724640226127302,0.0213778232991742,0.000128319260983303,""
4029,-0.121419176573616,-0.0294140246349484,0.0261432250217803,-0.124689976186785,-0.403271350257424,0.0814410904884747,0.2060852555525,0.0576408835135922,0.205741383629,0.0127034496492798,""
4030,-0.135813953851983,-0.0495569568084809,0.0260660887788573,-0.159304821881607,-0.414313689546919,0.0816879644508513,0.148449936490414,0.0795460583412259,0.188209118785343,0.0105379943833962,""
4031,-0.162689105278181,-0.0207074538441087,0.0160388097126494,-0.16735774940964,-0.323405420260511,0.057682625555443,0.222656873333295,0.00835053884185001,0.100430525055917,0.00275408098756626,""
4032,-0.144386049211444,0.00852105535927957,0.0157979533508603,-0.120067040501304,-0.414313513336456,0.0450645861227789,0.206750335658989,0.0620767391653562,0.272899250392195,0.0243928075620624,""
4033,-0.141317788812734,-0.036653242434643,0.00473377068178404,-0.173237260565593,-0.410416936818577,0.0122465604827229,0.185467071290062,0.0634939232395897,0.117318112077414,0.00380986028744349,""
4034,-0.141978031813077,-0.02851553710228,0.0332785457691922,-0.137215023146165,-0.363314051542514,0.0933120855261216,0.209404813423845,0.0767838140405754,0.0485098630572624,0.00069205355578045,""
4035,-0.162101103904299,-0.013227336945827,0.0247620910513064,-0.150566349798819,-0.361873437769473,0.0718868823949169,0.17936791188226,0.0359703615671576,0.101750508059617,0.0030927312215167,""
4036,-0.157839432888425,-0.049879191832854,0.0288258374702132,-0.178892787251066,-0.438325809896724,0.0921615811113917,0.195007666301235,0.0847730447676406,0.166779857425231,0.00827367263874399,""
4037,-0.120559750272408,-0.0302889370817191,0.0254734418624116,-0.125375245491715,-0.300325888052834,0.0694377402757104,0.199818091069899,-0.006876489191964,-0.00119156453315137,3.63844631070568e-07,""
4038,-0.135553314405095,-0.0459406709079059,0.0588875073533994,-0.122606477959602,-0.455429028477728,0.160622265904049,0.165561481538459,0.0217165284732554,0.106352337302469,0.00368494750829742,""
4039,-0.116819518607877,-0.0781717876972005,0.0211024828505907,-0.173888823454487,-0.434742777013674,0.0590238448926416,0.128674034198593,0.0825402318851437,0.15135171113568,0.00543850272199365,""
4040,-0.147245502005168,-0.0329348237846552,0.0324344303838853,-0.147745895405938,-0.403864325569307,0.105206404711864,0.21316770010774,0.102223336284028,0.201097521206765,0.0118328669825082,""
4041,-0.162702752793167,-0.0137924525337915,0.0298885191437693,-0.14660668618319,-0.428546870826691,0.0982521260424184,0.175224357577999,0.0886548728319993,0.189884459445186,0.0117845544985709,""
4042,-0.16623828748631,-0.0302521931341138,0.0228812088489167,-0.173609271771507,-0.381215454827308,0.0693795290063815,0.107033123017569,0.0224523721062063,-0.0203309650491707,0.000119983804422562,""
4043,-0.14676429229632,0.0325070964649171,0.0147835135835886,-0.0994736822478138,-0.349216547103474,0.0440489179616429,0.19064854992706,0.047728066662871,0.0437820384508086,0.000564523763572992,""
4044,-0.137099195759234,-0.0564570184417836,0.0330300239781676,-0.16052619022285,-0.371924890177161,0.104260341920722,0.19616667799981,0.0619589424812957,0.219450341867222,0.0123142005943414,""
4045,-0.135230592674972,-0.0503854310558996,0.0195432607307093,-0.166072763000163,-0.34410269734767,0.0464816722291578,0.274999574718848,0.00020639634711474,0.0860423689113483,0.00218092279286501,""
4046,-0.121618241210519,-0.0285073975152246,0.0268018214647136,-0.12332381726103,-0.390001612764175,0.0809414206173633,0.178628342215592,0.0368214111127733,0.197568625642972,0.0108199704123724,""
4047,-0.11032536212316,-0.0638653274152956,0.00823306067935473,-0.165957628859101,-0.413769647210043,0.0223481476105481,0.2139022082249,0.07808319253173,0.228098382471696,0.0146714738454732,""
4048,-0.158664542120063,-0.0375898572175495,0.0307985015242023,-0.16545589781341,-0.412568464229524,0.0962059629245609,0.174790988908436,0.05375888406853,0.131600496484583,0.00511295477308838,""
4049,-0.120996231231935,-0.0285083611453785,0.00841981082870913,-0.141084781548604,-0.353244925682687,0.0226948889878769,0.200812579287763,0.0707083603633008,0.00451110867984395,5.92812572161341e-06,""
4050,-0.152206583476886,-0.015823798678156,0.0283116079906148,-0.139718774164428,-0.321966744521497,0.0826407431621724,0.213319689245285,0.0124426496696892,-0.074484052442783,0.00154787473893868,""
4051,-0.178347501538978,-0.0312444195373726,0.0207458921778196,-0.188846028898531,-0.292140617921172,0.0567701858321435,0.236056532870871,0.0265113562129873,0.0894950982528535,0.00218985161878158,""
4052,-0.150925715309898,-0.0240025187877665,0.0401673723480932,-0.134760861749571,-0.351652444359948,0.131300634342439,0.182723148819387,0.0576336808415747,0.124532736603051,0.00478335450160247,""
4053,-0.155587822789506,-0.0520678429032826,0.0326186875985451,-0.175036978094243,-0.313868551097554,0.0915594549370987,0.250134151902846,0.00897068561770605,0.0267317706807082,0.000204180412826205,""
4054,-0.12935885220799,-0.00691554744142784,-0.00599250308339874,-0.142266902732817,-0.34533977149204,-0.0141894224058538,0.255522438198074,-0.00699423276161113,-0.0302903632607668,0.000264729554098524,""
4055,-0.155665470687004,-0.000682175951770901,0.0254052082825727,-0.130942438356203,-0.372800158905801,0.0733180788976956,0.228943806310006,0.0604516138101644,0.00939028560251002,2.82677235800527e-05,""
4056,-0.125260385011064,-0.0452442072563066,-0.00617801525029778,-0.176682607517669,-0.273430718634302,-0.02016658438145,0.304510814054742,-0.0759841244450741,0.177640554774758,0.00683811311721515,""
4057,-0.163276521269364,-0.0176588018288008,0.0207386717008456,-0.160196651397319,-0.250233276782026,0.0601293725427877,0.179847127152415,-0.0177991993102909,-0.0152796897243505,6.46818830801357e-05,""
4058,-0.118733640870016,-0.056838320942084,0.00660243622755054,-0.168969525584549,-0.396606648178634,0.0207979415369149,0.195376555469315,0.0334224571947546,0.163224896172688,0.0075014229952609,""
4059,-0.165977472745464,-0.0166331623878344,0.00760047089344734,-0.175010164239851,-0.269011849074781,0.0301060788521791,0.223775705182277,-0.1280310554645,0.186407518893459,0.0102080454120668,""
4060,-0.141834418279431,-0.00939242124868287,0.0327900446520712,-0.118436794876043,-0.387159569055409,0.101730687100873,0.196039095370611,0.0309878691070554,0.0701514149159818,0.00154134072619797,""
4061,-0.159823731498036,0.00210853094177224,0.0159738809065691,-0.141741319649694,-0.3396660161839,0.0478527490618561,0.140221938615389,0.0363196155596831,0.0327540082420734,0.000306457392970912,""
4062,-0.16360494661596,0.0186346832260813,0.0119422665029862,-0.133027996886892,-0.403415928067898,0.0331791713088392,0.166485709586994,0.0917608951248159,0.120174815560217,0.00446479947762115,""
4063,-0.0911781924228847,-0.0304273710448404,0.0122436285690412,-0.109361934898684,-0.359850082132136,0.0381723119562231,0.166404591652188,0.0402611686874601,0.151129780562808,0.00607927719587917,""
4064,-0.111392326919372,0.0054962866769156,0.0208521775756369,-0.0850438626668194,-0.283002468258123,0.0610224436297232,0.110679957267452,0.0181535842819752,-0.0467586354892595,0.00060306445001546,""
4065,-0.100690922997735,-0.0496628817162218,0.0216941192798858,-0.128659685434071,-0.371628168198095,0.0643691387463845,0.20741299529597,0.0970547426683142,0.255768781116677,0.0183651926306919,""
4066,-0.145647225038267,-0.000810323251957864,0.0169192357190519,-0.129538312571173,-0.292344534515867,0.0466456978952932,0.257897363361132,-0.0210215309137339,0.0460988156092258,0.000615292006868364,""
4067,-0.101218852119762,-0.0459663526119614,0.0265937033477999,-0.120591501383923,-0.342182363967752,0.0799427730707371,0.135984935662268,0.0521521937511837,0.178197567529535,0.00870612759640255,""
4068,-0.154797355248951,0.001221765671755,0.0118274180449795,-0.141748171532216,-0.293987403539778,0.0426677745798256,0.194037144843386,0.00125638129362117,0.0635187116730539,0.00114991791976384,""
4069,-0.149212106826963,-0.0459327251090409,0.0296355426797983,-0.165509289256205,-0.351146111995456,0.0914633102014438,0.203817674252677,0.00418454196458809,0.0270911342205179,0.000195998544198442,""
4070,-0.103650399865014,0.0102904559835963,0.0147748776749969,-0.0785850662064211,-0.34786682661861,0.0533720231045723,0.175287994450664,-0.0499699085603328,0.110950791490656,0.00366953030260979,""
4071,-0.143361852686782,-0.00593756551413036,0.00861319025862406,-0.140686227942288,-0.292548617920839,0.0276601084576204,0.177309221795788,0.00299124802869155,0.0376897410432112,0.00038609735304554,""
4072,-0.140520351216969,-0.0615702386655159,0.0234685052434318,-0.178622084639053,-0.362445504555159,0.0729351826801988,0.187857951582153,0.035293134142273,0.173655715617972,0.0080851253813645,""
4073,-0.182449830129474,-0.0305333427545191,0.039175762332194,-0.173807410551799,-0.37385985490392,0.105492232925941,0.186266534554472,0.0645100659774527,0.0217595468228494,0.000129194709366457,""
4074,-0.173407882736916,-0.011448979523182,0.030677317341733,-0.154179544918365,-0.302147064840242,0.0864959251546015,0.199513364746723,-0.00996285678681655,-0.121373418869422,0.00402850636682334,""
4075,-0.118527654441676,-0.0385488968551027,0.0259044792719881,-0.131172072024791,-0.376600270722854,0.0833589525233235,0.186157733691723,0.0531226725503334,0.129832790361972,0.00472801886060623,""
4076,-0.149034272342644,-0.0379875412525367,0.0161568328154766,-0.170864980779704,-0.382463315157736,0.048518413072258,0.14843011954799,0.060890167748645,0.198006413476153,0.0106317578098538,""
4077,-0.121243301556838,-0.0212048353959192,-0.0224673224320053,-0.164915459384763,-0.369402292215902,-0.0612255689061056,0.183900078741269,0.0898467397142021,0.157111010975463,0.00639050497867051,""
4078,-0.141961602240302,-0.0314242440736627,0.0100857337258591,-0.163300112588106,-0.422399470530499,0.0311187482739649,0.125870182051605,0.0247721952885725,0.096422646548902,0.00263630233904477,""
4079,-0.140854126319962,-0.0119660815348583,0.0194570161156799,-0.133363191739141,-0.266355487179265,0.0579751517066634,0.212667251613247,-0.02995277971681,-0.0385267576742871,0.000415762558554871,""
4080,-0.168309933054126,-0.00875614613736145,0.0233062617778185,-0.153759817413669,-0.391663253907656,0.0703064457782282,0.215433796441471,0.0704289468730235,0.183373153120245,0.0107686643253441,""
4081,-0.107516995590281,-0.0157365829936327,0.0276258352634892,-0.0956277433204247,-0.389117568466715,0.0787431288112336,0.192238167187099,0.0637568334534815,0.196915547523281,0.0113678450412409,""
4082,-0.122344639770399,-0.0302105226603038,0.0182465907569838,-0.134308571673719,-0.40787432392987,0.049043842974334,0.164933401074892,0.0709815875259785,0.0196540253383096,0.000110798698618327,""
4083,-0.175978301505841,-0.0103879662008851,0.0278957590979735,-0.158470508608752,-0.315001263707222,0.0766759135816319,0.18645315589599,0.0374539084072185,0.00566685115369179,9.40749128176799e-06,""
4084,-0.128580693257276,-0.0495732831588022,0.0145466635184999,-0.163607312897579,-0.346628435263554,0.039239479832141,0.178944072715681,-0.00666830727000251,0.0218755150613697,0.000129178578635313,""
4085,-0.129685417800963,-0.0600505217077711,0.0323953257152883,-0.157340613793446,-0.405254402300233,0.0957060217588951,0.221856939555549,0.0759184868644011,0.108741029051333,0.00309190423405327,""
4086,-0.151744462505578,0.00014362963849148,0.0395531333455677,-0.112047699521519,-0.291778449230505,0.113837763437053,0.248420987877839,-0.0312476121118297,0.0851686561142669,0.0022217342555641,""
4087,-0.143000757486406,-0.0341356087372986,0.0277138890485317,-0.149422477175173,-0.423844537906659,0.0729076672996276,0.232305601644481,0.0868525160975465,0.0452284745378124,0.000574825490728636,""
4088,-0.139537386892987,-0.041944649862873,0.0337801251392303,-0.14770191161663,-0.351620320798977,0.102988984015927,0.18674853252492,0.0312919465299151,0.208455199781281,0.0115432168068534,""
4089,-0.166060263375999,-0.0384006063303008,0.0158601078401448,-0.188600761866155,-0.286057017634585,0.0514004758082642,0.243260302876024,0.00248477443517634,0.167853518688295,0.00689307822824146,""
4090,-0.116933995449744,-0.0123234325755257,0.0331683623421016,-0.0960890656831676,-0.352900793551467,0.106148540809088,0.13469935682382,0.0406708495391978,0.121259465510067,0.00423577024820119,""
4091,-0.148215257134182,-0.017406386943052,0.026913763422472,-0.138707880654762,-0.406144943454408,0.0728668154749258,0.18842563276668,0.0513444960541744,-0.0807902986578311,0.00187719574237331,""
4092,-0.153394782239479,0.000626982587822027,0.0248756510374309,-0.127892148614226,-0.391976355150287,0.0772628678256313,0.146836151413303,0.0257680060105353,0.0809862196235881,0.00197790133833714,""
4093,-0.137229403376586,-0.00870210422876961,0.0153551320511634,-0.130576375554192,-0.362818136997214,0.0457736694435688,0.131127317589683,0.0258339752640768,-0.0350011001050945,0.000329184236548267,""
4094,-0.139582078328553,-0.0555551397606599,0.0216401021326267,-0.173497115956586,-0.388215087790749,0.058082534658665,0.174315782442662,0.0702484681214254,0.0943638179968489,0.00212985915939848,""
4095,-0.141906880757453,-0.00789784130934813,0.0220184479621519,-0.127786274104649,-0.350653848924203,0.0649941729548751,0.152465110243853,0.0097244518547318,0.00325112396500525,2.98321511900872e-06,""
4096,-0.12162190058113,-0.0654470622255783,0.0158791777172064,-0.171189785089502,-0.388120769618133,0.0488797715987097,0.185171595319147,0.0523215558942487,0.184501054560288,0.00921230521222141,""
4097,-0.111290477648328,-0.00163468395772499,0.01875735767513,-0.0941678039309233,-0.243525855739092,0.0560231031683201,0.246498709340709,-0.00164837580298117,-0.0508140742459688,0.000741729260144421,""
4098,-0.131457872160751,-0.0159636005298306,0.00501459536372525,-0.142406877326856,-0.332594590635677,0.0149614405276077,0.198383820281395,-0.00561013720681715,0.119194207471091,0.00382554297334283,""
4099,-0.154688916353779,-0.0537557027326705,0.0230342912000759,-0.185410327886374,-0.3252477677927,0.0648108362086841,0.197509147971251,0.0118583728823628,-0.00473412534291186,5.82407643304726e-06,""
4100,-0.179491465248334,0.00656931864437293,0.0102835040311128,-0.162638642572848,-0.305316680134022,0.0300491751940933,0.180682434832075,-0.0017131979586678,0.0833513527117182,0.00202330384722769,""
4101,-0.146926298815899,-0.0314851330525559,0.00224566339130087,-0.176165768477154,-0.351334219047688,0.00598491634392991,0.218131897139465,0.0312093462856389,0.0185673805276713,9.5888866597832e-05,""
4102,-0.157727555703816,-0.0324168335010612,0.0315701095228576,-0.15857427968202,-0.313850654733441,0.101899313392332,0.209979651830701,-0.016155008161055,-0.0174234122371639,8.18862535816541e-05,""
4103,-0.137383911627784,-0.0252419545173815,0.00901171971937952,-0.153614146425786,-0.342963438217284,0.0253711307159871,0.176139623360291,0.0147547813973662,0.00389277201800463,4.1265517632459e-06,""
4104,-0.144207547987919,-0.0376709898628837,0.0282367698191753,-0.153641768031628,-0.37289930396749,0.0907595053184023,0.13871817977663,0.0585291746573316,0.214326251548458,0.013213182087306,""
4105,-0.131602293774699,-0.0275932644188249,0.0360008830283447,-0.123194675165179,-0.36172880863087,0.105970808247763,0.215966356540678,0.010119526381129,-0.0167251678801103,8.17783885556252e-05,""
4106,-0.105386260923959,-0.0233540453496315,0.0070625910265695,-0.121677715247021,-0.423155778078813,0.0215069360730478,0.0840439229565898,0.112158046947288,0.156152799531903,0.00675201879909805,""
4107,-0.13064484222231,-0.0577051739116694,0.0257547470948438,-0.162595269039136,-0.38833048234705,0.0708488210258289,0.167710316286185,0.0524257941681646,0.153163689419109,0.00616695840162427,""
4108,-0.114344437923892,-0.0093485056641632,0.0639589377791325,-0.0597340058089231,-0.381928547291378,0.177859987974443,0.219111448976576,0.0480213440085747,0.135969424123113,0.00586750400486323,""
4109,-0.179592653198592,-0.0129532239119347,0.0315294896999503,-0.161016387410576,-0.344348428839468,0.0875003967011557,0.217526854355814,0.0443271128924147,0.102265294353799,0.00314063533825209,""
4110,-0.164853737393417,-0.0241865517271688,0.0331110637757106,-0.155929225344875,-0.357033427444202,0.1001064465428,0.203832769891016,0.0188649580478996,-0.00899700029451761,2.45785336674964e-05,""
4111,-0.11889848148567,-0.042985243008881,0.0276077976162778,-0.134275926878273,-0.367552705278207,0.077749380414123,0.143767699332536,0.0484140632977827,0.124503380522919,0.00393118045542959,""
4112,-0.126325331010878,-0.013771891931807,0.0485617323282566,-0.0915354906144285,-0.234927490746608,0.149192288962436,0.176600102847146,-0.0635217801260711,-0.14017589063902,0.00521556236999659,""
4113,-0.11110129856485,-0.0344325324152807,0.0399805195611769,-0.105553311418954,-0.350069505887069,0.117967956242944,0.185579690082724,0.0233099014741261,0.0304631795062175,0.000241818006009404,""
4114,-0.139942465841233,-0.03025978314983,0.00588224082903688,-0.164320008162026,-0.431361520394254,0.019220886951441,0.139200845897003,0.0745899035899435,0.212331032117,0.0136984220989427,""
4115,-0.119114644857784,-0.0148515145135128,0.0281435432549207,-0.105822616116376,-0.341807165053934,0.0955062816165364,0.161090063767911,0.0107230646626746,0.0542057831039539,0.000850917836736747,""
4116,-0.12639542082068,-0.00275277510658608,0.0218259173199209,-0.107322278607345,-0.305988078891382,0.0741527805670295,0.103762841247059,0.0262041937124638,-0.0533158014334227,0.000752761348635409,""
4117,-0.241980288930139,0.00999148633265348,0.0151318631197992,-0.216856939477687,-0.312284933049383,0.0514834746045539,0.181674366193292,-0.0859898959303945,0.0567160390311294,0.000988568559146573,""
4118,-0.132745875523405,-0.00353551546245982,-0.000241540304825846,-0.136522931290691,-0.324003620862944,-0.000794098436093689,0.184133941665986,0.000687885083699313,0.22298862422131,0.013634002574748,""
4119,-0.104828186051026,-0.00399221064904552,0.0130480064049616,-0.0957723902951101,-0.419401755991556,0.0438714850528144,0.147756124054424,0.0593343359569878,0.128767152529202,0.00496540749547403,""
4120,-0.148169718724601,-0.0538838415524431,0.0246178832387543,-0.17743567703829,-0.38603331451213,0.0721560563811645,0.139896560639985,0.066952489087536,0.0299739285214656,0.000234600598812646,""
4121,-0.128567893154153,-0.076174657912652,0.0107901167623707,-0.193952434304434,-0.407620980113736,0.0298455934102178,0.183349327627344,0.0464519897171991,0.0225455054694928,0.000123259581231884,""
4122,-0.16215060818419,-0.00227568595807642,0.0244369429243042,-0.139989351217963,-0.391757209404199,0.0790928108935262,0.18511863287286,0.0524474008704305,0.126319497691994,0.00495450353187629,""
4123,-0.143687065022016,0.00705192072074258,0.014113535782426,-0.122521608518847,-0.272982371831228,0.0458004962570502,0.181432913299327,-0.0493867304065288,0.0558055028142432,0.000864778279375255,""
4124,-0.1445909466702,-0.0306438330421966,0.0167391285088464,-0.15849565120355,-0.421585736407872,0.0443920490234397,0.190543951367772,0.0155725831974446,0.272897504505687,0.0222503017119444,""
4125,-0.18694674412251,-0.0118117916095596,0.0216178333579099,-0.17714070237416,-0.352764091410199,0.0596803968112308,0.183746363997013,0.0265909241084835,0.0365489831853874,0.000389426742442769,""
4126,-0.13452586582574,-0.0467822596517839,0.0279581276932666,-0.153349997784258,-0.455006990747482,0.0855282509837852,0.17801424067419,0.0941953791533889,0.204046695568813,0.0128226520771563,""
4127,-0.108350799038015,-0.0242427773211975,0.0326700124479861,-0.0999235639112261,-0.401342911787244,0.0971333845656108,0.144788805039749,0.0392171085266495,0.0804226184179379,0.00196545679927128,""
4128,-0.143461820169128,-0.0368590635420228,0.0364936242255096,-0.143827259485641,-0.325122850935215,0.120871425637952,0.155179462895988,-0.00407075102997665,0.0827505820264372,0.00178663701517745,""
4129,-0.120032255450681,0.00422984409777902,0.0253990585535453,-0.090403352799357,-0.321096200933859,0.0853813772718372,0.159854740773082,-0.00786079545565622,0.0726519902723879,0.00154889678131197,""
4130,-0.106384868718183,-0.0391595522900003,0.00695393798265761,-0.138590483025526,-0.328056569082758,0.02158527825927,0.215908424733199,-0.0567657792772008,0.209584841353494,0.0111267065697342,""
4131,-0.144729334454763,-0.00982791631909727,0.0301610369990793,-0.124396213774781,-0.365272086458134,0.0874976795294487,0.246855923669142,0.0995957115526458,0.215402615314057,0.0145473744252298,""
4132,-0.155862991734789,-0.0531172713808586,0.0362495109818488,-0.172730752133799,-0.354933509307921,0.102277561708107,0.174365895509088,0.0328909302056288,0.0703537480258592,0.00126525338139615,""
4133,-0.128773154868385,-0.0324956224020169,0.0268414261013133,-0.134427351169089,-0.368099181126643,0.0843026423749807,0.167765490564323,0.0274104270542116,0.053868597136757,0.000840178741823796,""
4134,-0.143401126112822,-0.0079927664473666,0.0225437681827369,-0.128850124377451,-0.350873687063958,0.0655230009328982,0.184650386165826,0.0675992926786428,-0.00562687959924147,8.82520528926263e-06,""
4135,-0.153018545091254,0.00132787505526932,0.0194243202851935,-0.132266349750791,-0.318905202766522,0.0600528367004201,0.221671648509161,0.00465354951771761,0.0286223468097425,0.000252599378898966,""
4136,-0.130412515228834,-0.0403143047147932,0.0154876221174492,-0.155239197826178,-0.375467955472834,0.0437256443880669,0.221484126875279,0.0707004502634051,0.16664174004096,0.00764478134261191,""
4137,-0.202032969579708,0.0268991305135217,0.00818591639718067,-0.166947922669006,-0.292291627378094,0.0275492276060049,0.233515918201267,-0.0551148661225096,0.213643085293258,0.0139524573919473,""
4138,-0.156564088628565,-0.0387946037985112,0.0417759490699949,-0.153582743357081,-0.315630295224703,0.123076399665223,0.201598790703409,0.0180586063796761,0.186639462691096,0.00958152128881779,""
4139,-0.15298787384507,-0.0104558825089592,0.029979659929971,-0.133464096424058,-0.303935930882358,0.0815966417124335,0.204531949577689,0.0325073771946752,0.230361317702028,0.0152198209415717,""
4140,-0.141206899089783,0.011561920070734,0.0376349770680828,-0.0920100019509664,-0.366953007235496,0.134258480213215,0.136838406448069,0.0123854404738952,0.0689254409543417,0.00144263300887973,""
4141,-0.160375467878848,0.0015869925505173,0.026373421203633,-0.132415054124698,-0.321020308013006,0.0736181799775686,0.192956918921003,0.0134476334608013,0.175638413323668,0.00910265464174315,""
4142,-0.113830142694892,-0.0111705632476792,0.024682352433826,-0.100318353508746,-0.344333122711246,0.074317803074921,0.153016967720381,0.0262130214256071,0.0437075918731983,0.000530427415319862,""
4143,-0.142637931995131,-0.0120481536353521,0.0356770999323967,-0.119008985698086,-0.366586934677009,0.102255851346464,0.192353069135623,0.0237764292951006,0.0753886790217765,0.00154936034423695,""
4144,-0.1220186641927,0.0261403012329783,0.0224833748112037,-0.073394988148518,-0.318946556720108,0.0735104514876131,0.150710491184258,-0.10033299430289,-0.0693146361483229,0.00136855348315526,""
4145,-0.138915264796824,-0.0299458397625243,0.0141747755660704,-0.154686328993278,-0.332189162205394,0.041364010814757,0.242246395906062,0.0151665667389931,0.1062203578753,0.00305621961072842,""
4146,-0.134339983588582,-0.0620256237564059,0.033153174250704,-0.163212433094284,-0.372753332594713,0.0954559044082724,0.168250684122396,0.0341951369056421,0.144503482514464,0.00505685429416365,""
4147,-0.129816805442286,-0.00759966184503864,0.00919829619828958,-0.128218171089035,-0.317852770784053,0.0269167846216953,0.174826016624719,0.0288885148339324,0.0262587042346349,0.000192992721886846,""
4148,-0.111952599850728,-0.0305392743502843,0.00470356736783161,-0.137788306833181,-0.392014701197775,0.0119883670693416,0.236244182207362,0.056096538253959,0.0763654729600916,0.00160065719101837,""
4149,-0.112457430667163,-0.0252395672320492,0.0202794728776025,-0.117417525021609,-0.38647239669759,0.0647214560628286,0.131931726384546,0.0755253218602232,0.123773655364841,0.00442304402270101,""
4150,-0.160956550943143,-0.0415341090858705,0.0479276814693018,-0.154562978559711,-0.373850476851031,0.14449836598752,0.185158893823534,0.0523343995131704,0.237534692140942,0.0173355369972369,""
4151,-0.225850120652578,0.0103392530863724,0.0371309802399504,-0.178379887326256,-0.296876657834201,0.111417353596695,0.224533041734437,-0.0512506000259813,-0.00515283167292357,8.35835411447632e-06,""
4152,-0.130958929713426,-0.0157000571062955,0.0379156533212737,-0.108743333498448,-0.317869611756356,0.12851834482061,0.203469739537536,-0.0346514453313053,0.145398968639159,0.00640988938604405,""
4153,-0.118820379528919,-0.0396395723731684,0.0194860848273125,-0.138973867074775,-0.420397578956999,0.0535736788862582,0.172189561525966,0.0493514396624093,0.223566831136075,0.0139534336748783,""
4154,-0.173679050247675,-0.0104733386797468,0.0132338441448137,-0.170918544782608,-0.313673376299509,0.0415385091871163,0.213711969489805,0.0288462115599079,0.0661194187410023,0.00122531859917618,""
4155,-0.22336230830611,0.0257650803843867,0.0207379882708866,-0.176859239650837,-0.281694444939547,0.0539125580049933,0.215609442197907,-0.0266395714795891,-0.00343192189584707,3.48916781501922e-06,""
4156,-0.101894160342517,-0.0644790076820706,0.0353530304762727,-0.131020137548315,-0.414618390163137,0.106806211026062,0.148740120074151,0.0299024011217546,0.260667694821831,0.0181953969909691,""
4157,-0.115791037314633,-0.0356124743896613,0.0187239267296157,-0.132679584974679,-0.241817283272982,0.0608784260533306,0.253342755857452,-0.10475978065905,-0.116758889958136,0.00313108922319684,""
4158,-0.11881865902712,-0.0393603947136801,0.0143668014107338,-0.143812252330066,-0.308123036557633,0.0495097846900772,0.237273400415751,-0.109770406709651,0.162632978478597,0.00680722041601245,""
4159,-0.1229854983768,-0.0344040244913877,0.0504611907910005,-0.106928332077187,-0.381874757746764,0.152125695754353,0.126308214294814,0.0729257897895092,0.187630812441824,0.0107074350312773,""
4160,-0.106840939747635,-0.0110957398925532,0.0149936455253714,-0.102943034114816,-0.177091535858232,0.0407257874085727,0.29913463473881,-0.0720014678866583,-0.0121196867631276,4.16217273913779e-05,""
4161,-0.107884782652014,-0.030634912523863,0.0316271547273497,-0.106892540448528,-0.345893874928122,0.0955835393150143,0.211323814277979,0.00760777850085713,0.145150206871891,0.00606829393877361,""
4162,-0.157333549788223,-0.00512243560835028,0.0479862230010071,-0.114469762395566,-0.389414287841671,0.138531400467045,0.198237286156214,0.0245438136917376,0.14004738583033,0.00637304472496592,""
4163,-0.186059978533939,-0.053206535215723,0.0679987784454458,-0.171267735304216,-0.4135145307098,0.175412249339536,0.257348568179097,0.0635544279571657,0.166203776179227,0.00888215045968373,""
4164,-0.120940528913907,-0.0175310222076639,0.0382197725182175,-0.100251778603354,-0.464402097099922,0.120319750738573,0.136081639182933,0.109028686666617,0.11523785745896,0.00440561929102236,""
4165,-0.154876556789446,-0.0209520716354717,0.0215021709400397,-0.154326457484878,-0.367572078913137,0.0656834309111481,0.132824586720199,0.0923387971594303,0.121008162047581,0.00391583823624569,""
4166,-0.118350764227185,-0.0349852722386876,0.0437493786475369,-0.109586657818336,-0.404458428522922,0.123492986767163,0.180382818802334,0.0681684202895575,0.112265223503195,0.00389599469294808,""
4167,-0.112467921187565,-0.0273421844319197,0.00665241682543522,-0.133157688794049,-0.34463994822686,0.0211517821946115,0.124713539909887,0.0429884332080596,0.0637463815903767,0.00107939955579944,""
4168,-0.145751694327459,-0.0275342579535282,0.0387803853437665,-0.134505566937221,-0.305856895119306,0.125933568974663,0.18087109157456,0.0205736224528768,0.195818601361138,0.0113402845808501,""
4169,-0.159595835713736,-0.0101646574398124,0.0318942387022482,-0.1378662544513,-0.2658854386503,0.101174750125616,0.134668951791105,-0.0487637298558616,-0.0757576185345273,0.001554094801164,""
4170,-0.113488007345486,-0.0219071231270316,0.0333381789011184,-0.1020569515714,-0.357139419221343,0.101767236331796,0.179658263953289,0.0484580912118376,0.0911741789449168,0.00244517603050426,""
4171,-0.0734548681352459,0.00228408122672508,0.0165029507493875,-0.0546678361591333,-0.361549742150123,0.0494442462479466,0.0946534005886565,0.0212888870619848,0.10859962695123,0.00342089665176105,""
4172,-0.17116919244163,0.00375071989685072,0.0222224261198069,-0.145196046424972,-0.354330188214458,0.0650777374377122,0.227021416506649,-0.0149421471077188,0.119433951930809,0.00437647674032727,""
4173,-0.121814690160818,-0.0555948506577931,0.0206609443806473,-0.156748596437964,-0.416117279985946,0.0661267379535674,0.153315350665015,0.0596791459686926,0.0627272965520814,0.00104391146345322,""
4174,-0.109146562634202,0.00823289017500118,0.00280913597869512,-0.0981045364805057,-0.398966442404166,0.00745380156958945,0.135773256173957,0.0348330048719217,0.16546868329798,0.00810320944149866,""
4175,-0.145056471307376,-0.0552116441434911,0.0116165277488564,-0.188651587702011,-0.363539971289533,0.0290468094290071,0.209167238924998,0.0142496569700646,0.0265112074594564,0.000173588055004794,""
4176,-0.125251444161543,-0.0169106726717095,0.0080917345898617,-0.134070382243391,-0.362748404187312,0.0227762419491176,0.20656690954617,0.0248698539650342,0.0131584609918457,4.97395507052376e-05,""
4177,-0.104552809677326,-0.0358567700692788,0.0281555975777007,-0.112253982168904,-0.378868761582226,0.0828039161413877,0.179888824289691,0.0451787997371825,0.165580697826357,0.0072373121602005,""
4178,-0.158421420005164,-0.0339872612057582,0.0420691969144928,-0.150339484296429,-0.362650218289951,0.143699022110175,0.1948148306248,0.0347766220409042,0.0734366128078242,0.00164212208963055,""
4179,-0.142126402008592,-0.0207368898046878,0.0217369969017729,-0.141126294911507,-0.368881604169076,0.0618755017156653,0.154423738391757,0.0350633887054087,0.027166891745945,0.000208540519584602,""
4180,-0.138354833798273,-0.0384594489627236,0.0334018818218526,-0.143412400939144,-0.386544473357141,0.10507089721575,0.181961899056659,0.0619513447859547,0.124274064398161,0.00431501627282358,""
4181,-0.142887627872925,-0.0299986224830259,0.022482259672926,-0.150403990683025,-0.384782605571831,0.0605391767665855,0.220855906691759,0.0775381642495959,0.119876083037041,0.00425430542744751,""
4182,-0.117157818023074,-0.0487586495108833,0.0131118151249026,-0.152804652409055,-0.396671478329662,0.03490597532764,0.167343078571441,0.0560509562259057,0.226969003098519,0.0130379933842843,""
4183,-0.15735183806783,-0.0285391363311755,0.0233472209908075,-0.162543753408198,-0.389827570366526,0.0638172852399971,0.198088446383748,0.0109790414106821,0.0763935720402797,0.00176320299952248,""
4184,-0.122617586240462,-0.0217016467359957,0.0147479117084508,-0.129571321268007,-0.299962518785265,0.0496938880699107,0.175444170215393,-0.022302408516746,-0.0321105491267573,0.000270976846505614,""
4185,-0.144677822626953,0.0050818650514153,0.0154899518259011,-0.124106005749637,-0.294803827382901,0.0417310456584473,0.227553816201793,-0.0376391418586708,-0.0480855423895144,0.000679687459534226,""
4186,-0.10707567460214,-0.0481310959334072,0.0378272530223058,-0.117379517513241,-0.388929839889178,0.112775024677392,0.180764004910329,0.0860689279854251,0.0789031216240646,0.00181165473437512,""
4187,-0.105785028610127,-0.032344328248409,0.0334061849227151,-0.104723171935821,-0.381064552037848,0.0938443191344486,0.230179741880971,0.0651610270049302,0.164446418932612,0.00706441589256506,""
4188,-0.14599188461106,0.00338720567594061,0.0267231662701231,-0.115881512664996,-0.27527019876736,0.0826199325084704,0.211488669802563,-0.0120109116022396,0.0348348503364803,0.000331090221404123,""
4189,-0.148635366709818,-0.00942151098379869,0.00302137649166154,-0.155035501201955,-0.372244916297681,0.00937800173023657,0.169604038538531,0.0485561365108201,0.209991720068001,0.0132780818262253,""
4190,-0.193424761969946,-0.00093798500340083,0.0350851412733513,-0.159277605699995,-0.284759259979723,0.111214099065307,0.162570366903527,0.00418250493101246,0.0394358910539396,0.000460496764954171,""
4191,-0.176889393780665,-0.0321288749048453,0.0315588077219391,-0.177459460963572,-0.404256243253689,0.101107585446956,0.163276554939278,0.0713664476050453,0.246408738071705,0.0183115268997275,""
4192,-0.145874353839891,-0.0374403595928311,0.0151514839488823,-0.16816322948384,-0.318982293730184,0.0475759302107775,0.197351502468559,0.0428639957698155,0.0198893760016909,0.000109148806516062,""
4193,-0.177819536729274,-0.0194096339136133,0.016257157765818,-0.18097201287707,-0.299840275636479,0.0479809773526911,0.232344107947515,-0.0237913518329089,-0.0682828468704224,0.00127705204773422,""
4194,-0.186843946215286,-0.0284699261649942,0.0218732583910969,-0.193440613989184,-0.357295757343275,0.0621372392669587,0.200506478221109,0.0196282007969571,-0.0974841110226242,0.00246034119526487,""
4195,-0.153284013380344,-0.0502601058820753,0.038649824958274,-0.164894294304145,-0.332466658114379,0.113457868059319,0.197615195943946,0.0269531462035097,0.0989684467867642,0.00272065373187648,""
4196,-0.151372661679766,-0.0698726148287221,0.0471053817846186,-0.17413989472387,-0.414206517099192,0.13376237732912,0.16333066936776,0.0711566363200348,0.0872873180111184,0.00200948767614887,""
4197,-0.122442014648572,-0.0160344228576959,0.0159733315191628,-0.122503105987106,-0.37021977803526,0.0458010273323369,0.136188188199626,0.0523433179009929,0.0527664759338663,0.000784106399781971,""
4198,-0.165990815941395,-0.0350997850924266,0.0462825169962447,-0.154808084037577,-0.40117103529756,0.125423009799962,0.208470393945793,0.0735435392163395,0.106664499770353,0.00348400797436222,""
4199,-0.152691636098583,-0.0130089868149513,0.0318612004942878,-0.133839422419247,-0.333521168512907,0.0925659073196658,0.181738287997761,0.0515352208015164,0.027872957588292,0.00022697814287835,""
4200,-0.147976903383692,-0.0205492948609289,0.041801337517409,-0.126724860727212,-0.359050495506629,0.134475897096022,0.223621025799674,-0.00232147710953355,0.118506036393074,0.00429301053558718,""
4201,-0.15842247483537,-0.019380187752232,-0.00682953632376705,-0.18463219891137,-0.436058958322161,-0.0196973913118864,0.148506574709027,0.0422522878277242,0.137489938693436,0.00594094459662981,""
4202,-0.107035230116536,-0.0147402189162072,0.0105565504768328,-0.11121889855591,-0.379175531962289,0.0329679694778963,0.0957917788280398,0.0714018304735779,0.115095074485863,0.00355616340317917,""
4203,-0.166523080850755,-0.0247385583755404,0.0130083511132378,-0.178253288113058,-0.297776789916778,0.0351450388956603,0.199725347185518,0.0246229550545604,0.126377194079722,0.0041870585875636,""
4204,-0.123032474337568,-0.0419306673354809,0.0488318523611935,-0.116131289311856,-0.346740079789714,0.143413452658922,0.169580449912725,0.0405875530413665,0.0235108823238896,0.000156143515274063,""
4205,-0.164681986221213,-0.0356191278621367,0.0270055165741434,-0.173295597509207,-0.314859498483711,0.0792651714982102,0.211929090101913,0.0190326829596888,-0.0758465692688176,0.00149207315327572,""
4206,-0.169983861500885,0.0305396366374067,0.030035529035029,-0.109408695828449,-0.320783570771902,0.102136024839919,0.172717051471451,0.0162756761765573,-0.0358549741933614,0.000383329930872076,""
4207,-0.107547682965357,-0.0630028911217404,0.0161010970636336,-0.154449477023463,-0.46089475569592,0.0506299696703443,0.139473001138595,0.0646427272373912,0.291482437362691,0.0249150230747457,""
4208,-0.150727671744164,-0.030155734494295,0.0247127446494525,-0.156170661589006,-0.387275763134688,0.07606138876928,0.227335677577773,0.0678057231317407,0.0946398423588602,0.00277422896277946,""
4209,-0.140025568855234,-0.0233774190839915,0.0124659222001783,-0.150937065739047,-0.403345052680426,0.0365598272865125,0.187719568526326,0.0351396809019573,0.104334866801474,0.00316714117429029,""
4210,-0.126831849129122,-0.0374247897415441,-0.00903460417351022,-0.173291243044176,-0.401751965282918,-0.0244732053586229,0.126928467668815,-0.010401351807304,0.128145075514107,0.00419587326917263,""
4211,-0.133840786157056,-0.0308123762935459,0.01707323107539,-0.147579931375212,-0.353289003798404,0.0471416292596675,0.13468938584003,0.0551871306001265,0.0471467135703496,0.000545419002238351,""
4212,-0.0924273797103276,-0.0650483272989696,0.0219629820155836,-0.135512724993714,-0.399316619897847,0.0613742258050958,0.185729738171564,0.0146563742842316,0.15602280735354,0.00555410429756673,""
4213,-0.168500032845283,-0.00620288611782048,0.0197954938234904,-0.154907425139613,-0.309526453552036,0.0521410462550622,0.229172673154672,-0.000485878912525366,0.0067131789190821,1.36991757795153e-05,""
4214,-0.183580732080716,-0.0222681146472812,0.030998239906219,-0.174850606821778,-0.31383670155033,0.0976813865920791,0.21466995892033,0.0165318574168893,0.0670417041144311,0.00133451348578434,""
4215,-0.17015543693062,-0.0130795999861925,0.0235734634644584,-0.159661573452354,-0.298874360686589,0.0695887860435934,0.192172640403022,-0.00204146991213989,-0.00253462058331686,1.72135530450476e-06,""
4216,-0.16712374118863,-0.0220798328024943,0.0236079666523406,-0.165595607338784,-0.348888989654027,0.0684359905027067,0.171004529000233,0.0208225821465873,-0.0192871247406398,9.8464927501086e-05,""
4217,-0.121096220057151,-0.0653766231588859,0.0294173437694468,-0.15705549944659,-0.302664780342438,0.100862690803149,0.205212726985086,-0.016221171255298,0.063118332840911,0.000809658178412348,""
4218,-0.169943154820667,-0.0203009723133159,0.0160074972683583,-0.174236629865624,-0.294752370288003,0.0540365698430831,0.206272604388861,-0.00475101905631399,0.152995995692602,0.00588789263244067,""
4219,-0.139152930832621,-0.0272481375952443,0.0180898989123486,-0.148311169515516,-0.322334047918067,0.0446040183084212,0.227952410124921,-0.00787045605761905,0.0602718691328358,0.00102375428288607,""
4220,-0.134505922582992,-0.0330625232982215,0.0121318530150564,-0.155436592866157,-0.387144910970483,0.0344235843932712,0.123655668496877,0.0399477842312699,0.234267832899959,0.0153109190828078,""
4221,-0.16400273717055,0.0111031058679057,0.0256383720370529,-0.127261259265592,-0.302896075264421,0.0860737613747286,0.178338819869223,-0.0203246768623367,-0.0771761429694578,0.00177922848111921,""
4222,-0.121872864045022,-0.0281389571986554,0.014951150821001,-0.135060670422677,-0.335856947440281,0.0404575639505187,0.194423730084273,0.0693382803845714,0.0453802216948143,0.000516354163601675,""
4223,-0.0909530019424358,-0.0648904022660436,0.00343441908094131,-0.152408985127538,-0.349632854816793,0.00932368203216577,0.21895163204123,0.0486693348565186,0.142497613057249,0.00463381551110906,""
4224,-0.104729488432066,0.00587700236845947,-0.000642775426941324,-0.0994952614905474,-0.362228526494011,-0.00182242540046836,0.139812500594889,0.060615061719309,0.0965014225437859,0.00257232510355684,""
4225,-0.116413393587053,-0.0900241837354567,0.0619006672267492,-0.144536910095761,-0.459112447509718,0.16514941222558,0.176650180293377,0.0972277298225144,0.247495187706251,0.0163117816362207,""
4226,-0.146158102844954,-0.0240910734110499,0.0066261576194643,-0.16362301863654,-0.355275873152938,0.0180677582666473,0.220915212766551,0.0467984202240855,0.031759935839911,0.00027452770669197,""
4227,-0.121154014212668,-0.0577873357769362,0.0191328329375339,-0.159808517052071,-0.37439990625716,0.054274819055346,0.203233618759662,0.0440711851280895,0.0937450241140906,0.00209592335735974,""
4228,-0.0780594791196556,-0.0214393488858017,0.00647762454299186,-0.0930212034624655,-0.379070145088047,0.018509637299037,0.169818191239922,0.0985179478051587,0.147567417182452,0.00612078831151328,""
4229,-0.13785311469196,-0.000962927530054074,0.0354686196161256,-0.103347422605889,-0.386194335253314,0.112006058221401,0.159897081680522,0.085002675437446,0.18268624763931,0.0098022128078746,""
4230,-0.101302430225803,-0.0470024465424759,0.0233059921919242,-0.124998884576354,-0.363673520672193,0.0619978544993992,0.211494614126574,0.0399905064310748,0.0403409183059869,0.00045066059110244,""
4231,-0.103740206724359,-0.0211174425435849,0.00799702515138813,-0.116860624116556,-0.375467683058957,0.0215289126211912,0.19167135919116,0.0186701844367032,0.131373495321934,0.00487724933311433,""
4232,-0.112123082567239,-0.0445834481338493,0.0168979925630172,-0.139808538138071,-0.380191360323885,0.0502638204981096,0.138518348609576,0.0357120045185537,0.00375853973622875,3.67044119416703e-06,""
4233,-0.129800985878057,-0.0355325929259703,0.0153669615105169,-0.14996661729351,-0.368866687954802,0.0497226054164009,0.185904119420889,0.0457426224694205,0.0105023188854476,2.90487010942336e-05,""
4234,-0.131309254084731,-0.0361148603680273,0.0186180021478329,-0.148806112304925,-0.358235965053264,0.0527483808979808,0.196343178648539,0.0258666552892133,0.0691743712968758,0.00131150772064543,""
4235,-0.125369705211924,-0.0289416724753579,0.038759531643298,-0.115551846043984,-0.330807634197184,0.120247461333537,0.117677891787009,0.038056445025078,0.0757785573327779,0.00157801911741915,""
4236,-0.134980222875327,-0.0291279627788349,0.0477281789856239,-0.116380006668538,-0.321648944085888,0.149403930813074,0.11939174690257,-0.0824211458177964,0.0563041138979475,0.000922489389688362,""
4237,-0.188367280039849,0.0195025100345687,0.0125648335895034,-0.156299936415777,-0.427126230592231,0.0368697325441763,0.149403940688235,0.034807853008974,0.14716403469741,0.00686363468308647,""
4238,-0.152127085173571,-0.00816218607082175,0.0364756533371372,-0.123813617907256,-0.317481800325617,0.122439034585346,0.181795265714013,0.0265457449283948,0.129631732342221,0.00502843046645681,""
4239,-0.127398155478961,-0.0390609987626929,-0.000432029463744367,-0.166891183705398,-0.368017561015653,-0.00106556172405016,0.176451546817219,-0.0570102007636418,0.113304971829586,0.00364406221346825,""
4240,-0.178015063217754,0.00360031631527099,0.0179339321722271,-0.156480814730256,-0.328765124755235,0.0473773671025135,0.219971141837461,0.0266429304177831,-0.0375977424736858,0.000430926702507746,""
4241,-0.156516459954637,-0.0384591646773814,0.0032705950812243,-0.191705029550794,-0.332644753598565,0.00816405005297174,0.227996896462665,0.0353520936961627,0.0450230554365117,0.000638277250866448,""
4242,-0.122011792911394,-0.0356097026973276,0.0376808699963938,-0.119940625612327,-0.41303926834019,0.113492340476098,0.10769858640343,0.088032726223594,0.257046184024493,0.0198445934603411,""
4243,-0.149192828640832,-0.0246166338214519,0.054019483375364,-0.11978997908692,-0.344366059624602,0.162294597509844,0.19248532677354,0.0167522672838328,0.150803422257701,0.00662649557677783,""
4244,-0.167527199200193,-0.0290266823803272,0.0348220403926,-0.161731841187921,-0.362820788590269,0.0972953749172537,0.260857208122228,0.0732329966390182,0.144847547698898,0.00641085538570769,""
4245,-0.143567080406152,-0.00371096743447841,0.0238516548757304,-0.1234263929649,-0.298096805268837,0.0758694241617882,0.229602515962931,-0.0259922148625301,0.0547629636076606,0.000895515534926622,""
4246,-0.125994484065406,-0.0351303855356057,0.0197991041058952,-0.141325765495116,-0.321184355924288,0.0621066445300984,0.219907360648465,-0.0138818426952423,0.127167077027096,0.00446194185063242,""
4247,-0.118132781346997,-0.0502286842973021,0.0095281263117874,-0.158833339332512,-0.372567528244844,0.0265290514738344,0.228236506295503,0.0645572465813234,0.063188678445775,0.00110431942088856,""
4248,-0.165841363276118,-0.0128513670543947,0.0436490936496519,-0.135043636680861,-0.228377237172511,0.131060091146974,0.226739006881301,-0.0548759225995447,0.0632061669565346,0.00115299065991258,""
4249,-0.12590625570748,-0.00210608352625888,0.0304585225234325,-0.0975538167103063,-0.361084649651764,0.100268292228134,0.170269422925812,0.0289418275944238,0.030031222342702,0.000277389917021482,""
4250,-0.126997467332147,-0.039836605816025,0.0317739031589642,-0.135060169989208,-0.316975158111274,0.105269703784655,0.193715438244909,-0.0326820205920329,-0.00865349945495971,1.86826733819824e-05,""
4251,-0.152264121656691,0.0268157893162524,0.0148530193662106,-0.110595312974228,-0.387297876633887,0.0404307105043626,0.253062305845605,0.0527094520395814,0.10255614958882,0.00346265961557014,""
4252,-0.143267924120203,0.022127342263555,-0.0128767023018988,-0.134017284158546,-0.363100007255676,-0.0322074894148252,0.235011330014228,0.0637605590809541,0.161419531922096,0.00782232246532514,""
4253,-0.150815828062845,-0.0209116988904176,0.041975528320983,-0.129751998632279,-0.412634786300811,0.120320416702461,0.195596795741125,0.0544070655534858,0.101392072250825,0.00323174039122705,""
4254,-0.120110730607363,0.0133447147660231,0.0273208681077338,-0.0794451477336061,-0.31830523701156,0.0868864151467232,0.202275355042838,-0.0411331808553319,0.0764300574099941,0.00173117227700068,""
4255,-0.107458297628559,-0.0685228052770142,0.0419528952402579,-0.134028207665315,-0.392050172790476,0.130215608053412,0.209571959895259,-0.0956297353415201,0.151306291473428,0.00647103436562815,""
4256,-0.140316549510437,-0.029049678140472,0.0250198941671978,-0.144346333483711,-0.34684031413259,0.0758186631091985,0.162492759004227,0.0740654654415158,0.169135696017941,0.00789601271692102,""
4257,-0.107140222767899,-0.0201426038570411,0.0336452570431053,-0.093637569581835,-0.369480731618356,0.0933272140953962,0.163563218809467,0.00335743421073467,0.0215228610699433,0.000130207902022571,""
4258,-0.12610771508963,-0.013628208983538,0.0216291317063482,-0.11810679236682,-0.337905017391958,0.0690819712695008,0.205593983635756,0.0102207691744639,0.122580604954019,0.00440767845557858,""
4259,-0.125313037467572,-0.0503685355911893,0.0309977285175027,-0.144683844541259,-0.402457761962087,0.0867499777674669,0.157363358028658,0.0988876031566337,0.247041775435303,0.0156927833363223,""
4260,-0.126759644382565,-0.0465845880613347,0.00762968045470584,-0.165714551989194,-0.294437502762941,0.0216567699147954,0.210867559738497,0.0131353665612545,0.0467820307936191,0.000529348668912993,""
4261,-0.178766402132027,-0.0220200312301152,0.0179993902394845,-0.182787043122658,-0.281428881014329,0.0731276052982007,0.147614699990251,-0.0107912578031203,0.00142479374109321,5.54565852719016e-07,""
4262,-0.139308054059594,-0.0312825535491148,0.0105781357445682,-0.160012471864141,-0.3598432466353,0.0269448882603023,0.134447553654292,0.034393214788476,0.014828964545183,5.57255228299874e-05,""
4263,-0.185672038472956,-0.0159431435012833,0.0155242671158824,-0.186090914858357,-0.303071542102874,0.047773813048696,0.159030359154077,0.0288729677276155,0.118992180886285,0.00411482799160292,""
4264,-0.124976308698448,-0.039554406243138,0.0264369006555446,-0.138093814286042,-0.366976047410569,0.0812426790892429,0.150132850433818,0.0684695903221307,0.157038368978307,0.00679292764154254,""
4265,-0.145206764102849,-0.0302267168992239,0.020112339057962,-0.155321141944111,-0.415399223266608,0.0587899299376425,0.235782270529524,0.104501864220033,0.0982773771657059,0.00296700094206532,""
4266,-0.182839425853582,-0.01320906380703,0.0249527253209533,-0.171095764339659,-0.421636328876355,0.0737645205933165,0.119106830376723,0.0420415729703051,0.0955169225659985,0.00281696994708789,""
4267,-0.146305340916264,0.0100205630500587,0.0329803115700505,-0.103304466296155,-0.351098636713469,0.0959389205842508,0.206841898147791,0.022718977995897,0.0804955685434812,0.00197928644725399,""
4268,-0.19654278756588,-0.0421691731721782,0.0337165745437019,-0.204995386194356,-0.370988505951427,0.0947911759126063,0.250216961210564,-0.0563292063804935,0.139693317808961,0.00529904899680752,""
4269,-0.152832669128958,-0.0461925029379915,0.0229498899317133,-0.176075282135237,-0.367985656954187,0.0634189808233332,0.206724020096034,0.0859509836102485,0.161112099658837,0.0066036437445359,""
4270,-0.117582357927693,-0.0238158316031027,0.039703103998544,-0.101695085532252,-0.330115211542438,0.118077601157145,0.161495135061038,0.021225521001912,0.0231884011412621,0.000150344643904687,""
4271,-0.165873182742666,-0.0489154548233402,0.0360877616367912,-0.178700875929215,-0.369043084865645,0.101522743116841,0.16830446546617,0.00158521499572916,0.170094824936845,0.0084694996137309,""
4272,-0.130934623993554,-0.0370844656656805,0.0177246685872853,-0.150294421071949,-0.272102049259123,0.0522415222863872,0.187409464108075,-0.00538138492392445,0.0505091155481362,0.000663179110614461,""
4273,-0.142866311541925,-0.0103269160718585,0.0108251130770984,-0.142368114536685,-0.273329831147611,0.0320938089702288,0.17372505398871,-0.0077778571059295,0.0392065488186076,0.000398874464501915,""
4274,-0.141078330590077,-0.0348600329571774,0.0268571399794237,-0.14908122356783,-0.404891555186258,0.0793693166942092,0.120672331689264,0.011007473051937,0.208882879780425,0.0127002023572458,""
4275,-0.128198694383356,-0.0402596152779902,0.0288285297347147,-0.139629779926632,-0.389171231106204,0.0798998843208409,0.171058150078261,0.0616235982076859,0.0835500377328222,0.00194019253955257,""
4276,-0.157875638329827,-0.00718338524775654,0.0371852473357483,-0.127873776241835,-0.353788192054203,0.122960722585743,0.214759181083863,0.00956559972713194,0.110211166212025,0.00386640906220606,""
4277,-0.13013978847176,-0.0484846945776231,0.0234719188608868,-0.155152564188496,-0.457453041804691,0.0590901539847365,0.210625656669337,0.02877500767443,0.376217749443796,0.0435766426972461,""
4278,-0.127772650623646,-0.0466861643809714,0.0318177389581918,-0.142641076046425,-0.349999952603357,0.0991959167183893,0.172484142849994,0.0275846301358459,0.00134762358074161,4.68160371436969e-07,""
4279,-0.129611158010556,-0.000560413796381054,0.0480071283825838,-0.0821644434243533,-0.355219790608537,0.143792907565625,0.219094894744033,0.0484075068456577,0.16241065414507,0.00802878217521411,""
4280,-0.101755205487991,-0.0445314034408303,0.0515800079944238,-0.0947066009343975,-0.353412756076061,0.149085803767113,0.236839094412357,0.0425809222883463,0.104880570793448,0.00309957514338881,""
4281,-0.0902224736769094,-0.0458284416299128,0.0278334975047554,-0.108217417802067,-0.369982265743962,0.078220583598873,0.160233801838012,-0.00802839269502517,0.211215346081284,0.012509645263685,""
4282,-0.109672149354493,-0.016720022149603,0.00788930214710003,-0.118502869356996,-0.427575759230435,0.0221681093634594,0.112837672361416,0.0445729867755892,0.15896995374172,0.00707064662628102,""
4283,-0.15796135259039,-0.0397935301608059,0.0353751741213395,-0.162379708629857,-0.423700608508064,0.117404940791095,0.18034301310219,0.0604560955618708,0.233896953743627,0.0169911927479443,""
4284,-0.159736807529948,0.0149835713863492,0.00594026537567989,-0.138812970767919,-0.357485197177133,0.0179253923379983,0.169186086393298,0.0629067276681847,0.149058503337675,0.00650696611713161,""
4285,-0.137939184156199,-0.0770062787197957,0.0130409258537218,-0.201904537022273,-0.351176494920572,0.034793562291887,0.226116364534675,0.0149998875765538,0.0741763316576037,0.00122439868050177,""
4286,-0.128847606803941,-0.051143212833778,0.0226490444251193,-0.1573417752126,-0.460081651514145,0.063160154362268,0.176156034073224,0.0855673716161161,0.110255967758331,0.00339329548891314,""
4287,-0.131107913903379,0.00472937233639756,0.0501356525997841,-0.0762428889671971,-0.407456300280468,0.130154198310424,0.165292279659321,0.0498414870198626,0.0863698983970005,0.00232661376136195,""
4288,-0.20447699755904,0.0122776890537501,0.0237736684833698,-0.16842564002192,-0.368488118965769,0.0704234943200004,0.208524423122273,0.0669531859716043,0.0616472811914604,0.00121517044349901,""
4289,-0.130925475017263,-0.043453773256158,0.0285759344851753,-0.145803313788246,-0.385086156694091,0.0785130489432194,0.23199581615167,0.0845243974056094,0.140736865249729,0.00552366524220611,""
4290,-0.138960661874297,-0.013141347241792,0.0197393355870348,-0.132362673529054,-0.386627740720155,0.0549156413999312,0.198883952821756,0.0271404624862246,0.213606093539298,0.0136984153694688,""
4291,-0.13610679043506,-0.033762911017884,0.00809011109535037,-0.161779590357594,-0.392503595745636,0.0214778634901663,0.150555914879968,0.0383308762474367,0.108919989790388,0.00311915488206741,""
4292,-0.115800698246403,-0.0268248709845389,0.0151834543765719,-0.12744211485437,-0.354502852466691,0.0429191419429269,0.113058640686037,0.059890895625378,-0.0512878897472596,0.000700346118382888,""
4293,-0.181807734157548,-0.0329738103550386,0.0334038714189027,-0.181377673093684,-0.41551479365023,0.0907113898170435,0.228604886330092,0.0923351817609105,0.13740009773232,0.00580760962894328,""
4294,-0.169772346243586,0.00636686868680912,0.0283873813258687,-0.135018096230908,-0.359685936183524,0.0995044496543905,0.11378623931638,0.0435683662101468,0.0789384923825575,0.00184307494126931,""
4295,-0.133724949310657,-0.0516960998002068,0.0308443174932729,-0.154576731617591,-0.40271111122997,0.0832615385168707,0.156371743689649,0.018886751435179,0.0314382388200325,0.000255263806231571,""
4296,-0.163270120950839,-0.0719073931229695,0.0399569636791379,-0.195220550394671,-0.407486262763978,0.117837600929064,0.166310423408434,0.0272098621354215,0.0675935126547746,0.00131304007539643,""
4297,-0.147628105924906,-0.03743291896633,0.0158656841313926,-0.169195340759843,-0.401294092847204,0.040163231977271,0.2268398532453,0.0619656852922783,0.219113336205862,0.0141543583921624,""
4298,-0.139092488854307,-0.0402097714925774,0.0143131425013962,-0.164989117845488,-0.386418053031317,0.0401026425029164,0.22666046795409,0.0455339473752955,0.0605339765264477,0.00104669594974994,""
4299,-0.12241828149625,-0.0560927364831509,0.0284291183215844,-0.150081899657816,-0.379094947045991,0.0809042024948566,0.194665385892431,0.0478604461900356,0.142183981632769,0.00535759655705019,""
4300,-0.111991693079648,-0.0130143340972064,-0.004327203257886,-0.12933323043474,-0.317666255686816,-0.0135698982997611,0.164477838100782,0.0167847498651877,0.21006268652733,0.0118124635252586,""
4301,-0.107638153860849,-0.0419503709511001,0.00627482653043674,-0.143313698281512,-0.417006979651495,0.0166954914185286,0.167146763004895,0.0106727272175324,0.145673971691478,0.00557274312564393,""
4302,-0.182511413460223,-0.00535156497055999,0.0214039484058119,-0.166459030024971,-0.408816668883291,0.0614013940086635,0.210177733501088,0.0592006952238505,0.175932763937274,0.0104872295667294,""
4303,-0.0777346259372397,-0.0536494076497637,-0.00405499566883182,-0.135439029255835,-0.392192103208539,-0.0119014141486317,0.145984665259084,0.0987341303720826,0.102622630337398,0.002539348325173,""
4304,-0.123163962810233,-0.0183126930594822,0.0112791721741577,-0.130197483695558,-0.379959969925612,0.0351443860039047,0.134213535295582,0.0637555579963253,0.120006978855669,0.00398365751022463,""
4305,-0.166365006210913,-0.0365035210938432,0.0275964551175662,-0.17527207218719,-0.340283607582344,0.0745525116511052,0.20995822431793,0.0419505913954025,-0.148638250826439,0.00585880154646122,""
4306,-0.141831700506867,-0.0121859921281277,0.02686429646114,-0.127153396173855,-0.300651504144424,0.0917413916121433,0.20777862889633,-0.0204383902897916,-0.0020222489776077,1.17913199442802e-06,""
4307,-0.11382989880134,-0.0281287496155938,0.00894153705143448,-0.1330171113655,-0.357595975307184,0.0275369534650865,0.215065831358893,0.0587902902965683,0.184062578212291,0.0092558600165663,""
4308,-0.147381707743925,-0.0239181475149371,0.0191444426871872,-0.152155412571675,-0.367182492808587,0.0576027923673996,0.240211721091429,0.0353046901744026,0.260199964528047,0.0198788970528932,""
4309,-0.119859842191822,-0.0627415932250975,-0.00688007060938053,-0.1894815060263,-0.408559424105091,-0.0167218065730303,0.232411783664378,0.0186407113825464,0.132936864367082,0.00455833670513569,""
4310,-0.128965407821834,-0.0437638330652297,0.019548888055812,-0.153180352831252,-0.381393736755842,0.0522099774091863,0.212498606309669,0.0901362297917181,0.111901061360535,0.0035586011379054,""
4311,-0.106816117613848,-0.0355612630226026,-0.00638861233390799,-0.148765992970358,-0.356045464626918,-0.0188784158099741,0.157102209198175,0.0253777528871362,0.190826214972255,0.00934166358244921,""
4312,-0.184297721770707,-0.0140999726801761,0.0268809040110844,-0.171516790439799,-0.406510086671743,0.0706263552068021,0.206913268236939,0.0432347792913556,0.118005972674366,0.00432585976185971,""
4313,-0.112250676023726,-0.0380842763367982,-0.00535393699561269,-0.155688889356136,-0.394115117852193,-0.0180702987584644,0.122005403546658,0.0345355475967565,0.0739687987528038,0.00135058147037618,""
4314,-0.182561219799156,-0.0354187769310658,0.0229161326364384,-0.195063864093783,-0.339780187524233,0.0649160767389617,0.211006052622275,0.0148029077630279,0.0896054265773975,0.00228937319363694,""
4315,-0.125037721826038,-0.0270715432821344,0.00512012395992928,-0.146989141148243,-0.378198701973112,0.0133081132628871,0.213572064033622,-0.0290400485361341,0.0892805943313639,0.00248522734353996,""
4316,-0.129558866010421,0.00266112515894105,0.00888514137044056,-0.118012599481039,-0.303719848999843,0.0243644350022161,0.171924126874939,0.0707531535506809,0.12491933577206,0.00435613159967435,""
4317,-0.146746795936329,-0.00938470785344358,0.0144928513862131,-0.141638652403559,-0.2993212614583,0.0401952555753525,0.195793522432563,0.0223300212040577,0.055484504081782,0.000871624414114891,""
4318,-0.143850597412026,-0.020153996945428,0.0250242555836761,-0.138980338773778,-0.397222269941023,0.0735477053096846,0.267014078287784,0.0658844716728555,0.182428872150815,0.0107376717648373,""
4319,-0.130692617724102,-0.0317604769316008,0.0201675258849366,-0.142285568770766,-0.328399322197109,0.0658336521947361,0.153128819406605,-0.00292915559007241,0.141998891132391,0.00524341804099294,""
4320,-0.109692431605695,-0.0800961379373125,0.0283131075549692,-0.161475461988038,-0.382547551573546,0.0913320832518086,0.165663535673298,0.0521046786892601,0.14709940965132,0.00501788091788757,""
4321,-0.0931193225242641,-0.0632222121191449,0.03978074217148,-0.116560792471929,-0.401207647562756,0.120086366437344,0.210124476978925,0.097573169163673,0.195446066412052,0.0103298079314935,""
4322,-0.140827253521602,-0.0244734830634806,0.025760980705503,-0.139539755879579,-0.367943280110716,0.0747630044888459,0.171170903577774,0.0157508545286172,-0.0246101686888307,0.00017326571051926,""
4323,-0.137687961642505,-0.00948970090113562,0.027582981951047,-0.119594680592594,-0.280222238798236,0.0854885653531389,0.197415715846005,-0.0560041717292934,0.00123232752914983,4.35348078892485e-07,""
4324,-0.153603570090877,-0.0403939597461623,0.0247085649453137,-0.169288964891726,-0.38646122881844,0.0743738965345184,0.196795534461115,0.0328096309778735,0.0869811489654867,0.00218311619055555,""
4325,-0.197014648147549,0.0230413519924225,0.0319292163875472,-0.14204407976758,-0.338758975443389,0.0954860344618398,0.21059034818025,0.0335779244729805,0.0688459070850428,0.00148662221542574,""
4326,-0.153212855888678,-0.0165170466605177,0.0300824633420395,-0.139647439207156,-0.393721801278978,0.084355768750917,0.210225102280154,0.0344845500689408,0.0623263931200665,0.00115757216715571,""
4327,-0.13156350541497,-0.0476769695374848,0.025436179333305,-0.15380429561915,-0.36277719932143,0.0861697042117064,0.190800469668694,0.0529221019962362,0.150053599307873,0.00590884975902568,""
4328,-0.150432260945858,-0.0241126568422228,0.0168978099516497,-0.157647107836432,-0.36920693015908,0.0478327353571084,0.206389848288191,0.0889863593850982,0.201257324166067,0.0117425473203752,""
4329,-0.158843412316011,-0.0151009274338699,0.00339360361846229,-0.170550736131419,-0.363678399523732,0.00890618663385444,0.159114129858972,0.015649150985205,-0.0348875225490948,0.000306645262693673,""
4330,-0.143712003091709,-0.0655166131449515,0.0151245144709239,-0.194104101765737,-0.353434598133891,0.0389078454795251,0.226939265389618,0.0171090072038408,0.0058341855358273,8.4134629179585e-06,""
4331,-0.0938290717204176,-0.0749164747574822,0.0214584586381087,-0.147287087839791,-0.416974193103195,0.0608431189058277,0.196517124287154,0.0976048909322505,0.235383482485828,0.013293962496361,""
4332,-0.167686783781992,-0.036312953759848,0.00562914672643006,-0.19837059081541,-0.376804054460726,0.0141480253580147,0.235373044421616,0.0929629020802991,0.189848761127889,0.0107678093415291,""
4333,-0.138222422309998,-0.0454915407836724,0.0109168775705185,-0.172797085523152,-0.29618546874968,0.0346673571616502,0.292764576025091,-0.0454851914882072,0.151569870980155,0.00630773843292779,""
4334,-0.152023291866464,-0.0209869871730426,0.0174081711483931,-0.155602107891114,-0.30820292670081,0.0511112531330768,0.217495328632321,-0.00753305095690781,0.0447975901249742,0.000577699405881639,""
4335,-0.154779536977061,0.0151306984206531,0.00696125233970205,-0.132687586216705,-0.313235666519682,0.0206135134675381,0.182388453210417,-0.00938522480166471,0.0829136397303471,0.00197728474807815,""
4336,-0.171349944947842,-0.00679904708688829,0.0297616095056465,-0.148387382529084,-0.392561293758862,0.0842997634512304,0.212581317310896,0.057170653902803,0.278845693672117,0.0238743336319929,""
4337,-0.17620395773586,-0.0412078323868795,0.0121842466083129,-0.205227543514427,-0.406640323423003,0.0386829536089239,0.154424352841446,-0.00538845912577137,0.197861335595076,0.0107998867942936,""
4338,-0.118028466166233,-0.0289370603800804,0.0223844340383179,-0.124581092507995,-0.406340742985423,0.0635058869131107,0.178489963745464,0.0315922500127482,0.0649237215454996,0.0012214684072118,""
4339,-0.118240603022651,-0.0365581846066752,0.0262498128297681,-0.128548974799558,-0.371705509137801,0.0794370123239095,0.197095770889832,-0.0498837093062301,0.230974972542554,0.0150896235176959,""
4340,-0.142101302315926,-0.0426060668464231,0.0249095387168551,-0.159797830445494,-0.363688400314622,0.0814598621916475,0.173648091689311,0.0493048109590969,0.0791982597110379,0.00165969136306622,""
4341,-0.101411327851592,-0.0540193054755726,0.030849815498498,-0.124580817828667,-0.308924156873269,0.0874660041639809,0.235326433348578,-0.019563340639849,0.0136195016184074,4.40112460121302e-05,""
4342,-0.195905443401396,-0.014230459377551,0.0178348636123863,-0.19230103916656,-0.23417162639026,0.0532735186276087,0.238287917916952,-0.0455895021905369,0.111930844298496,0.0037089144164727,""
4343,-0.121194755439542,0.0228130438723301,0.0174380636668631,-0.0809436479003486,-0.27338624665001,0.051311395056274,0.129628604405828,-0.0241872529393175,-0.00910062050089267,2.20546891780397e-05,""
4344,-0.118417628770524,-0.0303825169447272,0.0184015291439929,-0.130398616571259,-0.390626908061113,0.0501799313227675,0.193787563695496,0.0778962681537153,0.0487260920358086,0.000706202040906791,""
4345,-0.128582917552519,-0.0253471257694743,0.0385362369128797,-0.115393806409114,-0.357444721685351,0.125979942918309,0.22643747973888,0.0443145546522614,0.0962410976932647,0.00282561414790194,""
4346,-0.141643955789123,-0.0541122820133654,0.0334527152101901,-0.162303522592298,-0.358526935152288,0.102100289899329,0.250087070028722,0.0388723882281306,0.0987847406660098,0.00292909872681018,""
4347,-0.169664062192224,-0.0100715144026694,0.0180791132696724,-0.161656463325221,-0.343087515914284,0.0488668406107338,0.220047064702186,0.0356822998947102,-0.126535220446737,0.00447710825516797,""
4348,-0.130773395918511,-0.0432598632853682,0.0413011590388887,-0.13273210016499,-0.336812606799571,0.122927397220356,0.163277422090804,0.00207054356247474,0.00208552353830437,1.09481599554439e-06,""
4349,-0.134810709776462,-0.0516692337686271,0.0327823209989838,-0.153697622546105,-0.368479877985446,0.10213520965791,0.179929019978442,0.0743190668930671,0.125042205328051,0.00421949659326274,""
4350,-0.170689687976203,-0.0257546508012533,0.0227975468006354,-0.173646791976821,-0.329825951218561,0.063269068209677,0.186704819876331,0.0109511489849157,0.0216392003579,0.000132920412743465,""
4351,-0.165037763359948,0.0123808933558593,0.0199327406394873,-0.132724129364601,-0.381817090569373,0.0548312483460232,0.245948107070938,0.027903123193023,0.162867139553632,0.00882823167620145,""
4352,-0.178667237480481,0.0278861549023485,0.0298604735431308,-0.120920609035002,-0.319691336448166,0.0875666415104202,0.169960222210032,0.0110945755149895,-0.0743166253440921,0.00160126795875291,""
4353,-0.152267814943047,-0.0134468618788884,0.0290021137723948,-0.136712563049541,-0.356288007620658,0.0769727735058299,0.165589273439384,0.0510623662063688,0.0555866426028856,0.000871909134246957,""
4354,-0.106212396866899,-0.0560814722462167,0.00865124502653736,-0.153642624086579,-0.419038740712891,0.0245699673750459,0.131995555564919,0.106642075727504,0.16950139252307,0.00678613154197199,""
4355,-0.139479448967044,-0.0231102023836958,0.0325171952451784,-0.130072456105561,-0.37637777750005,0.0945395432923078,0.153937895025257,0.0555477440672628,-0.0368796920635471,0.00038087501448911,""
4356,-0.180066803221266,0.00848264839737688,0.0319127799628357,-0.139671374861054,-0.388479590810611,0.0967715339117993,0.18956241892702,0.0561884987873663,0.0966781922919452,0.00295553193496214,""
4357,-0.138271718564059,-0.0398439058539527,0.0147842678965012,-0.163331356521511,-0.346231173354964,0.0467473037829615,0.220973005503351,0.0154109548894633,0.190829171225649,0.00927093393812896,""
4358,-0.187172157954454,-0.000508572463203075,0.0134854885600978,-0.174195241857559,-0.365050360773827,0.0473958985989935,0.180407112826551,0.0249819155594749,0.17014053888895,0.00910044409594392,""
4359,-0.173565142102668,0.0141881694127303,0.0117354010605581,-0.14764157162938,-0.352733313121638,0.034802877201756,0.197682709019458,0.0156168348006261,0.0949132689396635,0.00268765988194473,""
4360,-0.129817787169989,-0.0439400340636422,0.0177711115560222,-0.155986709677609,-0.38162476329625,0.0557334356817543,0.213242448892398,0.0682576043867239,0.228102631342881,0.0132219172784248,""
4361,-0.193440179791566,0.00796045018865499,0.0373783020313928,-0.148101427571519,-0.356569711492475,0.106748975431032,0.217366440822829,0.0567288334011311,0.211117567647064,0.0141762954184684,""
4362,-0.125708117802173,-0.00134026684435805,-0.000347495495436491,-0.127395880141968,-0.291322034189544,-0.00135139178311267,0.256419634436971,-0.135654800807264,0.176612585202434,0.00892537669709942,""
4363,-0.175509290008573,-0.0247641862094663,0.0468922603237597,-0.15338121589428,-0.335094787598841,0.134540425265314,0.216979736864681,-0.0099517600872681,0.0949940295780391,0.00275646362651198,""
4364,-0.0913514623015609,-0.0150274515097303,0.026303385435324,-0.0800755283759671,-0.335131193318346,0.0794405402866262,0.16346614904036,0.0258071436011502,0.0880587611582663,0.00216184437677834,""
4365,-0.13423259356515,-0.0389449624734902,0.0154611293118386,-0.157716426726802,-0.379328995034403,0.0438645059353047,0.13040045111356,0.0358169786890558,0.0387977938249908,0.000365458197319172,""
4366,-0.112123600372274,-0.0206781336708061,0.007686530866331,-0.125115203176749,-0.398016328555688,0.02276244407788,0.18119070983074,0.0972499016730445,0.143153018522441,0.00592419004644108,""
4367,-0.116028762425066,-0.0140482181347264,0.0173648404651093,-0.112712140094683,-0.36490117584978,0.0529435620285198,0.157312918224449,0.0514109010039576,0.0478971138251855,0.000657468762347717,""
4368,-0.154022949481058,-0.0541542765807404,0.0299984429955065,-0.178178783066292,-0.341645131165816,0.0862928828958216,0.176398007546204,0.0490834001574514,0.0556628541324766,0.000782163297548883,""
4369,-0.166762408426596,0.0209686092859461,0.0266612872452858,-0.119132511895364,-0.362943052108835,0.0796274939114421,0.220223804095999,0.0809649413381568,0.153964314164687,0.00736875605180091,""
4370,-0.138252283991303,-0.0195258097642525,0.0404755679291961,-0.117302525826359,-0.346302712956178,0.14083826947685,0.0941061702580891,0.0908207488289568,0.017642014274458,8.77705584437804e-05,""
4371,-0.169687083964669,-0.0429449205411626,0.0107068270799022,-0.201925177425929,-0.285900185669654,0.0314927620716642,0.226057407652554,-0.00218213221890211,-0.0238479674113604,0.000157224118357101,""
4372,-0.162912733697011,-0.028164747801513,0.031896120698665,-0.159181360799859,-0.269407114928557,0.128781687425969,0.160109773977253,-0.0680130993340164,0.0685264300687014,0.00132930599937582,""
4373,-0.158799215744596,-0.0270499122843228,0.0329979100371057,-0.152851217991813,-0.291580366556435,0.0929466731160957,0.229119125625443,-0.00512669869546962,-0.0452895191468072,0.0005580900987417,""
4374,-0.144201406772198,-0.00228649399150801,0.0356020860975462,-0.11088581466616,-0.332293447171707,0.120728365459299,0.16918782584181,0.0168898128280607,0.125116912055044,0.00472217624875437,""
4375,-0.145736229506023,-0.0113811926319884,0.0274121543384194,-0.129705267799592,-0.315581258778742,0.0819897067301423,0.146902337333889,-0.0320913112329988,-0.0619810807319979,0.00111807650939882,""
4376,-0.16629766730706,-0.0237038036910584,0.0283384368078963,-0.161663034190222,-0.356495503481785,0.0783960351224858,0.23463433962715,0.029135839229587,0.0572062302219392,0.000976221855466384,""
4377,-0.159940998458492,-0.0104160812239337,0.0444656759883566,-0.12589140369407,-0.32080592648947,0.133784821334647,0.205664801618544,0.027352535702408,-0.0283023950371067,0.000238020038449531,""
4378,-0.118431753292571,0.00534083758024928,-0.0133864971009663,-0.126477412813288,-0.267427400538589,-0.0409244711009659,0.156205874042805,-0.076234677698131,0.177967910036501,0.00870937190600553,""
4379,-0.13054623900837,-0.0102719096460698,0.0284002451283954,-0.112417903526044,-0.349177730108133,0.0873112174442607,0.186416094260776,0.0344911194799708,-0.00827590037983573,2.02767729573005e-05,""
4380,-0.0642166070831424,-0.0399888184970173,0.00983016230816675,-0.094375263271993,-0.31539988408329,0.0282908325852943,0.248420836771468,-0.0195838797078294,0.247657077882386,0.014724415701507,""
4381,-0.102417013298866,-0.0230750255124714,0.016555803624756,-0.108936235186582,-0.328710307388425,0.0545174316048034,0.21354943868948,-0.0152885685808382,0.0809665827298793,0.00189248916827567,""
4382,-0.102836537073634,-0.0174509765192842,0.00721218180471519,-0.113075331788203,-0.318907565690314,0.0235106896391335,0.161629140582918,-0.0178803919930707,-0.0340668308819099,0.000318787877952934,""
4383,-0.132754147290282,-0.0344717462865273,0.0221800576099015,-0.145045835966908,-0.440730796216179,0.0727823558705729,0.138728314794817,0.0930912573009207,0.131795417410604,0.00508166723073185,""
4384,-0.146839831453213,-0.0248188776083599,-0.000378026061152727,-0.172036735122725,-0.357608998837786,-0.000943627827142593,0.214128042862784,0.0389197077025791,0.0589843365661736,0.000906989412312913,""
4385,-0.135333185442734,-0.0297010363119189,0.0425058275690873,-0.122528394185566,-0.33988598604211,0.138676189398833,0.17901917304268,4.04436240610288e-05,0.0583838157659336,0.00100877886597582,""
4386,-0.177773078450873,-0.0338511264788315,0.0263199833848702,-0.185304221544834,-0.427301877755991,0.076882523175923,0.171137830552984,0.0429058678537554,0.123215618555666,0.00455434731163641,""
4387,-0.139482549090914,-0.0451838303117574,0.0206536919668658,-0.164012687435806,-0.38035085132256,0.0600522291460406,0.189654867171579,0.0256975900403141,0.225636612396724,0.014892515781248,""
4388,-0.156121623386952,-0.0163630928124864,0.0134371451132519,-0.159047571086187,-0.300225928444616,0.0377478002316219,0.205242213715867,0.0167670188442363,0.0891784741647011,0.00207533279457584,""
4389,-0.15021437370122,-0.0618594406574535,0.0401764916384515,-0.171897322720222,-0.402608915933229,0.116744680217147,0.177308595864112,0.0785574507368052,0.192117294954968,0.00953103829483721,""
4390,-0.140101977210291,-0.0642772174772153,0.054918656733021,-0.149460537954485,-0.416626839660653,0.142441784683333,0.18681781217675,0.0655573919539291,0.0141011628989949,5.3392266643159e-05,""
4391,-0.0903667877356683,6.30294413673435e-05,0.00585915582839351,-0.0844446024659075,-0.333751652174896,0.0154705600771577,0.213804944826261,0.0532827679472342,0.156293745849232,0.00710890194623073,""
4392,-0.141966692982418,0.001810254203739,0.0266426510462577,-0.113513787732421,-0.296752071666833,0.0775743022520409,0.280114018953798,0.00688803741374386,0.0555661564571739,0.000977116517431994,""
4393,-0.169614893784808,-0.0150827277466384,0.0562346314568045,-0.128462990074642,-0.32998058694736,0.174478502315069,0.215086916742072,0.0122975093129612,0.135888903137184,0.00593486057365551,""
4394,-0.123386428069796,-0.0305569239595733,0.0295664626381532,-0.124376889391216,-0.411585527334896,0.0885928213474528,0.12242402292578,0.0582119603276312,0.154310236615814,0.00656357536821125,""
4395,-0.125694625120322,-0.0295448602573448,0.000362592948627413,-0.15487689242904,-0.388604279144307,0.00107022771319174,0.136856066467594,0.0309101514731766,0.111584100181125,0.003242534351051,""
4396,-0.151615610656415,-0.0163148143489972,0.0359795168143206,-0.131950908191092,-0.415633888942223,0.102305811766556,0.178661320003532,0.0888119022728142,0.192614096370549,0.0113327569210681,""
4397,-0.109626734187524,-0.0415774114073246,0.0252372552802495,-0.125966890314599,-0.367783255696169,0.0775687418352908,0.133441579154318,0.0229469144758485,-0.0153423091602189,6.08174532467723e-05,""
4398,-0.119330624788919,-0.0622290305550584,0.0214366653978279,-0.16012298994615,-0.426260549724424,0.064762974484445,0.194978748143391,0.0286938141674222,0.248641124802533,0.017638782080905,""
4399,-0.132947531229073,-0.0840087671345401,0.0248097167367195,-0.192146581626894,-0.405618364933499,0.0669851222831954,0.213771341558431,0.0239284020912183,0.0824309946717311,0.00181229788529,""
4400,-0.178341535644115,-0.0147334630205011,0.0381341136308408,-0.154940885033775,-0.357320832207267,0.102489083889157,0.196934967470858,0.0234985091302948,0.0714680684839472,0.00148162704705591,""
4401,-0.134288806469099,-0.0794363496267943,0.0436788744870754,-0.170046281608818,-0.430802406130489,0.134466987817832,0.185578352474861,0.069580984905436,0.0390599324307082,0.00042616995139702,""
4402,-0.166164064602629,-0.00122958279062403,0.00715025162759664,-0.160243395765656,-0.387874525415028,0.0225706036056285,0.181524462091145,0.0181778661587247,-0.0267022008769737,0.000209162169270278,""
4403,-0.154945140452721,-0.0240413442487376,0.010547306347529,-0.168439178353929,-0.339504939178535,0.0302315641747498,0.158793166969764,0.0685226282645304,0.140534261882345,0.00523211785494998,""
4404,-0.126627514927621,-0.043954528004342,0.034111614919491,-0.136470428012472,-0.428222207549306,0.0979721737623656,0.151865393343134,0.0905391141874581,0.124117873923075,0.00423886651770724,""
4405,-0.201246764457795,0.0132656089201231,0.0213021927453274,-0.166678962792345,-0.345630378135204,0.0603091640506597,0.190152120939599,0.0375559155611487,0.050110658657115,0.000745288895821946,""
4406,-0.0970770881081908,-0.0103624675481318,0.0189379327276032,-0.0885016229287194,-0.348761013320954,0.0573794983983288,0.150341364965889,0.0863477471185279,0.107882264783328,0.00295277132064906,""
4407,-0.131260796657083,-0.0102411519825708,0.0359925765227463,-0.105509372116907,-0.305800987690227,0.106697308973807,0.169645733009433,0.016990900912841,0.02923426957881,0.000248957666912341,""
4408,-0.125116642069452,-0.0251665929936255,0.0359900750785896,-0.114293159984487,-0.346019368575632,0.103050393418658,0.17495201815588,0.0469835516222119,0.0700401662273698,0.00145750071292813,""
4409,-0.159146980358351,-0.0184942223978762,0.0175006509058321,-0.160140551850395,-0.339670924463666,0.0514136178554082,0.176643308781509,0.0453300592697286,0.0497942919021993,0.000661946115767748,""
4410,-0.146934857810465,-0.0322844332066157,0.00728085892378088,-0.1719384320933,-0.386008023852948,0.0206575162720696,0.183286454153815,0.061351424716244,0.110919297489866,0.00339410896951056,""
4411,-0.170162684099285,-0.0435998176751419,0.0135545091378842,-0.200207992636542,-0.435592101877061,0.0397271637765332,0.212500761758927,0.0623953060251187,0.212956874668453,0.0149392647474874,""
4412,-0.174210469260127,-0.0144922456066462,0.0252297440459223,-0.163472970820851,-0.372747005767995,0.0720648289332046,0.182615480966977,0.0471133390001706,0.151707515818539,0.00702242674489239,""
4413,-0.154994228508684,-0.00447519840207398,0.0306150652961638,-0.128854361614594,-0.342810639366882,0.0799213265309529,0.25600845589262,0.0162937621769138,0.00555597511610495,9.29655923239929e-06,""
4414,-0.152430064688867,-0.010050387898555,0.0144471365875179,-0.148033315999904,-0.376483817648904,0.0399214601631432,0.233099374344958,0.0820563982292665,0.1563259103954,0.007342382309019,""
4415,-0.111281677425058,-0.0407243334546199,0.04201405789561,-0.109991952984068,-0.390906404586364,0.12433026717669,0.144823470133897,0.0853929454458388,0.0519220255471425,0.00074893637582651,""
4416,-0.177876448561298,-0.0080314555245201,0.0241972509055073,-0.161710653180311,-0.351848922554605,0.0788421712671891,0.230043179055786,0.0389786440517517,0.136809684024583,0.00589932382421202,""
4417,-0.120635029693292,-0.032911570792605,0.042746478186789,-0.110800122299108,-0.378445883473966,0.133638028109027,0.099368139854279,0.0475977573932058,0.00747101570804628,1.5950816837406e-05,""
4418,-0.184113669279065,-0.0234540213825915,0.0100851430327076,-0.197482547628949,-0.31801554926728,0.031220155809814,0.202939757207444,0.00998501828198402,0.0991559089546896,0.00280382034835737,""
4419,-0.167919047453978,-0.030527680351988,0.0340495649997348,-0.164397162806231,-0.34392847688955,0.113277965550508,0.192914364015066,0.0474049401182112,0.174531591471903,0.00897916716675922,""
4420,-0.135343236122267,-0.0467291741652115,0.0338978343755318,-0.148174575911946,-0.379149560408109,0.106169977283604,0.139866374059299,0.0316807466022999,0.120699630485777,0.00401747772045916,""
4421,-0.124403628292415,-0.0621234027185149,0.0302308161205638,-0.156296214890366,-0.42385104945112,0.0857429531250316,0.213753783871519,0.105958984529632,0.184499382002691,0.00980061566497542,""
4422,-0.125036279111135,-0.00529942826872803,0.015327616089431,-0.115008091290432,-0.394988732587345,0.0404124621226985,0.164602365008479,0.0372386925828182,0.199028484389562,0.0117832418841282,""
4423,-0.166835717951489,-0.0460660969637496,0.0278993927639967,-0.185002422151242,-0.267087874264617,0.0904458459156242,0.17606570786651,-0.0318495044492563,0.0437190049956596,0.000463889816297933,""
4424,-0.152831505551473,0.00304377275401088,0.023327675731402,-0.12646005706606,-0.336024542514816,0.0657759556460242,0.200763395548053,0.0251901377497524,-0.0593765590838944,0.00104288151244556,""
4425,-0.113626894277972,-0.0177530901452466,0.030113026577017,-0.101266957846201,-0.3506622975269,0.0911652479864534,0.188055777961074,-0.00803609689328089,0.118848564561854,0.00420687349734196,""
4426,-0.126963192290409,-0.0108712530631393,0.0350667373941133,-0.102767707959435,-0.322610701603864,0.11438603869204,0.121728920267002,0.015521905525513,0.0391571434163802,0.000426551836312157,""
4427,-0.16159470760761,0.00718429767880556,0.0261375715288262,-0.128272838399978,-0.340806782126081,0.0787183025369834,0.182470983626949,-0.00654387478865639,0.171053928938169,0.0086526699190067,""
4428,-0.106797114501963,-0.0729414456352986,-0.0141823191629152,-0.193920879300177,-0.397358635313224,-0.0344097033010733,0.244157720363767,-0.00124510407945671,0.0769833915544054,0.00166141284227997,""
4429,-0.192733095862875,0.0134002933302775,0.0425292244235543,-0.136803578109044,-0.211294366961179,0.124473122535964,0.242539597899714,-0.0953745223189039,-0.0461998554431309,0.000641762982277474,""
4430,-0.0900038981313208,-0.0563859485991832,0.000789736104856936,-0.145600110625647,-0.292084294351387,0.0023711468499775,0.250477321434682,-0.0709057191048287,0.24387944602502,0.0141003536149648,""
4431,-0.109553903077469,-0.0273244579601196,0.0387465426009555,-0.0981318184366327,-0.296308561081525,0.125696938798616,0.248171343118398,0.00197651538266115,-0.0718239377332127,0.00142944106263161,""
4432,-0.120370907661104,-0.0407961057183185,0.0408852531397782,-0.120281760239644,-0.356454435055064,0.112539273560017,0.193749393667519,0.0221786355273439,0.0721263229602704,0.00142043480223281,""
4433,-0.151050030068242,-0.0114436597443172,0.0272790764666231,-0.135214613345936,-0.381625362811751,0.0735283625162904,0.216830343135281,0.0736574287529784,0.0191658728643965,0.000108850136491419,""
4434,-0.105614888770623,-0.0461258774960255,0.0148817453150221,-0.136859020951627,-0.384671727276679,0.0440751621105645,0.249833317577691,0.108865814273668,0.246856147327041,0.0171001620083744,""
4435,-0.11207712608696,-0.0331722518067385,0.0371941388689211,-0.108055239024777,-0.432130746842776,0.105672175233981,0.111846250849104,0.0502140180244943,0.0742624105273621,0.00152345710405071,""
4436,-0.11660873722376,-0.0416059141587866,0.0204224002588937,-0.137792251123653,-0.396193928107583,0.0720218293908271,0.144952423109171,0.0866509280204645,0.140278146686639,0.00556340221625119,""
4437,-0.120773394991886,0.0126749543049347,0.0174224551360072,-0.0906759855509442,-0.329944675092368,0.0531445163227212,0.112129018136595,0.0180389011283621,-0.00773902351868764,1.66649003894698e-05,""
4438,-0.174272515183667,-0.00149247568768199,0.0180310419274152,-0.157733948943933,-0.399483036630693,0.0517034918970298,0.149665063612031,0.0697480246853103,0.13091459195379,0.0053709318631988,""
4439,-0.133950582128851,-0.0272672789887138,0.0224713001811651,-0.138746560936399,-0.43068711459042,0.0695639122163648,0.124178362260209,0.067432809285615,0.058908365571508,0.00104434782877252,""
4440,-0.166981055626546,-0.0587867294515479,0.028673363724867,-0.197094421353226,-0.319203840063042,0.0818540866612874,0.183014731418678,-0.0169746345878248,-0.00975345805156463,2.21065632964437e-05,""
4441,-0.175337596665471,-0.05088406059484,0.0241135203836166,-0.202108136876694,-0.317397728667969,0.0664015681972423,0.276537396414308,-0.0111589886726232,-0.0693235907864261,0.00121360803285861,""
4442,-0.0970416629960095,-0.0341033769755976,0.0022899229494195,-0.128855117022188,-0.443230010431367,0.00634128323118738,0.181800507155871,0.0819209095456147,0.0279721100192584,0.000211766529092579,""
4443,-0.153198714347352,-0.030622441613362,0.0259310823908037,-0.15789007356991,-0.427391747413042,0.0684454907720322,0.188091497962828,0.0679618705019278,0.218658168998967,0.0142675647256371,""
4444,-0.100819550666171,-0.0454716307634546,0.00108661836107882,-0.145204563068547,-0.421933688828342,0.00336286765135774,0.127658558772412,0.0530759167627266,0.211902106458873,0.0120016223167698,""
4445,-0.167864523575479,-0.0234628271235908,0.00546957483685913,-0.185857775862211,-0.397293643759147,0.017518300048158,0.17589609632197,0.0606669475148464,0.282820865874084,0.0233577631651226,""
4446,-0.126434296526064,-0.0279687235347041,0.0354172890524798,-0.118985731008288,-0.369132084638886,0.115427910109881,0.108435694905997,0.0350060146861727,0.0490916956353361,0.000606722470995226,""
4447,-0.160442982636105,-0.00210724030980191,0.0439715678513729,-0.118578655094534,-0.346716240522099,0.138211621589117,0.212236819042707,0.0361906390982753,0.0276467835546214,0.000236957903763662,""
4448,-0.142928359180702,-0.0337369666210108,0.0370278125671512,-0.139637513234562,-0.375625036603753,0.115835134503578,0.207705623730771,0.107135580326283,0.170978649350959,0.00892054067270106,""
4449,-0.128077395507949,-0.0335313436214119,0.0204324973952341,-0.141176241734127,-0.391954713333891,0.0552278277869223,0.129999686981707,0.0452071007186453,0.071971850669365,0.00143332750856819,""
4450,-0.165435423419205,-0.029147462648778,0.0354803794147267,-0.159102506653256,-0.30549191587094,0.0962935379523199,0.220493523729639,0.0298092319214717,0.0646055539629134,0.00116652630039452,""
4451,-0.163089525051274,-0.0171470006252625,-0.00689394841951444,-0.187130474096051,-0.300068977490936,-0.0193452896606752,0.134460435368493,0.040754933925088,0.127506939057448,0.00416375475290197,""
4452,-0.115259766847414,-0.0300332679583382,0.0205645530225619,-0.124728481783191,-0.396502103063869,0.0621069250439155,0.174068744183963,0.108624583456103,0.219011653367665,0.0138051658851173,""
4453,-0.111034353885937,-0.0428281312592981,0.0235243404746949,-0.13033814467054,-0.338038020965568,0.0679203239534635,0.151775223471483,0.080529493951046,0.267511941169868,0.0191630507289698,""
4454,-0.100612419535884,-0.0216416906901774,0.0220858723628382,-0.100168237863223,-0.393874738582909,0.060145186403141,0.160778243033043,0.0622164495870987,0.0941548445552098,0.00254319981626746,""
4455,-0.142985648485564,-0.0365371526301933,0.0217020945416399,-0.157820706574117,-0.328223126184037,0.0640521227397936,0.251127252073837,0.0157200881945847,0.000124777184010165,4.53071395824075e-09,""
4456,-0.176476880354788,-0.0321472644941109,0.00392016071762266,-0.204703984131277,-0.323208869016305,0.00973436906023846,0.221560640582615,0.0309460962283051,0.126684555148666,0.00455142275015525,""
4457,-0.124219609994667,-0.0282523830505961,0.0438881298301887,-0.108583863215074,-0.33950236481517,0.124641223497295,0.175505602123918,0.0345853581296482,0.0781909593842028,0.00169394538288394,""
4458,-0.135290133788059,0.0123897651742658,0.0342247072675578,-0.0886756613462351,-0.333531289243404,0.102128674191684,0.193511061646113,-0.0172872932193864,0.0543047801610342,0.000902829029308437,""
4459,-0.09722631522987,-0.0261566603277728,0.0338512859032186,-0.0895316896544242,-0.235070971438697,0.104962600314332,0.187924222256565,-0.0549938763053174,-0.07028055288188,0.00125166754592152,""
4460,-0.180787018222039,-0.0177479442765149,0.0193029941772333,-0.17923196832132,-0.366535412364784,0.0497192427954979,0.219606615322197,0.0792385297053768,-0.105928100405033,0.00332330203558613,""
4461,-0.102666010149986,-0.0436239745887827,0.0170208657298257,-0.129269119008943,-0.387689977407793,0.0435347761973042,0.270919024104136,0.0846450970666077,0.214830920955593,0.0136331811388958,""
4462,-0.179674079610197,-0.0398849063816392,0.0266554173917715,-0.192903568600065,-0.404797793021313,0.0702074194634228,0.202801161176172,0.0652703246411917,0.0546197103284069,0.000885923913362337,""
4463,-0.129869372797652,-0.111832611685851,0.0385113779821591,-0.203190606501344,-0.428043538635784,0.108804951797024,0.19577387322405,0.0760441910962431,0.102826248427342,0.00244833127401641,""
4464,-0.136606470157734,-0.00238578401869858,0.0030242717178553,-0.135967982458577,-0.357164900679983,0.00832913546275228,0.147032875881604,0.0451410759778803,0.0669587268360846,0.00121569448341672,""
4465,-0.12732740155826,-0.00415156844233224,0.0384008683632399,-0.0930781016373521,-0.345978121839017,0.115543957587143,0.169353152801598,-0.0333203339460761,-0.00759474275076229,1.68810215295968e-05,""
4466,-0.113011895004386,-0.0368188518753216,0.0150233403931459,-0.134807406486562,-0.367813260869024,0.0405911990767427,0.26990967954252,0.103698762979578,0.133970703105224,0.0051688881455914,""
4467,-0.135386866982097,-0.0173410559158439,0.0263394334815798,-0.126388489416361,-0.322996461574298,0.0795168634183011,0.156544196229985,0.0269394291502215,-0.042180969082193,0.000496796528966351,""
4468,-0.177266065802524,-0.0233740371830043,0.0370236825240538,-0.163616420461475,-0.357720061126821,0.106225387610783,0.175989245533195,0.0503976391119723,0.169765562165477,0.00842636398702426,""
4469,-0.137669115988756,-0.0102998015618757,0.00925282436467864,-0.138716093185953,-0.402526628538506,0.0281739927393365,0.13407898115707,0.0655086416928337,0.30496516208618,0.0272252439997552,""
4470,-0.123301251198161,-0.047028835626921,0.0259901426738955,-0.144339944151186,-0.372472396406652,0.0730362359813452,0.162968185808735,0.049590528379997,-0.0583888669082801,0.000806474133941615,""
4471,-0.129602753850709,-0.03005573731133,0.0275984026747617,-0.132060088487277,-0.402519997771931,0.074869023500785,0.194387972921102,0.0438652616610706,0.241022701752563,0.0170159951436,""
4472,-0.12645375226276,0.0193195361925439,0.0154495978552662,-0.0916846182149496,-0.256411810507939,0.0424008591759503,0.191462465051212,-0.0311097644043759,0.0239608610592384,0.000157927475325972,""
4473,-0.154754333779923,-0.0446783105859673,0.0223400980883519,-0.177092546277538,-0.360731960116829,0.0609560927304201,0.224135942959971,0.0150929397951774,0.0690742230184937,0.00130351591221641,""
4474,-0.144513596635396,-0.0128003467344351,0.0152598493318322,-0.142054094037999,-0.300537372442811,0.0451992165697326,0.146825355023889,0.0126706033080592,0.0136364215056706,4.92057391859441e-05,""
4475,-0.144754819467625,-0.0335692359908031,0.0319232847413686,-0.14640077071706,-0.406408608801748,0.0945549930241594,0.220330522044101,0.0288104725766388,0.198109708167502,0.0122303989603495,""
4476,-0.161021845403663,-0.00571018783633848,0.0212697763190738,-0.145462256920927,-0.252151640523884,0.0747174629404566,0.16107046149438,-0.0376461747888469,0.0612175535901143,0.00107161512861671,""
4477,-0.144883942161467,-0.0567259357291656,0.0520920565396237,-0.149517821351009,-0.380990505000534,0.158772707201451,0.15104665126806,0.0467223772751655,0.158085528875987,0.00746096373422644,""
4478,-0.138170725957431,-0.0265305055258264,0.0203932832496308,-0.144307948233627,-0.43878428255381,0.0644394295748235,0.216598411097221,0.0956353952961181,0.310886623859642,0.0299830655664048,""
4479,-0.178308254478307,-0.0182119036294565,0.0284188853919032,-0.16810127271586,-0.301699028625464,0.0820589681048137,0.25166436663727,-0.0143954277722817,0.20490652971939,0.0127082688083517,""
4480,-0.14244935294258,-0.0497749059035915,0.0260150825638185,-0.166209176282353,-0.352128002272052,0.07467093314753,0.187091965884305,-0.0066271329286271,0.21439993283907,0.0121493197151571,""
4481,-0.134115024649855,0.00263150995359966,0.0448952897865894,-0.0865882249096663,-0.348345079795135,0.124506984361925,0.168076043499111,-0.0380739747501138,0.0584982253068355,0.000978099530342723,""
4482,-0.158743926518958,-0.0258431913719288,0.0190698566849982,-0.165517261205889,-0.345429871807492,0.0500885861772377,0.193522409505029,-0.00941609504703977,0.0367811071198714,0.000371943689977802,""
4483,-0.183796600830406,-0.00625736782147544,0.0364989499358008,-0.15355501871608,-0.162516785474035,0.136180439909321,0.174976349212216,-0.0912230622334026,0.00201405978634716,1.1391349463294e-06,""
4484,-0.144371271823724,-0.00678417716951288,0.00493442547455083,-0.146221023518686,-0.410879071904994,0.0140775901916744,0.117254444447967,0.0135696947329889,0.199491496542017,0.0121555785728906,""
4485,-0.165891896104658,0.00738755966178966,0.0253098589958914,-0.133194477446977,-0.365726544601976,0.0765756118594576,0.208728484174348,0.0361134859307224,0.0613174554027111,0.0011414134026386,""
4486,-0.123516741170428,-0.0281938191732294,0.00558012312201002,-0.146130437221647,-0.295990920353735,0.0147070474148424,0.272023376395872,-0.0343030571068002,0.0700786994085739,0.00130199253847225,""
4487,-0.121567941110596,-0.0484772988125172,0.00347077644007832,-0.166574463483035,-0.411707868929029,0.0097333255120636,0.152274451229388,0.0928854110185217,0.223286968095985,0.0134562499113818,""
4488,-0.132423053516237,-0.0372076993080603,0.0342800721845108,-0.135350680639786,-0.286172815422333,0.107425785310909,0.140590765527353,-0.03369804327892,-0.00241526171970474,1.60993669762979e-06,""
4489,-0.143267063962306,-0.00114933199183825,0.0203822401973792,-0.124034155756765,-0.328874506379868,0.0645022706884507,0.173001080427879,0.0212270583067373,0.148876610603415,0.00641090989062541,""
4490,-0.124388083514752,-0.00465409634651228,0.0272648908649106,-0.101777288996353,-0.368922660767432,0.0805386637032575,0.155338644860021,0.100044565058321,0.126176262865923,0.00449187447665372,""
4491,-0.135090558060481,-0.019328798903803,0.0268672915386238,-0.127552065425661,-0.376902163654578,0.0838532147203616,0.193910193722096,0.062214687591536,0.0760899559520126,0.00172496475079532,""
4492,-0.123275951597799,-0.0479667305691346,0.0251177214088322,-0.146124960758102,-0.39918642784339,0.0653617052947607,0.177011904125201,0.0929822664655567,0.149342270160948,0.00569084751198575,""
4493,-0.131561673560243,-0.0321053462623287,0.0215800871148924,-0.142086932707679,-0.273817109216433,0.0728033439905192,0.220424264121606,-0.0557510368659135,0.00531443494073347,6.76563631304925e-06,""
4494,-0.149945765140999,-0.0289512610985582,0.0195586152512692,-0.159338410988288,-0.384062906197829,0.0546829262987351,0.212271501522987,0.0957555381176101,0.243378086601046,0.0179822068002668,""
4495,-0.138421187222064,-0.00284492543653617,0.022365248968729,-0.118900863689871,-0.318090044527462,0.0612320348720163,0.198306506388665,-0.0470208326160158,0.122890453932985,0.00439441482347022,""
4496,-0.131360216711298,-0.0250776269613399,0.0170593181038616,-0.139378525568776,-0.306550811346037,0.0548934272414009,0.163707013561861,-0.0548584387701099,0.0908730231705543,0.00217603905159457,""
4497,-0.146747334508849,-0.0119190748100362,0.0311599248993084,-0.127506484419577,-0.344827641178683,0.095103623561881,0.20807961639333,0.0584895780265432,0.00563097619143997,9.36314382217982e-06,""
4498,-0.165629602135264,0.0068869566833397,-0.013885154926435,-0.17262780037836,-0.36458280415787,-0.04222615951477,0.185483186939132,0.066270656392253,0.260147690842883,0.0201431001253881,""
4499,-0.161094662455394,0.0193228198538719,0.0157195930498938,-0.126052249551629,-0.337455830584147,0.0392676158081197,0.232998506007594,0.0565353841611888,0.102515861344248,0.00317610907030486,""
4500,-0.148653720733902,-0.00960726054779413,0.0305430377634073,-0.127717943518289,-0.389206378732536,0.0915597073267685,0.144867525256627,0.0236375404284203,0.0958370613688142,0.00286899093667371,""
4501,-0.149435680344158,0.0095383877279281,0.0282888211058016,-0.111608471510428,-0.234461998400803,0.0819047270924481,0.162585333596825,-0.0497249470724979,-0.100376845123354,0.0027684386171553,""
4502,-0.141534835746584,-0.0567540299311731,0.0172114920536618,-0.181077373624095,-0.319151207524329,0.0584844631343111,0.275698402425366,0.0161111654730373,0.070461172083203,0.00136601729171166,""
4503,-0.190834975614817,-0.0202743152516645,0.00948068870850142,-0.20162860215798,-0.292472930886183,0.0343842882178125,0.196817884703328,-0.0801079679132193,0.102677126797379,0.00307699274211309,""
4504,-0.109387175661343,-0.0701596952135236,0.0455927289044374,-0.133954141970429,-0.411953765167045,0.141271819829428,0.164874827446248,0.0432229262802927,0.161987988037312,0.00729707212385832,""
4505,-0.164550432070051,-0.0163517529573743,0.0136544695959088,-0.167247715431516,-0.316674368458539,0.0429707246186956,0.148720159033268,-0.0466900410754952,0.0575917081579301,0.000908894835312186,""
4506,-0.150245106192551,-0.0115357109213747,0.0315051365143889,-0.130275680599537,-0.332462217353337,0.0952204492715087,0.140878749380152,0.050424257516539,0.174853066170804,0.00811632560626255,""
4507,-0.157485097921896,-0.0250611248855132,0.0267313259370683,-0.155814896870341,-0.383486350520007,0.0801669570147045,0.141032421381021,0.0796340716551625,0.226061591314765,0.0147348574562571,""
4508,-0.0886291866621634,-0.016765392739223,0.0126451990813248,-0.0927493803200616,-0.338980202827344,0.0419839561308692,0.14864964956071,-0.0694550092072397,0.18044447491353,0.0087334701138864,""
4509,-0.144003973689388,-0.0142962538493843,0.0357835573912517,-0.122516670147521,-0.384589472508115,0.104248049262154,0.236105701057816,0.0751234853186713,0.179965107002558,0.0105552020231123,""
4510,-0.0900675372061205,-0.0677979505583106,0.00789495340772461,-0.149970534356707,-0.386198297719037,0.0235236533477524,0.162865874580122,0.0520049518598246,0.190661917172787,0.00885949073589096,""
4511,-0.129578265103883,-0.0434496045456898,0.0318880863063827,-0.14113978334319,-0.285249748688265,0.101360700544223,0.196066254480474,-0.00314175013796638,0.0751638171056364,0.00153723864640326,""
4512,-0.201772025060206,-0.0105759273186638,0.0542824879207368,-0.158065464458133,-0.242980885711056,0.165415664845588,0.199877906173407,-0.0361343756620285,-0.0583340928829516,0.00100937248673978,""
4513,-0.146632119526752,0.022650891809233,0.0424907192709605,-0.0814905084465589,-0.258596137863624,0.122402818994109,0.249546141743741,-0.0367004314017153,-0.0424253401853021,0.000531099505981681,""
4514,-0.162999761223732,-0.0186572178246782,0.0106696788654807,-0.17098730018293,-0.324713375063909,0.0306560473850313,0.186405048923342,-0.003456618109311,-0.121885672043899,0.00398341546175225,""
4515,-0.114583816184047,-0.0566955457025087,0.0225498629959976,-0.148729498890558,-0.364951126311578,0.0623932986927263,0.163461380539227,0.0133375300994244,0.165288910279797,0.00683638865157872,""
4516,-0.109764090228478,-0.0319640315201563,0.0357645250893612,-0.105963596659273,-0.367791445796782,0.107452340538437,0.11384082428481,0.0183494792296875,0.0346929903001492,0.000330209058775965,""
4517,-0.153507568420236,-0.0250533687527968,0.00950813441559142,-0.169052802757442,-0.377621587844732,0.0256195048009237,0.184174368619487,0.00811204521888583,-0.0239262393290938,0.000150572807360296,""
4518,-0.135787666600261,-0.0105377538919012,0.0377125526249416,-0.10861286786722,-0.353724480989024,0.106285314432426,0.211346595105947,-0.0624308542168423,0.189317630449777,0.0103442454992614,""
4519,-0.133744804281504,-0.046982087885705,0.0216626274914751,-0.159064264675734,-0.346785494880871,0.0567325719161761,0.184412534809881,-0.0204103975080721,0.213967799490416,0.0124151890962495,""
4520,-0.170763556096886,-0.0399313593768475,0.00452860139040147,-0.206166314083332,-0.371791446066477,0.01252634461685,0.185380867124222,0.0175643376085671,0.0955553074317948,0.00249688522099787,""
4521,-0.130115658099391,-0.0506794971777743,0.0191094602529206,-0.161685695024245,-0.370628745903177,0.0510881159168502,0.211932262221562,0.0484995442270061,0.0761203491209766,0.00143385207516543,""
4522,-0.0804600784199726,-0.0134001746542649,0.0641997767993038,-0.0296604762749337,-0.347106025699699,0.199805018286812,0.173242122587005,-0.012470746475513,0.0122379064003815,4.60299117188663e-05,""
4523,-0.146205422420883,-0.0118089956087586,0.0124258496826832,-0.145588568346959,-0.407634612972974,0.0382478855270735,0.139440898875394,0.0639202659690454,0.151212859327177,0.0067830967995971,""
4524,-0.127224913736253,-0.0539742549189122,0.0470868179056145,-0.134112350749551,-0.356874666280612,0.134165686190786,0.16894169535695,0.0402307431220551,0.00775593341348303,1.58506797394572e-05,""
4525,-0.144019802079507,-0.0624400955890768,0.0372454671036076,-0.169214430564976,-0.394810212605838,0.113999678711224,0.250374282600261,0.0713895911266958,0.239048449145819,0.0176298787072976,""
4526,-0.151196437314851,-0.0220906974372458,0.0423957957713717,-0.130891338980725,-0.338708206608972,0.131649182672234,0.215112659114467,-0.0246557669234547,0.0691267914332097,0.00144651676264837,""
4527,-0.174323488957779,-0.0122129725613614,0.0064087004058816,-0.180127761113259,-0.373812543352286,0.0199954117081229,0.159633114752394,0.0687713266106026,0.129349887127519,0.00491414733881023,""
4528,-0.107350617283629,-0.0454798495966364,0.00260540890085409,-0.150225057979411,-0.347593079934169,0.00792942953371294,0.158191784272073,0.0282310862386548,0.135187280415638,0.00413879103716388,""
4529,-0.140150046058867,-0.0175714186933843,0.00748329894938597,-0.150238165802865,-0.474869049245639,0.020927797765981,0.145594214940303,0.0293919628458855,0.209021491819753,0.0133534541507406,""
4530,-0.127144432262033,-0.0111798643118725,0.0148472998125433,-0.123476996761362,-0.302772942330288,0.0529479814106365,0.151004189958731,-0.00554327530258928,0.0216254521601854,0.000122310110191608,""
4531,-0.125137685601942,-0.0426877100926185,0.024225704192659,-0.143599691501901,-0.321967416020633,0.0975768402604987,0.144238188617436,0.00639871893390495,0.204682726508243,0.0108910838922549,""
4532,-0.120285512272359,-0.0130156437107207,0.0328519312923972,-0.100449224690682,-0.412667927609971,0.0940604224592906,0.216089621702753,0.0665256401330364,0.205114485832512,0.0129747200791948,""
4533,-0.158544283491145,-0.0362079667032064,0.0337702247233431,-0.160982025471008,-0.388399671952118,0.100367744089591,0.21480426329082,0.0789304051102143,0.0548636449621268,0.000917856565387871,""
4534,-0.192988276262652,-0.0197505768767043,0.062356490839289,-0.150382362300068,-0.339549170788679,0.164935116079337,0.26874729781081,-0.0131404578400375,0.0859690014241814,0.00234857008559143,""
4535,-0.143783816629822,-0.0320104405364441,0.0321991138573883,-0.143595143308878,-0.287151277174208,0.107357709037723,0.249367125442494,-0.0931801621499996,0.170184423075339,0.00833919197221171,""
4536,-0.0860228506697509,-0.100567585006339,0.0429783552633989,-0.143612080412691,-0.460234565428523,0.110435688837751,0.217598658295736,0.0728303423636548,0.21357947343162,0.0116874059105415,""
4537,-0.111536864430135,0.0150690983479237,0.0299293512890851,-0.0665384147931265,-0.313061192390565,0.10201532816941,0.0812352663387913,-0.0387385365742519,-0.0597030081019735,0.000994250648845742,""
4538,-0.186848616827615,0.019505529058921,0.0314104177167321,-0.135932670051962,-0.386008666604446,0.0809025232241878,0.191533214590654,0.0371226831171118,0.0948539553152208,0.00269692404142157,""
4539,-0.128128371732327,-0.0240107762542603,0.00302042149243115,-0.149118726494157,-0.397392625026685,0.00886288012918392,0.190079866174004,0.0659664992456205,0.197143190927281,0.0107483822505697,""
4540,-0.118228703080545,-0.0122772705773385,0.0217735469943329,-0.108732426663551,-0.253789538642718,0.0722868028130349,0.152408211715222,-0.0309069632059476,-0.186377258598879,0.00933596120652834,""
4541,-0.201716142666375,-0.030688217205723,0.0402099963989619,-0.192194363473136,-0.351921157680711,0.106954117081371,0.27583035012939,-0.00487974034136437,0.0155332784087251,7.03936769810777e-05,""
4542,-0.136917781779838,-0.0142137439050572,0.0348099521203626,-0.116321573564533,-0.340485417781209,0.112041692291624,0.19826600265197,0.0288016529212745,0.0939058182139868,0.00265695347245997,""
4543,-0.112455000887926,-0.0269099146296125,0.029452188276138,-0.1099127272414,-0.327963819066778,0.0881721131512054,0.208423861328945,-0.00201654732260904,0.158194723558993,0.00708904503670023,""
4544,-0.129770710504399,-0.0043530585867066,0.0192319535834895,-0.114891815507616,-0.377951686007864,0.0640370681960314,0.113754143294626,0.0762066589950134,0.122333674188989,0.00445771169049282,""
4545,-0.153448862286202,-0.00394947215809592,0.0184141837488908,-0.138984150695407,-0.375782849236731,0.056617181341791,0.197768261613668,0.0576174672549991,0.155792680107405,0.00722296395296557,""
4546,-0.142453909258247,-0.0324000355990336,0.0438757599261752,-0.130978184931106,-0.346499942193434,0.136067653932751,0.24209901875655,0.0206831002528612,0.164272029231042,0.0079378247213316,""
4547,-0.139386842886399,-0.00277519588237486,0.0379121007740333,-0.104249937994741,-0.386153444069123,0.113908883904745,0.202531842519022,0.0701185240627087,0.123927510912114,0.0050136604276521,""
4548,-0.116322296503951,-0.0370364767906683,0.028835697773239,-0.12452307552138,-0.409655099939457,0.0837310661909378,0.255156511565744,0.187257153153325,0.230146294780054,0.0167197289362591,""
4549,-0.194049513194324,-0.0197669409272193,0.036645096175616,-0.177171357945927,-0.28649747900233,0.117709377236015,0.15786780242605,0.00913137223411376,-0.0665367231240226,0.00123337461068037,""
4550,-0.142998478812665,-0.0384057126080787,0.0428196578532676,-0.138584533567476,-0.339571342549767,0.124359590671445,0.165137464344472,0.0843889437319567,0.272977277939666,0.0200549222484044,""
4551,-0.130088542061654,-0.0356013794403591,0.00639434796606012,-0.159295573535953,-0.386674572275585,0.0183928845378097,0.20419502197625,-0.00185603853731056,0.146699169100081,0.00615124935375291,""
4552,-0.137255278050886,0.0175229154310692,0.0252621620277536,-0.0944702005920636,-0.323735124921601,0.079702840546875,0.199165690615185,0.0167670049577554,0.0537805497344623,0.000858654285399613,""
4553,-0.146520836111046,-0.00572513826312156,0.0153093545001591,-0.136936619874009,-0.337844162870553,0.0568401715391709,0.168311211959721,-0.0341223597421944,0.219866390107735,0.0143432019838948,""
4554,-0.106635894136918,-0.0479051692109476,0.0446636331005226,-0.109877430247343,-0.389327122871078,0.13231776427082,0.170631175950803,0.0475326536669438,0.0889484154266972,0.0022066790514039,""
4555,-0.111657984949207,-0.0425883364857548,-0.0142040658824662,-0.168450387317428,-0.416551162229128,-0.0431720442955916,0.189099976729834,0.0717701055194516,0.307593600537664,0.0272481172341545,""
4556,-0.151670376759876,-0.0391281783021419,0.0256085030040513,-0.165190052057966,-0.409055986997143,0.0785092802024323,0.149816996280373,0.0364047780319697,0.0709333178694201,0.00140468434813666,""
4557,-0.135912624255881,-0.0452917367674331,-0.00170919297306674,-0.182913553996381,-0.482100860874966,-0.00435898030184777,0.22174611531033,0.0217459638544415,0.329971952262387,0.0379386283262802,""
4558,-0.106211673189301,-0.00858031177518356,0.0238390999507399,-0.0909528850137448,-0.376573923637228,0.0661226755024028,0.261714321869556,0.0723300930992169,0.211530676212133,0.0141027162897946,""
4559,-0.15526601463495,-0.0175727077695514,0.0276783761189011,-0.1451603462856,-0.408152006931669,0.0819178812266114,0.200509070470823,0.0993816712177044,0.215345236452477,0.0142472038030172,""
4560,-0.177656567173574,-0.0200338676364438,0.0372596744373552,-0.160430760372663,-0.394974338363345,0.0961121940851601,0.235011210345393,0.0397460390893171,0.247626785461528,0.0200568715166911,""
4561,-0.144367344782267,-0.0142482510108464,0.0147530773895844,-0.143862518403529,-0.326967151672912,0.045637277392898,0.191400975917018,0.00399807374962157,0.0333899045847304,0.000308122914864986,""
4562,-0.140823055423973,-0.0225275149047607,0.0145277595610518,-0.148822810767682,-0.385472835671252,0.0396557660998551,0.153779947298638,0.0607909516517553,0.232241870024086,0.0161905736663873,""
4563,-0.106927627509811,0.0307141493429901,0.00921409959003088,-0.0669993785767895,-0.277352490744833,0.0315418395588182,0.187309123782066,-0.0901302532792053,0.0595271862300829,0.000994789368300386,""
4564,-0.14675004567464,-0.0339994830914098,0.0318128380500297,-0.14893669071602,-0.385559774768235,0.105667634563008,0.164583753756565,0.0696431019046597,0.0472046093496124,0.000658794948980816,""
4565,-0.143853814453032,-0.0596362015780053,0.00959942063113785,-0.193890595399899,-0.395680753817942,0.0274882291362887,0.250574850016145,0.0476883827570313,0.0942752013193453,0.00228978665445941,""
4566,-0.178918966999002,-0.031732126636579,0.00962100072336857,-0.201030092912212,-0.318415644261893,0.0277747846065391,0.174093598555932,0.0114684328976607,0.0745529908656553,0.00149008727411559,""
4567,-0.133285192580352,-0.0506800757561288,0.0436605515701369,-0.140304716766344,-0.343602096263141,0.128031006008738,0.22973749682383,-0.0538227330549021,0.0557792978909446,0.000903077386792184,""
4568,-0.166068165623751,0.0136049010489671,0.0312704505884891,-0.121192813986294,-0.406525059613812,0.0940732077493036,0.115653095423399,0.0515142303604443,0.0379024298119642,0.000445292447432228,""
4569,-0.126571228870388,-0.058202379108314,0.02653132739563,-0.158242280583072,-0.399672356522112,0.0690826424081584,0.253157667558958,0.112830184804075,0.234080408274693,0.0149630784362774,""
4570,-0.0880527388388225,-0.0549110105965867,0.0142747917378619,-0.128688957697547,-0.372621189986689,0.039917324783344,0.199436991009847,-0.0194847067082049,0.218503906041993,0.0125953914143615,""
4571,-0.191478524571206,-0.0372339252352086,0.0479178966311009,-0.180794553175314,-0.277868722979137,0.135414849633658,0.221355059622288,0.00418002654485863,0.0981816583113368,0.00277215982843816,""
4572,-0.132155713005532,-0.0236260235789995,0.021010442033441,-0.13477129455109,-0.389922946133325,0.0616937709352313,0.152137581723943,0.104844160495933,0.176782793130517,0.00880115252436696,""
4573,-0.120036036902337,-0.0155349051083653,0.0242919769367091,-0.111278965073993,-0.295909981753856,0.0833157862529011,0.163325703347735,0.00204228313939188,0.082402658894768,0.001930831234636,""
4574,-0.163015318225765,-0.0580008465540896,0.0395981378920174,-0.181418026887837,-0.349013338554041,0.11519372378357,0.22584369874736,0.0185425496983219,-0.0587601313028728,0.000899515347594755,""
4575,-0.165206533823273,-0.0394454988328856,0.0347654493634207,-0.169886583292738,-0.402273292176657,0.101811736189085,0.173931905634835,0.035906500945029,0.168261307295858,0.00859958578564161,""
4576,-0.153224167805865,-0.00681987205558919,0.0317005498062811,-0.128343490055173,-0.28328641400396,0.0950093647933147,0.172838860896474,0.0025066681767632,0.0501833860503781,0.0007279353398361,""
4577,-0.171341514002503,-0.0321138016953298,0.0131797851044144,-0.190275530593419,-0.376784133166878,0.0410840365774493,0.218742867028234,0.0633327010057812,-0.0418628770558375,0.000463611936273337,""
4578,-0.170278156568169,0.0166250000955477,0.0307956353157857,-0.122857521156835,-0.299783410253901,0.0944600437840023,0.173473420214409,-0.000790686952612984,-0.115435454548781,0.0038315313104247,""
4579,-0.14831065128396,-0.0241858903667824,-0.000677178153023992,-0.173173719803766,-0.373672173995969,-0.00189240550069754,0.155126998540646,0.0516471258503669,0.215724021806985,0.0120226557631247,""
4580,-0.158416347438299,0.00206224459573366,0.0102145155227511,-0.146139587319814,-0.347779374119835,0.0299653331172511,0.212977275777762,0.0372337916562888,-0.0993706766389226,0.00283910123845072,""
4581,-0.11666119387569,-0.0507342348096449,0.00723847527917812,-0.160156953406156,-0.361418971535745,0.0218926439289359,0.203209930642904,0.0512928764821994,0.108907869888111,0.00269738778606564,""
4582,-0.147047316107839,0.0286697013337248,0.0196387073251854,-0.0987389074489285,-0.314989574829806,0.0637220050428479,0.160112023509707,-0.0297696582683884,0.0348527582790074,0.00035546411991121,""
4583,-0.137327426994212,-0.0162918667166427,0.0183725304061457,-0.135246763304709,-0.376867087114992,0.0491817388138753,0.217605116225835,0.0621412144454161,0.139222106312294,0.00586153956887386,""
4584,-0.161960064508698,-0.033871815277982,0.0286807971751327,-0.167151082611548,-0.416456134210051,0.0814122700845666,0.220268041398204,0.116815540078302,0.034260971040533,0.00036578357724187,""
4585,-0.122485989972206,-0.00376022491279002,0.00478021069648621,-0.12146600418851,-0.444854139742984,0.0148070906402926,0.102012912396095,0.0534579293698759,0.111806438872009,0.00375496530400184,""
4586,-0.1606087251806,-0.00257799910804938,-0.000376657038808271,-0.163563381327457,-0.321021564967329,-0.00117799923158661,0.20810741575086,0.0219459492470627,0.161868427721743,0.00735260287856167,""
4587,-0.158464061647184,-0.0383172180869646,0.0393576859657376,-0.157423593768411,-0.297848136972402,0.143674550439013,0.216026786706118,0.0240441853029899,0.0854384971801519,0.00216649535319233,""
4588,-0.128429380470387,-0.0450716650855389,0.0201011592773405,-0.153399886278585,-0.337795442856251,0.0507753938306221,0.219310538858293,0.0296032150584876,0.0400896149735354,0.000404585080677476,""
4589,-0.143650709594233,-0.0036881161353845,0.0120009171489536,-0.135337908580663,-0.34947429470991,0.0340773650896203,0.275327009584545,0.0656605826093707,0.193486742264422,0.0115425460384293,""
4590,-0.152820170943505,-0.0355450382364416,0.0203977856880085,-0.167967423491938,-0.301019236825683,0.0600302392464666,0.20673565676793,-0.00938115372205892,0.0494843636219322,0.000611344025835886,""
4591,-0.201347170216771,0.00489992791695844,0.0382605244377772,-0.158186717862035,-0.335989899041968,0.116750529675529,0.112111090979412,0.0195044184644159,0.0168626548365766,8.47104766709797e-05,""
4592,-0.213691495718795,0.0237649711002587,0.0104559061112343,-0.179470618507302,-0.325785065596569,0.0284683954280056,0.212410307912184,0.0119627901384385,0.164777299405045,0.0083867032177658,""
4593,-0.128341732601343,-0.0326194200176727,0.0410869091190451,-0.119874243499971,-0.302874620493658,0.125709807083982,0.164279946672967,-0.0340564737212954,0.0517782506345363,0.000704564827765228,""
4594,-0.133543661162065,-0.037149487237044,0.0222171492373194,-0.14847599916179,-0.359812302025264,0.0741326536641564,0.190036840814907,0.0544201708304755,0.16417370143536,0.0075010035708326,""
4595,-0.146729781152539,0.0110394006004201,0.00761408798039287,-0.128076292571726,-0.403801773339685,0.0233385819471859,0.17707235970981,0.0699109551147696,0.187032059272378,0.0110071292383019,""
4596,-0.141929280455808,-0.0330418408676839,0.0201311246930315,-0.154839996630461,-0.391940841607866,0.0559409069365577,0.136220568468291,0.0685361273044365,0.080125777511992,0.00170382225756037,""
4597,-0.113452446298504,-0.0458145743308304,0.0243293802176639,-0.134937640411671,-0.415081689466134,0.0725480705836551,0.152539918626836,0.0758574533430293,0.0769224489861283,0.00167769134523421,""
4598,-0.1671560313147,-0.0567499429054396,0.0233175970374021,-0.200588377182737,-0.371507272350575,0.0711641739936802,0.133977168047395,0.0497486674620619,0.12784878766254,0.00416569190784768,""
4599,-0.185877099323188,-0.0211155566101355,-0.0067546844057959,-0.213747340339119,-0.339467683741219,-0.019907357594414,0.181802564676075,-0.00424348504378818,0.141806196365125,0.00536724142410325,""
4600,-0.0967291339367926,-0.0188189796726971,0.0289010196138503,-0.0866470939956393,-0.298264277946909,0.0886666807237677,0.150265783012226,-0.0873101114504767,-0.0507261538366414,0.000678115398447674,""
4601,-0.126958477412893,-0.0199832369264454,0.0213878832705935,-0.125553831068745,-0.367109340748063,0.0642205817886976,0.162336699428178,0.0523850553569165,0.126362400276351,0.00442886390239989,""
4602,-0.0940950085868577,-0.0102626612038659,0.0102905608313982,-0.0940671089593254,-0.359433489605284,0.0316599989200227,0.199278280461185,-0.00646556128447784,0.130258432336901,0.00502840694337893,""
4603,-0.109550962085642,-0.0106832545261039,0.00811003899654388,-0.112124177615202,-0.351991954524733,0.0266537365766549,0.146747258188242,-0.021609862740438,0.132655821593373,0.00500357533379876,""
4604,-0.16460225837494,-0.0360304442910453,0.0115046632481583,-0.189128039417827,-0.357642488879022,0.0307942867309268,0.159981488607362,-0.000137591123918225,0.143290463201876,0.00603056026639131,""
4605,-0.13766980316524,-0.0121392589450913,0.0370164918998326,-0.112792570210498,-0.291151311345625,0.121478189457888,0.230053631940189,0.013537539326003,0.0998291850171993,0.00309236110942757,""
4606,-0.142591986690687,0.0178109912432017,0.030289495095121,-0.0944915003523643,-0.24134547836734,0.104847523622389,0.188076764333482,-0.0600401272640948,-0.00562735164469826,9.01487502909345e-06,""
4607,-0.177199594928188,-0.0428097704121051,0.0381320186462848,-0.181877346694008,-0.418038129670947,0.109187342223235,0.20691415384888,0.0392346080353213,0.176305081125337,0.0099777210029818,""
4608,-0.151348696124094,-0.0120129865497504,0.0340907727755133,-0.129270909898331,-0.410332576324095,0.0965139033563558,0.227809602709583,0.0679890474263792,0.170797749630759,0.00972769114130144,""
4609,-0.166190145667901,-0.0228404306987295,0.0204025959374372,-0.168627980429193,-0.367080355290594,0.0617608142458656,0.198932563245894,-0.0134698242723414,0.0141077294499908,5.68456755503691e-05,""
4610,-0.143029148904149,-0.0552952535504637,0.0471749914201303,-0.151149411034483,-0.36871340945004,0.138661827644553,0.208358142209934,0.0591805870348942,-0.0455565573406645,0.000533130825485896,""
4611,-0.135985236783192,-0.0231943852002488,0.0484717256621564,-0.110707896321285,-0.338792943673474,0.153626588453671,0.15029885949181,0.0197345967251571,0.0351153689298058,0.000364858863140447,""
4612,-0.153802853823092,-0.0337711316702096,0.0206373802117519,-0.166936605281549,-0.322631988970804,0.0595666123984611,0.118018228821341,-0.00506858557256896,-0.0362024910039164,0.000320199915163004,""
4613,-0.136933170165466,-0.0469066763541537,0.0117314422538346,-0.172108404265785,-0.383364320566326,0.0324053143625315,0.135111907450315,0.0442512313597469,0.0514550538898909,0.000651478848149129,""
4614,-0.161396155831609,-0.0227089324917237,0.0253359706013545,-0.158769117721978,-0.382350320655611,0.0706549715575675,0.175471916671591,0.0209366203084607,0.0445292071774861,0.000594609371046867,""
4615,-0.186358020459181,-0.033793962834208,0.0417620417319957,-0.178389941561393,-0.336067974956764,0.128633545779062,0.215211736718828,0.0170046648949172,0.0247394841454556,0.000178083729336214,""
4616,-0.14917204339966,-0.0381524189619418,0.0141708330610868,-0.173153629300516,-0.350855188033444,0.0490741738303899,0.213063172583442,0.0101091860264665,0.116603774196245,0.00370961855789837,""
4617,-0.125903918793646,-0.00467310205840168,0.0269822503597595,-0.103594770492288,-0.391512210129441,0.0837157945417777,0.159291007955614,0.0741688459796737,0.071213549206277,0.00152373351235196,""
4618,-0.141589391223551,-0.0194811995851905,0.0263358253737148,-0.134734765435026,-0.384188299703771,0.0737706766023666,0.152591729914769,0.0113848018543262,0.14956820660181,0.00630992380763079,""
4619,-0.16433455123012,0.0109775715761345,0.0232362701801599,-0.130120709473825,-0.337327916583251,0.066197779572945,0.160779523649907,0.0617871416126257,0.0888151588371865,0.00227523643650637,""
4620,-0.131571481982615,-0.0518731810503652,0.0326027216829729,-0.150841941350007,-0.326215268142396,0.0873759134297457,0.244624153346221,0.0142351952120039,0.0733507205829101,0.00133308089892197,""
4621,-0.173034689147347,-0.00799453355730158,0.0286644431198862,-0.152364779584763,-0.363043106881501,0.0969349772017302,0.135731588538794,0.0623468083395055,0.0782620213781654,0.00186293691633839,""
4622,-0.138584821040895,-0.0374559351655666,0.0224884008880001,-0.153552355318462,-0.341441009706042,0.0656650558674618,0.13524821176729,0.0553035763858224,0.0913576104625064,0.00214232304217221,""
4623,-0.120922960286275,-0.0347882196146345,0.0384407051178423,-0.117270474783067,-0.392687527571894,0.124904563320286,0.146928858340597,0.0504103473275226,0.119349595673248,0.00411831923286984,""
4624,-0.134355536267393,-0.0258167331436994,0.0345723042228199,-0.125599965188273,-0.349513166978903,0.105021757078059,0.188530809652497,0.0616538980814888,0.0646287574164312,0.00124632447838812,""
4625,-0.131355228331091,-0.0366760452225312,0.0288626675341283,-0.139168606019494,-0.414219391218422,0.08070653257674,0.195997122116285,0.0129403038765999,0.0135077885247566,5.27780043453127e-05,""
4626,-0.147034760746917,-0.0324507872897925,0.0298089906846566,-0.149676557352053,-0.390202652385598,0.0780365160007708,0.21702269147981,0.038080863974669,0.142510015110812,0.00573142340104649,""
4627,-0.135455928072973,-0.0263012020999547,0.0224075768979462,-0.139349553274981,-0.355361715202616,0.0673868663180209,0.182817583134057,0.00318319837721372,0.138944972961449,0.00530257739873749,""
4628,-0.141842759156893,-0.0647338771198986,0.0282974716370341,-0.178279164639758,-0.381067619305858,0.0761518882914285,0.22991558185774,0.0841116274429566,0.14730689346285,0.00569237800856902,""
4629,-0.0826390910722782,-0.0176703061685023,0.036611699143309,-0.0636976980974715,-0.357533701383663,0.107052090966208,0.131691438715545,-0.00217525797338177,0.109502932179495,0.00349515004150322,""
4630,-0.157826070264816,0.00190606083996919,0.0194041121491882,-0.136515897275658,-0.340258777546516,0.0608120233667741,0.15628190420339,0.00179803225651792,0.127809725110746,0.00473479038611187,""
4631,-0.108431482315545,-0.0361289392569522,-0.000568890710990296,-0.145129312283487,-0.363279902324408,-0.0016511756691321,0.197627998895181,0.0452471642820502,0.242567514723195,0.0152702164421902,""
4632,-0.111485874939189,-0.00993205243496021,0.0124298631674342,-0.108988064206715,-0.392741975581358,0.0393154866555865,0.198198003568898,0.0589809913716983,0.0595077191556203,0.0010510192424954,""
4633,-0.109987139143992,-0.0632344135539055,0.0144686538788316,-0.158752898819065,-0.43912508349267,0.050290716665318,0.164062460640367,0.0936148444185258,0.314785609985788,0.0264467464026519,""
4634,-0.126087576773382,-0.00915968884366732,0.00991233684284598,-0.125334928774204,-0.374597968970118,0.0302172736693384,0.155038923202346,0.0569385180104755,0.136477982451961,0.00539178906239495,""
4635,-0.0598560579578605,-0.00432472556840418,0.0294576104937225,-0.0347231730325422,-0.235586383870965,0.100316946836855,0.161618917690317,-0.0943449423504982,-0.0241292397419555,0.000153424454849781,""
4636,-0.149822383794873,-0.0128092174559224,0.0227440108573627,-0.139887590393433,-0.325048287389371,0.0627791812348032,0.257838126416715,0.0355549615975174,0.129945608688822,0.00517896714663725,""
4637,-0.134057746379615,-0.014421632376458,0.0168420142012064,-0.131637364554866,-0.352737882594299,0.0448927134243202,0.228720426507525,-0.00158526741417991,0.128849279091529,0.0049298118250539,""
4638,-0.13698492036699,-0.022188384101953,0.0482800542816024,-0.11089325018734,-0.36351939088455,0.153088758290335,0.169116728520622,-0.0170987011027473,0.0443437941420432,0.000589507379510051,""
4639,-0.103269020181069,-0.0287692212989257,0.021029593362143,-0.111008648117852,-0.279134002416295,0.0730757540074382,0.211900277981289,-0.0444433043745746,0.0364149087018126,0.000352045279238222,""
4640,-0.166081195154844,-0.0257187200211542,0.0337395805711953,-0.158060334604802,-0.28476604450491,0.142574779349873,0.160397847783077,-0.026584234177545,0.113938689470471,0.00376920690983571,""
4641,-0.150393929734418,0.00436605876502246,0.0071674524950552,-0.13886041847434,-0.309263320852836,0.0214444240833101,0.154126862773606,0.0205464041324366,0.0579308243375406,0.000907122053704959,""
4642,-0.126109698094417,-0.0515928626911362,0.0155216772467889,-0.162180883538764,-0.437543217821972,0.0460184075756352,0.115058063077164,0.0820403977345885,0.208099928929831,0.0111708868021855,""
4643,-0.154735867174352,0.0347088407126951,0.0212140789803169,-0.0988129474813405,-0.317261277910208,0.0626066079444326,0.165146235908982,-0.0463742484129112,0.0383007110175757,0.00042077890613188,""
4644,-0.136039553474314,-0.0580481970966111,0.0475388252549198,-0.146548925316005,-0.437694794553671,0.135494856846331,0.162813833720473,0.0678388397281145,0.172202836344396,0.0083877927522382,""
4645,-0.155349157797548,0.00920165199212018,0.0255758936824152,-0.120571612123012,-0.382489990900275,0.0782029311801366,0.15194622224032,0.0464223831094615,0.102900569010872,0.00328069213385505,""
4646,-0.139842076668018,-0.0664947101749698,0.0326426755415068,-0.173694111301481,-0.392068496790291,0.097525281178498,0.136655807115037,0.0670779007875479,0.170558078346026,0.00773166680862564,""
4647,-0.0831189668261481,-0.0174250830325046,0.00531192967692952,-0.0952321201817232,-0.26166196504529,0.0152435970818112,0.238136908799152,-0.0400247016253884,-0.00504260580745606,6.43720051198828e-06,""
4648,-0.14337943449978,-0.0320750101710362,0.0237915375851821,-0.151662907085634,-0.403512340976789,0.0698499140280011,0.117025538033665,0.0570872108762059,0.0806832844274855,0.0017646867002934,""
4649,-0.141614248932809,0.00904898162902814,0.0215968344048713,-0.11096843289891,-0.298789551796069,0.0589829957036498,0.252753927172433,-0.0173542061313811,0.0162935506028386,7.89392191331495e-05,""
4650,-0.182601273027516,-0.0216363354488177,0.0135682461000186,-0.190669362376315,-0.355261552540332,0.033300155417487,0.218241729382259,-0.00736849053585526,-0.00842053126904518,2.07675001162471e-05,""
4651,-0.145229024563109,-0.0193155913174194,0.0297689454019342,-0.134775670478594,-0.336135533961736,0.0834045867159454,0.222392376583313,-0.00319712222658153,0.0611475747222667,0.00105257573538618,""
4652,-0.132222717742262,-0.0412465063113267,0.0123189272286451,-0.161150296824944,-0.347262938472771,0.0357515227211069,0.199989235952286,0.0578875251048185,0.125678164691442,0.00431466125418662,""
4653,-0.173013364533135,-0.0099711118111334,0.00851843705249014,-0.174466039291778,-0.391859603823759,0.0205387297879992,0.257146874558267,0.0168629381875097,0.196668993790353,0.0122306011518468,""
4654,-0.2025110522214,0.0244656501855372,0.0177128717733163,-0.160332530262546,-0.286372029348029,0.0565040719046104,0.194666540826265,-0.0324471759633536,0.0419615542795658,0.000521427231352447,""
4655,-0.161811430779864,0.00152008963331782,0.0359154771398426,-0.124375864006704,-0.370387538317146,0.0960216193176333,0.267318312289872,-0.0316616645013381,-0.0295159707959018,0.00027941382553504,""
4656,-0.0889224505266185,-0.0724581650851471,0.0247853128038424,-0.136595302807923,-0.406403344461368,0.0711305766679042,0.216151760861478,0.118063304231423,0.230015955995655,0.0133663579861791,""
4657,-0.107449689742035,-0.0203759679117113,0.00415122618713299,-0.123674431466613,-0.410240061746496,0.0116230385762367,0.106095795467434,0.0240767570720967,0.275661123369271,0.0211229682556687,""
4658,-0.127692582633135,-0.0217416087006017,0.03072407983154,-0.118710111502196,-0.350450423302308,0.090057777826302,0.14949059875841,0.0174074835966526,0.0398709347044633,0.00043517482972528,""
4659,-0.114632135192707,-0.0706594525999005,0.0370774200029796,-0.148214167789628,-0.374171196424726,0.109402584046967,0.189025767232492,0.0436487934956852,0.119942755860274,0.00374159369305186,""
4660,-0.0961420303067422,-0.0583674624967145,0.0368013737500483,-0.117708119053408,-0.377443338226868,0.11153761739785,0.165325155804666,0.0336807138837192,0.0977474369434063,0.00248999892957488,""
4661,-0.189664202394656,0.0045934990576712,0.027513351960086,-0.157557351376899,-0.342149937849129,0.0943836953806518,0.240346007712538,-0.0574948009075115,0.0881005056850947,0.002530803240027,""
4662,-0.103769203622932,-0.00714091210584512,0.0059403527218149,-0.104969763006962,-0.379884051244069,0.0196588283298949,0.136254307948222,0.0483269326465024,0.0985611254755472,0.00269257716838914,""
4663,-0.114103338619005,-0.0322540477860813,0.0138533682576527,-0.132504018147433,-0.328711808027426,0.0467093502756952,0.177845632431894,-0.0243117474470497,0.225301826677326,0.0138075216214021,""
4664,-0.116022434541314,-0.0464537201796521,0.0383206118741372,-0.124155542846828,-0.398944798468925,0.107812619583988,0.20212269167738,0.0804685182422108,0.0737063921405356,0.00152890050153129,""
4665,-0.121231138513011,-0.00635377373468289,0.0325167935093818,-0.0950681187383117,-0.374242109054445,0.096071739954972,0.138130469117248,0.0335097830753462,0.0466076735742362,0.000653059239565009,""
4666,-0.170972091811925,0.025866868991741,0.00738218286900745,-0.137723039951176,-0.325687056942837,0.0210078528324592,0.202527627193253,-0.0422477237423307,0.0130916696164167,5.13415890182838e-05,""
4667,-0.142987034515816,-0.0340723308691634,0.044020818102089,-0.13303854728289,-0.391754179710361,0.126011908157947,0.181934129148364,0.0622976282088555,0.0571775784873232,0.000949389348030233,""
4668,-0.176670530406295,-0.0475353495477049,-0.00386629605016005,-0.22807217600416,-0.391640164509448,-0.0110186294263999,0.202412445382363,0.00121458710785633,0.0502263933746098,0.000733074376136428,""
4669,-0.161021403875907,-0.00589732005226032,0.0450437553184269,-0.12187496860974,-0.30470951989716,0.149466579132387,0.182408051543021,0.00814531401913347,0.0998695654191107,0.00303385866508689,""
4670,-0.140473355726731,-0.0165086900574961,0.0128549575867571,-0.14412708819747,-0.242127999281475,0.0367151069976359,0.179478002083565,-0.0531976938888132,-0.041855639762609,0.000484621007719864,""
4671,-0.126419065578287,-0.0148991421011589,0.0360166136779941,-0.105301594001452,-0.352433575648544,0.122515853788034,0.167399623147652,-0.000626299760027196,0.134084114529763,0.00537645910765537,""
4672,-0.135495363464851,-0.0410187884921192,0.0107498296287769,-0.165764322328194,-0.385770836066004,0.0271218015629337,0.244371352720853,0.0148390382957973,0.190889620959649,0.010873899277482,""
4673,-0.154090093491262,-0.0280399717315937,0.0177692260379487,-0.164360839184907,-0.366239631383328,0.0479136088189445,0.193566930571744,0.0623461428157938,0.162905587227478,0.00711212792295128,""
4674,-0.154258891822408,-0.0321260384066104,0.0171888036634276,-0.16919612656559,-0.361026481173404,0.0490975051111359,0.186464155311307,0.015486131924689,0.156200590153245,0.00670908890858161,""
4675,-0.122334400551152,-0.0519421966847712,0.0278241968387032,-0.14645240039722,-0.398289203065876,0.0937909816206761,0.145712230931324,-0.00835503378918273,0.277582184680068,0.0212970485752697,""
4676,-0.121519729695861,-0.0190184075301483,0.0312679616122044,-0.109270175613805,-0.296438187828794,0.105786089240178,0.131928581512059,0.00196209037363771,-0.0257868197866123,0.00017860455511863,""
4677,-0.167188079432669,-0.0409993612114569,0.0126716385660678,-0.195515802078058,-0.2356227280947,0.0470669739780861,0.271141509798987,-0.102132694431947,-0.188821756837448,0.00859318924013033,""
4678,-0.104199508612177,-0.0131957379808148,0.0110570785522779,-0.106338168040714,-0.35322585164986,0.0347398244457255,0.156080644590221,0.0341303064601351,0.0473314331748689,0.000638996939351174,""
4679,-0.139531455235341,-0.044494139371295,0.0242501484171206,-0.159775446189515,-0.336997395507015,0.0714871909858401,0.234894026931037,0.0211766415471642,0.211971699859007,0.0133929368218381,""
4680,-0.165534537679147,-0.00119035113406623,0.0191399791265544,-0.147584909686659,-0.367332952092119,0.0537850186842386,0.148278479249922,0.0315703569571105,-0.127805340410819,0.004592553403165,""
4681,-0.160341496220812,-0.0691370150346098,0.0281487918024219,-0.201329719452999,-0.410559304380557,0.0729947040651135,0.161794295096391,0.0270869022094755,0.0476943485384553,0.000626918389425003,""
4682,-0.13494756494927,-0.0547542000485609,0.0305827166362049,-0.159119048361627,-0.392550911915568,0.0906929458989074,0.150964386363014,0.0575898331917027,0.177950105416122,0.00849937332655266,""
4683,-0.105672634603173,-0.0131549205146206,0.0140835559646148,-0.104743999153179,-0.394227306117454,0.0438987764859406,0.179005824817846,0.0998765826069793,0.217920054369716,0.014304821784221,""
4684,-0.165370719043796,-0.0432892496984218,0.0414918776019972,-0.167168091140221,-0.274006634850566,0.132236988245567,0.163302184732378,-0.0280730582290595,-0.117580018441827,0.00327200525589984,""
4685,-0.0885343667781763,-0.0398824752009315,0.022598438768579,-0.105818403210529,-0.355267236087319,0.062345315653145,0.190308203579447,0.0274644296875921,0.0835593338553537,0.00175097584689889,""
4686,-0.116875827456095,-0.084222945884486,0.0242602585238551,-0.176838514816726,-0.394426625318987,0.0650819704809381,0.214246967264919,0.0112215541232097,0.149641964897866,0.005684034256925,""
4687,-0.233605096895872,0.0256802917491812,0.0217871733239709,-0.18613763182272,-0.286400393175684,0.0628709074936109,0.143698331876323,-0.0215812236794843,-0.135243426230255,0.00535532924396725,""
4688,-0.112990442497375,0.00663014325672801,0.0127635243950498,-0.0935967748455967,-0.398069712193056,0.0358604511738966,0.16373134314949,0.0680527307692559,0.0599194204694647,0.00103258056078405,""
4689,-0.140205525699873,-0.0338464229271358,0.0460840771106341,-0.127967871516374,-0.365920245551955,0.137854657104982,0.179498522535943,0.0696498372584895,0.08601579497587,0.00201065020518969,""
4690,-0.103278745242508,-0.0181995791424448,0.00395761324855694,-0.117520711136396,-0.345558285538681,0.0114234279864517,0.173553189992142,0.0299282543931637,0.115168911292415,0.00368175182988627,""
4691,-0.138670620720671,-0.0340808239331303,0.023330111393052,-0.149421333260749,-0.378282312562511,0.0720986519653558,0.152289144074592,0.0738811486498271,0.138633828366039,0.00526519917724916,""
4692,-0.130425146739962,-0.0308586712498018,-0.00299432886828644,-0.16427814685805,-0.376555379259793,-0.00805816805131108,0.164512477235448,0.0502424134966469,0.200215607912462,0.0106340320752419,""
4693,-0.118992321533354,-0.0389479704139668,0.0214784912920495,-0.136461800655272,-0.403393258691345,0.0610938671503368,0.168389152662078,0.0277361569648756,0.0573668732356794,0.000951411424251311,""
4694,-0.157804983061203,0.0018937682019604,0.0254656552789949,-0.130445559580248,-0.344453244713715,0.0773035791089946,0.13948539039173,0.0317513912776278,-0.034989481446112,0.000347591359812529,""
4695,-0.110022378165916,-0.0427429954890656,0.02800036025429,-0.124765013400692,-0.363031172039254,0.0823239388671981,0.178292399985779,-0.0185917749837401,0.193099639177226,0.0106310200518609,""
4696,-0.134987871260213,-0.00702047288342069,0.0114052418574573,-0.130603102286177,-0.380783963903823,0.0357741117752781,0.176621007406835,0.0488623347887859,0.23896783980205,0.0165212707536691,""
4697,-0.143771581322984,-0.0644521372926661,0.0349586427238642,-0.173265075891786,-0.415744755749749,0.11371166229993,0.204400145316815,0.0818489823427793,0.106581786695152,0.00337638599214479,""
4698,-0.108814964646174,-0.0486609975207137,0.0219672332525982,-0.13550872891429,-0.35838836170344,0.0629380611247119,0.188493379927427,0.0525292193775355,0.0340554691548194,0.000275284269019717,""
4699,-0.127653618930753,-0.0267617387505177,0.0479875935139432,-0.106427764167328,-0.369083134770799,0.13020299205569,0.147175275969099,0.0465580279587368,-0.0320443304265331,0.000284095178307438,""
4700,-0.120470916488442,-0.0338022972244979,0.0318886943228601,-0.12238451939008,-0.313986430183419,0.103611887931291,0.167614100635799,0.0116789678221593,0.144951583568512,0.00562246335918076,""
4701,-0.142198646174439,0.00486091970601495,0.0312097256810411,-0.106128000787382,-0.282210707386868,0.113703613023302,0.15328916184973,-0.128442173513427,0.0640824729318065,0.00118235958694245,""
4702,-0.105351419160338,-0.0152053138560579,0.0200272323961104,-0.100529500620285,-0.392852501724584,0.0541140336808942,0.150730170956823,0.0523134345288279,0.213508103996498,0.0132428132043717,""
4703,-0.166275540430036,0.00486644183251569,0.0260782808055553,-0.135330817791965,-0.322275345219125,0.0763380902278057,0.189693932129531,0.0231195950741273,0.0808497331254309,0.00189670195583184,""
4704,-0.14146942304929,-0.0364702797859261,0.0124379924789132,-0.165501710356302,-0.294973430310805,0.035240012877608,0.247973642264357,0.0179987362130031,0.215030618385058,0.011488653427871,""
4705,-0.137155129590749,-0.0277364360911573,0.0145006458063052,-0.150390919875601,-0.331653300565247,0.0423502600472572,0.200604565350986,0.0480717504036964,0.192589844360323,0.00980185923500166,""
4706,-0.111270446257294,-0.013867534774605,0.0284056012733666,-0.0967323797585323,-0.304835163330271,0.100830690142244,0.159947968563584,0.0261300026929891,0.0784115975791064,0.00174334109728925,""
4707,-0.138256415373624,-0.0493147666834858,0.0164954722655519,-0.171075709791557,-0.331439172879306,0.0427802741155277,0.22888467052441,0.00532754568972596,0.090338079144537,0.00239464638555829,""
4708,-0.140657801487717,-0.0502031745758998,0.0289284450099806,-0.161932531053636,-0.432323707153126,0.0904735579110099,0.147581588075377,0.071707262865447,0.11184002568446,0.00358868492089577,""
4709,-0.131744766695468,-0.0101060244746357,0.0255978532889654,-0.116252937881138,-0.349868763524482,0.0629024220161124,0.225987519140815,-0.0089457836452913,0.142935151046564,0.00594568154343027,""
4710,-0.122220132477017,0.017476193298003,0.0317239099687318,-0.0730200292102826,-0.324105474054202,0.099884762910366,0.147340815002044,0.0144568365921174,-0.0145026673357231,6.14991274182255e-05,""
4711,-0.171992042126206,-0.00489980530986287,0.0437835030478495,-0.133108344388219,-0.381162645522536,0.143423505623569,0.129672487535471,0.0547753044184389,0.0403369738343517,0.000503942263023013,""
4712,-0.141544350906175,-0.0148942138727128,0.007204869265935,-0.149233695512953,-0.343058911302159,0.0192704804283295,0.225435746796855,0.00950307145871582,0.0994488860014923,0.00291452205487955,""
4713,-0.129848409519926,-0.00275178187976621,0.0261391976588807,-0.106460993740812,-0.370563808352152,0.0750286143949535,0.165191724475301,0.0645635451115625,0.0592326733152731,0.000993749773215088,""
4714,-0.126398191616107,-0.0231739434937315,0.0144691227177945,-0.135103012392044,-0.404021408291316,0.0418300267377941,0.131192353777665,0.0674029383053774,0.140317965533174,0.00527955593833281,""
4715,-0.147748882165461,-0.0251139611346078,0.0100505375513275,-0.162812305748742,-0.400960821347248,0.0271315009097722,0.161708860907999,0.047253606083444,0.0975153954920028,0.00260279117605732,""
4716,-0.114028826951908,-0.0713686464964412,0.0107244471572049,-0.174673026291144,-0.427910352502243,0.0322486951038514,0.153996361631235,0.0798622026833934,0.332146259165591,0.0282506864700877,""
4717,-0.156553709210727,-0.00812137432906785,0.00255315364358505,-0.16212192989621,-0.405181561183138,0.00669049588841894,0.174766669722316,0.00839587550569846,0.17074169165823,0.00918239693788815,""
4718,-0.112750219159899,-0.0175505577755103,0.00512024302596292,-0.125180533909446,-0.380347458290382,0.0137300481791382,0.137805618825709,0.0697926413904124,0.188247834451746,0.00963582525363742,""
4719,-0.11924343562807,-0.0545095899151959,0.0177463670816463,-0.15600665846162,-0.326124654031583,0.0553697321584597,0.245944253890649,-0.0276032514202024,-0.0573095932327989,0.000740997992932892,""
4720,-0.137771554669529,-0.0261934042813416,0.0241874907364774,-0.139777468214394,-0.337578008759529,0.0679820667446296,0.137298297274991,0.0411925558119177,0.0303641434991577,0.000235226226999881,""
4721,-0.13185046218584,-0.0209576952177267,0.0232123138471988,-0.129595843556367,-0.365230887086442,0.0665450347366121,0.141009986088995,-0.0273747523227015,0.194097718004414,0.010167042807781,""
4722,-0.129432879536042,-0.0101216117722399,0.0105683054883547,-0.128986185819928,-0.396068459218263,0.0279815139987914,0.196516406785368,0.0645037828383665,0.215525097739786,0.0138444657947536,""
4723,-0.128599444653456,-0.0375173256125839,0.0253027735840484,-0.140813996681991,-0.417112856521358,0.0754993771912256,0.16105252854709,0.0820158598295333,0.0324922949355788,0.000310943704416341,""
4724,-0.113897607407464,-0.00739910984784611,0.0277057503452229,-0.0935909669100868,-0.362725426925988,0.0757226094783197,0.14024508450014,0.084329603005345,0.119196884032452,0.00392519408569083,""
4725,-0.133013436719502,-0.0271850768355252,0.0322453823324479,-0.127953131222579,-0.35803881625119,0.0957401944017056,0.153628142025429,0.00496738076754221,0.0680420140774562,0.0012924039586768,""
4726,-0.19321869939725,-0.00138174668940413,0.0288381360233178,-0.165762310063337,-0.334928367007932,0.108210343680717,0.21635403575585,-0.00142830990201699,0.101110372792487,0.00331503038171588,""
4727,-0.0942835889084474,-0.00715241971995472,0.0298456869563835,-0.0715903216720186,-0.358258675202814,0.0909951806869125,0.0888785182967793,0.0404904037132745,0.0305722141538075,0.000269669186704833,""
4728,-0.167849405213693,-0.0174767084468176,0.014511099057462,-0.170815014603048,-0.299372433410611,0.0344473387894355,0.307416274661475,-0.0400659847254951,-0.0908953847432576,0.00277326527719858,""
4729,-0.146452835317068,-0.00200429649910806,0.0203242877358757,-0.1281328440803,-0.361055262489747,0.0528040225206234,0.237680669413394,0.0806046031410837,0.204244308538279,0.0130192926129885,""
4730,-0.122316532706098,-0.0531110430748996,0.0405150719789724,-0.134912503802025,-0.346188333561264,0.129216082607583,0.14114661495958,-0.0144652941362474,0.210140650987568,0.0123312670199255,""
4731,-0.100424233821594,-0.0167452105293024,0.0247325150650398,-0.0924369292858564,-0.319241921432447,0.0806452743051406,0.11035239932984,0.00212047400227924,0.0622215137793487,0.00108932299932524,""
4732,-0.133064542984677,-0.0316232304953511,0.0414861297520685,-0.12320164372796,-0.375398862794719,0.137907518256989,0.164525474032839,0.0214235837037636,0.102991029244381,0.00312621591836726,""
4733,-0.140366020268801,-0.032180375428264,0.00728505216286807,-0.165261343534197,-0.428548395695691,0.0231656281570842,0.154398856673516,0.064885170314228,0.143659740137123,0.00608407061097596,""
4734,-0.116936662903117,-0.0354054671684091,0.0154031527238045,-0.136938977347721,-0.324932270496257,0.0508166176877357,0.190442834126635,0.0612058512949899,0.259502708319323,0.0177647192297392,""
4735,-0.115488815573982,-0.0575999952023091,0.0276340500494325,-0.145454760726858,-0.4015036261702,0.0793527417112436,0.169794706421604,0.0175923037043555,0.073851226808187,0.00131734433134394,""
4736,-0.116784117060489,-0.02416458513226,0.00400061135347203,-0.136948090839277,-0.411808092403704,0.0129964935678854,0.144032878809903,0.0926779380903267,0.22771544173004,0.0149944233057149,""
4737,-0.151638618690347,-0.0177267752219609,0.0394065533656475,-0.129958840546661,-0.38020477448489,0.11483986945261,0.198629143312391,0.0576746223359275,0.116747015311599,0.00421457595633605,""
4738,-0.0904404525163215,-0.0661236190391621,0.0343911425012688,-0.122172929054215,-0.413867924501114,0.101979411070571,0.159749519836023,0.100327618227527,0.10062636487867,0.00269202472961576,""
4739,-0.115002353223017,-0.0150989544311953,0.0204259759642177,-0.109675331689995,-0.37173733050603,0.0660842309265796,0.155640044824271,0.0617505963769186,0.203501581249022,0.0124481933649284,""
4740,-0.1127207533595,-0.0602049557879324,0.0416321149477023,-0.13129359419973,-0.37697084663449,0.129429288469994,0.178476547859652,0.0795340358762848,0.259070208751179,0.0185919452877569,""
4741,-0.159056398176811,-0.0401774372775908,0.0285270532755967,-0.170706782178805,-0.282769145131651,0.0966908619546636,0.222461752457824,-0.0429145214226011,0.165371714004324,0.00753638541821581,""
4742,-0.169230659221842,-0.0222653704248202,0.00390700218961384,-0.187589027457048,-0.277262045844355,0.0125943097059352,0.217898169179199,-0.0188674003567003,0.1165762942838,0.00372514015473988,""
4743,-0.108939680518976,-0.0389402037233389,0.0116406514220594,-0.136239232820256,-0.347659420896015,0.0324339667350432,0.215683753383642,0.064210754558658,0.1569021059785,0.00645669289365425,""
4744,-0.146509375412229,-0.0129561025373154,0.0424461571593935,-0.11701932079015,-0.369281171928337,0.126458689288534,0.239255061460221,0.0516552612988993,0.197865102327259,0.0118526558114279,""
4745,-0.181135963994248,0.0118979030431968,0.00712098053863191,-0.162117080412419,-0.33142667567884,0.020506879279157,0.158676005954817,0.0476902248310717,0.0699065172369576,0.001395987995744,""
4746,-0.105127151675324,-0.045093793956306,0.0154549842783157,-0.134765961353314,-0.382090307377821,0.0449915836229946,0.148721243886884,0.032508338681167,0.182067993550302,0.00881800659041906,""
4747,-0.159159119135801,-0.0254043308972508,0.00663461737409176,-0.17792883265896,-0.302790975742313,0.0196784967114064,0.214872147297731,-0.0347941842436004,-0.00979321169667882,2.42575609568212e-05,""
4748,-0.123071112776287,-0.00849964306297308,0.0248276038108152,-0.106743152028445,-0.340641140522563,0.0659708717964973,0.175204191923056,-0.0512766182508674,0.105440635569607,0.00328141491109265,""
4749,-0.134299885390568,-0.0086768123509659,0.0431856880710889,-0.0997910096704445,-0.385377504763025,0.124191391596833,0.143657300123625,0.0476320162010298,0.0550606452584965,0.000936638069226984,""
4750,-0.155705631233157,-0.0164305034980916,0.0432453238822915,-0.128890810848957,-0.320592974640096,0.132136361433322,0.204397600410135,-0.0629517818844207,0.0314869126432239,0.000288746476459237,""
4751,-0.150110271039694,-0.0175212554613285,0.0132832808326186,-0.154348245668404,-0.354280155475374,0.03981470651639,0.0923185850900492,0.0602846104954321,0.0031052604924684,2.56237939994357e-06,""
4752,-0.157531005822484,-0.0256787794446771,0.030049619341738,-0.153160165925423,-0.349087658830195,0.0816607360561315,0.271636680775308,0.0773680706088888,0.101150851455277,0.00309479357861333,""
4753,-0.154830497947094,-0.0140432979412467,0.0243842050028657,-0.144489590885475,-0.396871454592328,0.0736222260405844,0.149877799227857,0.037138389254543,0.0976151133672149,0.00289422024981007,""
4754,-0.134507420328815,-0.0208012161345549,0.0315912096330073,-0.123717426830362,-0.358201229826603,0.101578420606904,0.191971941369225,0.047709697325729,0.0803911502924517,0.00195174847540088,""
4755,-0.17231508849395,-0.0221077165013152,0.0260292785510827,-0.168393526444182,-0.310041720129518,0.0859933088577604,0.136761372240115,0.0236616484550605,-0.0651062982790977,0.00114348706041155,""
4756,-0.139242107818391,-0.0472676395539116,0.0394512088816958,-0.147058538490607,-0.368285726487952,0.105187029553311,0.224440881458033,0.0681056803434714,0.243085904737437,0.0170249289098516,""
4757,-0.130904096654692,-0.0440161717918841,0.0231650457870476,-0.151755222659528,-0.352223593262839,0.0648592162563422,0.221934975115563,0.0423460493445473,0.0660861293352425,0.00107288519340432,""
4758,-0.126521414276216,0.00132702306079748,0.0115782775307688,-0.11361611368465,-0.350112111284074,0.0382695934273983,0.148955116766275,-0.0311697600591366,0.189952586279703,0.0103444639311108,""
4759,-0.163805117411785,-0.014244093174105,0.0176116647597421,-0.160437545826147,-0.299728085271784,0.0553823506164342,0.233179031363008,0.0322366014479371,0.134418787565669,0.00512620883314324,""
4760,-0.160287199822315,-0.018989221657134,0.00603798292140294,-0.173238438558046,-0.371874026045161,0.015052758108023,0.137223725852415,0.0205194710798755,0.107107448837966,0.00309467022145527,""
4761,-0.113400151081989,-0.0470406042127503,0.0214787901538536,-0.138961965140885,-0.370210111949749,0.0637234154590169,0.269072850064135,0.0990960932554705,0.228506808070047,0.0158028255563184,""
4762,-0.162184165672511,-0.0384954942148252,0.0329760180300193,-0.167703641857317,-0.427939542925892,0.0945787400567519,0.254090460286822,0.117760931945352,0.269067799718549,0.0243546870803415,""
4763,-0.172563853025802,-0.0252323473160546,0.0344468634516416,-0.163349336890215,-0.283171041707422,0.107850763480797,0.183774276601677,0.0038541093254702,0.0119289357547635,3.86752388944303e-05,""
4764,-0.122458532431543,-0.0297821213570149,0.0330460825676718,-0.119194571220886,-0.394689164648168,0.0881553205182216,0.164812071109051,0.0172563750063171,0.162104557012981,0.00732234693202558,""
4765,-0.102301184398795,-0.0470487464009968,0.0239744800796595,-0.125375450720132,-0.407291967208392,0.0629837409804294,0.191361406859265,0.0278645045175804,0.233727221454067,0.0149782176350421,""
4766,-0.096831508488403,-0.0541864804079609,0.0348581297838665,-0.116159859112497,-0.374582394083173,0.0974574664063853,0.219797567945875,0.0401403124124686,0.0146129937027881,5.62017275253599e-05,""
4767,-0.141909478391522,-0.0366857321501487,0.019864356558701,-0.15873085398297,-0.398395710385104,0.054705025353814,0.187120623700029,0.0207320903862795,0.149046019719216,0.00644427771921864,""
4768,-0.0932202443263611,-0.0235834256338504,0.00675978682481713,-0.110043883135394,-0.347441781824919,0.019411534672752,0.14989684573041,0.0542745460593661,0.172638398211447,0.00782710451565826,""
4769,-0.119433537583507,-0.0414447544532662,0.042530200611507,-0.118348091425266,-0.425090632747652,0.12938332431978,0.192639406543515,0.0932811925973045,0.178493670956228,0.0097101925916405,""
4770,-0.148727663893741,-0.0101597693553296,0.00763748845516255,-0.151249944793908,-0.384571534932662,0.0196969361798498,0.237954861404674,0.101122191395071,0.129011898602924,0.00515638872999762,""
4771,-0.153608401938306,-0.0455827015223745,0.0233275795759261,-0.175863523884754,-0.409402049984029,0.0663521942106535,0.19173930297274,0.0790380834958102,0.191951958205311,0.00960936573274557,""
4772,-0.099026969816697,-0.0400831133148175,0.0307798360368243,-0.10833024709469,-0.380357602688882,0.0834632850882907,0.207293574969128,0.0548368333278605,0.0084667453844625,1.83956581878282e-05,""
4773,-0.147045035569694,-0.0108571653854609,0.0310908210365275,-0.126811379918628,-0.330591772242956,0.0882583711696511,0.249868416097844,0.00335545500954594,0.0686794302628413,0.00149316779728597,""
4774,-0.10328905477137,-0.0535840170499538,0.0154202645756164,-0.141452807245707,-0.399093237836773,0.0458223756302419,0.154509432352124,0.102035595146875,0.158068619472967,0.0067500108132005,""
4775,-0.179581727607874,-0.016064334858099,0.00565899101640066,-0.189987071449572,-0.358444980850582,0.0168214173946899,0.134004613819329,0.03762504612672,0.0912826702092886,0.00236729875710133,""
4776,-0.0874634254392371,-0.0216220279159169,0.0143358514134499,-0.0947496019417041,-0.417650189568252,0.0438031553639449,0.0804655322558173,0.0752763719028854,0.0367122529305321,0.000399000686648261,""
4777,-0.163483309470707,0.0171966397622326,0.00550197463999832,-0.140784695068476,-0.324558591049563,0.0156486345498837,0.169362571885877,0.0344101836457767,-0.0357281689283846,0.000352829781527914,""
4778,-0.144174028169138,-0.0431040176074923,0.0150429914172504,-0.17223505435938,-0.417870087741334,0.0433107827577747,0.11983091468929,0.0879952121461352,0.207234854143539,0.0112453778614487,""
4779,-0.125971405928656,-0.0530981996506412,0.0150759719689129,-0.163993633610384,-0.29661326817575,0.0450633742556625,0.249679270966745,0.00668975991204843,0.0696217402486604,0.00115059500144159,""
4780,-0.152934555366382,-0.0201739147563435,0.0114071873505659,-0.16170128277216,-0.373198418641329,0.0284315467073628,0.178722651294735,0.0672658561606623,0.142627316984321,0.00562584422328171,""
4781,-0.129470875114042,-0.029643615544961,0.0266736577144762,-0.132440832944527,-0.3980757057718,0.075851022891779,0.196069025165765,0.0595292935682599,0.30375402773076,0.0283880549210158,""
4782,-0.177058031205148,-0.0156841471284989,0.0147675848837804,-0.177974593449867,-0.347247544283025,0.0419728461943745,0.223853302934643,0.0401510971487519,0.151719802423704,0.00687730812108859,""
4783,-0.0901641403683868,-0.0281652718420646,0.0214157210157264,-0.096913691194725,-0.386153069221853,0.0659388136885193,0.196185954977044,0.0744595195795552,-0.00520547764505498,8.03676780770517e-06,""
4784,-0.111288051431361,-0.0572248397186109,0.0403732326571006,-0.128139658492872,-0.369598291117263,0.118197635651683,0.196117921912675,0.0526714628084002,0.0200433796174535,0.000102254645820483,""
4785,-0.152070653138118,0.00229629207240403,0.00627915317423629,-0.143495207891478,-0.376629660720017,0.0163952237918562,0.224870785122516,0.0188031315031671,0.0813995460021664,0.0020145487649761,""
4786,-0.110271784299445,0.0107033214362339,0.00964915206950676,-0.0899193107937045,-0.358361261967633,0.0275796239161073,0.142599437252421,0.0910979273841807,0.0627153358946941,0.00108841696652144,""
4787,-0.164030744030833,-0.0138851788326682,0.0191983626247998,-0.158717560238701,-0.331163555289422,0.0714925677644048,0.179361729065326,0.0124314542356244,0.135560123899219,0.00540811807484121,""
4788,-0.117154514593105,-0.0313627467523976,0.00851860201809248,-0.13999865932741,-0.347731316629753,0.0242272987877619,0.19256751535779,0.0404731392658323,0.0818037722437233,0.00165989229179022,""
4789,-0.116965646264507,-0.0289842994534421,0.00631058943068306,-0.139639356287266,-0.273567442475966,0.0169572518411482,0.212114536868248,0.0428555204002564,0.0306334305272213,0.000232924292875315,""
4790,-0.127911142080007,-0.0646814286310289,0.027404070987292,-0.165188499723744,-0.388889713970415,0.0764513550692111,0.287108878951154,0.0932757544936922,0.214797120913097,0.0133241440079164,""
4791,-0.0877894473233902,-0.0479680699330624,0.0233990569757992,-0.112358460280653,-0.400512127843795,0.0700127099238127,0.152324706043902,0.0890838603656805,0.283531669957329,0.0208535734349261,""
4792,-0.0951023744062624,-0.0591735764554721,0.0281549150564944,-0.12612103580524,-0.360398423560137,0.0856059644221071,0.200763149602197,0.0431822928736707,0.125344616821777,0.00411702149121702,""
4793,-0.146015205169328,0.000374287119557837,0.0297416238866603,-0.11589929416311,-0.362226698925562,0.0871080969202801,0.111914686360979,0.0652867333172106,0.0120976505920397,4.15793552991885e-05,""
4794,-0.169298915858549,-0.0570404084654835,0.0351438710086763,-0.191195453315356,-0.304502862545738,0.100415188749376,0.217505818225855,0.019638717002461,0.057493471609341,0.000919577355745925,""
4795,-0.135492298858203,-0.0518967511717273,0.0155172129069447,-0.171871837122986,-0.417173821605736,0.047513304735727,0.210179834387906,0.0838297607212476,0.227662245611769,0.0151057651104135,""
4796,-0.114202599026815,-0.0398326562737518,0.0357597097907138,-0.118275545509853,-0.295814471257411,0.110144906279123,0.20219022050553,-0.0111472564949046,0.0325623360841152,0.000283633847114647,""
4797,-0.116021550643391,-0.0264675837787895,0.0275840822891127,-0.114905052133067,-0.275582055869369,0.0874318474554169,0.191549466456316,-0.0273355634391346,0.0236052034910039,0.000145736464343928,""
4798,-0.100171689196812,-0.0269519292791298,0.015740329611153,-0.111383288864789,-0.387708602348546,0.0441108164116397,0.149987211438285,0.0618241307510451,0.105239402399455,0.00295450651441268,""
4799,-0.122722290228975,-0.0109918057477333,0.0357455228391831,-0.097968573137525,-0.335337434402982,0.116821267203769,0.151503452676281,0.0170038393643729,0.15015612879596,0.00669827370791427,""
4800,-0.12710761693437,-0.0144870113000587,0.0333310878815266,-0.108263540352902,-0.302015053744488,0.109552051358316,0.122894537118388,0.0407945320477269,0.070139277875344,0.00138647706993812,""
4801,-0.160403594161597,-0.0174826572894493,0.0375224132710573,-0.140363838179989,-0.348515834966041,0.103542651305889,0.212161610204343,0.00390502592222819,0.219006298201494,0.0146083570811815,""
4802,-0.14464457405698,-0.00167019223673425,0.0317880052162034,-0.114526761077511,-0.368575682609737,0.0955583691988507,0.144897820494514,0.0375766364575992,0.0466856087442737,0.000644350051711415,""
4803,-0.162976706177189,-0.0417194336349487,0.0271428733501242,-0.177553266462014,-0.408196833063178,0.0765840181151482,0.174366876322367,0.0558536821123484,0.158401339158967,0.00717176570312656,""
4804,-0.149374487029219,-0.0199333701444043,0.0130595133649118,-0.156248343808712,-0.342880834916128,0.0381294613177291,0.184989289595801,0.0473942180126478,0.0652073347011154,0.00122436125064219,""
4805,-0.122349530124023,-0.045513587355715,0.00738253878267955,-0.160480578697058,-0.30917672924574,0.0266954684044019,0.172488774822946,-0.0557140893857246,0.142534660162694,0.00501000809094618,""
4806,-0.160451127178148,-0.014901136006057,0.0209748358218779,-0.154377427362327,-0.380200800937733,0.069747190102601,0.188294554937187,0.0543348157457696,0.149364895056136,0.00691932294780423,""
4807,-0.127514260891168,-0.0607073600467293,0.0255899363376972,-0.1626316846002,-0.379961508564859,0.0717494677172951,0.12414523793436,0.0839142881079625,0.0607405493229388,0.000828234374777551,""
4808,-0.114757407984405,0.0040453064153966,0.0234913473598142,-0.0872207542091938,-0.326489556279326,0.0743976093084405,0.198922995840369,-0.0110327630694631,0.0527846165222635,0.00080904867730537,""
4809,-0.190681629923125,0.0126232985909158,0.0522248710889845,-0.125833460243224,-0.327233501075736,0.144882657687794,0.232374323711218,0.0102806949473387,0.119546170486021,0.00447606794955239,""
4810,-0.162564552587415,-0.0173204183903087,-0.00616264042947361,-0.186047611407198,-0.306950564056994,-0.0153665150783007,0.221371910829476,0.0271195620942672,-0.00947566164985509,2.50150441984399e-05,""
4811,-0.160546212995817,-0.0181121122011111,0.0440740913244812,-0.134584233872447,-0.415851774485586,0.127884153753014,0.196587455033496,0.0934521770800553,0.0222218507196209,0.00015874770801764,""
4812,-0.125342951275226,-0.0178353670900813,0.0137930346500199,-0.129385283715288,-0.377043231859169,0.0403299713568121,0.180511308028857,0.0849637275878136,0.0835054175321607,0.0019066173547506,""
4813,-0.147119476790065,-0.0215943651467398,0.0178241565215444,-0.15088968541526,-0.359983142075553,0.0511076187618307,0.196357100386602,0.0483148384390924,-0.0142982386073796,5.80841847718897e-05,""
4814,-0.170325638168387,-0.0149741971166858,0.0433580196607596,-0.141941815624313,-0.348997127925292,0.128149835424196,0.181541172141817,0.0122422887309271,0.0753191820969216,0.00175960267652814,""
4815,-0.150623460826611,-0.0310297792577631,0.0159538668266806,-0.165699373257694,-0.389181277634635,0.0484561414072895,0.166467081793808,0.0360422048747826,0.0627203379940907,0.00116558904930287,""
4816,-0.135351378250912,-0.024888525807607,-0.00713713247840576,-0.167377036536924,-0.280182223551911,-0.0211336459002435,0.253079116741285,-0.0480834976348995,0.114772524229441,0.0032885870853235,""
4817,-0.142652138610625,-0.0393593783978074,0.0415234700230133,-0.14048804698542,-0.353904351347338,0.134821159507917,0.126276221529488,0.0161944137287707,0.032089691779353,0.000286708401589715,""
4818,-0.11464489049835,-0.00940524685925227,0.0188929026774761,-0.105157234680126,-0.386482773344472,0.0534571886705553,0.157354971661606,-0.0161245234042807,0.0517065852366025,0.000764736801110469,""
4819,-0.130677525256804,-0.0344521213737997,0.0178626908744736,-0.14726695575613,-0.304591806430166,0.0529133336976285,0.197667816164832,-0.00816042145435904,0.0414702143487454,0.000428236749895979,""
4820,-0.137245684313217,0.000318775202421969,0.0239037506279576,-0.113023158482838,-0.36511246072963,0.0671597429148215,0.209087987241832,0.0514292828229071,0.0485592920962446,0.000703385559401826,""
4821,-0.128283378971827,-0.0417396975247922,0.0334415447959303,-0.136581531700689,-0.411762886485105,0.0930920626426307,0.184798470221397,0.0831785572247434,0.105075952107782,0.00308209253690624,""
4822,-0.144896183231874,-0.0381344715081823,0.00849160389000716,-0.174539050850049,-0.347381746074189,0.0230370457110738,0.157975137967181,0.0479773897656153,0.118902625537525,0.00347873468878031,""
4823,-0.120653569497965,-0.0730678618800942,0.00241963713098305,-0.191301794247076,-0.375564613327721,0.00645805954893065,0.20568772074945,0.0796912336868712,0.196029626401665,0.00859950446090571,""
4824,-0.102682002793882,-0.020733099410912,0.0258757966069819,-0.0975393055978126,-0.329044482902736,0.082022963814708,0.130326697278652,-0.0395761836566157,0.0449829801957655,0.000542904966188671,""
4825,-0.137316272425077,-0.0147346962712579,0.0226682852890306,-0.129382683407304,-0.34412619832374,0.0727813620712687,0.169713213713611,-0.0838657474778998,0.254220131648412,0.0191905130604924,""
4826,-0.151343092288182,0.00149966694516661,0.0295802832629568,-0.120263142080058,-0.365807796858706,0.0883725306197837,0.148358236253813,0.0340943070167648,0.0627562379780785,0.00120388672454042,""
4827,-0.18623032324257,-0.00847505602769956,0.0264306563523488,-0.168274722917921,-0.246467615278374,0.0752004368387518,0.203975588832891,-0.0117457545473411,-0.0501370275289429,0.00072389242724581,""
4828,-0.160192710812979,-0.0342244012696992,0.027658311595669,-0.166758800487009,-0.347884440897142,0.0830840706753588,0.205970277064127,0.0326440950020458,0.126640406350571,0.00452964094349707,""
4829,-0.108226961592987,-0.0115938428590273,0.0325630902909246,-0.0872577141610896,-0.413790489447911,0.0900597754860796,0.204254415198904,0.0226672217980152,0.137815410629783,0.00604660216947359,""
4830,-0.150784132984848,-0.023280793910909,0.0235786093317243,-0.150486317564033,-0.400618534187922,0.065669285190397,0.17732396099203,0.0563511683315091,0.121372272934948,0.00412632645397889,""
4831,-0.141243285397456,-0.0497823818177286,0.0346098567017734,-0.156415810513411,-0.327612952193924,0.101918538840819,0.171060468005149,0.052568517185408,0.0605620522826125,0.00100190621315113,""
4832,-0.119763514375774,-0.019959515863864,0.00825428982315446,-0.131468740416483,-0.385337745816013,0.0260955645899704,0.147886956958167,0.0232086847999212,0.255202747622783,0.0192221753632872,""
4833,-0.135248435153077,-0.0652533169400735,0.0183436524971192,-0.182158099596032,-0.390549888145961,0.0568219215074925,0.210325217182738,-0.0158118432499552,0.240219096250817,0.0151482905887019,""
4834,-0.0770978762894603,-0.0604981701585074,0.00546968459857237,-0.132126361849395,-0.39154623493137,0.0171412152340353,0.148016003210257,0.0931221140819491,0.223536265860501,0.0119952480798618,""
4835,-0.187542132060154,-0.00917498040089904,0.0472180869081061,-0.149499025552947,-0.345677725754893,0.12885547770803,0.171115284683837,0.0531826623033288,0.0397629195124178,0.000461598077875788,""
4836,-0.206065156337552,-0.0113318312095516,0.0192790731629253,-0.198117914384178,-0.345745492109315,0.0520157249849146,0.223941211712496,-0.00336306428628468,-0.00564284275069925,9.94587683961371e-06,""
4837,-0.177149519494616,-0.00459918673066879,0.0410892581945664,-0.140659448030718,-0.304666878823693,0.124031867246136,0.140526928407005,0.00363841752245899,0.0347626792637966,0.000357760638214288,""
4838,-0.147020371891039,-0.0293494271288924,0.0462652796235227,-0.130104519396409,-0.421195581426957,0.122856141683273,0.224697878346211,0.0802731668454024,0.202212671690331,0.0120340774194639,""
4839,-0.120486868347587,-0.00884352282859352,0.0215706339526017,-0.107759757223579,-0.34286980434584,0.0626370691720693,0.201754964683604,-0.0529105220650638,0.139736065488707,0.0055443482909082,""
4840,-0.121158945356495,0.0032760422117689,0.0253432095807538,-0.092539693563972,-0.298372482058553,0.0739483182339555,0.182180184584653,0.00690747336557378,0.0849875176341661,0.00203683332315919,""
4841,-0.130836858311285,-0.0642128567030196,0.0206125327768532,-0.174437182237451,-0.47765197265935,0.051833864360551,0.109691852418652,-0.0205614721074867,0.221169044601178,0.0134008941723635,""
4842,-0.175348447707448,0.0252864102625925,0.0163123190357559,-0.1337497184091,-0.352852136781891,0.0506596509040958,0.170411487072884,0.0283330743687278,0.134818646820912,0.00539766087233542,""
4843,-0.206368050297036,-0.0454342348669923,0.0361038023400663,-0.215698482823962,-0.392379721764703,0.101756270445544,0.211486412819556,0.0422173277437343,0.0139939693130422,5.48138214254259e-05,""
4844,-0.0914750837253683,-0.0306193008734116,0.0145339523094344,-0.107560432289346,-0.274514627083802,0.0475970515241227,0.251651998143776,-0.0667597727868872,-0.0467444009736934,0.000534857741886684,""
4845,-0.151488145791732,0.00200910596952522,0.0322210440192333,-0.117257995802973,-0.323179595918628,0.0928082252212116,0.120338638508242,0.0120759952631056,-0.028061598097896,0.000220320062601648,""
4846,-0.173452309023083,-0.0150163534407172,0.0295590234485103,-0.158909639015289,-0.316856986633129,0.103288165765762,0.153077061822908,-0.0850833405683482,0.135149811725071,0.00547414165559375,""
4847,-0.140828691931201,-0.0121294210613378,0.0103414305814243,-0.142616682411115,-0.353450866411768,0.0297566055790783,0.185133516370873,0.0643323699233858,0.151204369087085,0.00638306973087546,""
4848,-0.185512743648288,-0.0226312330644556,4.06213628869219e-05,-0.208103355349856,-0.26817852029375,0.000119820440333235,0.233195924638,-0.0188018008888812,0.0450084190275637,0.000570959344001542,""
4849,-0.160969146759738,-0.0420594735394987,0.0199822207106672,-0.183046399588569,-0.365866676748292,0.0581775460869756,0.227790131032912,0.0172963895438169,0.133090627779301,0.0054070303904321,""
4850,-0.161500858982128,-0.0415549895196599,0.0211234850368834,-0.181932363464904,-0.358697332062136,0.0596353774707005,0.223871254384873,0.052882174979074,0.133122493117442,0.00484167116292804,""
4851,-0.122437197263579,-0.0600062548384325,0.0318145794059791,-0.150628872696032,-0.340862903333834,0.0976516259049779,0.191536971446184,0.059264839238634,0.0954064559517418,0.00233677082769086,""
4852,-0.176731645139046,-0.0182761051147026,0.00179358153786398,-0.193214168715884,-0.274081199140838,0.00567079284107026,0.251615099770298,-0.0494384050711553,0.0322009168093958,0.000299854170860187,""
4853,-0.16375672440956,-0.00618617825026693,0.00558808549862803,-0.164354817161199,-0.342395391517922,0.0144055180919544,0.284940874797253,0.0478587371331225,0.215766095643224,0.01492543603822,""
4854,-0.135019076773086,-0.0291449951670212,0.0322015766099761,-0.131962495330131,-0.361281448167027,0.0962155398018653,0.132098119452483,0.0436233259581019,0.068414929774214,0.00127515188843542,""
4855,-0.0937937299178815,-0.0240114066448051,0.0354278201915476,-0.0823773163711391,-0.308665512317817,0.120489073358829,0.14412552600672,-0.0575494363614242,0.0511702939619074,0.00075760593255205,""
4856,-0.167429877700337,-0.0295267703136993,0.0135726596530993,-0.183383988360937,-0.426907928414999,0.0350137815285328,0.184763752033135,0.0515830831050177,0.0562477501063003,0.000938437242263941,""
4857,-0.189027121625816,0.00492111890960964,0.00499337576649268,-0.179112626949714,-0.33409300272948,0.0152627591080404,0.217955907709174,0.0326574132038042,0.0123528107825695,4.55884051345575e-05,""
4858,-0.165821911751998,-0.0173326187045258,0.0389675368888168,-0.144186993567707,-0.346879728506552,0.129190724800968,0.204143385044468,0.0580521066073993,-0.0114845364742613,3.73740644851345e-05,""
4859,-0.174979970798022,-0.0416807377649408,0.0269399150445553,-0.189720793518408,-0.343843151071082,0.0950636077625642,0.213751365185388,0.0340511796561527,0.135920154388273,0.0054900987834849,""
4860,-0.142966689190651,-0.0310126032189117,0.0159843347131336,-0.157994957696429,-0.280633856414382,0.0576659849054749,0.217157098567043,-0.0530216246149298,0.0680756794803926,0.00118986768547511,""
4861,-0.0994362291680593,-0.0443467671449873,-0.003230818842354,-0.147013815155401,-0.338196211516334,-0.0103018933102746,0.208989200811476,0.00399121594313689,0.203521475253266,0.00973257709836192,""
4862,-0.159448358900427,-0.0458982068920874,0.0317853422545131,-0.173561223538001,-0.430688224672736,0.0894231137122517,0.180164651643555,0.0623842505193211,0.0198718045303897,0.000109615093470622,""
4863,-0.139019623860087,-0.00177945491577716,0.012019372921578,-0.128779705854286,-0.250963292175212,0.0397534880929664,0.183349063599514,-0.0709555255766906,-0.0315658846501281,0.000277786286750172,""
4864,-0.131077922568454,-0.0461868852901869,0.0103840389999943,-0.166880768858647,-0.359167526985944,0.0303091199439295,0.210902175427407,0.0694717015932858,0.169753553769857,0.00746966871227236,""
4865,-0.133674004985224,-0.0493496543461401,0.0315449349667089,-0.151478724364655,-0.382877329818407,0.0870364538293643,0.230887262390963,0.00719223943371298,0.128150312440357,0.00470901768026856,""
4866,-0.14662997048406,-0.0354708143301776,0.0219384013274162,-0.160162383486821,-0.336470528113407,0.062780984634411,0.201283431751884,0.000982272184602023,0.0401962327989407,0.000436968192515713,""
4867,-0.0998134396730594,-0.0628687905239655,-0.00178333195737938,-0.164465562154404,-0.385220774733246,-0.00580719067126138,0.234484729127027,0.097368116850687,0.24811014376214,0.0150270060882631,""
4868,-0.141442161452894,0.0049893402310125,0.0173998485925132,-0.119052972629369,-0.447363929883338,0.0499930163761365,0.169547503214616,0.0658915047079143,0.172104741449403,0.00915415836123021,""
4869,-0.149117042985911,-0.0389287006072871,0.0317755616936965,-0.156270181899502,-0.400253049830661,0.0981219457002937,0.128536043444111,0.05551199915697,0.133857376963761,0.00513768662632148,""
4870,-0.151185693828861,-0.0155254388173094,0.00406427653355866,-0.162646856112611,-0.312146053325226,0.0112779860393209,0.206869649904646,0.0630799285348215,0.0955930763463744,0.00249354456082017,""
4871,-0.142974519019659,-0.0441739248261226,0.0311849616037572,-0.155963482242025,-0.368596584639842,0.103297800209288,0.194476663988003,0.0620637475549074,0.187111319667393,0.0102877641821379,""
4872,-0.168962949860467,-0.0260596043325885,0.0444439492902364,-0.150578604902819,-0.366564080090789,0.129623132228095,0.229690143579012,0.123912038361876,0.182459952518713,0.00970380374707581,""
4873,-0.147629021489938,-0.0321592414237646,0.00401966229976753,-0.175768600613935,-0.384656321547932,0.012624690887681,0.21887940659469,0.0710865038043851,0.150317452253813,0.00676316409687729,""
4874,-0.139531524309623,-0.0209381180184476,0.0401985643338102,-0.12027107799426,-0.311807310692683,0.121312738456475,0.172233866452801,-0.00137220576054509,0.049076390335113,0.000670070643918968,""
4875,-0.169347322099567,0.00865176062075408,0.0118196545749396,-0.148875906903873,-0.421642408251424,0.030324117298914,0.201875807272453,0.0559280898377068,0.169562810051831,0.00912025329558306,""
4876,-0.161830125873441,-0.0238192598206711,0.0308693008494525,-0.154780084844659,-0.378694184440462,0.0807859853579926,0.215483054089746,-0.00203339875208037,0.184781577935974,0.0107338958312032,""
4877,-0.155883435570503,-0.0215853037987347,0.0086160549939053,-0.168852684375333,-0.32460226292058,0.0265432706436472,0.171170849760242,0.0325600701999587,-0.0295953911976537,0.000218981672001755,""
4878,-0.142151682578183,-0.0304717699683202,0.0236125091321635,-0.149010943414339,-0.345347062162102,0.0672605642203905,0.164502244272558,0.00404028607018384,-0.0162728990560607,6.33623970592257e-05,""
4879,-0.139265376112097,-0.0473289144712914,0.0342287816371265,-0.152365508946262,-0.433366291326178,0.0940167802899313,0.190645878719932,0.0565926556252164,0.192338538457427,0.0102329880700462,""
4880,-0.130499334742163,-0.00754070370545321,0.0188100696448476,-0.119229968802768,-0.305267756437772,0.0558160107077881,0.193408394565241,0.017522516858001,0.0351935176761238,0.000353512200872985,""
4881,-0.197173026619008,0.00693269318507291,0.029710866651978,-0.160529466781958,-0.315643339007353,0.0820704317575554,0.247396202949392,0.00987939055401882,0.102846660926762,0.00330663905607708,""
4882,-0.107676468951682,-0.00436211404031845,0.00119944415471452,-0.110839138837286,-0.364524616828875,0.00380702241498102,0.0897610014156511,0.0528396422675871,0.0713774481641481,0.00140444674975219,""
4883,-0.0900838108157424,-0.0432784316198121,0.0308871087106149,-0.10247513372494,-0.329583005278557,0.0840152835255129,0.196124954539789,0.0322281867218283,-0.00756933005667527,1.45860617821544e-05,""
4884,-0.117483012039903,-0.00485147643889464,0.0180033014498811,-0.104331187028917,-0.398780626322438,0.047132517487841,0.19973576929172,0.0600190670999346,0.251358160946823,0.0197211004436096,""
4885,-0.156199690851171,0.00310184455292836,0.0258219721155293,-0.127275874182713,-0.349978411090943,0.0772202255389786,0.163405525872279,0.0405484440541373,0.179746154620046,0.00927304671237393,""
4886,-0.147141054441625,-0.0283369194805402,0.0330190800398467,-0.142458893882319,-0.345887566544108,0.0967147960165432,0.167203220718051,0.0418054650173142,0.0625743342989799,0.00110992735614336,""
4887,-0.0977425151949319,-0.0446712885669682,0.0258415868874446,-0.116572216874455,-0.305774217121719,0.0729576405336403,0.263133798047761,-0.00231304601474097,0.0743507044952213,0.00138390302677233,""
4888,-0.162173734205388,0.0120552243234801,0.0160384711150306,-0.134080038766877,-0.327108264257796,0.0436021556844166,0.178729321726196,0.0467095302139783,0.124275143909329,0.00443410367469852,""
4889,-0.103350061867279,0.0301053012110404,0.0403826767021697,-0.0328620839540685,-0.239122666950464,0.141259344810501,0.106237288574851,-0.054223607183175,-0.204672663231229,0.0107755403960837,""
4890,-0.151606333913952,-0.05172437606931,0.0392692141755467,-0.164061495807716,-0.403465055620014,0.110868969031223,0.212542321558625,0.0710589465194381,0.0890718090808385,0.00227587500594918,""
4891,-0.193663589298392,-0.0282537709592567,0.0487414922176647,-0.173175868039984,-0.310529965134823,0.145111915350873,0.209689133530336,-0.00615975493556507,0.13604864459008,0.00553275719306405,""
4892,-0.149540058871596,-0.0267004214865935,0.0326837120246196,-0.14355676833357,-0.311078989707039,0.109320033198567,0.165815106729625,0.0252661207115523,0.161379670992942,0.00750414339217466,""
4893,-0.15487480637506,-0.0245493150398495,0.0218397325039286,-0.157584388910981,-0.373621233085782,0.0654121062718363,0.220325720670622,0.00418794587650366,0.174402659104573,0.00894778392147055,""
4894,-0.135132493047513,-0.0128418870259672,0.00484569092850253,-0.143128689144978,-0.363248986468252,0.0157348981199684,0.204025782272876,0.0590561441081921,0.00379075612102355,4.08861547854557e-06,""
4895,-0.12600587261841,-0.00877798501308928,0.0286490650557158,-0.106134792575784,-0.351995480558556,0.0787541412722949,0.181059640415233,0.111002703461035,0.0861484784732699,0.00198893323468222,""
4896,-0.157259729760698,-0.016007630016057,0.0261074174674181,-0.147159942309337,-0.284853875666498,0.0844505078568981,0.220592102281587,-0.0732953787305523,0.0375789832377244,0.000389115489171181,""
4897,-0.150396752611818,0.00471446337862019,0.0151599042590394,-0.130522384974158,-0.422289981107047,0.0461135800328127,0.178567683292383,0.0611796654187864,0.138220864000015,0.00615808953770174,""
4898,-0.108322052898367,-0.0419779710715827,0.025519491270002,-0.124780532699947,-0.356202545670587,0.0912954225715431,0.217086681367892,0.0409836256188556,0.140967799797171,0.00557599799782073,""
4899,-0.157592246889179,-0.0463023943098263,0.00814711336784446,-0.195747527831161,-0.412946778718319,0.0219763813710508,0.196611462172479,0.0543452683643683,0.256582296520926,0.0206887254985366,""
4900,-0.129480137355813,-0.0294210831410096,0.0115884503236065,-0.147312770173216,-0.336289942861628,0.0307285675958595,0.194828716661696,0.0274724267064525,0.00386549005769824,4.01183341471574e-06,""
4901,-0.163996333845261,-0.0315012157069961,0.0301346982639185,-0.165362851288339,-0.378663095266765,0.0847887621364828,0.192614490176942,0.0750884642762604,0.28242172302319,0.0244105859776063,""
4902,-0.183437553807152,-0.0371997368883663,0.046837241113622,-0.173800049581897,-0.37563250920361,0.131582061809946,0.206707979769581,0.0444123640289084,0.102826550470217,0.00320988406256897,""
4903,-0.116466458474075,-0.0497616819973055,-0.0117292421787311,-0.177957382650112,-0.375310003784825,-0.0287653548173215,0.216402198961041,0.0192327963318367,0.0432223749972731,0.000494291699229729,""
4904,-0.139337946354341,-0.0232804022374288,0.027103252573149,-0.13551509601862,-0.305813226239471,0.0819972632708317,0.222238226454051,-0.0360551456155638,-0.0626349603866173,0.0010590963823861,""
4905,-0.186428471476125,-0.00904086112543314,0.00910985971659765,-0.18635947288496,-0.278236358766963,0.0237982002797273,0.230625100980862,-0.0707934491255803,0.0716772022585643,0.00158450779410918,""
4906,-0.180627486878217,-0.0195866443942793,0.0223449316053055,-0.177869199667191,-0.414454409586067,0.0777191456967927,0.19383886401179,0.0719277971556966,0.122830607234272,0.0049625539905762,""
4907,-0.144108921659174,-0.0260918098097095,0.0189066143981131,-0.151294117070771,-0.328368171230228,0.0511438988930574,0.244829666800418,-0.0201176995886578,-0.0579147080617942,0.000953909018403444,""
4908,-0.128602737006093,-0.0491263425736779,0.0194355400450625,-0.158293539534708,-0.424336751845436,0.0577128755916262,0.219677064787435,0.0570008514989784,0.334286824899365,0.0341928413488366,""
4909,-0.127105516980556,-0.0414028986344077,0.0238025062842491,-0.144705909330715,-0.470942407720495,0.0634486670653873,0.205173968101544,0.108140602660018,0.203165540950989,0.0125110138240438,""
4910,-0.110529241567918,-0.0236643986966432,-0.0101162399417125,-0.144309880206274,-0.412564820741748,-0.0262682534949647,0.213188727758794,0.0506161631902741,0.217289448245033,0.0136658943541387,""
4911,-0.119491970328146,-0.0377332864624932,0.0271183685708482,-0.130106888219791,-0.369272862348489,0.0732331692383241,0.185845519886644,0.011672730681873,0.0740374310925566,0.00127910461702167,""
4912,-0.126951416527207,-0.0236599933911918,0.0474589072374291,-0.10315250268097,-0.325357527312926,0.142093483829679,0.174646252269948,0.00370061046024884,0.00433809341786204,5.50477481898511e-06,""
4913,-0.0961825791898173,-0.036823195375847,0.0275230685036031,-0.105482706062061,-0.445175589091718,0.079603184849626,0.157724216985383,0.0881210794702651,0.217160246818687,0.0141564733294683,""
4914,-0.132233811431437,0.00323126310716927,0.0162854161046765,-0.112717132219591,-0.348713809845446,0.048007197565193,0.202884083739993,0.035421090894363,0.076379816445394,0.00169825312305585,""
4915,-0.0976624944266419,-0.0425462246933366,-0.000820782170256574,-0.141029501290235,-0.377968204814713,-0.00207336857069956,0.230821350501709,0.03581632572099,0.223887777547519,0.0125462647417099,""
4916,-0.122746657971491,0.0117099168988735,0.0255612208149928,-0.0854755202576243,-0.350385527378154,0.0754935339107787,0.165790259801861,0.015467270710584,0.0599136661935992,0.00102696721605856,""
4917,-0.144587585000363,0.00662634483528262,4.74970811588023e-05,-0.137913743083921,-0.335775045774635,0.000129932816923715,0.179598566483504,0.0361445045641491,-0.0124871251799974,4.24218668167343e-05,""
4918,-0.117938221843084,-0.0370893748736546,0.040524484001337,-0.114503112715401,-0.400582657686824,0.112307179497395,0.15985961662736,0.0599349947419571,0.166529912812592,0.00762058390765127,""
4919,-0.128419976608679,-0.0448168811692479,0.024381325162759,-0.148855532615168,-0.383915881411606,0.0768274401540052,0.147111406088537,0.0733446419543573,0.148405966427141,0.00598782893794696,""
4920,-0.133421105843685,-0.0208452221049111,0.0179472396078557,-0.13631908834074,-0.313264878768725,0.0517618819569525,0.257327246560673,-0.0704899865355303,-0.0486697485892102,0.000658447011466898,""
4921,-0.159874034480181,0.00618531794342459,-0.00216684257983763,-0.155855559116594,-0.34524179831724,-0.00602433019586225,0.213678084299561,0.0308921694620373,0.180717884103644,0.00926640223486063,""
4922,-0.143934368811207,-0.0565913475204865,0.0207388960296299,-0.179786820302064,-0.342731338180188,0.0519227100722009,0.272660439455039,-0.00174054200140612,0.230439464901131,0.0167626725379077,""
4923,-0.171944937890851,-0.0469940471306084,0.0616020976330022,-0.157336887388457,-0.336830722751595,0.197257150352183,0.162543662174575,-0.0287079369087386,0.104366673536754,0.00311815637213601,""
4924,-0.158858797359602,-0.0615756423287743,0.00832516065126714,-0.212109279037109,-0.420798765731695,0.0239387980112953,0.197699173554357,0.0430948419735728,0.120070705072606,0.00401215682858047,""
4925,-0.113481236411556,-0.0313353465636945,0.0307826298013988,-0.114033953173851,-0.280361906966471,0.0914632002208864,0.217597642857955,-0.00273799181690116,0.102603415619336,0.00266393892228284,""
4926,-0.190974671529061,-0.0172359926824576,0.0329455217886099,-0.175265142422909,-0.363642756711085,0.0980472136763032,0.235814112048619,0.059899443796409,0.121839009379779,0.00469703565328595,""
4927,-0.121870465315371,-0.00122078209915755,0.00246699126473061,-0.120624256149798,-0.380814221063967,0.00737769635537259,0.13055972008067,0.042635082785861,0.0187717522248127,9.82855965361212e-05,""
4928,-0.13738321135899,-0.0548755747157761,0.028452367744913,-0.163806418329853,-0.345011968617285,0.0953965579175593,0.193815713319864,0.0322352167209915,0.132972857308406,0.00472092568525334,""
4929,-0.163993408350631,-0.0487610093282132,0.0191122827918564,-0.193642134886987,-0.393503671443565,0.0534052959873571,0.199510969890977,0.0617438694416998,0.170087206939815,0.00820330203181098,""
4930,-0.177055763648326,0.0166427649051204,0.0268350991084567,-0.133577899634749,-0.358792329224232,0.0782692639096111,0.144521205184398,0.0664018854267292,-0.038392181271921,0.000439078845092188,""
4931,-0.159406190075128,-0.0301305062151975,0.0175584276750563,-0.171978268615269,-0.404694750554374,0.0474965237183293,0.187852924942271,0.0662532959048062,0.146470938687182,0.00608441701358687,""
4932,-0.120708119572225,-0.0345316214275779,0.0207912667418692,-0.134448474257933,-0.416831981062456,0.0685873909585964,0.0994251565066322,0.0692239312426298,0.277135170434078,0.0229884679722547,""
4933,-0.133659642696721,-0.0125610682127355,0.0414412018153184,-0.104779509094138,-0.384639949862507,0.120620419625166,0.180651669286112,0.0513777459078258,0.05520494924142,0.000919617241630814,""
4934,-0.102278823929863,-0.0530658589217944,0.030691258437124,-0.124653424414533,-0.423783544726617,0.0928368916477627,0.182364944613064,0.0770833869990716,0.102554548108777,0.00289746855362891,""
4935,-0.178247581031178,-0.0357613298102718,0.0327091190505641,-0.181299791790886,-0.31741965662625,0.0931698327151933,0.221923926488894,0.0127631714628964,0.0116848818707451,3.88290241271302e-05,""
4936,-0.155204494773063,-0.0224799516103248,0.0227604097105294,-0.154924036672859,-0.321661918067457,0.0748107613096292,0.190345885603932,0.0419971385213215,0.0893425741709704,0.00208187402742008,""
4937,-0.140953178687782,-0.0067470586304925,0.0122463884751302,-0.135453848843144,-0.402780740419727,0.0330294894608712,0.165365235485596,0.106023648316248,0.115690659747814,0.00391682102495539,""
4938,-0.174757423864584,-0.00222453853095842,0.0194682673651308,-0.157513695030411,-0.42348911504814,0.0499555911293466,0.204276871657127,0.0201945012775926,0.120588964294408,0.0048246170033597,""
4939,-0.140920951970254,-0.00755981653815107,0.0232861988457849,-0.12519456966262,-0.328738308092469,0.0753851868328106,0.19034285399269,0.0251675831651214,0.139350459859585,0.00553820304899761,""
4940,-0.181473399998365,-0.00296024757178724,0.0403220245936622,-0.14411162297649,-0.305872795519899,0.129088867261896,0.134688593832493,-0.0229999192411487,0.174620822750225,0.00902198088244173,""
4941,-0.112159914443433,-0.0276980219225909,0.0441435558419049,-0.0957143805241193,-0.280052497932596,0.147197837548941,0.210094922602578,-0.0254197782733052,-0.00536927261908733,8.19437680789935e-06,""
4942,-0.150953183420312,-0.0439737803899636,0.0125315858189938,-0.182395377991282,-0.308261196906634,0.0374382895181845,0.171603481303278,-0.0043599849268698,0.0551801993391708,0.000725551368406797,""
4943,-0.119425368258537,-0.0273280387007404,0.00209822763420622,-0.144655179325071,-0.385991384922666,0.00690124954001183,0.17734060750049,0.0737690742853765,0.159580305640907,0.00714648938828274,""
4944,-0.136804740383687,-0.0118799434285124,0.0185647520927848,-0.130119931719414,-0.412599650158934,0.0492456465493122,0.159191728463648,0.0156559681829016,-0.0446262160756525,0.000562021815776183,""
4945,-0.141536972798771,-0.012832594876806,0.0336467412817068,-0.12072282639387,-0.352504219000231,0.0937905335448719,0.227667177486263,0.0258965401913255,0.083119030187583,0.00208882713747351,""
4946,-0.108383050004913,-0.0579627877140782,0.0101657243141256,-0.156180113404865,-0.446565905409288,0.0254635542415236,0.225355723222373,0.077979861402798,0.123800687343096,0.00455744663847107,""
4947,-0.136452224657388,-0.0383122556624062,0.0219084119279398,-0.152856068391854,-0.384300005434859,0.0579318666170146,0.227103706844337,0.0622056000175505,0.0904496567550837,0.00229420504401894,""
4948,-0.154254064583812,-0.00988324692443681,0.000841931069935688,-0.163295380438314,-0.331918768773397,0.00236532261119235,0.178493658851026,0.0113861917614062,0.105832120390747,0.00318567044927402,""
4949,-0.156068085382012,-0.0162313728034115,0.0220053089574348,-0.150294149227989,-0.367891715072237,0.0729045848517949,0.117682424375335,0.00509211004108798,0.0456019047364125,0.000603173360752564,""
4950,-0.124308389917603,-0.0356918238945289,0.010420965846771,-0.149579247965361,-0.407445861738811,0.0300467705994218,0.173347021233625,0.0405680405743986,0.109475736945629,0.00317518885398583,""
4951,-0.138970713929461,-0.0163982180640767,0.0333699924938636,-0.121998939499674,-0.300922033188621,0.106443269483582,0.167605632781235,-0.0487984021412596,-0.0636393820290643,0.0011270024504954,""
4952,-0.130310899633486,-0.0297008704431247,0.0295575725780914,-0.13045419749852,-0.344479321411096,0.0873457566547424,0.20257054358076,0.0285215921969201,0.111209540911327,0.00354213628289431,""
4953,-0.144334938898227,-0.0307869103421651,0.0318995481869084,-0.143222301053484,-0.369049825850415,0.0948894208091825,0.188073700835522,0.0326553431752391,0.0518939361675282,0.000793026028687426,""
4954,-0.143603800289261,-0.00354005445398427,0.00235282317623174,-0.144791031567013,-0.421666031093013,0.00741857170030267,0.151783874002391,0.0873887623014769,0.0785684142944873,0.00182399836454231,""
4955,-0.100930186419549,-0.0374216248442154,0.0565923622186319,-0.0817594490451326,-0.312228004297325,0.165936364239207,0.200275172219352,-0.0410513665247417,0.0412140972996901,0.000430464444021507,""
4956,-0.119917418281449,-0.0774853477099939,0.0221097615487891,-0.175293004442653,-0.424870607241843,0.0601164513154225,0.176747213141248,0.0801440828961166,0.0394875996242434,0.000339924839104065,""
4957,-0.130067668472368,-0.0435084219928957,0.0208576198254125,-0.152718470639851,-0.393893757668601,0.0602393691090579,0.187947702506051,-0.0188204313836226,0.224915086547115,0.0142127795905856,""
4958,-0.12940124231492,-0.0464487328113375,0.0382799641243392,-0.137570011001918,-0.344342915982193,0.123978194940982,0.203907313652503,0.0164845931755477,0.0770220196002855,0.00161316559639355,""
4959,-0.12860116342393,-0.0295634056437591,0.0226972972838998,-0.135467271783789,-0.413866095987104,0.0627626639166083,0.231890210412855,0.0966494813297483,0.155497973397278,0.00775428870149538,""
4960,-0.139476692253628,-0.00673655585986529,0.0347267063434313,-0.111486541770062,-0.288988468750635,0.104198823724136,0.252790613052521,-0.0534393305386416,-0.0916664957216035,0.00241135502298677,""
4961,-0.124302589241957,-0.0655036618549971,0.0303708098859694,-0.159435441210984,-0.367917223361705,0.0770077062719651,0.288723790150723,0.0379133438463434,0.118312528400927,0.00402726710829711,""
4962,-0.16592838821879,-0.0167579490388229,0.0115283515281272,-0.171157985729486,-0.325279077704971,0.0341308071972163,0.237696216100852,0.0327063833079591,0.0189434208492433,0.000101274621937738,""
4963,-0.17223117882659,-0.0128312836557803,0.0157004244489074,-0.169362038033463,-0.403941476598798,0.0465047296733516,0.173854523939636,-0.00359229971449675,0.0300157100257909,0.00028662549380323,""
4964,-0.141271255335369,-0.0159635304419406,0.0168972991461035,-0.140337486631206,-0.331657519381192,0.0578193293370331,0.166270557689198,-0.00723890169171367,0.116595735686372,0.00375261024057222,""
4965,-0.130022753810796,0.00540649309527062,0.0149751770665384,-0.109641083648987,-0.372581476628798,0.038814053579236,0.165649807012872,0.0241132550815755,0.185466429684301,0.0100629061342984,""
4966,-0.129303447466309,-0.0239603904984416,0.0123942180296816,-0.140869619935069,-0.374677613834031,0.0394431511897126,0.163806955475392,0.0638968197408897,0.108248337854129,0.00318166670013649,""
4967,-0.145890714987008,-0.0116987401754117,0.0100086205670153,-0.147580834595404,-0.359124729115597,0.0305722689896693,0.195211499318635,0.0340297620346573,0.136940315888242,0.00566876620677638,""
4968,-0.127846826529012,-0.033749055760228,0.0285553061768598,-0.13304057611238,-0.320344305707056,0.107381978971231,0.0958508498842567,-0.0183801705007642,0.0649092162346011,0.00113402760675934,""
4969,-0.133265640081684,-0.00695000628271231,0.0637861478165178,-0.0764294985478787,-0.335817938002253,0.189346875945209,0.223048812937469,0.0107240327883324,0.0298156282031715,0.000282131774810206,""
4970,-0.136209006514411,-0.0239987531634992,0.0217853270244148,-0.138422432653495,-0.365020007562442,0.0701995612100312,0.134627097196403,0.0597842528708635,0.119089933033169,0.0041579702345799,""
4971,-0.101194493597156,-0.0281445290223328,0.0234916977919068,-0.105847324827582,-0.381360113642695,0.0680462250506741,0.173062036328075,0.0530169428652079,0.153716776461349,0.00712116360756464,""
4972,-0.183493449119837,-0.00413366429501447,0.0159807551827695,-0.171646358232082,-0.324934823456445,0.0472785401691347,0.242844263378972,0.0316659434878216,0.0254549556385106,0.000194142041576917,""
4973,-0.147791602790275,-0.000418713939968564,0.0330734672490455,-0.115136849481198,-0.325169356570407,0.0991600786332472,0.19753497600428,0.0113958162739947,0.0885095089891195,0.00237778986337289,""
4974,-0.154826440927019,-0.0332299188990766,0.0489764080377183,-0.139079951788377,-0.346420695399499,0.152362196817772,0.241698543622328,0.000321459099331621,0.022780474842783,0.000146979660852427,""
4975,-0.0805920432631535,-0.0388822351337015,0.021298443929133,-0.098175834467722,-0.326888017510419,0.0771775314840441,0.219372677893363,-0.0421798672723571,0.0848365300464811,0.00193975852095838,""
4976,-0.188637725327011,-0.0469272050554997,0.0257845496978958,-0.209780380684615,-0.413765853532684,0.0724129103777698,0.20619551935198,0.0365431756598499,0.0336244931316013,0.000328908228377218,""
4977,-0.147942133666549,-0.0346844316118605,0.0171284245209195,-0.16549814075749,-0.320843078406044,0.0496067840341678,0.161033323375189,0.0284952770705012,0.103991093375823,0.00265684997258185,""
4978,-0.108880544855079,-0.044019932046787,0.0386089626462467,-0.114291514255619,-0.404263820371774,0.11766711991168,0.22708611471154,0.0233790699435995,0.118692924919554,0.00408770411270759,""
4979,-0.140621641883128,-0.00356517984188651,0.0046240104484369,-0.139562811276577,-0.318867352927541,0.012910140187379,0.236498101874716,-0.0231689177985213,0.0936306117471518,0.00246416045157099,""
4980,-0.157496793810151,0.00547905724461886,0.030402474154525,-0.121615262411008,-0.366596373124752,0.0794219272259066,0.14628069100983,0.0138176895036844,0.0501359633564278,0.000742043792032299,""
4981,-0.154344542093219,-0.00400815235308652,0.0286184594701286,-0.129734234976177,-0.335018500482556,0.0735791528960351,0.253151329290439,0.0512426061598682,0.110585139289544,0.00369144961067836,""
4982,-0.143190626755595,0.0220138653637581,0.0223540671008027,-0.0988226942910341,-0.291996599997279,0.0626603849595982,0.216824144179314,-0.0118590543516585,-0.0226210567283299,0.000149539133261386,""
4983,-0.103404141866959,-0.0261991283571151,0.0273673484880399,-0.102235921736035,-0.325697207815121,0.0948508483895929,0.184679538417266,0.00938950405717069,0.136344945117219,0.00525031541016621,""
4984,-0.153643750039011,0.00143279353707605,0.0130710753792164,-0.139139881122718,-0.361336991227821,0.0385452762597157,0.172129606121286,0.0611058661359018,0.0989004783248846,0.00290255793185973,""
4985,-0.167688399598345,-0.052661024663859,0.0294609403537108,-0.190888483908493,-0.404724797558988,0.0768270263713641,0.224434731621526,0.0788150125116667,-0.0133950725225231,4.92063848839126e-05,""
4986,-0.115187761673945,-0.051531312862009,0.0415132112198959,-0.125205863316058,-0.315958041978265,0.119292170079918,0.220625054197237,0.029278585379573,0.152432333851728,0.00640599954392234,""
4987,-0.0953620867521638,-0.0565669488171043,0.0321945999308157,-0.119734435638452,-0.375954000404679,0.0987370943559169,0.225508742570757,0.0411364773577291,0.172504795930605,0.00741973389054859,""
4988,-0.118178882380372,-0.0204138009403317,0.0192840648262487,-0.119308618494455,-0.34505485296452,0.0592262342808455,0.192666560098852,-0.0477130623733669,0.10440381666208,0.00307779887489119,""
4989,-0.207010925078983,-0.0228250784916799,0.0293014355538952,-0.200534568016768,-0.338053047045006,0.0850215407346999,0.189416241410423,0.0164469078356266,-0.0251218733070616,0.000180866445304186,""
4990,-0.13390623122852,0.0229906594251026,0.0121685479002728,-0.0987470239031443,-0.331166083609374,0.037963038290472,0.19184692253083,0.0146721709648628,0.123283627978202,0.00453713021370231,""
4991,-0.159526466378959,-0.0114821586474682,0.0294244255318311,-0.141584199494596,-0.342547331967526,0.0942996430626338,0.171525422461114,0.00249116912919756,0.0292151985127046,0.00025731729047899,""
4992,-0.16992511893309,0.00341959872020101,0.0122748109615191,-0.15423070925137,-0.356214190611176,0.0419554497877525,0.170106551741961,0.0290167126503205,0.076808660873121,0.00173046796066235,""
4993,-0.161925770953596,-0.00933361009939973,0.00284047403532739,-0.168418907017668,-0.326928423705634,0.00882741278842095,0.208148632276487,-0.00607423584524169,0.0771663706607993,0.00173499581890647,""
4994,-0.157494501347343,-0.00294124473379942,0.0334077840372325,-0.12702796204391,-0.391534800655156,0.0922764923828737,0.247679629220246,0.081884646848543,0.195718254560181,0.0127757955865049,""
4995,-0.121750357010509,-0.0349436363582539,0.0203681301729769,-0.136325863195786,-0.338555221821019,0.0642090950525552,0.156892769452337,0.0125026477778893,0.0194485266803193,9.36479467364663e-05,""
4996,-0.168651540843233,0.00873860648040059,0.0144738553888177,-0.145439078974014,-0.451494252157533,0.0415511454851452,0.205542241759732,0.0536863397951845,0.166255905879875,0.00939495143464822,""
4997,-0.186820630475921,0.0198697542392078,0.00588496642928557,-0.161065909807428,-0.361765261498468,0.0166806028507395,0.164292637389136,0.0275232974031823,0.0914987716992813,0.00255386848156054,""
4998,-0.0902086542437848,-0.049362289813807,0.0153979556071274,-0.124172988450464,-0.38464542170993,0.0456646232124297,0.170366353149919,0.0688706763353993,0.216316752886936,0.0120021201130261,""
4999,-0.124958514599122,-0.0474239047770771,0.0251108687345815,-0.147271550641617,-0.304748147819251,0.0784562247330763,0.163689041313296,0.0191894770466654,0.16114638476926,0.00664451475771188,""
5000,-0.107827271478972,-0.0309732777785127,0.0025678302551445,-0.136232719002341,-0.344718417545678,0.00710679386737927,0.194312802489015,0.0301714228749325,0.106529718766714,0.00274524008940593,""
