"ID","fold","method","observed","predicted"
78,1,"mean",3,2.0658838878017
80,1,"mean",2,2.0658838878017
81,1,"mean",2.66666666666667,2.0658838878017
90,1,"mean",1,2.0658838878017
91,1,"mean",1.33333333333333,2.0658838878017
92,1,"mean",1,2.0658838878017
95,1,"mean",1,2.0658838878017
96,1,"mean",1.33333333333333,2.0658838878017
97,1,"mean",2.66666666666667,2.0658838878017
99,1,"mean",2,2.0658838878017
100,1,"mean",2,2.0658838878017
106,1,"mean",3.33333333333333,2.0658838878017
108,1,"mean",2.66666666666667,2.0658838878017
110,1,"mean",2.33333333333333,2.0658838878017
114,1,"mean",1.33333333333333,2.0658838878017
115,1,"mean",2.66666666666667,2.0658838878017
116,1,"mean",1,2.0658838878017
117,1,"mean",2,2.0658838878017
118,1,"mean",2,2.0658838878017
119,1,"mean",2,2.0658838878017
120,1,"mean",1.66666666666667,2.0658838878017
121,1,"mean",2.66666666666667,2.0658838878017
122,1,"mean",2.66666666666667,2.0658838878017
123,1,"mean",2.66666666666667,2.0658838878017
124,1,"mean",2.66666666666667,2.0658838878017
125,1,"mean",2.66666666666667,2.0658838878017
126,1,"mean",2,2.0658838878017
127,1,"mean",2.66666666666667,2.0658838878017
128,1,"mean",2.33333333333333,2.0658838878017
270,1,"mean",3.33333333333333,2.0658838878017
271,1,"mean",2.66666666666667,2.0658838878017
272,1,"mean",1.33333333333333,2.0658838878017
273,1,"mean",2.33333333333333,2.0658838878017
274,1,"mean",3.33333333333333,2.0658838878017
275,1,"mean",1.33333333333333,2.0658838878017
276,1,"mean",2.66666666666667,2.0658838878017
291,1,"mean",3.66666666666667,2.0658838878017
292,1,"mean",2.66666666666667,2.0658838878017
293,1,"mean",2.66666666666667,2.0658838878017
294,1,"mean",3.66666666666667,2.0658838878017
295,1,"mean",2.66666666666667,2.0658838878017
296,1,"mean",2,2.0658838878017
297,1,"mean",2,2.0658838878017
298,1,"mean",2.33333333333333,2.0658838878017
299,1,"mean",2.66666666666667,2.0658838878017
300,1,"mean",2,2.0658838878017
301,1,"mean",2,2.0658838878017
302,1,"mean",2.33333333333333,2.0658838878017
465,1,"mean",2,2.0658838878017
466,1,"mean",1.66666666666667,2.0658838878017
467,1,"mean",2.33333333333333,2.0658838878017
470,1,"mean",1.66666666666667,2.0658838878017
471,1,"mean",1.66666666666667,2.0658838878017
473,1,"mean",2,2.0658838878017
474,1,"mean",2,2.0658838878017
475,1,"mean",2,2.0658838878017
476,1,"mean",2,2.0658838878017
477,1,"mean",2.33333333333333,2.0658838878017
478,1,"mean",2,2.0658838878017
479,1,"mean",1.66666666666667,2.0658838878017
480,1,"mean",2,2.0658838878017
481,1,"mean",2.33333333333333,2.0658838878017
482,1,"mean",2,2.0658838878017
483,1,"mean",1.66666666666667,2.0658838878017
547,1,"mean",2,2.0658838878017
548,1,"mean",2,2.0658838878017
549,1,"mean",2,2.0658838878017
550,1,"mean",2,2.0658838878017
551,1,"mean",1.33333333333333,2.0658838878017
552,1,"mean",2.66666666666667,2.0658838878017
553,1,"mean",2,2.0658838878017
554,1,"mean",1.66666666666667,2.0658838878017
555,1,"mean",2,2.0658838878017
556,1,"mean",1.66666666666667,2.0658838878017
557,1,"mean",1.66666666666667,2.0658838878017
558,1,"mean",1.66666666666667,2.0658838878017
559,1,"mean",1.66666666666667,2.0658838878017
560,1,"mean",1.33333333333333,2.0658838878017
561,1,"mean",1.66666666666667,2.0658838878017
562,1,"mean",1.33333333333333,2.0658838878017
563,1,"mean",1.33333333333333,2.0658838878017
564,1,"mean",1.66666666666667,2.0658838878017
565,1,"mean",1,2.0658838878017
566,1,"mean",1.66666666666667,2.0658838878017
567,1,"mean",1.66666666666667,2.0658838878017
568,1,"mean",1.66666666666667,2.0658838878017
569,1,"mean",1.66666666666667,2.0658838878017
570,1,"mean",4,2.0658838878017
571,1,"mean",2.33333333333333,2.0658838878017
572,1,"mean",3.66666666666667,2.0658838878017
573,1,"mean",2,2.0658838878017
574,1,"mean",2.66666666666667,2.0658838878017
575,1,"mean",2.66666666666667,2.0658838878017
576,1,"mean",3.66666666666667,2.0658838878017
577,1,"mean",1.66666666666667,2.0658838878017
578,1,"mean",1.66666666666667,2.0658838878017
579,1,"mean",1.66666666666667,2.0658838878017
580,1,"mean",2,2.0658838878017
581,1,"mean",1.66666666666667,2.0658838878017
582,1,"mean",1.66666666666667,2.0658838878017
583,1,"mean",2,2.0658838878017
584,1,"mean",1.66666666666667,2.0658838878017
585,1,"mean",2,2.0658838878017
586,1,"mean",2,2.0658838878017
587,1,"mean",2,2.0658838878017
588,1,"mean",1.66666666666667,2.0658838878017
589,1,"mean",2,2.0658838878017
625,1,"mean",2.66666666666667,2.0658838878017
626,1,"mean",4,2.0658838878017
627,1,"mean",4,2.0658838878017
628,1,"mean",2.33333333333333,2.0658838878017
629,1,"mean",3,2.0658838878017
630,1,"mean",2,2.0658838878017
78,1,"elastic_net",3,2.22411582888744
80,1,"elastic_net",2,1.94496341564107
81,1,"elastic_net",2.66666666666667,2.22994332293715
90,1,"elastic_net",1,2.13886856501181
91,1,"elastic_net",1.33333333333333,1.93391384898568
92,1,"elastic_net",1,1.72957320894607
95,1,"elastic_net",1,1.50861583539318
96,1,"elastic_net",1.33333333333333,1.67451765857538
97,1,"elastic_net",2.66666666666667,2.18854815322082
99,1,"elastic_net",2,2.39109373631832
100,1,"elastic_net",2,2.1414050715765
106,1,"elastic_net",3.33333333333333,2.210420546743
108,1,"elastic_net",2.66666666666667,2.14369792517221
110,1,"elastic_net",2.33333333333333,1.59193641772798
114,1,"elastic_net",1.33333333333333,1.72600608975733
115,1,"elastic_net",2.66666666666667,2.3266436324049
116,1,"elastic_net",1,1.56739654727695
117,1,"elastic_net",2,2.24338314413817
118,1,"elastic_net",2,2.07818320764589
119,1,"elastic_net",2,2.16906179940032
120,1,"elastic_net",1.66666666666667,2.35765172648949
121,1,"elastic_net",2.66666666666667,2.13953235180679
122,1,"elastic_net",2.66666666666667,2.22701697048241
123,1,"elastic_net",2.66666666666667,2.66579622782562
124,1,"elastic_net",2.66666666666667,2.10526616682418
125,1,"elastic_net",2.66666666666667,2.27612771496681
126,1,"elastic_net",2,2.20994070566375
127,1,"elastic_net",2.66666666666667,2.34706874956206
128,1,"elastic_net",2.33333333333333,2.00464580960453
270,1,"elastic_net",3.33333333333333,1.93741458095405
271,1,"elastic_net",2.66666666666667,2.33085889225101
272,1,"elastic_net",1.33333333333333,1.85267646468308
273,1,"elastic_net",2.33333333333333,2.11741496355542
274,1,"elastic_net",3.33333333333333,2.33753187978371
275,1,"elastic_net",1.33333333333333,1.70086231042547
276,1,"elastic_net",2.66666666666667,1.79993629071413
291,1,"elastic_net",3.66666666666667,2.44209185477529
292,1,"elastic_net",2.66666666666667,2.05110262348067
293,1,"elastic_net",2.66666666666667,1.74800856991437
294,1,"elastic_net",3.66666666666667,2.21222211493501
295,1,"elastic_net",2.66666666666667,2.21768977267555
296,1,"elastic_net",2,2.05249103883968
297,1,"elastic_net",2,2.17824075231448
298,1,"elastic_net",2.33333333333333,1.89216056598608
299,1,"elastic_net",2.66666666666667,2.02545265955421
300,1,"elastic_net",2,2.42665896700461
301,1,"elastic_net",2,2.01719857073007
302,1,"elastic_net",2.33333333333333,2.34811908896332
465,1,"elastic_net",2,2.29215891463951
466,1,"elastic_net",1.66666666666667,2.1940088981377
467,1,"elastic_net",2.33333333333333,2.24122392617775
470,1,"elastic_net",1.66666666666667,2.06176851236524
471,1,"elastic_net",1.66666666666667,2.484779357952
473,1,"elastic_net",2,2.05679413093399
474,1,"elastic_net",2,2.19556563585321
475,1,"elastic_net",2,2.31352479959596
476,1,"elastic_net",2,2.47070109783579
477,1,"elastic_net",2.33333333333333,1.90336373405032
478,1,"elastic_net",2,1.66874199082838
479,1,"elastic_net",1.66666666666667,1.74723359212449
480,1,"elastic_net",2,1.95285604427707
481,1,"elastic_net",2.33333333333333,2.15351581790026
482,1,"elastic_net",2,1.95372519569204
483,1,"elastic_net",1.66666666666667,1.85246117552709
547,1,"elastic_net",2,1.99226423633606
548,1,"elastic_net",2,2.4736916781106
549,1,"elastic_net",2,1.90847723213017
550,1,"elastic_net",2,1.85899774060809
551,1,"elastic_net",1.33333333333333,2.00737659170717
552,1,"elastic_net",2.66666666666667,2.23882916398875
553,1,"elastic_net",2,1.69398591511206
554,1,"elastic_net",1.66666666666667,1.89580446610195
555,1,"elastic_net",2,1.92626950097974
556,1,"elastic_net",1.66666666666667,1.98706047356412
557,1,"elastic_net",1.66666666666667,1.87489234042848
558,1,"elastic_net",1.66666666666667,2.05671544465808
559,1,"elastic_net",1.66666666666667,1.86011605130939
560,1,"elastic_net",1.33333333333333,1.74443603292537
561,1,"elastic_net",1.66666666666667,1.83405603991597
562,1,"elastic_net",1.33333333333333,1.92120940053856
563,1,"elastic_net",1.33333333333333,2.16124446285634
564,1,"elastic_net",1.66666666666667,2.00103566880108
565,1,"elastic_net",1,1.71918459335204
566,1,"elastic_net",1.66666666666667,2.14874501103595
567,1,"elastic_net",1.66666666666667,1.98974059201013
568,1,"elastic_net",1.66666666666667,1.93541979056571
569,1,"elastic_net",1.66666666666667,1.99736010214048
570,1,"elastic_net",4,2.95737739111187
571,1,"elastic_net",2.33333333333333,2.59506484442644
572,1,"elastic_net",3.66666666666667,2.23488136080691
573,1,"elastic_net",2,2.29362178949715
574,1,"elastic_net",2.66666666666667,2.39071490147217
575,1,"elastic_net",2.66666666666667,2.31858403122182
576,1,"elastic_net",3.66666666666667,2.78047687088783
577,1,"elastic_net",1.66666666666667,1.9476026604284
578,1,"elastic_net",1.66666666666667,1.62661755453526
579,1,"elastic_net",1.66666666666667,1.77881787161009
580,1,"elastic_net",2,1.95344167165757
581,1,"elastic_net",1.66666666666667,1.87180628516604
582,1,"elastic_net",1.66666666666667,2.17312713656159
583,1,"elastic_net",2,3.08749082647644
584,1,"elastic_net",1.66666666666667,2.41105227306017
585,1,"elastic_net",2,2.45882980466235
586,1,"elastic_net",2,2.19509377073449
587,1,"elastic_net",2,1.91211472909794
588,1,"elastic_net",1.66666666666667,2.13818104069211
589,1,"elastic_net",2,2.34323209077362
625,1,"elastic_net",2.66666666666667,2.40600281837466
626,1,"elastic_net",4,2.8946245973687
627,1,"elastic_net",4,2.78516906807737
628,1,"elastic_net",2.33333333333333,2.46756584919103
629,1,"elastic_net",3,2.32858456490623
630,1,"elastic_net",2,2.47883312120753
78,1,"GAM",3,2.20051489043347
80,1,"GAM",2,1.91537842892954
81,1,"GAM",2.66666666666667,2.26344995194758
90,1,"GAM",1,2.18091881047958
91,1,"GAM",1.33333333333333,1.9199997889051
92,1,"GAM",1,1.76301641895358
95,1,"GAM",1,1.45782846502558
96,1,"GAM",1.33333333333333,1.621661388976
97,1,"GAM",2.66666666666667,2.14766300356958
99,1,"GAM",2,2.44582531422032
100,1,"GAM",2,2.12997953196066
106,1,"GAM",3.33333333333333,2.14284293483491
108,1,"GAM",2.66666666666667,2.13193187321962
110,1,"GAM",2.33333333333333,1.48441642911361
114,1,"GAM",1.33333333333333,1.60622847956377
115,1,"GAM",2.66666666666667,2.30685921065697
116,1,"GAM",1,1.38075717812526
117,1,"GAM",2,2.25663596831482
118,1,"GAM",2,2.0971762741507
119,1,"GAM",2,2.17252121561741
120,1,"GAM",1.66666666666667,2.39854465199747
121,1,"GAM",2.66666666666667,2.17447687119751
122,1,"GAM",2.66666666666667,2.23698490597176
123,1,"GAM",2.66666666666667,2.83543030770313
124,1,"GAM",2.66666666666667,2.11596978907252
125,1,"GAM",2.66666666666667,2.3746382550656
126,1,"GAM",2,2.24927808504579
127,1,"GAM",2.66666666666667,2.35172868065187
128,1,"GAM",2.33333333333333,1.96194886318229
270,1,"GAM",3.33333333333333,1.89167595090511
271,1,"GAM",2.66666666666667,2.39201598579997
272,1,"GAM",1.33333333333333,1.85084090587779
273,1,"GAM",2.33333333333333,2.14843546418044
274,1,"GAM",3.33333333333333,2.3981914436324
275,1,"GAM",1.33333333333333,1.68246726345006
276,1,"GAM",2.66666666666667,1.7807014916553
291,1,"GAM",3.66666666666667,2.55237639979809
292,1,"GAM",2.66666666666667,1.9933643774561
293,1,"GAM",2.66666666666667,1.67999047422478
294,1,"GAM",3.66666666666667,2.24904743336724
295,1,"GAM",2.66666666666667,2.13399126815309
296,1,"GAM",2,2.11021260697445
297,1,"GAM",2,2.12863304326411
298,1,"GAM",2.33333333333333,1.87627569606859
299,1,"GAM",2.66666666666667,2.03689909528411
300,1,"GAM",2,2.47407861992816
301,1,"GAM",2,1.95441116142711
302,1,"GAM",2.33333333333333,2.34717698346584
465,1,"GAM",2,2.31722300197496
466,1,"GAM",1.66666666666667,2.28014904237307
467,1,"GAM",2.33333333333333,2.29957840858601
470,1,"GAM",1.66666666666667,2.14845212172014
471,1,"GAM",1.66666666666667,2.55479747474161
473,1,"GAM",2,2.07633742051145
474,1,"GAM",2,2.28640365725125
475,1,"GAM",2,2.39426154561662
476,1,"GAM",2,2.58474435129924
477,1,"GAM",2.33333333333333,1.83073892505428
478,1,"GAM",2,1.62332807774944
479,1,"GAM",1.66666666666667,1.69254868854933
480,1,"GAM",2,1.95429217345853
481,1,"GAM",2.33333333333333,2.19088446152023
482,1,"GAM",2,1.98220978573133
483,1,"GAM",1.66666666666667,1.73440313712205
547,1,"GAM",2,2.00251764570522
548,1,"GAM",2,2.58650019163654
549,1,"GAM",2,1.93127545361452
550,1,"GAM",2,1.86393367021283
551,1,"GAM",1.33333333333333,1.93705362715928
552,1,"GAM",2.66666666666667,2.20343818130807
553,1,"GAM",2,1.59229681471809
554,1,"GAM",1.66666666666667,1.85082964060062
555,1,"GAM",2,1.89072180626442
556,1,"GAM",1.66666666666667,1.9528266654708
557,1,"GAM",1.66666666666667,1.84511298303226
558,1,"GAM",1.66666666666667,2.00816106464434
559,1,"GAM",1.66666666666667,1.791098527965
560,1,"GAM",1.33333333333333,1.70941293895453
561,1,"GAM",1.66666666666667,1.86617123528323
562,1,"GAM",1.33333333333333,2.02187183537198
563,1,"GAM",1.33333333333333,2.26008263168347
564,1,"GAM",1.66666666666667,2.07922326563724
565,1,"GAM",1,1.62513397837665
566,1,"GAM",1.66666666666667,2.24115275386646
567,1,"GAM",1.66666666666667,2.01691652268333
568,1,"GAM",1.66666666666667,1.97381032411182
569,1,"GAM",1.66666666666667,2.04215103899534
570,1,"GAM",4,3.13880721967616
571,1,"GAM",2.33333333333333,2.71361834816725
572,1,"GAM",3.66666666666667,2.24048523191308
573,1,"GAM",2,2.2763471729433
574,1,"GAM",2.66666666666667,2.4374101048044
575,1,"GAM",2.66666666666667,2.40480749162158
576,1,"GAM",3.66666666666667,2.92068390976226
577,1,"GAM",1.66666666666667,1.98503321393466
578,1,"GAM",1.66666666666667,1.49897169993883
579,1,"GAM",1.66666666666667,1.79119058557053
580,1,"GAM",2,1.99369374031516
581,1,"GAM",1.66666666666667,1.85348783412425
582,1,"GAM",1.66666666666667,2.16890846272481
583,1,"GAM",2,3.22985352886222
584,1,"GAM",1.66666666666667,2.54774895156056
585,1,"GAM",2,2.57862494428162
586,1,"GAM",2,2.17791569939061
587,1,"GAM",2,1.92794673659457
588,1,"GAM",1.66666666666667,2.1225386738452
589,1,"GAM",2,2.45331624088606
625,1,"GAM",2.66666666666667,2.46387460912796
626,1,"GAM",4,2.92508031178487
627,1,"GAM",4,2.84718593965176
628,1,"GAM",2.33333333333333,2.50871854922731
629,1,"GAM",3,2.36735047724855
630,1,"GAM",2,2.50917033776981
78,1,"random_forest",3,1.99834722222222
80,1,"random_forest",2,2.03256944444444
81,1,"random_forest",2.66666666666667,2.38676388888889
90,1,"random_forest",1,2.34884722222222
91,1,"random_forest",1.33333333333333,2.09758333333333
92,1,"random_forest",1,1.70494444444444
95,1,"random_forest",1,1.72613888888889
96,1,"random_forest",1.33333333333333,2.04855555555555
97,1,"random_forest",2.66666666666667,2.34247222222222
99,1,"random_forest",2,2.23930555555555
100,1,"random_forest",2,1.97233333333333
106,1,"random_forest",3.33333333333333,2.23216666666666
108,1,"random_forest",2.66666666666667,2.29133333333333
110,1,"random_forest",2.33333333333333,1.44876388888889
114,1,"random_forest",1.33333333333333,1.89543055555556
115,1,"random_forest",2.66666666666667,2.43338888888888
116,1,"random_forest",1,1.87227777777778
117,1,"random_forest",2,2.34926388888889
118,1,"random_forest",2,2.31005555555555
119,1,"random_forest",2,2.27634722222222
120,1,"random_forest",1.66666666666667,2.23795833333333
121,1,"random_forest",2.66666666666667,2.15122222222222
122,1,"random_forest",2.66666666666667,2.36755555555555
123,1,"random_forest",2.66666666666667,2.43376388888888
124,1,"random_forest",2.66666666666667,2.35791666666666
125,1,"random_forest",2.66666666666667,2.28687499999999
126,1,"random_forest",2,2.30501388888889
127,1,"random_forest",2.66666666666667,2.51622222222222
128,1,"random_forest",2.33333333333333,2.31523611111111
270,1,"random_forest",3.33333333333333,1.81256944444444
271,1,"random_forest",2.66666666666667,2.23779166666667
272,1,"random_forest",1.33333333333333,1.987875
273,1,"random_forest",2.33333333333333,2.361625
274,1,"random_forest",3.33333333333333,2.22343055555556
275,1,"random_forest",1.33333333333333,1.82877777777778
276,1,"random_forest",2.66666666666667,1.74195833333333
291,1,"random_forest",3.66666666666667,2.29240277777778
292,1,"random_forest",2.66666666666667,2.11070833333333
293,1,"random_forest",2.66666666666667,1.75873611111111
294,1,"random_forest",3.66666666666667,2.42852777777777
295,1,"random_forest",2.66666666666667,2.3775
296,1,"random_forest",2,2.29394444444444
297,1,"random_forest",2,2.20141666666667
298,1,"random_forest",2.33333333333333,1.96047222222222
299,1,"random_forest",2.66666666666667,2.13125
300,1,"random_forest",2,2.21015277777778
301,1,"random_forest",2,2.17791666666667
302,1,"random_forest",2.33333333333333,2.29930555555555
465,1,"random_forest",2,2.17352777777778
466,1,"random_forest",1.66666666666667,2.29819444444444
467,1,"random_forest",2.33333333333333,2.11552777777778
470,1,"random_forest",1.66666666666667,2.05438888888889
471,1,"random_forest",1.66666666666667,2.27923611111111
473,1,"random_forest",2,2.02768055555555
474,1,"random_forest",2,2.08034722222222
475,1,"random_forest",2,2.24218055555556
476,1,"random_forest",2,2.26245833333333
477,1,"random_forest",2.33333333333333,2.14275
478,1,"random_forest",2,1.70647222222222
479,1,"random_forest",1.66666666666667,1.77834722222222
480,1,"random_forest",2,2.04359722222222
481,1,"random_forest",2.33333333333333,2.10875
482,1,"random_forest",2,1.89276388888889
483,1,"random_forest",1.66666666666667,2.0405
547,1,"random_forest",2,2.18040277777778
548,1,"random_forest",2,2.12606944444444
549,1,"random_forest",2,1.95579166666667
550,1,"random_forest",2,1.94051388888889
551,1,"random_forest",1.33333333333333,1.70575
552,1,"random_forest",2.66666666666667,2.142
553,1,"random_forest",2,1.48763888888889
554,1,"random_forest",1.66666666666667,1.90738888888889
555,1,"random_forest",2,2.14565277777778
556,1,"random_forest",1.66666666666667,2.07515277777778
557,1,"random_forest",1.66666666666667,1.89273611111111
558,1,"random_forest",1.66666666666667,1.67809722222222
559,1,"random_forest",1.66666666666667,1.668875
560,1,"random_forest",1.33333333333333,1.75005555555555
561,1,"random_forest",1.66666666666667,1.84391666666667
562,1,"random_forest",1.33333333333333,1.80323611111111
563,1,"random_forest",1.33333333333333,2.12468055555556
564,1,"random_forest",1.66666666666667,1.83348611111111
565,1,"random_forest",1,1.99284722222222
566,1,"random_forest",1.66666666666667,2.08609722222222
567,1,"random_forest",1.66666666666667,1.93413888888889
568,1,"random_forest",1.66666666666667,1.99597222222222
569,1,"random_forest",1.66666666666667,1.69331944444444
570,1,"random_forest",4,2.495
571,1,"random_forest",2.33333333333333,2.50086111111111
572,1,"random_forest",3.66666666666667,2.41572222222222
573,1,"random_forest",2,2.32156944444444
574,1,"random_forest",2.66666666666667,2.47409722222222
575,1,"random_forest",2.66666666666667,2.26990277777778
576,1,"random_forest",3.66666666666667,2.57275
577,1,"random_forest",1.66666666666667,2.08693055555555
578,1,"random_forest",1.66666666666667,1.61523611111111
579,1,"random_forest",1.66666666666667,1.8205
580,1,"random_forest",2,2.01947222222222
581,1,"random_forest",1.66666666666667,2.03566666666667
582,1,"random_forest",1.66666666666667,2.06377777777778
583,1,"random_forest",2,2.52815277777778
584,1,"random_forest",1.66666666666667,2.17302777777778
585,1,"random_forest",2,2.31291666666667
586,1,"random_forest",2,2.24161111111111
587,1,"random_forest",2,1.77368055555556
588,1,"random_forest",1.66666666666667,1.98540277777778
589,1,"random_forest",2,2.20693055555555
625,1,"random_forest",2.66666666666667,2.23790277777778
626,1,"random_forest",4,2.50793055555555
627,1,"random_forest",4,2.48568055555555
628,1,"random_forest",2.33333333333333,2.32275
629,1,"random_forest",3,2.27965277777778
630,1,"random_forest",2,2.45773611111111
78,1,"boosting",3,2.03718926432789
80,1,"boosting",2,2.02772989386504
81,1,"boosting",2.66666666666667,2.56367396710614
90,1,"boosting",1,2.29420571450392
91,1,"boosting",1.33333333333333,1.99953878347706
92,1,"boosting",1,1.70601969847798
95,1,"boosting",1,1.58295581039354
96,1,"boosting",1.33333333333333,1.8825377744281
97,1,"boosting",2.66666666666667,2.52924192936155
99,1,"boosting",2,2.15876560537417
100,1,"boosting",2,1.95513440916528
106,1,"boosting",3.33333333333333,2.28513661293214
108,1,"boosting",2.66666666666667,2.34793049131433
110,1,"boosting",2.33333333333333,1.26390657925584
114,1,"boosting",1.33333333333333,1.65159663403303
115,1,"boosting",2.66666666666667,2.54539590177586
116,1,"boosting",1,1.62606035585624
117,1,"boosting",2,2.47207017185796
118,1,"boosting",2,2.23226820787648
119,1,"boosting",2,2.35085986607607
120,1,"boosting",1.66666666666667,2.26062424267223
121,1,"boosting",2.66666666666667,2.15202305599563
122,1,"boosting",2.66666666666667,2.35772317055843
123,1,"boosting",2.66666666666667,2.50236965604769
124,1,"boosting",2.66666666666667,2.33375897025304
125,1,"boosting",2.66666666666667,2.3491491206582
126,1,"boosting",2,2.39646511188686
127,1,"boosting",2.66666666666667,2.56047820153643
128,1,"boosting",2.33333333333333,2.14220774587787
270,1,"boosting",3.33333333333333,1.74674315086802
271,1,"boosting",2.66666666666667,2.36211629682601
272,1,"boosting",1.33333333333333,1.93675595560695
273,1,"boosting",2.33333333333333,2.26096565853812
274,1,"boosting",3.33333333333333,2.28848361615443
275,1,"boosting",1.33333333333333,1.8010500722906
276,1,"boosting",2.66666666666667,1.66433719111754
291,1,"boosting",3.66666666666667,2.4343469904208
292,1,"boosting",2.66666666666667,2.18232296928864
293,1,"boosting",2.66666666666667,1.75667608446956
294,1,"boosting",3.66666666666667,2.4121162834237
295,1,"boosting",2.66666666666667,2.42689599753877
296,1,"boosting",2,2.25225566107501
297,1,"boosting",2,2.23258709281902
298,1,"boosting",2.33333333333333,1.87790363171575
299,1,"boosting",2.66666666666667,2.02770578070861
300,1,"boosting",2,2.24322772721658
301,1,"boosting",2,2.2461730955407
302,1,"boosting",2.33333333333333,2.42625989198294
465,1,"boosting",2,2.08113258518591
466,1,"boosting",1.66666666666667,2.37502601052002
467,1,"boosting",2.33333333333333,2.15127120998483
470,1,"boosting",1.66666666666667,2.01926415518583
471,1,"boosting",1.66666666666667,2.35945950198094
473,1,"boosting",2,2.18867478713332
474,1,"boosting",2,2.11332275009493
475,1,"boosting",2,2.47666153304906
476,1,"boosting",2,2.23555647193092
477,1,"boosting",2.33333333333333,2.13167459468837
478,1,"boosting",2,1.57915202532078
479,1,"boosting",1.66666666666667,1.74404920800698
480,1,"boosting",2,1.94800526700842
481,1,"boosting",2.33333333333333,2.22077457860337
482,1,"boosting",2,1.91486806740741
483,1,"boosting",1.66666666666667,2.02338621342189
547,1,"boosting",2,2.21362991920473
548,1,"boosting",2,2.23468711313426
549,1,"boosting",2,2.02130630452141
550,1,"boosting",2,1.96854522258814
551,1,"boosting",1.33333333333333,1.79641491472356
552,1,"boosting",2.66666666666667,2.20436137175204
553,1,"boosting",2,1.59541967819166
554,1,"boosting",1.66666666666667,1.83970136735998
555,1,"boosting",2,2.07783463089366
556,1,"boosting",1.66666666666667,2.07237435436108
557,1,"boosting",1.66666666666667,1.83791044863469
558,1,"boosting",1.66666666666667,1.78675792757751
559,1,"boosting",1.66666666666667,1.76767377881131
560,1,"boosting",1.33333333333333,1.70673703740625
561,1,"boosting",1.66666666666667,1.78802708473042
562,1,"boosting",1.33333333333333,1.87735702689581
563,1,"boosting",1.33333333333333,2.08867536471217
564,1,"boosting",1.66666666666667,1.95415582846169
565,1,"boosting",1,1.97340451769294
566,1,"boosting",1.66666666666667,2.11784790691603
567,1,"boosting",1.66666666666667,1.77909428387002
568,1,"boosting",1.66666666666667,1.94947089676966
569,1,"boosting",1.66666666666667,1.83311031130257
570,1,"boosting",4,2.51248917375966
571,1,"boosting",2.33333333333333,2.3790319163623
572,1,"boosting",3.66666666666667,2.35816361996091
573,1,"boosting",2,2.57662993574319
574,1,"boosting",2.66666666666667,2.47071497466961
575,1,"boosting",2.66666666666667,2.18276247584428
576,1,"boosting",3.66666666666667,2.68329678597512
577,1,"boosting",1.66666666666667,2.06751591345073
578,1,"boosting",1.66666666666667,1.40904567948662
579,1,"boosting",1.66666666666667,1.84850764079774
580,1,"boosting",2,1.94255898393946
581,1,"boosting",1.66666666666667,2.09175032700284
582,1,"boosting",1.66666666666667,2.30101391342698
583,1,"boosting",2,2.9166143743695
584,1,"boosting",1.66666666666667,2.1366762685883
585,1,"boosting",2,2.22870817208809
586,1,"boosting",2,2.13915822502602
587,1,"boosting",2,1.88933210150108
588,1,"boosting",1.66666666666667,2.00471021502001
589,1,"boosting",2,2.12146032886929
625,1,"boosting",2.66666666666667,2.32624560470521
626,1,"boosting",4,2.69383405655809
627,1,"boosting",4,2.58082362496888
628,1,"boosting",2.33333333333333,2.38048578874403
629,1,"boosting",3,2.40585986851366
630,1,"boosting",2,2.47269842996418
202,2,"mean",1,2.083984375
204,2,"mean",1,2.083984375
205,2,"mean",2,2.083984375
208,2,"mean",1.66666666666667,2.083984375
210,2,"mean",1.33333333333333,2.083984375
211,2,"mean",1.66666666666667,2.083984375
213,2,"mean",2,2.083984375
214,2,"mean",1.66666666666667,2.083984375
216,2,"mean",1.66666666666667,2.083984375
217,2,"mean",1.66666666666667,2.083984375
218,2,"mean",1.33333333333333,2.083984375
219,2,"mean",1.33333333333333,2.083984375
220,2,"mean",2.66666666666667,2.083984375
221,2,"mean",2.33333333333333,2.083984375
222,2,"mean",2,2.083984375
223,2,"mean",1.66666666666667,2.083984375
224,2,"mean",3.66666666666667,2.083984375
225,2,"mean",4.33333333333333,2.083984375
226,2,"mean",2.66666666666667,2.083984375
227,2,"mean",2,2.083984375
228,2,"mean",2.66666666666667,2.083984375
229,2,"mean",2.33333333333333,2.083984375
241,2,"mean",2,2.083984375
242,2,"mean",2.66666666666667,2.083984375
244,2,"mean",2.66666666666667,2.083984375
245,2,"mean",2,2.083984375
246,2,"mean",2,2.083984375
247,2,"mean",2,2.083984375
248,2,"mean",3.66666666666667,2.083984375
249,2,"mean",1,2.083984375
250,2,"mean",2.33333333333333,2.083984375
251,2,"mean",1.33333333333333,2.083984375
252,2,"mean",1.33333333333333,2.083984375
253,2,"mean",1,2.083984375
254,2,"mean",2,2.083984375
257,2,"mean",1.33333333333333,2.083984375
258,2,"mean",2,2.083984375
259,2,"mean",1.66666666666667,2.083984375
260,2,"mean",2.33333333333333,2.083984375
261,2,"mean",2.33333333333333,2.083984375
262,2,"mean",2,2.083984375
263,2,"mean",2,2.083984375
264,2,"mean",1.66666666666667,2.083984375
265,2,"mean",3.66666666666667,2.083984375
266,2,"mean",2.33333333333333,2.083984375
269,2,"mean",1.33333333333333,2.083984375
433,2,"mean",1.33333333333333,2.083984375
434,2,"mean",1.66666666666667,2.083984375
435,2,"mean",1.66666666666667,2.083984375
436,2,"mean",1.66666666666667,2.083984375
437,2,"mean",2.33333333333333,2.083984375
438,2,"mean",2,2.083984375
439,2,"mean",2,2.083984375
440,2,"mean",1.33333333333333,2.083984375
445,2,"mean",1.66666666666667,2.083984375
446,2,"mean",1.66666666666667,2.083984375
447,2,"mean",1.66666666666667,2.083984375
448,2,"mean",1.66666666666667,2.083984375
449,2,"mean",2,2.083984375
450,2,"mean",1.33333333333333,2.083984375
451,2,"mean",1.33333333333333,2.083984375
455,2,"mean",2,2.083984375
456,2,"mean",2.33333333333333,2.083984375
457,2,"mean",2.33333333333333,2.083984375
458,2,"mean",2,2.083984375
459,2,"mean",1.66666666666667,2.083984375
460,2,"mean",2.33333333333333,2.083984375
461,2,"mean",2,2.083984375
463,2,"mean",2,2.083984375
631,2,"mean",2,2.083984375
632,2,"mean",1.66666666666667,2.083984375
633,2,"mean",1.66666666666667,2.083984375
634,2,"mean",1.66666666666667,2.083984375
635,2,"mean",2.33333333333333,2.083984375
636,2,"mean",2,2.083984375
637,2,"mean",3,2.083984375
638,2,"mean",1.66666666666667,2.083984375
639,2,"mean",1.66666666666667,2.083984375
640,2,"mean",1.66666666666667,2.083984375
641,2,"mean",2,2.083984375
642,2,"mean",1.66666666666667,2.083984375
643,2,"mean",1.66666666666667,2.083984375
644,2,"mean",1.66666666666667,2.083984375
645,2,"mean",1.66666666666667,2.083984375
646,2,"mean",2.33333333333333,2.083984375
647,2,"mean",1.66666666666667,2.083984375
648,2,"mean",2,2.083984375
649,2,"mean",2,2.083984375
650,2,"mean",1.33333333333333,2.083984375
651,2,"mean",2.66666666666667,2.083984375
652,2,"mean",2.66666666666667,2.083984375
653,2,"mean",1.66666666666667,2.083984375
654,2,"mean",2.33333333333333,2.083984375
655,2,"mean",2,2.083984375
656,2,"mean",2,2.083984375
658,2,"mean",2,2.083984375
659,2,"mean",2,2.083984375
660,2,"mean",2.33333333333333,2.083984375
661,2,"mean",2.33333333333333,2.083984375
662,2,"mean",2,2.083984375
663,2,"mean",2.33333333333333,2.083984375
664,2,"mean",2.33333333333333,2.083984375
665,2,"mean",2,2.083984375
666,2,"mean",2.33333333333333,2.083984375
667,2,"mean",2.66666666666667,2.083984375
668,2,"mean",4,2.083984375
669,2,"mean",2,2.083984375
670,2,"mean",4,2.083984375
671,2,"mean",3,2.083984375
672,2,"mean",4,2.083984375
673,2,"mean",2,2.083984375
674,2,"mean",3.66666666666667,2.083984375
202,2,"elastic_net",1,1.98050043908054
204,2,"elastic_net",1,1.96280841835034
205,2,"elastic_net",2,2.11547963324545
208,2,"elastic_net",1.66666666666667,2.32134968294407
210,2,"elastic_net",1.33333333333333,2.13989644048152
211,2,"elastic_net",1.66666666666667,2.44575617478461
213,2,"elastic_net",2,2.33000902812461
214,2,"elastic_net",1.66666666666667,2.57745279550552
216,2,"elastic_net",1.66666666666667,2.72156326667944
217,2,"elastic_net",1.66666666666667,2.06238459979557
218,2,"elastic_net",1.33333333333333,1.87004838741713
219,2,"elastic_net",1.33333333333333,1.90608672497207
220,2,"elastic_net",2.66666666666667,2.61918524689206
221,2,"elastic_net",2.33333333333333,2.40236598730149
222,2,"elastic_net",2,2.32513056766481
223,2,"elastic_net",1.66666666666667,1.92315115654607
224,2,"elastic_net",3.66666666666667,2.45893728719268
225,2,"elastic_net",4.33333333333333,3.0814730554106
226,2,"elastic_net",2.66666666666667,2.84571836185992
227,2,"elastic_net",2,2.63872748623396
228,2,"elastic_net",2.66666666666667,2.41129722608766
229,2,"elastic_net",2.33333333333333,2.91561653097035
241,2,"elastic_net",2,2.36678077368479
242,2,"elastic_net",2.66666666666667,1.96793259000347
244,2,"elastic_net",2.66666666666667,2.23096261866027
245,2,"elastic_net",2,2.37201979077013
246,2,"elastic_net",2,2.4767518840891
247,2,"elastic_net",2,2.63834613779113
248,2,"elastic_net",3.66666666666667,2.98804142231512
249,2,"elastic_net",1,1.79009383942057
250,2,"elastic_net",2.33333333333333,1.90044090904132
251,2,"elastic_net",1.33333333333333,1.91278199948443
252,2,"elastic_net",1.33333333333333,2.22439582510189
253,2,"elastic_net",1,2.09755457860001
254,2,"elastic_net",2,2.5711869841216
257,2,"elastic_net",1.33333333333333,1.86697870114846
258,2,"elastic_net",2,2.09976504306544
259,2,"elastic_net",1.66666666666667,2.60325230634201
260,2,"elastic_net",2.33333333333333,2.00967349741115
261,2,"elastic_net",2.33333333333333,1.9993155241005
262,2,"elastic_net",2,2.27304026421077
263,2,"elastic_net",2,2.06727565693833
264,2,"elastic_net",1.66666666666667,2.407489656364
265,2,"elastic_net",3.66666666666667,2.52363412135117
266,2,"elastic_net",2.33333333333333,2.02889505199871
269,2,"elastic_net",1.33333333333333,2.00573450397192
433,2,"elastic_net",1.33333333333333,1.89863211218441
434,2,"elastic_net",1.66666666666667,1.81025311163556
435,2,"elastic_net",1.66666666666667,2.15812260968276
436,2,"elastic_net",1.66666666666667,1.96239457557595
437,2,"elastic_net",2.33333333333333,2.07736930094842
438,2,"elastic_net",2,2.48679824236703
439,2,"elastic_net",2,1.7239016192978
440,2,"elastic_net",1.33333333333333,1.94746183375244
445,2,"elastic_net",1.66666666666667,1.91067358244429
446,2,"elastic_net",1.66666666666667,1.99511274639654
447,2,"elastic_net",1.66666666666667,2.01500824823191
448,2,"elastic_net",1.66666666666667,1.72304640497177
449,2,"elastic_net",2,2.08489856415943
450,2,"elastic_net",1.33333333333333,1.84161354000102
451,2,"elastic_net",1.33333333333333,1.92371937931198
455,2,"elastic_net",2,2.30794457627462
456,2,"elastic_net",2.33333333333333,1.89632777086744
457,2,"elastic_net",2.33333333333333,2.2715299002014
458,2,"elastic_net",2,1.91024730138339
459,2,"elastic_net",1.66666666666667,2.01273266455372
460,2,"elastic_net",2.33333333333333,2.52774890251802
461,2,"elastic_net",2,1.85244672964906
463,2,"elastic_net",2,2.04517475561436
631,2,"elastic_net",2,2.13653259298793
632,2,"elastic_net",1.66666666666667,1.40812695646211
633,2,"elastic_net",1.66666666666667,1.66335287546256
634,2,"elastic_net",1.66666666666667,2.24259550977045
635,2,"elastic_net",2.33333333333333,2.15523887848515
636,2,"elastic_net",2,2.07354879753039
637,2,"elastic_net",3,2.94393945332648
638,2,"elastic_net",1.66666666666667,2.11957059914501
639,2,"elastic_net",1.66666666666667,1.97645068172726
640,2,"elastic_net",1.66666666666667,2.19272171989285
641,2,"elastic_net",2,1.99709980475044
642,2,"elastic_net",1.66666666666667,2.10366447604026
643,2,"elastic_net",1.66666666666667,2.07010264739251
644,2,"elastic_net",1.66666666666667,2.39459402419107
645,2,"elastic_net",1.66666666666667,2.37089177007619
646,2,"elastic_net",2.33333333333333,2.29714340991008
647,2,"elastic_net",1.66666666666667,2.62880922125321
648,2,"elastic_net",2,2.38071369116902
649,2,"elastic_net",2,2.0953809301648
650,2,"elastic_net",1.33333333333333,2.42150763424497
651,2,"elastic_net",2.66666666666667,2.1432780382939
652,2,"elastic_net",2.66666666666667,2.34968938362729
653,2,"elastic_net",1.66666666666667,2.10408690046085
654,2,"elastic_net",2.33333333333333,1.95138176625384
655,2,"elastic_net",2,1.85878263076753
656,2,"elastic_net",2,2.07718235558958
658,2,"elastic_net",2,2.07432580600046
659,2,"elastic_net",2,2.12340602225951
660,2,"elastic_net",2.33333333333333,2.47140575234632
661,2,"elastic_net",2.33333333333333,2.3163691689658
662,2,"elastic_net",2,2.23955546487452
663,2,"elastic_net",2.33333333333333,2.33258077266175
664,2,"elastic_net",2.33333333333333,2.2336296301195
665,2,"elastic_net",2,2.04331427149457
666,2,"elastic_net",2.33333333333333,2.46615093586994
667,2,"elastic_net",2.66666666666667,2.57452809747634
668,2,"elastic_net",4,2.11605601816065
669,2,"elastic_net",2,2.69580174076859
670,2,"elastic_net",4,2.79335882791525
671,2,"elastic_net",3,2.55046286417115
672,2,"elastic_net",4,2.7012418363586
673,2,"elastic_net",2,2.24781301996747
674,2,"elastic_net",3.66666666666667,2.56059780810992
202,2,"GAM",1,1.89872823812411
204,2,"GAM",1,1.86710110177795
205,2,"GAM",2,2.14808952734111
208,2,"GAM",1.66666666666667,2.26641664144999
210,2,"GAM",1.33333333333333,2.10010618565743
211,2,"GAM",1.66666666666667,2.38119977550643
213,2,"GAM",2,2.34591933567903
214,2,"GAM",1.66666666666667,2.61904185088338
216,2,"GAM",1.66666666666667,2.71914030753055
217,2,"GAM",1.66666666666667,1.95285450939903
218,2,"GAM",1.33333333333333,1.83540301407387
219,2,"GAM",1.33333333333333,1.84539028555687
220,2,"GAM",2.66666666666667,2.66702764209122
221,2,"GAM",2.33333333333333,2.44175591475789
222,2,"GAM",2,2.37836272405167
223,2,"GAM",1.66666666666667,1.87698354584191
224,2,"GAM",3.66666666666667,2.47541920638807
225,2,"GAM",4.33333333333333,3.21992911146775
226,2,"GAM",2.66666666666667,2.91805549133415
227,2,"GAM",2,2.64327770036567
228,2,"GAM",2.66666666666667,2.45407079626595
229,2,"GAM",2.33333333333333,3.00495254193225
241,2,"GAM",2,2.36255480356528
242,2,"GAM",2.66666666666667,1.9344910808882
244,2,"GAM",2.66666666666667,2.29842415589532
245,2,"GAM",2,2.38153624325922
246,2,"GAM",2,2.41705033649939
247,2,"GAM",2,2.70440371297387
248,2,"GAM",3.66666666666667,3.08548277578226
249,2,"GAM",1,1.69785630255367
250,2,"GAM",2.33333333333333,1.83225874751858
251,2,"GAM",1.33333333333333,1.82109787526383
252,2,"GAM",1.33333333333333,2.16817540568873
253,2,"GAM",1,2.10623986409946
254,2,"GAM",2,2.53978686722088
257,2,"GAM",1.33333333333333,1.8547293425706
258,2,"GAM",2,2.010903503358
259,2,"GAM",1.66666666666667,2.67733357766632
260,2,"GAM",2.33333333333333,2.02091785017313
261,2,"GAM",2.33333333333333,1.98137081676338
262,2,"GAM",2,2.31261861710294
263,2,"GAM",2,2.14841187812686
264,2,"GAM",1.66666666666667,2.36107412499897
265,2,"GAM",3.66666666666667,2.59539788628044
266,2,"GAM",2.33333333333333,2.07963225497667
269,2,"GAM",1.33333333333333,2.01294085315567
433,2,"GAM",1.33333333333333,1.8971045498501
434,2,"GAM",1.66666666666667,1.75886008974373
435,2,"GAM",1.66666666666667,2.14545369528197
436,2,"GAM",1.66666666666667,1.9514294028715
437,2,"GAM",2.33333333333333,2.0222198662505
438,2,"GAM",2,2.55809518620783
439,2,"GAM",2,1.67043480781066
440,2,"GAM",1.33333333333333,1.83852754145876
445,2,"GAM",1.66666666666667,1.87308224311207
446,2,"GAM",1.66666666666667,1.98367925010231
447,2,"GAM",1.66666666666667,1.99677734369515
448,2,"GAM",1.66666666666667,1.67479949913632
449,2,"GAM",2,2.08427092769447
450,2,"GAM",1.33333333333333,1.75071274091096
451,2,"GAM",1.33333333333333,1.96581306220873
455,2,"GAM",2,2.29829247236559
456,2,"GAM",2.33333333333333,1.89134557943036
457,2,"GAM",2.33333333333333,2.26302980166112
458,2,"GAM",2,1.90589089524964
459,2,"GAM",1.66666666666667,2.02375365309493
460,2,"GAM",2.33333333333333,2.54958787980577
461,2,"GAM",2,1.79834357554242
463,2,"GAM",2,2.0160660748646
631,2,"GAM",2,2.14189915310465
632,2,"GAM",1.66666666666667,1.21790871300526
633,2,"GAM",1.66666666666667,1.67392084331718
634,2,"GAM",1.66666666666667,2.27677121914724
635,2,"GAM",2.33333333333333,2.23483275896593
636,2,"GAM",2,2.1099707756901
637,2,"GAM",3,3.03255314697046
638,2,"GAM",1.66666666666667,2.1601826107029
639,2,"GAM",1.66666666666667,2.06031118955199
640,2,"GAM",1.66666666666667,2.19936846274769
641,2,"GAM",2,2.00386055808249
642,2,"GAM",1.66666666666667,2.12874445762045
643,2,"GAM",1.66666666666667,2.03587159968895
644,2,"GAM",1.66666666666667,2.44743420232245
645,2,"GAM",1.66666666666667,2.37572941107774
646,2,"GAM",2.33333333333333,2.28065540725271
647,2,"GAM",1.66666666666667,2.66393207779614
648,2,"GAM",2,2.47221444305385
649,2,"GAM",2,2.07591810806009
650,2,"GAM",1.33333333333333,2.42671906710052
651,2,"GAM",2.66666666666667,2.17796968701016
652,2,"GAM",2.66666666666667,2.39771819891039
653,2,"GAM",1.66666666666667,2.09320265263201
654,2,"GAM",2.33333333333333,1.92141007998586
655,2,"GAM",2,1.7897714388367
656,2,"GAM",2,2.03442713674759
658,2,"GAM",2,2.0539247945276
659,2,"GAM",2,2.16512269445293
660,2,"GAM",2.33333333333333,2.50632484106281
661,2,"GAM",2.33333333333333,2.29560331795644
662,2,"GAM",2,2.25176420328851
663,2,"GAM",2.33333333333333,2.32386497879122
664,2,"GAM",2.33333333333333,2.26475628019682
665,2,"GAM",2,2.03169486365201
666,2,"GAM",2.33333333333333,2.47410879744923
667,2,"GAM",2.66666666666667,2.56407049072041
668,2,"GAM",4,2.08981844346337
669,2,"GAM",2,2.72897968665294
670,2,"GAM",4,2.76450767823782
671,2,"GAM",3,2.55092520450779
672,2,"GAM",4,2.73051598021985
673,2,"GAM",2,2.21329158118674
674,2,"GAM",3.66666666666667,2.5772985006357
202,2,"random_forest",1,1.84654166666667
204,2,"random_forest",1,1.83201388888889
205,2,"random_forest",2,2.04020833333333
208,2,"random_forest",1.66666666666667,2.33143055555556
210,2,"random_forest",1.33333333333333,2.07672222222222
211,2,"random_forest",1.66666666666667,2.37065277777778
213,2,"random_forest",2,2.16061111111111
214,2,"random_forest",1.66666666666667,2.54523611111111
216,2,"random_forest",1.66666666666667,2.84166666666667
217,2,"random_forest",1.66666666666667,2.01897222222222
218,2,"random_forest",1.33333333333333,1.83055555555556
219,2,"random_forest",1.33333333333333,1.88540277777778
220,2,"random_forest",2.66666666666667,2.69727777777778
221,2,"random_forest",2.33333333333333,2.29241666666667
222,2,"random_forest",2,2.18327777777778
223,2,"random_forest",1.66666666666667,1.99168055555556
224,2,"random_forest",3.66666666666667,2.23495833333333
225,2,"random_forest",4.33333333333333,2.66669444444444
226,2,"random_forest",2.66666666666667,2.72731944444444
227,2,"random_forest",2,2.35481944444444
228,2,"random_forest",2.66666666666667,2.53998611111111
229,2,"random_forest",2.33333333333333,2.77133333333333
241,2,"random_forest",2,2.40065277777778
242,2,"random_forest",2.66666666666667,1.98811111111111
244,2,"random_forest",2.66666666666667,1.93823611111111
245,2,"random_forest",2,2.38323611111111
246,2,"random_forest",2,2.26501388888889
247,2,"random_forest",2,2.366125
248,2,"random_forest",3.66666666666667,2.41970833333333
249,2,"random_forest",1,1.79283333333333
250,2,"random_forest",2.33333333333333,2.10045833333333
251,2,"random_forest",1.33333333333333,1.97669444444444
252,2,"random_forest",1.33333333333333,1.98179166666667
253,2,"random_forest",1,2.05309722222222
254,2,"random_forest",2,2.53929166666666
257,2,"random_forest",1.33333333333333,1.95409722222222
258,2,"random_forest",2,2.17755555555555
259,2,"random_forest",1.66666666666667,2.35863888888889
260,2,"random_forest",2.33333333333333,2.03483333333333
261,2,"random_forest",2.33333333333333,2.06140277777778
262,2,"random_forest",2,2.23022222222222
263,2,"random_forest",2,2.06823611111111
264,2,"random_forest",1.66666666666667,2.24322222222222
265,2,"random_forest",3.66666666666667,2.46284722222222
266,2,"random_forest",2.33333333333333,2.15304166666666
269,2,"random_forest",1.33333333333333,2.18372222222222
433,2,"random_forest",1.33333333333333,1.79220833333333
434,2,"random_forest",1.66666666666667,1.89318055555556
435,2,"random_forest",1.66666666666667,2.10966666666666
436,2,"random_forest",1.66666666666667,1.75315277777778
437,2,"random_forest",2.33333333333333,2.18747222222222
438,2,"random_forest",2,2.27229166666667
439,2,"random_forest",2,1.65938888888889
440,2,"random_forest",1.33333333333333,1.92770833333333
445,2,"random_forest",1.66666666666667,1.92770833333333
446,2,"random_forest",1.66666666666667,1.90720833333333
447,2,"random_forest",1.66666666666667,2.15344444444444
448,2,"random_forest",1.66666666666667,1.81777777777778
449,2,"random_forest",2,1.96022222222222
450,2,"random_forest",1.33333333333333,1.86148611111111
451,2,"random_forest",1.33333333333333,2.05413888888889
455,2,"random_forest",2,2.18280555555556
456,2,"random_forest",2.33333333333333,2.05227777777778
457,2,"random_forest",2.33333333333333,2.27005555555555
458,2,"random_forest",2,2.11254166666667
459,2,"random_forest",1.66666666666667,2.18597222222222
460,2,"random_forest",2.33333333333333,2.25808333333333
461,2,"random_forest",2,2.03356944444444
463,2,"random_forest",2,2.084625
631,2,"random_forest",2,2.03159722222222
632,2,"random_forest",1.66666666666667,1.70968055555555
633,2,"random_forest",1.66666666666667,1.79211111111111
634,2,"random_forest",1.66666666666667,2.23806944444444
635,2,"random_forest",2.33333333333333,2.10305555555556
636,2,"random_forest",2,2.07841666666667
637,2,"random_forest",3,2.43601388888889
638,2,"random_forest",1.66666666666667,1.98309722222222
639,2,"random_forest",1.66666666666667,1.99905555555556
640,2,"random_forest",1.66666666666667,2.15229166666667
641,2,"random_forest",2,1.96244444444444
642,2,"random_forest",1.66666666666667,2.23165277777778
643,2,"random_forest",1.66666666666667,1.87647222222222
644,2,"random_forest",1.66666666666667,1.96927777777778
645,2,"random_forest",1.66666666666667,2.193375
646,2,"random_forest",2.33333333333333,1.99048611111111
647,2,"random_forest",1.66666666666667,2.39520833333333
648,2,"random_forest",2,2.16581944444445
649,2,"random_forest",2,2.14166666666667
650,2,"random_forest",1.33333333333333,2.36722222222222
651,2,"random_forest",2.66666666666667,1.91109722222222
652,2,"random_forest",2.66666666666667,2.49286111111111
653,2,"random_forest",1.66666666666667,2.02616666666667
654,2,"random_forest",2.33333333333333,1.86956944444445
655,2,"random_forest",2,2.09373611111111
656,2,"random_forest",2,1.98461111111111
658,2,"random_forest",2,2.04811111111111
659,2,"random_forest",2,1.89456944444444
660,2,"random_forest",2.33333333333333,2.46984722222222
661,2,"random_forest",2.33333333333333,2.36443055555555
662,2,"random_forest",2,2.30079166666667
663,2,"random_forest",2.33333333333333,2.17902777777778
664,2,"random_forest",2.33333333333333,2.21104166666667
665,2,"random_forest",2,2.050375
666,2,"random_forest",2.33333333333333,2.46605555555556
667,2,"random_forest",2.66666666666667,2.61011111111111
668,2,"random_forest",4,2.06231944444444
669,2,"random_forest",2,2.64379166666667
670,2,"random_forest",4,2.85620833333334
671,2,"random_forest",3,2.40104166666666
672,2,"random_forest",4,2.53461111111111
673,2,"random_forest",2,2.13495833333333
674,2,"random_forest",3.66666666666667,2.72261111111111
202,2,"boosting",1,1.75567848246235
204,2,"boosting",1,1.68430026328931
205,2,"boosting",2,2.06384052257322
208,2,"boosting",1.66666666666667,2.15324522592547
210,2,"boosting",1.33333333333333,2.10748490403449
211,2,"boosting",1.66666666666667,2.44742647448678
213,2,"boosting",2,2.28629270678466
214,2,"boosting",1.66666666666667,2.6350941105069
216,2,"boosting",1.66666666666667,2.53336522508429
217,2,"boosting",1.66666666666667,2.15463993037488
218,2,"boosting",1.33333333333333,1.80466503681628
219,2,"boosting",1.33333333333333,1.91209827707048
220,2,"boosting",2.66666666666667,2.54979646931389
221,2,"boosting",2.33333333333333,2.50301103246008
222,2,"boosting",2,2.13536918057044
223,2,"boosting",1.66666666666667,2.16906545147673
224,2,"boosting",3.66666666666667,2.27830609377446
225,2,"boosting",4.33333333333333,2.28992911376397
226,2,"boosting",2.66666666666667,2.4682371483701
227,2,"boosting",2,2.53669443790032
228,2,"boosting",2.66666666666667,2.55189837547457
229,2,"boosting",2.33333333333333,2.46969019702044
241,2,"boosting",2,2.45869015331539
242,2,"boosting",2.66666666666667,1.96964051848845
244,2,"boosting",2.66666666666667,2.07375004368266
245,2,"boosting",2,2.47108005315122
246,2,"boosting",2,2.51370366557639
247,2,"boosting",2,2.42173146500494
248,2,"boosting",3.66666666666667,2.73591377995961
249,2,"boosting",1,1.67646863407214
250,2,"boosting",2.33333333333333,1.93621671720415
251,2,"boosting",1.33333333333333,2.06971755388999
252,2,"boosting",1.33333333333333,2.19620192985655
253,2,"boosting",1,2.13051289940991
254,2,"boosting",2,2.66397342108914
257,2,"boosting",1.33333333333333,1.95743718105582
258,2,"boosting",2,2.12964290715861
259,2,"boosting",1.66666666666667,2.46319532589796
260,2,"boosting",2.33333333333333,1.97953784795009
261,2,"boosting",2.33333333333333,2.00269132286091
262,2,"boosting",2,2.20514874067456
263,2,"boosting",2,1.9685689967947
264,2,"boosting",1.66666666666667,2.48308977096207
265,2,"boosting",3.66666666666667,2.52249820413581
266,2,"boosting",2.33333333333333,2.08221925784519
269,2,"boosting",1.33333333333333,2.16177064771326
433,2,"boosting",1.33333333333333,1.7563710095696
434,2,"boosting",1.66666666666667,1.74499694778014
435,2,"boosting",1.66666666666667,2.06782089013682
436,2,"boosting",1.66666666666667,1.66250818870755
437,2,"boosting",2.33333333333333,2.26297891854324
438,2,"boosting",2,2.39318467710665
439,2,"boosting",2,1.66630057670968
440,2,"boosting",1.33333333333333,1.98302292527226
445,2,"boosting",1.66666666666667,1.87133747775695
446,2,"boosting",1.66666666666667,1.92811713581393
447,2,"boosting",1.66666666666667,2.10030823131297
448,2,"boosting",1.66666666666667,1.83676277395118
449,2,"boosting",2,2.04795038588509
450,2,"boosting",1.33333333333333,1.75818677840089
451,2,"boosting",1.33333333333333,2.01830282933779
455,2,"boosting",2,2.20800230129529
456,2,"boosting",2.33333333333333,1.92980271407356
457,2,"boosting",2.33333333333333,2.29125501919839
458,2,"boosting",2,1.98695252608643
459,2,"boosting",1.66666666666667,2.11798644656695
460,2,"boosting",2.33333333333333,2.3023473095232
461,2,"boosting",2,2.05146965455877
463,2,"boosting",2,2.15574018918046
631,2,"boosting",2,2.11065388525099
632,2,"boosting",1.66666666666667,1.54707142684501
633,2,"boosting",1.66666666666667,1.53690241932254
634,2,"boosting",1.66666666666667,2.24398698391384
635,2,"boosting",2.33333333333333,2.16699977796002
636,2,"boosting",2,2.0093026700116
637,2,"boosting",3,2.65589286496942
638,2,"boosting",1.66666666666667,1.99712750490531
639,2,"boosting",1.66666666666667,2.00703267365719
640,2,"boosting",1.66666666666667,2.34499760238791
641,2,"boosting",2,2.04993337751657
642,2,"boosting",1.66666666666667,2.34620756631999
643,2,"boosting",1.66666666666667,2.10649529909444
644,2,"boosting",1.66666666666667,2.15080079509997
645,2,"boosting",1.66666666666667,2.31180030230484
646,2,"boosting",2.33333333333333,2.08232368867683
647,2,"boosting",1.66666666666667,2.62701258494463
648,2,"boosting",2,2.23904339094346
649,2,"boosting",2,2.10043324618133
650,2,"boosting",1.33333333333333,2.30907857111587
651,2,"boosting",2.66666666666667,2.04890943941606
652,2,"boosting",2.66666666666667,2.35790350866769
653,2,"boosting",1.66666666666667,2.06244927193685
654,2,"boosting",2.33333333333333,1.94151553071553
655,2,"boosting",2,1.9888552661862
656,2,"boosting",2,1.91182041636188
658,2,"boosting",2,2.11919865014982
659,2,"boosting",2,1.95628727816314
660,2,"boosting",2.33333333333333,2.49687492023714
661,2,"boosting",2.33333333333333,2.17353983857725
662,2,"boosting",2,2.17512041247104
663,2,"boosting",2.33333333333333,2.29608507602986
664,2,"boosting",2.33333333333333,2.14504367504623
665,2,"boosting",2,2.04576940739241
666,2,"boosting",2.33333333333333,2.17676501104032
667,2,"boosting",2.66666666666667,2.80660153227314
668,2,"boosting",4,2.23018982424057
669,2,"boosting",2,2.66677623469604
670,2,"boosting",4,2.46289454486678
671,2,"boosting",3,2.54271965898034
672,2,"boosting",4,2.78332628982784
673,2,"boosting",2,2.1486185543696
674,2,"boosting",3.66666666666667,2.64248540979606
129,3,"mean",2.66666666666667,2.0843621399177
130,3,"mean",2.66666666666667,2.0843621399177
131,3,"mean",2,2.0843621399177
132,3,"mean",2.66666666666667,2.0843621399177
133,3,"mean",2.66666666666667,2.0843621399177
135,3,"mean",2.66666666666667,2.0843621399177
136,3,"mean",2.66666666666667,2.0843621399177
137,3,"mean",1.66666666666667,2.0843621399177
138,3,"mean",1.66666666666667,2.0843621399177
139,3,"mean",1,2.0843621399177
140,3,"mean",2,2.0843621399177
141,3,"mean",2.66666666666667,2.0843621399177
142,3,"mean",1,2.0843621399177
143,3,"mean",2,2.0843621399177
144,3,"mean",1,2.0843621399177
145,3,"mean",2,2.0843621399177
146,3,"mean",2.66666666666667,2.0843621399177
147,3,"mean",2,2.0843621399177
148,3,"mean",1,2.0843621399177
150,3,"mean",1,2.0843621399177
151,3,"mean",2.66666666666667,2.0843621399177
152,3,"mean",1,2.0843621399177
153,3,"mean",1.33333333333333,2.0843621399177
154,3,"mean",2.66666666666667,2.0843621399177
155,3,"mean",1,2.0843621399177
156,3,"mean",1,2.0843621399177
157,3,"mean",1.66666666666667,2.0843621399177
158,3,"mean",1.33333333333333,2.0843621399177
159,3,"mean",3,2.0843621399177
160,3,"mean",2.66666666666667,2.0843621399177
161,3,"mean",2,2.0843621399177
189,3,"mean",2.33333333333333,2.0843621399177
191,3,"mean",2.66666666666667,2.0843621399177
192,3,"mean",1,2.0843621399177
193,3,"mean",4.33333333333333,2.0843621399177
194,3,"mean",2,2.0843621399177
284,3,"mean",2,2.0843621399177
285,3,"mean",2,2.0843621399177
286,3,"mean",1.66666666666667,2.0843621399177
287,3,"mean",2.33333333333333,2.0843621399177
288,3,"mean",2,2.0843621399177
289,3,"mean",2.66666666666667,2.0843621399177
290,3,"mean",2,2.0843621399177
307,3,"mean",2,2.0843621399177
308,3,"mean",1.33333333333333,2.0843621399177
309,3,"mean",1.33333333333333,2.0843621399177
310,3,"mean",1.66666666666667,2.0843621399177
311,3,"mean",1.33333333333333,2.0843621399177
312,3,"mean",1.66666666666667,2.0843621399177
313,3,"mean",1.66666666666667,2.0843621399177
316,3,"mean",2,2.0843621399177
317,3,"mean",2,2.0843621399177
318,3,"mean",2.66666666666667,2.0843621399177
319,3,"mean",2.66666666666667,2.0843621399177
322,3,"mean",2.66666666666667,2.0843621399177
324,3,"mean",3,2.0843621399177
325,3,"mean",3.33333333333333,2.0843621399177
327,3,"mean",2,2.0843621399177
328,3,"mean",2,2.0843621399177
329,3,"mean",2.33333333333333,2.0843621399177
330,3,"mean",2,2.0843621399177
331,3,"mean",2,2.0843621399177
334,3,"mean",1.66666666666667,2.0843621399177
335,3,"mean",1.66666666666667,2.0843621399177
336,3,"mean",1.66666666666667,2.0843621399177
339,3,"mean",2,2.0843621399177
376,3,"mean",2,2.0843621399177
377,3,"mean",2.33333333333333,2.0843621399177
378,3,"mean",1.33333333333333,2.0843621399177
379,3,"mean",2.33333333333333,2.0843621399177
380,3,"mean",1.33333333333333,2.0843621399177
381,3,"mean",1.33333333333333,2.0843621399177
382,3,"mean",1.66666666666667,2.0843621399177
383,3,"mean",2,2.0843621399177
384,3,"mean",1.33333333333333,2.0843621399177
385,3,"mean",1.33333333333333,2.0843621399177
386,3,"mean",1.33333333333333,2.0843621399177
387,3,"mean",2,2.0843621399177
388,3,"mean",1.33333333333333,2.0843621399177
389,3,"mean",1.66666666666667,2.0843621399177
390,3,"mean",2.66666666666667,2.0843621399177
391,3,"mean",3,2.0843621399177
392,3,"mean",2,2.0843621399177
393,3,"mean",3,2.0843621399177
394,3,"mean",2.66666666666667,2.0843621399177
395,3,"mean",1.33333333333333,2.0843621399177
396,3,"mean",2.66666666666667,2.0843621399177
397,3,"mean",1.66666666666667,2.0843621399177
398,3,"mean",2,2.0843621399177
399,3,"mean",2.66666666666667,2.0843621399177
400,3,"mean",2,2.0843621399177
409,3,"mean",2,2.0843621399177
410,3,"mean",2.66666666666667,2.0843621399177
411,3,"mean",2.66666666666667,2.0843621399177
412,3,"mean",2.33333333333333,2.0843621399177
413,3,"mean",2.66666666666667,2.0843621399177
414,3,"mean",2.66666666666667,2.0843621399177
415,3,"mean",2,2.0843621399177
416,3,"mean",2.33333333333333,2.0843621399177
417,3,"mean",2,2.0843621399177
418,3,"mean",2,2.0843621399177
419,3,"mean",2,2.0843621399177
420,3,"mean",2.66666666666667,2.0843621399177
590,3,"mean",2,2.0843621399177
591,3,"mean",2.33333333333333,2.0843621399177
592,3,"mean",2,2.0843621399177
593,3,"mean",2,2.0843621399177
594,3,"mean",2,2.0843621399177
595,3,"mean",2,2.0843621399177
596,3,"mean",2,2.0843621399177
597,3,"mean",2,2.0843621399177
598,3,"mean",2,2.0843621399177
599,3,"mean",1.66666666666667,2.0843621399177
600,3,"mean",2.66666666666667,2.0843621399177
601,3,"mean",1.66666666666667,2.0843621399177
602,3,"mean",2.66666666666667,2.0843621399177
603,3,"mean",2.66666666666667,2.0843621399177
604,3,"mean",2.33333333333333,2.0843621399177
605,3,"mean",3,2.0843621399177
606,3,"mean",2.33333333333333,2.0843621399177
607,3,"mean",2.33333333333333,2.0843621399177
608,3,"mean",2,2.0843621399177
609,3,"mean",2.33333333333333,2.0843621399177
610,3,"mean",2.66666666666667,2.0843621399177
611,3,"mean",2.33333333333333,2.0843621399177
612,3,"mean",2,2.0843621399177
613,3,"mean",1.66666666666667,2.0843621399177
614,3,"mean",2,2.0843621399177
615,3,"mean",2,2.0843621399177
616,3,"mean",2,2.0843621399177
617,3,"mean",2,2.0843621399177
618,3,"mean",1.66666666666667,2.0843621399177
619,3,"mean",2.33333333333333,2.0843621399177
620,3,"mean",2,2.0843621399177
621,3,"mean",2.33333333333333,2.0843621399177
622,3,"mean",1.66666666666667,2.0843621399177
623,3,"mean",1.66666666666667,2.0843621399177
624,3,"mean",2,2.0843621399177
129,3,"elastic_net",2.66666666666667,2.50916974638549
130,3,"elastic_net",2.66666666666667,2.27397795168224
131,3,"elastic_net",2,2.37955718693778
132,3,"elastic_net",2.66666666666667,2.51930212364658
133,3,"elastic_net",2.66666666666667,2.37361945468159
135,3,"elastic_net",2.66666666666667,2.46923735256864
136,3,"elastic_net",2.66666666666667,2.39483589657048
137,3,"elastic_net",1.66666666666667,2.33339302481089
138,3,"elastic_net",1.66666666666667,2.33339302481089
139,3,"elastic_net",1,1.70151832820623
140,3,"elastic_net",2,2.21511688189394
141,3,"elastic_net",2.66666666666667,2.57996152456418
142,3,"elastic_net",1,2.03618594379733
143,3,"elastic_net",2,2.60432661291811
144,3,"elastic_net",1,1.99393826947682
145,3,"elastic_net",2,2.08391978107418
146,3,"elastic_net",2.66666666666667,2.488343524013
147,3,"elastic_net",2,2.15999434302989
148,3,"elastic_net",1,2.00214625644986
150,3,"elastic_net",1,1.85885666667765
151,3,"elastic_net",2.66666666666667,2.63127165530773
152,3,"elastic_net",1,1.96233328288011
153,3,"elastic_net",1.33333333333333,1.88968691675638
154,3,"elastic_net",2.66666666666667,2.48215992137784
155,3,"elastic_net",1,1.91507027573455
156,3,"elastic_net",1,1.68890656958315
157,3,"elastic_net",1.66666666666667,1.90705390751807
158,3,"elastic_net",1.33333333333333,1.87590965407498
159,3,"elastic_net",3,1.85569385430099
160,3,"elastic_net",2.66666666666667,2.45948109772218
161,3,"elastic_net",2,2.43968518780349
189,3,"elastic_net",2.33333333333333,2.4056039678935
191,3,"elastic_net",2.66666666666667,2.3098366956845
192,3,"elastic_net",1,2.23398201941542
193,3,"elastic_net",4.33333333333333,1.87889282100079
194,3,"elastic_net",2,2.37056653971773
284,3,"elastic_net",2,1.79824620998337
285,3,"elastic_net",2,1.78066616259982
286,3,"elastic_net",1.66666666666667,1.64973514988362
287,3,"elastic_net",2.33333333333333,1.86858225511305
288,3,"elastic_net",2,1.82785731576688
289,3,"elastic_net",2.66666666666667,1.67710319773259
290,3,"elastic_net",2,1.93916258286055
307,3,"elastic_net",2,1.94914790129677
308,3,"elastic_net",1.33333333333333,1.85584616385536
309,3,"elastic_net",1.33333333333333,2.07534928281417
310,3,"elastic_net",1.66666666666667,1.90166979789337
311,3,"elastic_net",1.33333333333333,1.6705236359962
312,3,"elastic_net",1.66666666666667,1.82341739092729
313,3,"elastic_net",1.66666666666667,1.90067357205512
316,3,"elastic_net",2,2.23522362109832
317,3,"elastic_net",2,2.38730035481893
318,3,"elastic_net",2.66666666666667,2.40481123390921
319,3,"elastic_net",2.66666666666667,2.31931379468678
322,3,"elastic_net",2.66666666666667,2.45679405381123
324,3,"elastic_net",3,2.36979287317284
325,3,"elastic_net",3.33333333333333,2.77867509378522
327,3,"elastic_net",2,1.86056738197587
328,3,"elastic_net",2,2.00887986927673
329,3,"elastic_net",2.33333333333333,2.29749342592138
330,3,"elastic_net",2,2.10400444723433
331,3,"elastic_net",2,1.89436173359809
334,3,"elastic_net",1.66666666666667,1.69920455781403
335,3,"elastic_net",1.66666666666667,1.80324483178177
336,3,"elastic_net",1.66666666666667,1.90032491648326
339,3,"elastic_net",2,2.22095602911307
376,3,"elastic_net",2,2.19341742893774
377,3,"elastic_net",2.33333333333333,1.85593592763904
378,3,"elastic_net",1.33333333333333,1.85502177642533
379,3,"elastic_net",2.33333333333333,1.98733277213075
380,3,"elastic_net",1.33333333333333,1.89123458419536
381,3,"elastic_net",1.33333333333333,2.06606287957609
382,3,"elastic_net",1.66666666666667,2.44395638376198
383,3,"elastic_net",2,2.0036854581435
384,3,"elastic_net",1.33333333333333,1.73391442562915
385,3,"elastic_net",1.33333333333333,1.90204397753424
386,3,"elastic_net",1.33333333333333,1.80086754684174
387,3,"elastic_net",2,2.29628239065917
388,3,"elastic_net",1.33333333333333,1.79791685209078
389,3,"elastic_net",1.66666666666667,1.77527055008803
390,3,"elastic_net",2.66666666666667,2.53424866657667
391,3,"elastic_net",3,2.23924244406543
392,3,"elastic_net",2,2.07427004784191
393,3,"elastic_net",3,2.31680170332328
394,3,"elastic_net",2.66666666666667,2.13087440290379
395,3,"elastic_net",1.33333333333333,1.93975383711285
396,3,"elastic_net",2.66666666666667,2.15539492910044
397,3,"elastic_net",1.66666666666667,2.21065890487638
398,3,"elastic_net",2,1.93187118717515
399,3,"elastic_net",2.66666666666667,1.75911136387993
400,3,"elastic_net",2,2.00439916393448
409,3,"elastic_net",2,1.65249608871217
410,3,"elastic_net",2.66666666666667,2.02758216353424
411,3,"elastic_net",2.66666666666667,2.22871726448814
412,3,"elastic_net",2.33333333333333,2.34939367622333
413,3,"elastic_net",2.66666666666667,2.0643590765053
414,3,"elastic_net",2.66666666666667,2.12984984808636
415,3,"elastic_net",2,2.10948733454023
416,3,"elastic_net",2.33333333333333,1.87657906191209
417,3,"elastic_net",2,2.12393323972874
418,3,"elastic_net",2,1.73580318557208
419,3,"elastic_net",2,1.79546033946827
420,3,"elastic_net",2.66666666666667,1.8028392112964
590,3,"elastic_net",2,1.86853820927804
591,3,"elastic_net",2.33333333333333,2.24039753469915
592,3,"elastic_net",2,2.09744981940678
593,3,"elastic_net",2,1.84988510004731
594,3,"elastic_net",2,2.03701961729657
595,3,"elastic_net",2,1.92314792797806
596,3,"elastic_net",2,1.92950427344278
597,3,"elastic_net",2,2.27972384569379
598,3,"elastic_net",2,1.97098248709625
599,3,"elastic_net",1.66666666666667,1.98560490107262
600,3,"elastic_net",2.66666666666667,2.3763007401961
601,3,"elastic_net",1.66666666666667,1.80593798306214
602,3,"elastic_net",2.66666666666667,1.86163010181069
603,3,"elastic_net",2.66666666666667,2.08121890762609
604,3,"elastic_net",2.33333333333333,1.78252350792475
605,3,"elastic_net",3,2.49789744440095
606,3,"elastic_net",2.33333333333333,2.20387500329467
607,3,"elastic_net",2.33333333333333,2.27721949003319
608,3,"elastic_net",2,2.22959816242887
609,3,"elastic_net",2.33333333333333,2.24713143265924
610,3,"elastic_net",2.66666666666667,2.12309414228053
611,3,"elastic_net",2.33333333333333,2.2337769438482
612,3,"elastic_net",2,1.8043574922359
613,3,"elastic_net",1.66666666666667,1.94768002678652
614,3,"elastic_net",2,2.28985962106157
615,3,"elastic_net",2,2.00590084905743
616,3,"elastic_net",2,2.03953572658836
617,3,"elastic_net",2,2.2533127264041
618,3,"elastic_net",1.66666666666667,1.76556642522208
619,3,"elastic_net",2.33333333333333,1.84676843066459
620,3,"elastic_net",2,2.22368109931587
621,3,"elastic_net",2.33333333333333,2.07053713752825
622,3,"elastic_net",1.66666666666667,2.22683857963115
623,3,"elastic_net",1.66666666666667,1.99287318581412
624,3,"elastic_net",2,2.69850164453592
129,3,"GAM",2.66666666666667,2.57414186974076
130,3,"GAM",2.66666666666667,2.25071309247862
131,3,"GAM",2,2.48018049958158
132,3,"GAM",2.66666666666667,2.67795387162073
133,3,"GAM",2.66666666666667,2.39357961768799
135,3,"GAM",2.66666666666667,2.49018203859918
136,3,"GAM",2.66666666666667,2.43188069364188
137,3,"GAM",1.66666666666667,2.34653888255336
138,3,"GAM",1.66666666666667,2.34653888255336
139,3,"GAM",1,1.64507581205186
140,3,"GAM",2,2.30648280282528
141,3,"GAM",2.66666666666667,2.65815147343622
142,3,"GAM",1,2.01408874380086
143,3,"GAM",2,2.74613677220573
144,3,"GAM",1,1.92318538986498
145,3,"GAM",2,2.09887851285424
146,3,"GAM",2.66666666666667,2.51738020421216
147,3,"GAM",2,2.13147325384359
148,3,"GAM",1,1.96283767057554
150,3,"GAM",1,1.77720087601684
151,3,"GAM",2.66666666666667,2.70211810938632
152,3,"GAM",1,1.91629502263224
153,3,"GAM",1.33333333333333,1.82918370642468
154,3,"GAM",2.66666666666667,2.49024203757759
155,3,"GAM",1,1.88581867839393
156,3,"GAM",1,1.75564902217502
157,3,"GAM",1.66666666666667,1.87748479635817
158,3,"GAM",1.33333333333333,1.85958746425246
159,3,"GAM",3,1.79564978984931
160,3,"GAM",2.66666666666667,2.46708037170545
161,3,"GAM",2,2.46702948370551
189,3,"GAM",2.33333333333333,2.49740629924219
191,3,"GAM",2.66666666666667,2.36049607925809
192,3,"GAM",1,2.2890015719834
193,3,"GAM",4.33333333333333,1.82224712093708
194,3,"GAM",2,2.4706971701476
284,3,"GAM",2,1.79472744204376
285,3,"GAM",2,1.76248924119799
286,3,"GAM",1.66666666666667,1.60082322900278
287,3,"GAM",2.33333333333333,1.83990798795271
288,3,"GAM",2,1.83688444915601
289,3,"GAM",2.66666666666667,1.59330713508763
290,3,"GAM",2,1.93815335007147
307,3,"GAM",2,1.96713484788384
308,3,"GAM",1.33333333333333,1.80888262836299
309,3,"GAM",1.33333333333333,2.050902276038
310,3,"GAM",1.66666666666667,1.86950916870566
311,3,"GAM",1.33333333333333,1.65204013039765
312,3,"GAM",1.66666666666667,1.82798144100875
313,3,"GAM",1.66666666666667,1.96765374751442
316,3,"GAM",2,2.28653523806826
317,3,"GAM",2,2.3229724971318
318,3,"GAM",2.66666666666667,2.40215593370589
319,3,"GAM",2.66666666666667,2.29634173418727
322,3,"GAM",2.66666666666667,2.48031516051371
324,3,"GAM",3,2.34536369951518
325,3,"GAM",3.33333333333333,2.79616910211786
327,3,"GAM",2,1.91964414702412
328,3,"GAM",2,2.03297285907724
329,3,"GAM",2.33333333333333,2.36353403254462
330,3,"GAM",2,2.08545651084261
331,3,"GAM",2,1.87314713982028
334,3,"GAM",1.66666666666667,1.66941843918288
335,3,"GAM",1.66666666666667,1.74468159086705
336,3,"GAM",1.66666666666667,1.91812577295476
339,3,"GAM",2,2.26730329398104
376,3,"GAM",2,2.17680897387915
377,3,"GAM",2.33333333333333,1.83876438811398
378,3,"GAM",1.33333333333333,1.70698146546062
379,3,"GAM",2.33333333333333,1.91451615491475
380,3,"GAM",1.33333333333333,1.9151051074329
381,3,"GAM",1.33333333333333,2.05586367835794
382,3,"GAM",1.66666666666667,2.38739819488192
383,3,"GAM",2,1.92854168844807
384,3,"GAM",1.33333333333333,1.63019436514919
385,3,"GAM",1.33333333333333,1.95121267199711
386,3,"GAM",1.33333333333333,1.70776635623351
387,3,"GAM",2,2.30327903476893
388,3,"GAM",1.33333333333333,1.76585096109838
389,3,"GAM",1.66666666666667,1.7636404323931
390,3,"GAM",2.66666666666667,2.75831123900446
391,3,"GAM",3,2.2854122257288
392,3,"GAM",2,2.05395521574226
393,3,"GAM",3,2.33215515367703
394,3,"GAM",2.66666666666667,2.11264889949481
395,3,"GAM",1.33333333333333,1.86261619723998
396,3,"GAM",2.66666666666667,2.16138034551174
397,3,"GAM",1.66666666666667,2.23019551857278
398,3,"GAM",2,1.91413181153213
399,3,"GAM",2.66666666666667,1.72821794423437
400,3,"GAM",2,1.96869008032959
409,3,"GAM",2,1.52636527345592
410,3,"GAM",2.66666666666667,2.02769892875047
411,3,"GAM",2.66666666666667,2.28532866544485
412,3,"GAM",2.33333333333333,2.35424475749205
413,3,"GAM",2.66666666666667,2.03643730038333
414,3,"GAM",2.66666666666667,2.13481603709404
415,3,"GAM",2,2.1493230442194
416,3,"GAM",2.33333333333333,1.85813264470527
417,3,"GAM",2,2.10686809037779
418,3,"GAM",2,1.72082354514813
419,3,"GAM",2,1.68413268393186
420,3,"GAM",2.66666666666667,1.74155739044882
590,3,"GAM",2,1.79052631970422
591,3,"GAM",2.33333333333333,2.23748675620456
592,3,"GAM",2,2.08701930310836
593,3,"GAM",2,1.83900131282601
594,3,"GAM",2,2.02480507845532
595,3,"GAM",2,1.87621674129193
596,3,"GAM",2,1.91098638094484
597,3,"GAM",2,2.32121158970584
598,3,"GAM",2,1.99902996392141
599,3,"GAM",1.66666666666667,1.98727823134484
600,3,"GAM",2.66666666666667,2.46253010109191
601,3,"GAM",1.66666666666667,1.80491301289471
602,3,"GAM",2.66666666666667,1.85191773437656
603,3,"GAM",2.66666666666667,2.0820188754409
604,3,"GAM",2.33333333333333,1.74617603879538
605,3,"GAM",3,2.52605417747189
606,3,"GAM",2.33333333333333,2.18616155571088
607,3,"GAM",2.33333333333333,2.30037818154118
608,3,"GAM",2,2.21880904648396
609,3,"GAM",2.33333333333333,2.18478251601088
610,3,"GAM",2.66666666666667,2.18323162628591
611,3,"GAM",2.33333333333333,2.21153612590727
612,3,"GAM",2,1.78473348408699
613,3,"GAM",1.66666666666667,1.91391589779938
614,3,"GAM",2,2.30270236680929
615,3,"GAM",2,1.9956603468072
616,3,"GAM",2,2.01096484027335
617,3,"GAM",2,2.24713222208583
618,3,"GAM",1.66666666666667,1.74723724540406
619,3,"GAM",2.33333333333333,1.76993020842149
620,3,"GAM",2,2.22064973154854
621,3,"GAM",2.33333333333333,1.98079036779426
622,3,"GAM",1.66666666666667,2.26083541734529
623,3,"GAM",1.66666666666667,1.97832592777392
624,3,"GAM",2,2.77241599735049
129,3,"random_forest",2.66666666666667,2.59131944444444
130,3,"random_forest",2.66666666666667,2.32905555555555
131,3,"random_forest",2,2.48043055555555
132,3,"random_forest",2.66666666666667,2.61666666666667
133,3,"random_forest",2.66666666666667,2.40441666666666
135,3,"random_forest",2.66666666666667,2.45995833333333
136,3,"random_forest",2.66666666666667,2.24726388888889
137,3,"random_forest",1.66666666666667,2.32913888888889
138,3,"random_forest",1.66666666666667,2.32913888888889
139,3,"random_forest",1,1.85526388888889
140,3,"random_forest",2,2.316625
141,3,"random_forest",2.66666666666667,2.71133333333333
142,3,"random_forest",1,2.13266666666667
143,3,"random_forest",2,2.26398611111111
144,3,"random_forest",1,2.06723611111111
145,3,"random_forest",2,1.98515277777778
146,3,"random_forest",2.66666666666667,2.18894444444444
147,3,"random_forest",2,2.18327777777778
148,3,"random_forest",1,2.15040277777778
150,3,"random_forest",1,2.00448611111111
151,3,"random_forest",2.66666666666667,2.43026388888889
152,3,"random_forest",1,2.18658333333333
153,3,"random_forest",1.33333333333333,1.82356944444444
154,3,"random_forest",2.66666666666667,2.47651388888888
155,3,"random_forest",1,1.84119444444444
156,3,"random_forest",1,1.8205
157,3,"random_forest",1.66666666666667,1.985125
158,3,"random_forest",1.33333333333333,1.89241666666667
159,3,"random_forest",3,1.99290277777777
160,3,"random_forest",2.66666666666667,2.36154166666666
161,3,"random_forest",2,2.18869444444444
189,3,"random_forest",2.33333333333333,2.43131944444444
191,3,"random_forest",2.66666666666667,2.30373611111111
192,3,"random_forest",1,2.46534722222222
193,3,"random_forest",4.33333333333333,2.15161111111111
194,3,"random_forest",2,2.32494444444444
284,3,"random_forest",2,1.91506944444444
285,3,"random_forest",2,1.93686111111111
286,3,"random_forest",1.66666666666667,1.9075
287,3,"random_forest",2.33333333333333,1.982375
288,3,"random_forest",2,1.78470833333333
289,3,"random_forest",2.66666666666667,1.85231944444444
290,3,"random_forest",2,1.85336111111111
307,3,"random_forest",2,1.87173611111111
308,3,"random_forest",1.33333333333333,1.66097222222222
309,3,"random_forest",1.33333333333333,1.93179166666667
310,3,"random_forest",1.66666666666667,1.94679166666667
311,3,"random_forest",1.33333333333333,1.75288888888889
312,3,"random_forest",1.66666666666667,1.87952777777778
313,3,"random_forest",1.66666666666667,1.96277777777778
316,3,"random_forest",2,2.11519444444444
317,3,"random_forest",2,2.38701388888889
318,3,"random_forest",2.66666666666667,2.32279166666666
319,3,"random_forest",2.66666666666667,2.18288888888889
322,3,"random_forest",2.66666666666667,2.36875
324,3,"random_forest",3,2.32359722222222
325,3,"random_forest",3.33333333333333,2.68522222222222
327,3,"random_forest",2,1.80991666666667
328,3,"random_forest",2,2.182125
329,3,"random_forest",2.33333333333333,2.40354166666666
330,3,"random_forest",2,2.13923611111111
331,3,"random_forest",2,2.14068055555555
334,3,"random_forest",1.66666666666667,1.85833333333333
335,3,"random_forest",1.66666666666667,1.72990277777778
336,3,"random_forest",1.66666666666667,1.89704166666667
339,3,"random_forest",2,2.36430555555555
376,3,"random_forest",2,2.12013888888889
377,3,"random_forest",2.33333333333333,1.84430555555555
378,3,"random_forest",1.33333333333333,1.74629166666667
379,3,"random_forest",2.33333333333333,1.94134722222222
380,3,"random_forest",1.33333333333333,1.76743055555556
381,3,"random_forest",1.33333333333333,1.98923611111111
382,3,"random_forest",1.66666666666667,2.19347222222222
383,3,"random_forest",2,2.22956944444445
384,3,"random_forest",1.33333333333333,1.720375
385,3,"random_forest",1.33333333333333,1.81738888888889
386,3,"random_forest",1.33333333333333,1.769
387,3,"random_forest",2,2.30041666666667
388,3,"random_forest",1.33333333333333,1.94256944444444
389,3,"random_forest",1.66666666666667,1.80048611111111
390,3,"random_forest",2.66666666666667,2.6225
391,3,"random_forest",3,2.297625
392,3,"random_forest",2,1.89411111111111
393,3,"random_forest",3,2.34893055555555
394,3,"random_forest",2.66666666666667,2.09120833333333
395,3,"random_forest",1.33333333333333,2.12655555555556
396,3,"random_forest",2.66666666666667,2.19759722222222
397,3,"random_forest",1.66666666666667,2.11668055555555
398,3,"random_forest",2,2.14898611111111
399,3,"random_forest",2.66666666666667,1.72679166666667
400,3,"random_forest",2,2.12111111111111
409,3,"random_forest",2,1.65338888888889
410,3,"random_forest",2.66666666666667,2.22918055555555
411,3,"random_forest",2.66666666666667,2.22423611111111
412,3,"random_forest",2.33333333333333,2.31176388888889
413,3,"random_forest",2.66666666666667,1.96630555555556
414,3,"random_forest",2.66666666666667,2.14595833333333
415,3,"random_forest",2,2.25656944444444
416,3,"random_forest",2.33333333333333,2.19815277777778
417,3,"random_forest",2,1.92886111111111
418,3,"random_forest",2,1.78211111111111
419,3,"random_forest",2,2.06791666666667
420,3,"random_forest",2.66666666666667,1.88152777777777
590,3,"random_forest",2,1.82201388888889
591,3,"random_forest",2.33333333333333,1.97413888888889
592,3,"random_forest",2,1.99781944444444
593,3,"random_forest",2,1.88686111111111
594,3,"random_forest",2,1.93147222222222
595,3,"random_forest",2,1.94593055555556
596,3,"random_forest",2,2.06570833333334
597,3,"random_forest",2,2.37204166666666
598,3,"random_forest",2,2.08511111111111
599,3,"random_forest",1.66666666666667,1.85490277777778
600,3,"random_forest",2.66666666666667,2.33019444444444
601,3,"random_forest",1.66666666666667,1.97431944444445
602,3,"random_forest",2.66666666666667,1.90623611111111
603,3,"random_forest",2.66666666666667,1.99519444444445
604,3,"random_forest",2.33333333333333,1.962125
605,3,"random_forest",3,2.31291666666667
606,3,"random_forest",2.33333333333333,2.1985
607,3,"random_forest",2.33333333333333,2.14172222222222
608,3,"random_forest",2,2.32225
609,3,"random_forest",2.33333333333333,2.21666666666667
610,3,"random_forest",2.66666666666667,2.24756944444444
611,3,"random_forest",2.33333333333333,2.09648611111111
612,3,"random_forest",2,1.87005555555555
613,3,"random_forest",1.66666666666667,1.843125
614,3,"random_forest",2,2.16581944444444
615,3,"random_forest",2,1.90123611111111
616,3,"random_forest",2,1.93040277777778
617,3,"random_forest",2,2.13780555555555
618,3,"random_forest",1.66666666666667,1.911625
619,3,"random_forest",2.33333333333333,1.98777777777777
620,3,"random_forest",2,2.23255555555555
621,3,"random_forest",2.33333333333333,2.140625
622,3,"random_forest",1.66666666666667,1.92131944444444
623,3,"random_forest",1.66666666666667,2.00922222222222
624,3,"random_forest",2,2.706125
129,3,"boosting",2.66666666666667,2.59953416772059
130,3,"boosting",2.66666666666667,2.29388911257815
131,3,"boosting",2,2.21011392456137
132,3,"boosting",2.66666666666667,2.41411050844789
133,3,"boosting",2.66666666666667,2.36250618539515
135,3,"boosting",2.66666666666667,2.35120080662246
136,3,"boosting",2.66666666666667,2.23737707560202
137,3,"boosting",1.66666666666667,2.23643316275506
138,3,"boosting",1.66666666666667,2.23643316275506
139,3,"boosting",1,1.7408108185739
140,3,"boosting",2,2.1425974448371
141,3,"boosting",2.66666666666667,2.58401434609063
142,3,"boosting",1,2.02675920210408
143,3,"boosting",2,2.3801182325012
144,3,"boosting",1,1.97892502100398
145,3,"boosting",2,1.84364460434399
146,3,"boosting",2.66666666666667,2.26075206952485
147,3,"boosting",2,2.04889362832433
148,3,"boosting",1,2.06368143451994
150,3,"boosting",1,1.98091752215976
151,3,"boosting",2.66666666666667,2.46850104296545
152,3,"boosting",1,2.05950623503038
153,3,"boosting",1.33333333333333,1.72200177611427
154,3,"boosting",2.66666666666667,2.50961840124427
155,3,"boosting",1,1.86132815857272
156,3,"boosting",1,1.73739206973125
157,3,"boosting",1.66666666666667,1.95258941270843
158,3,"boosting",1.33333333333333,1.78769427566642
159,3,"boosting",3,1.88442187529089
160,3,"boosting",2.66666666666667,2.42058202769604
161,3,"boosting",2,2.34848721294185
189,3,"boosting",2.33333333333333,2.38049713498244
191,3,"boosting",2.66666666666667,2.30167157810243
192,3,"boosting",1,2.27558783471645
193,3,"boosting",4.33333333333333,1.9627667790364
194,3,"boosting",2,2.23999295702947
284,3,"boosting",2,1.86081866061096
285,3,"boosting",2,1.86874413849838
286,3,"boosting",1.66666666666667,1.85312462773621
287,3,"boosting",2.33333333333333,1.92260008482971
288,3,"boosting",2,1.76141973059228
289,3,"boosting",2.66666666666667,1.65138309191417
290,3,"boosting",2,1.94756872995218
307,3,"boosting",2,1.7157276020234
308,3,"boosting",1.33333333333333,1.76062799636368
309,3,"boosting",1.33333333333333,2.05307680493274
310,3,"boosting",1.66666666666667,1.88410200110235
311,3,"boosting",1.33333333333333,1.60126020816526
312,3,"boosting",1.66666666666667,1.89144449825506
313,3,"boosting",1.66666666666667,1.85978134688737
316,3,"boosting",2,2.39274519142681
317,3,"boosting",2,2.52743559678524
318,3,"boosting",2.66666666666667,2.53912093414825
319,3,"boosting",2.66666666666667,2.25840913437029
322,3,"boosting",2.66666666666667,2.54834853318415
324,3,"boosting",3,2.33221150859329
325,3,"boosting",3.33333333333333,2.58137868136146
327,3,"boosting",2,1.90637738325954
328,3,"boosting",2,2.0913209269114
329,3,"boosting",2.33333333333333,2.2870074595999
330,3,"boosting",2,2.10969974352244
331,3,"boosting",2,1.89476811911391
334,3,"boosting",1.66666666666667,1.8404606259606
335,3,"boosting",1.66666666666667,1.83248056692095
336,3,"boosting",1.66666666666667,1.86610602886041
339,3,"boosting",2,2.32996952098237
376,3,"boosting",2,2.34751810962258
377,3,"boosting",2.33333333333333,1.84274728909488
378,3,"boosting",1.33333333333333,1.84231534248902
379,3,"boosting",2.33333333333333,2.05215570816325
380,3,"boosting",1.33333333333333,1.87855364781627
381,3,"boosting",1.33333333333333,2.08682587069294
382,3,"boosting",1.66666666666667,2.26428370095419
383,3,"boosting",2,2.16330571375234
384,3,"boosting",1.33333333333333,1.73393874543251
385,3,"boosting",1.33333333333333,1.82855214875573
386,3,"boosting",1.33333333333333,1.74145772680687
387,3,"boosting",2,2.33957849881567
388,3,"boosting",1.33333333333333,1.76869782563622
389,3,"boosting",1.66666666666667,1.77987641583745
390,3,"boosting",2.66666666666667,2.52658184901364
391,3,"boosting",3,2.15417237864349
392,3,"boosting",2,1.91583826184959
393,3,"boosting",3,2.27171793107946
394,3,"boosting",2.66666666666667,2.15531019166884
395,3,"boosting",1.33333333333333,2.01208577116763
396,3,"boosting",2.66666666666667,2.22210079437355
397,3,"boosting",1.66666666666667,2.13342573810424
398,3,"boosting",2,1.97553979960156
399,3,"boosting",2.66666666666667,1.73909578026658
400,3,"boosting",2,2.09667109895366
409,3,"boosting",2,1.71553502339332
410,3,"boosting",2.66666666666667,2.07650658917772
411,3,"boosting",2.66666666666667,2.21010435029202
412,3,"boosting",2.33333333333333,2.41777917084756
413,3,"boosting",2.66666666666667,2.11954038649863
414,3,"boosting",2.66666666666667,2.06793539044388
415,3,"boosting",2,2.18682629982424
416,3,"boosting",2.33333333333333,2.06254719563975
417,3,"boosting",2,1.94259634310701
418,3,"boosting",2,1.85634502257657
419,3,"boosting",2,1.8772485387258
420,3,"boosting",2.66666666666667,1.77341099619951
590,3,"boosting",2,1.90057588805286
591,3,"boosting",2.33333333333333,2.10799200286764
592,3,"boosting",2,2.07064939523653
593,3,"boosting",2,1.8163629421767
594,3,"boosting",2,1.8630875961319
595,3,"boosting",2,2.13476238874099
596,3,"boosting",2,2.07126182163377
597,3,"boosting",2,2.34130152515094
598,3,"boosting",2,2.01447147633193
599,3,"boosting",1.66666666666667,1.80321602484087
600,3,"boosting",2.66666666666667,2.35258546853959
601,3,"boosting",1.66666666666667,1.89115002076561
602,3,"boosting",2.66666666666667,1.94655374617338
603,3,"boosting",2.66666666666667,2.18070274662215
604,3,"boosting",2.33333333333333,2.01507817053827
605,3,"boosting",3,2.31355709197562
606,3,"boosting",2.33333333333333,2.14680378810223
607,3,"boosting",2.33333333333333,2.24647904076032
608,3,"boosting",2,2.19695971714032
609,3,"boosting",2.33333333333333,2.28381155833111
610,3,"boosting",2.66666666666667,2.03441885493537
611,3,"boosting",2.33333333333333,2.12733423545559
612,3,"boosting",2,1.83112423057368
613,3,"boosting",1.66666666666667,1.95972615306885
614,3,"boosting",2,2.1520929627581
615,3,"boosting",2,1.84695544750078
616,3,"boosting",2,1.99136548474766
617,3,"boosting",2,2.136831176073
618,3,"boosting",1.66666666666667,1.88523286264281
619,3,"boosting",2.33333333333333,1.92942670686142
620,3,"boosting",2,2.23756568548293
621,3,"boosting",2.33333333333333,2.16230366923107
622,3,"boosting",1.66666666666667,1.98141885978044
623,3,"boosting",1.66666666666667,2.05742875702505
624,3,"boosting",2,2.70418062140817
30,4,"mean",2,2.08299039780521
31,4,"mean",1.66666666666667,2.08299039780521
32,4,"mean",1.66666666666667,2.08299039780521
33,4,"mean",1,2.08299039780521
34,4,"mean",1,2.08299039780521
35,4,"mean",1,2.08299039780521
36,4,"mean",1,2.08299039780521
40,4,"mean",1.66666666666667,2.08299039780521
41,4,"mean",1.66666666666667,2.08299039780521
42,4,"mean",2.66666666666667,2.08299039780521
43,4,"mean",3.33333333333333,2.08299039780521
44,4,"mean",3,2.08299039780521
45,4,"mean",2.33333333333333,2.08299039780521
46,4,"mean",2.33333333333333,2.08299039780521
47,4,"mean",2.66666666666667,2.08299039780521
48,4,"mean",2.33333333333333,2.08299039780521
49,4,"mean",2.66666666666667,2.08299039780521
50,4,"mean",3.33333333333333,2.08299039780521
52,4,"mean",2,2.08299039780521
53,4,"mean",1,2.08299039780521
54,4,"mean",2.33333333333333,2.08299039780521
55,4,"mean",3.33333333333333,2.08299039780521
56,4,"mean",1.66666666666667,2.08299039780521
59,4,"mean",2.66666666666667,2.08299039780521
60,4,"mean",2.66666666666667,2.08299039780521
61,4,"mean",2.66666666666667,2.08299039780521
62,4,"mean",2,2.08299039780521
63,4,"mean",2,2.08299039780521
65,4,"mean",2,2.08299039780521
67,4,"mean",2.66666666666667,2.08299039780521
68,4,"mean",2.66666666666667,2.08299039780521
69,4,"mean",3,2.08299039780521
71,4,"mean",2.66666666666667,2.08299039780521
73,4,"mean",1.33333333333333,2.08299039780521
74,4,"mean",1,2.08299039780521
75,4,"mean",2,2.08299039780521
76,4,"mean",2,2.08299039780521
77,4,"mean",1,2.08299039780521
83,4,"mean",2.66666666666667,2.08299039780521
84,4,"mean",2.66666666666667,2.08299039780521
85,4,"mean",2,2.08299039780521
86,4,"mean",2.66666666666667,2.08299039780521
87,4,"mean",2,2.08299039780521
89,4,"mean",2.66666666666667,2.08299039780521
196,4,"mean",1,2.08299039780521
197,4,"mean",2.33333333333333,2.08299039780521
198,4,"mean",1,2.08299039780521
199,4,"mean",2,2.08299039780521
200,4,"mean",2,2.08299039780521
201,4,"mean",1.66666666666667,2.08299039780521
203,4,"mean",1.33333333333333,2.08299039780521
206,4,"mean",2.33333333333333,2.08299039780521
207,4,"mean",2.33333333333333,2.08299039780521
209,4,"mean",2,2.08299039780521
212,4,"mean",1.66666666666667,2.08299039780521
215,4,"mean",2,2.08299039780521
230,4,"mean",1.66666666666667,2.08299039780521
231,4,"mean",4,2.08299039780521
232,4,"mean",4,2.08299039780521
233,4,"mean",2.33333333333333,2.08299039780521
234,4,"mean",2,2.08299039780521
235,4,"mean",2.33333333333333,2.08299039780521
236,4,"mean",2.66666666666667,2.08299039780521
237,4,"mean",1.66666666666667,2.08299039780521
238,4,"mean",2,2.08299039780521
239,4,"mean",1.66666666666667,2.08299039780521
240,4,"mean",3.33333333333333,2.08299039780521
255,4,"mean",2,2.08299039780521
256,4,"mean",2.33333333333333,2.08299039780521
267,4,"mean",2.33333333333333,2.08299039780521
268,4,"mean",3.66666666666667,2.08299039780521
277,4,"mean",1.66666666666667,2.08299039780521
278,4,"mean",2.66666666666667,2.08299039780521
279,4,"mean",1.66666666666667,2.08299039780521
280,4,"mean",2.66666666666667,2.08299039780521
281,4,"mean",2,2.08299039780521
282,4,"mean",1.66666666666667,2.08299039780521
283,4,"mean",1.66666666666667,2.08299039780521
303,4,"mean",1.66666666666667,2.08299039780521
304,4,"mean",1.33333333333333,2.08299039780521
305,4,"mean",1.33333333333333,2.08299039780521
306,4,"mean",1.33333333333333,2.08299039780521
315,4,"mean",2.33333333333333,2.08299039780521
320,4,"mean",1.66666666666667,2.08299039780521
321,4,"mean",2.33333333333333,2.08299039780521
323,4,"mean",2,2.08299039780521
326,4,"mean",1.66666666666667,2.08299039780521
332,4,"mean",2.33333333333333,2.08299039780521
333,4,"mean",2.66666666666667,2.08299039780521
337,4,"mean",2,2.08299039780521
338,4,"mean",2,2.08299039780521
340,4,"mean",2,2.08299039780521
341,4,"mean",2.33333333333333,2.08299039780521
342,4,"mean",2,2.08299039780521
343,4,"mean",2,2.08299039780521
344,4,"mean",1.33333333333333,2.08299039780521
345,4,"mean",1.66666666666667,2.08299039780521
346,4,"mean",1.66666666666667,2.08299039780521
347,4,"mean",1.33333333333333,2.08299039780521
348,4,"mean",1.66666666666667,2.08299039780521
349,4,"mean",1.33333333333333,2.08299039780521
350,4,"mean",1.33333333333333,2.08299039780521
351,4,"mean",1.33333333333333,2.08299039780521
352,4,"mean",1.66666666666667,2.08299039780521
353,4,"mean",2,2.08299039780521
354,4,"mean",2,2.08299039780521
355,4,"mean",1.66666666666667,2.08299039780521
356,4,"mean",2,2.08299039780521
357,4,"mean",1.33333333333333,2.08299039780521
358,4,"mean",2.33333333333333,2.08299039780521
367,4,"mean",2.33333333333333,2.08299039780521
368,4,"mean",3,2.08299039780521
369,4,"mean",2,2.08299039780521
370,4,"mean",2.66666666666667,2.08299039780521
371,4,"mean",1.66666666666667,2.08299039780521
523,4,"mean",2,2.08299039780521
524,4,"mean",2.66666666666667,2.08299039780521
525,4,"mean",2,2.08299039780521
527,4,"mean",1.66666666666667,2.08299039780521
528,4,"mean",1.66666666666667,2.08299039780521
529,4,"mean",2.66666666666667,2.08299039780521
530,4,"mean",2,2.08299039780521
531,4,"mean",2,2.08299039780521
532,4,"mean",2,2.08299039780521
533,4,"mean",1.66666666666667,2.08299039780521
534,4,"mean",1.66666666666667,2.08299039780521
535,4,"mean",1.66666666666667,2.08299039780521
536,4,"mean",2.33333333333333,2.08299039780521
537,4,"mean",2,2.08299039780521
538,4,"mean",2.33333333333333,2.08299039780521
539,4,"mean",2,2.08299039780521
540,4,"mean",2.33333333333333,2.08299039780521
541,4,"mean",2.66666666666667,2.08299039780521
542,4,"mean",2,2.08299039780521
543,4,"mean",1.66666666666667,2.08299039780521
544,4,"mean",2.66666666666667,2.08299039780521
545,4,"mean",2,2.08299039780521
546,4,"mean",2.33333333333333,2.08299039780521
30,4,"elastic_net",2,2.53032326944866
31,4,"elastic_net",1.66666666666667,1.64827900364172
32,4,"elastic_net",1.66666666666667,1.91535672866533
33,4,"elastic_net",1,1.73011445116968
34,4,"elastic_net",1,1.69992533752849
35,4,"elastic_net",1,1.88015011087127
36,4,"elastic_net",1,1.56192555208545
40,4,"elastic_net",1.66666666666667,1.76654579645352
41,4,"elastic_net",1.66666666666667,1.52925915810244
42,4,"elastic_net",2.66666666666667,1.78448044143671
43,4,"elastic_net",3.33333333333333,1.90640793002333
44,4,"elastic_net",3,2.21199666772652
45,4,"elastic_net",2.33333333333333,1.54488206327354
46,4,"elastic_net",2.33333333333333,1.78867554620689
47,4,"elastic_net",2.66666666666667,1.8552920056947
48,4,"elastic_net",2.33333333333333,2.32081537039504
49,4,"elastic_net",2.66666666666667,1.66607049273346
50,4,"elastic_net",3.33333333333333,2.03164481413964
52,4,"elastic_net",2,2.25326294808068
53,4,"elastic_net",1,1.79663791051865
54,4,"elastic_net",2.33333333333333,1.93918576907475
55,4,"elastic_net",3.33333333333333,1.98752914143226
56,4,"elastic_net",1.66666666666667,1.89645898412684
59,4,"elastic_net",2.66666666666667,2.06695580278184
60,4,"elastic_net",2.66666666666667,1.85031053588481
61,4,"elastic_net",2.66666666666667,2.52371383040616
62,4,"elastic_net",2,2.5174971865123
63,4,"elastic_net",2,2.06595610095555
65,4,"elastic_net",2,2.09183043956943
67,4,"elastic_net",2.66666666666667,2.22798871295119
68,4,"elastic_net",2.66666666666667,2.16134936913729
69,4,"elastic_net",3,2.32708669351947
71,4,"elastic_net",2.66666666666667,2.21784922093572
73,4,"elastic_net",1.33333333333333,2.00440395930451
74,4,"elastic_net",1,1.82154686685383
75,4,"elastic_net",2,1.82891751633094
76,4,"elastic_net",2,1.60976299361311
77,4,"elastic_net",1,1.54398325171056
83,4,"elastic_net",2.66666666666667,2.37156081724612
84,4,"elastic_net",2.66666666666667,1.78837786398771
85,4,"elastic_net",2,1.94132190177
86,4,"elastic_net",2.66666666666667,2.24977130981753
87,4,"elastic_net",2,2.14958997162197
89,4,"elastic_net",2.66666666666667,2.07277547987439
196,4,"elastic_net",1,2.39498937559574
197,4,"elastic_net",2.33333333333333,1.89996496105628
198,4,"elastic_net",1,1.9278171124619
199,4,"elastic_net",2,2.31324683363478
200,4,"elastic_net",2,2.23717058153856
201,4,"elastic_net",1.66666666666667,1.8666380071753
203,4,"elastic_net",1.33333333333333,1.84829567410578
206,4,"elastic_net",2.33333333333333,2.0918431860775
207,4,"elastic_net",2.33333333333333,2.22328608072701
209,4,"elastic_net",2,1.78744341882677
212,4,"elastic_net",1.66666666666667,2.41468718862553
215,4,"elastic_net",2,1.79441919854625
230,4,"elastic_net",1.66666666666667,2.19016873754088
231,4,"elastic_net",4,2.32155918067732
232,4,"elastic_net",4,2.18706166807988
233,4,"elastic_net",2.33333333333333,2.4230306539518
234,4,"elastic_net",2,2.0542933363543
235,4,"elastic_net",2.33333333333333,1.8529576283422
236,4,"elastic_net",2.66666666666667,2.32885318154905
237,4,"elastic_net",1.66666666666667,1.8717149316698
238,4,"elastic_net",2,1.88069669079417
239,4,"elastic_net",1.66666666666667,1.75059211723474
240,4,"elastic_net",3.33333333333333,1.95988187153566
255,4,"elastic_net",2,1.86229809371966
256,4,"elastic_net",2.33333333333333,2.5358792204657
267,4,"elastic_net",2.33333333333333,1.89670243324976
268,4,"elastic_net",3.66666666666667,1.94562522671426
277,4,"elastic_net",1.66666666666667,1.89502139538715
278,4,"elastic_net",2.66666666666667,2.24041300280937
279,4,"elastic_net",1.66666666666667,2.29017993667096
280,4,"elastic_net",2.66666666666667,2.06241555557724
281,4,"elastic_net",2,2.12221866381248
282,4,"elastic_net",1.66666666666667,2.12719257572321
283,4,"elastic_net",1.66666666666667,1.6898058971371
303,4,"elastic_net",1.66666666666667,2.00593772232165
304,4,"elastic_net",1.33333333333333,2.45474188980447
305,4,"elastic_net",1.33333333333333,2.47060529080755
306,4,"elastic_net",1.33333333333333,1.83328798063273
315,4,"elastic_net",2.33333333333333,2.37262657200551
320,4,"elastic_net",1.66666666666667,1.82831995046628
321,4,"elastic_net",2.33333333333333,2.04455656529557
323,4,"elastic_net",2,2.23844392947488
326,4,"elastic_net",1.66666666666667,1.92344295508513
332,4,"elastic_net",2.33333333333333,1.79262627892563
333,4,"elastic_net",2.66666666666667,2.52889078710899
337,4,"elastic_net",2,1.69752187063948
338,4,"elastic_net",2,1.86894731064398
340,4,"elastic_net",2,1.90702495347166
341,4,"elastic_net",2.33333333333333,1.89950803579998
342,4,"elastic_net",2,1.8690641737054
343,4,"elastic_net",2,1.94956504475844
344,4,"elastic_net",1.33333333333333,1.92972889588575
345,4,"elastic_net",1.66666666666667,2.5088861795815
346,4,"elastic_net",1.66666666666667,2.11357843922712
347,4,"elastic_net",1.33333333333333,1.97198212821672
348,4,"elastic_net",1.66666666666667,1.74859374159663
349,4,"elastic_net",1.33333333333333,1.97619601012731
350,4,"elastic_net",1.33333333333333,1.91614287259016
351,4,"elastic_net",1.33333333333333,1.86694295694667
352,4,"elastic_net",1.66666666666667,2.32248407621511
353,4,"elastic_net",2,1.75721496346401
354,4,"elastic_net",2,1.87953845535012
355,4,"elastic_net",1.66666666666667,1.73849787928074
356,4,"elastic_net",2,1.90696633073323
357,4,"elastic_net",1.33333333333333,1.68595486761005
358,4,"elastic_net",2.33333333333333,1.94470673549943
367,4,"elastic_net",2.33333333333333,2.22809872190917
368,4,"elastic_net",3,2.11402971082944
369,4,"elastic_net",2,1.93612829842624
370,4,"elastic_net",2.66666666666667,1.8410099445991
371,4,"elastic_net",1.66666666666667,1.92285589913044
523,4,"elastic_net",2,1.87430052508985
524,4,"elastic_net",2.66666666666667,2.23320191261613
525,4,"elastic_net",2,1.91433010096069
527,4,"elastic_net",1.66666666666667,1.93087687840464
528,4,"elastic_net",1.66666666666667,2.13413328820632
529,4,"elastic_net",2.66666666666667,2.26725694526149
530,4,"elastic_net",2,1.83406702722713
531,4,"elastic_net",2,1.88645206969849
532,4,"elastic_net",2,1.46095979316529
533,4,"elastic_net",1.66666666666667,1.69338982513525
534,4,"elastic_net",1.66666666666667,1.80707637006433
535,4,"elastic_net",1.66666666666667,1.59405333818751
536,4,"elastic_net",2.33333333333333,2.09756441138755
537,4,"elastic_net",2,2.27894935800987
538,4,"elastic_net",2.33333333333333,2.22702267534512
539,4,"elastic_net",2,2.30536595101026
540,4,"elastic_net",2.33333333333333,1.87323026883945
541,4,"elastic_net",2.66666666666667,2.47572150247764
542,4,"elastic_net",2,1.89057174594109
543,4,"elastic_net",1.66666666666667,1.93765261533169
544,4,"elastic_net",2.66666666666667,2.50700501331821
545,4,"elastic_net",2,1.9368902272051
546,4,"elastic_net",2.33333333333333,2.12714872053323
30,4,"GAM",2,2.62920013882657
31,4,"GAM",1.66666666666667,1.59017702166609
32,4,"GAM",1.66666666666667,1.86149002302778
33,4,"GAM",1,1.72383043019263
34,4,"GAM",1,1.66956835033035
35,4,"GAM",1,1.8129976374628
36,4,"GAM",1,1.53274983645704
40,4,"GAM",1.66666666666667,1.80594784512717
41,4,"GAM",1.66666666666667,1.42416163410948
42,4,"GAM",2.66666666666667,1.75000412521846
43,4,"GAM",3.33333333333333,1.90547579712157
44,4,"GAM",3,2.26307524958771
45,4,"GAM",2.33333333333333,1.48027273723691
46,4,"GAM",2.33333333333333,1.80260843437109
47,4,"GAM",2.66666666666667,1.8113879482698
48,4,"GAM",2.33333333333333,2.46509439842244
49,4,"GAM",2.66666666666667,1.64712569427989
50,4,"GAM",3.33333333333333,1.96971161793087
52,4,"GAM",2,2.24285431419134
53,4,"GAM",1,1.69992279388721
54,4,"GAM",2.33333333333333,1.97354739557858
55,4,"GAM",3.33333333333333,1.95162352959045
56,4,"GAM",1.66666666666667,1.86580671190498
59,4,"GAM",2.66666666666667,2.08690657926175
60,4,"GAM",2.66666666666667,1.82321878236536
61,4,"GAM",2.66666666666667,2.56567716719882
62,4,"GAM",2,2.58395745399843
63,4,"GAM",2,1.97843264938874
65,4,"GAM",2,2.09403924249458
67,4,"GAM",2.66666666666667,2.31727712984657
68,4,"GAM",2.66666666666667,2.11973853680654
69,4,"GAM",3,2.36016177457776
71,4,"GAM",2.66666666666667,2.20381271743116
73,4,"GAM",1.33333333333333,1.98070886528307
74,4,"GAM",1,1.91070764645075
75,4,"GAM",2,1.92231041539557
76,4,"GAM",2,1.56987201942956
77,4,"GAM",1,1.46633203124357
83,4,"GAM",2.66666666666667,2.53618972534763
84,4,"GAM",2.66666666666667,1.84824146957376
85,4,"GAM",2,1.98148405303434
86,4,"GAM",2.66666666666667,2.37044218203146
87,4,"GAM",2,2.28621848388699
89,4,"GAM",2.66666666666667,2.21912395537149
196,4,"GAM",1,2.51643016267897
197,4,"GAM",2.33333333333333,1.87605886939789
198,4,"GAM",1,1.93116141937675
199,4,"GAM",2,2.39091799580867
200,4,"GAM",2,2.29004534644195
201,4,"GAM",1.66666666666667,1.93624002546321
203,4,"GAM",1.33333333333333,1.79943930231871
206,4,"GAM",2.33333333333333,2.1458606112163
207,4,"GAM",2.33333333333333,2.17914614732976
209,4,"GAM",2,1.78361704204833
212,4,"GAM",1.66666666666667,2.45659119664559
215,4,"GAM",2,1.71432245906149
230,4,"GAM",1.66666666666667,2.092635515522
231,4,"GAM",4,2.40062154063276
232,4,"GAM",4,2.26624463472452
233,4,"GAM",2.33333333333333,2.52736274527788
234,4,"GAM",2,2.08351082972479
235,4,"GAM",2.33333333333333,1.82309237129476
236,4,"GAM",2.66666666666667,2.33157535810237
237,4,"GAM",1.66666666666667,1.84061137110789
238,4,"GAM",2,1.89229436476539
239,4,"GAM",1.66666666666667,1.74724128195614
240,4,"GAM",3.33333333333333,1.92555568371345
255,4,"GAM",2,1.88968214117027
256,4,"GAM",2.33333333333333,2.53767207832274
267,4,"GAM",2.33333333333333,1.87653179929769
268,4,"GAM",3.66666666666667,1.91311345573952
277,4,"GAM",1.66666666666667,1.88792864802171
278,4,"GAM",2.66666666666667,2.20462202100159
279,4,"GAM",1.66666666666667,2.20980907423367
280,4,"GAM",2.66666666666667,2.01232376694363
281,4,"GAM",2,2.09733482275862
282,4,"GAM",1.66666666666667,2.15106933174121
283,4,"GAM",1.66666666666667,1.6295987399724
303,4,"GAM",1.66666666666667,1.9637263245385
304,4,"GAM",1.33333333333333,2.41800165717416
305,4,"GAM",1.33333333333333,2.46929911301224
306,4,"GAM",1.33333333333333,1.74952120239664
315,4,"GAM",2.33333333333333,2.35019014478068
320,4,"GAM",1.66666666666667,1.79497662458109
321,4,"GAM",2.33333333333333,2.08922809924969
323,4,"GAM",2,2.26065806856186
326,4,"GAM",1.66666666666667,1.98631786089991
332,4,"GAM",2.33333333333333,1.85751942036925
333,4,"GAM",2.66666666666667,2.59440133804252
337,4,"GAM",2,1.67941911094797
338,4,"GAM",2,1.8468557938529
340,4,"GAM",2,1.92196210137506
341,4,"GAM",2.33333333333333,1.90555655354286
342,4,"GAM",2,1.77728850739587
343,4,"GAM",2,1.96533821681608
344,4,"GAM",1.33333333333333,2.0069140860167
345,4,"GAM",1.66666666666667,2.47164704599135
346,4,"GAM",1.66666666666667,2.17160263344389
347,4,"GAM",1.33333333333333,1.94866867669881
348,4,"GAM",1.66666666666667,1.76320221866771
349,4,"GAM",1.33333333333333,2.02937787413009
350,4,"GAM",1.33333333333333,1.90117704566441
351,4,"GAM",1.33333333333333,1.8677958040327
352,4,"GAM",1.66666666666667,2.35100568219345
353,4,"GAM",2,1.68178411526874
354,4,"GAM",2,1.88421756539705
355,4,"GAM",1.66666666666667,1.78404171403223
356,4,"GAM",2,1.96175326688329
357,4,"GAM",1.33333333333333,1.60649938520798
358,4,"GAM",2.33333333333333,1.97084098692178
367,4,"GAM",2.33333333333333,2.20027513677689
368,4,"GAM",3,2.12917000225629
369,4,"GAM",2,1.98505899323042
370,4,"GAM",2.66666666666667,1.82169388928533
371,4,"GAM",1.66666666666667,1.91066009849925
523,4,"GAM",2,1.88669856859144
524,4,"GAM",2.66666666666667,2.21700750572485
525,4,"GAM",2,1.9027057517968
527,4,"GAM",1.66666666666667,1.9044214089872
528,4,"GAM",1.66666666666667,2.17051988285646
529,4,"GAM",2.66666666666667,2.33346570776981
530,4,"GAM",2,1.81194144448409
531,4,"GAM",2,1.85410686697738
532,4,"GAM",2,1.40456401286336
533,4,"GAM",1.66666666666667,1.68485036554646
534,4,"GAM",1.66666666666667,1.85167607138417
535,4,"GAM",1.66666666666667,1.60766274492906
536,4,"GAM",2.33333333333333,2.11102955722338
537,4,"GAM",2,2.35072468668392
538,4,"GAM",2.33333333333333,2.20775919942982
539,4,"GAM",2,2.24819430744957
540,4,"GAM",2.33333333333333,1.84348550450205
541,4,"GAM",2.66666666666667,2.40531004627469
542,4,"GAM",2,1.8383782676579
543,4,"GAM",1.66666666666667,1.912699440057
544,4,"GAM",2.66666666666667,2.42042229543072
545,4,"GAM",2,1.95098254649933
546,4,"GAM",2.33333333333333,2.16522002396849
30,4,"random_forest",2,2.36088888888889
31,4,"random_forest",1.66666666666667,1.968125
32,4,"random_forest",1.66666666666667,2.0195
33,4,"random_forest",1,1.95026388888889
34,4,"random_forest",1,1.75180555555556
35,4,"random_forest",1,1.97597222222222
36,4,"random_forest",1,1.80811111111111
40,4,"random_forest",1.66666666666667,1.78138888888889
41,4,"random_forest",1.66666666666667,2.09063888888889
42,4,"random_forest",2.66666666666667,1.88775
43,4,"random_forest",3.33333333333333,1.88811111111111
44,4,"random_forest",3,2.19166666666667
45,4,"random_forest",2.33333333333333,1.88568055555556
46,4,"random_forest",2.33333333333333,1.93531944444444
47,4,"random_forest",2.66666666666667,2.16926388888889
48,4,"random_forest",2.33333333333333,2.31561111111111
49,4,"random_forest",2.66666666666667,1.90786111111111
50,4,"random_forest",3.33333333333333,2.08929166666667
52,4,"random_forest",2,2.22101388888889
53,4,"random_forest",1,2.10372222222222
54,4,"random_forest",2.33333333333333,1.91002777777778
55,4,"random_forest",3.33333333333333,2.178625
56,4,"random_forest",1.66666666666667,1.82126388888889
59,4,"random_forest",2.66666666666667,2.27106944444444
60,4,"random_forest",2.66666666666667,2.06956944444444
61,4,"random_forest",2.66666666666667,2.396
62,4,"random_forest",2,2.31877777777777
63,4,"random_forest",2,2.091625
65,4,"random_forest",2,2.20047222222222
67,4,"random_forest",2.66666666666667,2.21225
68,4,"random_forest",2.66666666666667,2.19055555555555
69,4,"random_forest",3,2.3496111111111
71,4,"random_forest",2.66666666666667,2.06104166666666
73,4,"random_forest",1.33333333333333,2.00261111111111
74,4,"random_forest",1,2.11359722222222
75,4,"random_forest",2,1.86420833333333
76,4,"random_forest",2,1.66908333333333
77,4,"random_forest",1,1.61790277777778
83,4,"random_forest",2.66666666666667,2.323375
84,4,"random_forest",2.66666666666667,2.14958333333333
85,4,"random_forest",2,2.31813888888889
86,4,"random_forest",2.66666666666667,2.39773611111111
87,4,"random_forest",2,2.15019444444444
89,4,"random_forest",2.66666666666667,2.25377777777778
196,4,"random_forest",1,2.18240277777778
197,4,"random_forest",2.33333333333333,1.75680555555556
198,4,"random_forest",1,1.786125
199,4,"random_forest",2,2.141625
200,4,"random_forest",2,2.22447222222222
201,4,"random_forest",1.66666666666667,2.010625
203,4,"random_forest",1.33333333333333,1.85809722222222
206,4,"random_forest",2.33333333333333,1.99356944444444
207,4,"random_forest",2.33333333333333,2.03676388888889
209,4,"random_forest",2,1.97315277777778
212,4,"random_forest",1.66666666666667,2.39505555555555
215,4,"random_forest",2,2.01323611111111
230,4,"random_forest",1.66666666666667,2.23605555555556
231,4,"random_forest",4,2.25620833333333
232,4,"random_forest",4,1.98475
233,4,"random_forest",2.33333333333333,2.195125
234,4,"random_forest",2,2.13248611111111
235,4,"random_forest",2.33333333333333,2.00697222222222
236,4,"random_forest",2.66666666666667,2.09534722222222
237,4,"random_forest",1.66666666666667,2.04068055555555
238,4,"random_forest",2,1.98376388888889
239,4,"random_forest",1.66666666666667,1.93043055555555
240,4,"random_forest",3.33333333333333,2.08551388888889
255,4,"random_forest",2,2.08011111111111
256,4,"random_forest",2.33333333333333,2.32880555555556
267,4,"random_forest",2.33333333333333,2.12834722222222
268,4,"random_forest",3.66666666666667,2.06397222222222
277,4,"random_forest",1.66666666666667,1.92181944444444
278,4,"random_forest",2.66666666666667,2.14766666666666
279,4,"random_forest",1.66666666666667,2.03288888888889
280,4,"random_forest",2.66666666666667,2.13727777777778
281,4,"random_forest",2,1.99547222222222
282,4,"random_forest",1.66666666666667,2.12827777777778
283,4,"random_forest",1.66666666666667,1.68833333333334
303,4,"random_forest",1.66666666666667,2.07623611111111
304,4,"random_forest",1.33333333333333,2.05966666666667
305,4,"random_forest",1.33333333333333,2.24648611111111
306,4,"random_forest",1.33333333333333,1.63819444444444
315,4,"random_forest",2.33333333333333,2.32997222222222
320,4,"random_forest",1.66666666666667,2.02486111111111
321,4,"random_forest",2.33333333333333,1.79476388888889
323,4,"random_forest",2,2.27440277777778
326,4,"random_forest",1.66666666666667,2.000375
332,4,"random_forest",2.33333333333333,1.98579166666667
333,4,"random_forest",2.66666666666667,2.48643055555555
337,4,"random_forest",2,2.02090277777778
338,4,"random_forest",2,2.03716666666667
340,4,"random_forest",2,2.02293055555555
341,4,"random_forest",2.33333333333333,2.01508333333333
342,4,"random_forest",2,2.12866666666666
343,4,"random_forest",2,1.94525
344,4,"random_forest",1.33333333333333,2.01090277777778
345,4,"random_forest",1.66666666666667,2.32709722222222
346,4,"random_forest",1.66666666666667,2.11176388888889
347,4,"random_forest",1.33333333333333,1.94329166666666
348,4,"random_forest",1.66666666666667,1.82534722222222
349,4,"random_forest",1.33333333333333,2.01529166666666
350,4,"random_forest",1.33333333333333,1.93420833333333
351,4,"random_forest",1.33333333333333,1.87711111111111
352,4,"random_forest",1.66666666666667,2.31669444444444
353,4,"random_forest",2,1.78481944444445
354,4,"random_forest",2,1.94498611111111
355,4,"random_forest",1.66666666666667,2.03716666666667
356,4,"random_forest",2,1.70865277777778
357,4,"random_forest",1.33333333333333,1.90609722222222
358,4,"random_forest",2.33333333333333,2.00348611111111
367,4,"random_forest",2.33333333333333,2.28095833333333
368,4,"random_forest",3,2.29034722222222
369,4,"random_forest",2,2.03995833333333
370,4,"random_forest",2.66666666666667,1.97854166666667
371,4,"random_forest",1.66666666666667,1.91090277777778
523,4,"random_forest",2,2.05776388888889
524,4,"random_forest",2.66666666666667,2.18572222222222
525,4,"random_forest",2,2.12138888888889
527,4,"random_forest",1.66666666666667,2.07473611111111
528,4,"random_forest",1.66666666666667,2.20759722222222
529,4,"random_forest",2.66666666666667,2.18669444444444
530,4,"random_forest",2,1.88851388888889
531,4,"random_forest",2,1.92026388888889
532,4,"random_forest",2,1.71475
533,4,"random_forest",1.66666666666667,1.88306944444444
534,4,"random_forest",1.66666666666667,1.72234722222222
535,4,"random_forest",1.66666666666667,1.60347222222222
536,4,"random_forest",2.33333333333333,2.04477777777778
537,4,"random_forest",2,2.05031944444444
538,4,"random_forest",2.33333333333333,2.09029166666667
539,4,"random_forest",2,2.05623611111111
540,4,"random_forest",2.33333333333333,1.88594444444445
541,4,"random_forest",2.66666666666667,2.59106944444444
542,4,"random_forest",2,1.88320833333333
543,4,"random_forest",1.66666666666667,2.15216666666667
544,4,"random_forest",2.66666666666667,2.4635
545,4,"random_forest",2,2.067375
546,4,"random_forest",2.33333333333333,2.18
30,4,"boosting",2,2.16007543047686
31,4,"boosting",1.66666666666667,1.8431939548265
32,4,"boosting",1.66666666666667,2.01282953327404
33,4,"boosting",1,1.73915373155813
34,4,"boosting",1,1.6798701152977
35,4,"boosting",1,1.88781822240003
36,4,"boosting",1,1.73451007047663
40,4,"boosting",1.66666666666667,1.83947782162515
41,4,"boosting",1.66666666666667,1.73755742602358
42,4,"boosting",2.66666666666667,1.71954010687776
43,4,"boosting",3.33333333333333,1.84668407303946
44,4,"boosting",3,2.33389572592729
45,4,"boosting",2.33333333333333,1.67362222088475
46,4,"boosting",2.33333333333333,2.02596406764753
47,4,"boosting",2.66666666666667,1.96116038432562
48,4,"boosting",2.33333333333333,2.41151114624562
49,4,"boosting",2.66666666666667,1.80733522371867
50,4,"boosting",3.33333333333333,2.14420818993632
52,4,"boosting",2,2.29659987758972
53,4,"boosting",1,1.94892673203648
54,4,"boosting",2.33333333333333,1.93407791293538
55,4,"boosting",3.33333333333333,2.28899331547951
56,4,"boosting",1.66666666666667,1.917357482926
59,4,"boosting",2.66666666666667,2.32106897436294
60,4,"boosting",2.66666666666667,1.91147085026979
61,4,"boosting",2.66666666666667,2.52427335235687
62,4,"boosting",2,2.46248409796454
63,4,"boosting",2,2.02492756521094
65,4,"boosting",2,2.07332859569244
67,4,"boosting",2.66666666666667,2.24762191981093
68,4,"boosting",2.66666666666667,2.18908206951512
69,4,"boosting",3,2.25478147071855
71,4,"boosting",2.66666666666667,2.03173103203354
73,4,"boosting",1.33333333333333,1.90279822499642
74,4,"boosting",1,1.67165197210949
75,4,"boosting",2,1.7789195083238
76,4,"boosting",2,1.49314798095809
77,4,"boosting",1,1.54445605872918
83,4,"boosting",2.66666666666667,1.96819775810269
84,4,"boosting",2.66666666666667,1.87040837117306
85,4,"boosting",2,1.93402898519056
86,4,"boosting",2.66666666666667,2.20156173387212
87,4,"boosting",2,2.32030003738929
89,4,"boosting",2.66666666666667,2.0781837801747
196,4,"boosting",1,2.11041938267793
197,4,"boosting",2.33333333333333,1.69425707547257
198,4,"boosting",1,1.88178365800758
199,4,"boosting",2,2.01998193019172
200,4,"boosting",2,2.14141547179312
201,4,"boosting",1.66666666666667,1.91455806369212
203,4,"boosting",1.33333333333333,1.76531681402723
206,4,"boosting",2.33333333333333,2.11542815364164
207,4,"boosting",2.33333333333333,2.221849279696
209,4,"boosting",2,1.85298510107783
212,4,"boosting",1.66666666666667,2.31731808691505
215,4,"boosting",2,1.99570808151181
230,4,"boosting",1.66666666666667,2.13409632729244
231,4,"boosting",4,2.16341657936086
232,4,"boosting",4,2.05461912233518
233,4,"boosting",2.33333333333333,2.23393257921546
234,4,"boosting",2,2.02484322270893
235,4,"boosting",2.33333333333333,1.98608946929412
236,4,"boosting",2.66666666666667,2.25112169749802
237,4,"boosting",1.66666666666667,1.84795584015537
238,4,"boosting",2,1.81276145607969
239,4,"boosting",1.66666666666667,1.73465213639181
240,4,"boosting",3.33333333333333,2.02842002089695
255,4,"boosting",2,2.13365773502898
256,4,"boosting",2.33333333333333,2.5917191838602
267,4,"boosting",2.33333333333333,2.08083223631549
268,4,"boosting",3.66666666666667,1.97382298685867
277,4,"boosting",1.66666666666667,1.88090425429548
278,4,"boosting",2.66666666666667,2.21729260458635
279,4,"boosting",1.66666666666667,2.14697036886128
280,4,"boosting",2.66666666666667,2.03061257458537
281,4,"boosting",2,2.0297836657124
282,4,"boosting",1.66666666666667,2.05804476516563
283,4,"boosting",1.66666666666667,1.71370523093406
303,4,"boosting",1.66666666666667,1.98050859914439
304,4,"boosting",1.33333333333333,2.03523456370052
305,4,"boosting",1.33333333333333,2.42375599640862
306,4,"boosting",1.33333333333333,1.6285698115325
315,4,"boosting",2.33333333333333,2.44072976817444
320,4,"boosting",1.66666666666667,1.88489755984916
321,4,"boosting",2.33333333333333,1.78757728641992
323,4,"boosting",2,2.36809061150305
326,4,"boosting",1.66666666666667,1.84134317280834
332,4,"boosting",2.33333333333333,1.84363785300763
333,4,"boosting",2.66666666666667,2.62709768388015
337,4,"boosting",2,1.94883618447199
338,4,"boosting",2,2.23172081585335
340,4,"boosting",2,2.21441557935106
341,4,"boosting",2.33333333333333,2.12187822509178
342,4,"boosting",2,2.10935866360242
343,4,"boosting",2,1.92642257113498
344,4,"boosting",1.33333333333333,2.00187269851451
345,4,"boosting",1.66666666666667,2.10494200815142
346,4,"boosting",1.66666666666667,1.99949697682417
347,4,"boosting",1.33333333333333,1.95447090482304
348,4,"boosting",1.66666666666667,1.67848770277037
349,4,"boosting",1.33333333333333,2.02480334884666
350,4,"boosting",1.33333333333333,1.85819889624859
351,4,"boosting",1.33333333333333,1.91673586729686
352,4,"boosting",1.66666666666667,2.57530781703931
353,4,"boosting",2,1.7240484000683
354,4,"boosting",2,1.8992448106082
355,4,"boosting",1.66666666666667,1.75223246878519
356,4,"boosting",2,1.75122301398056
357,4,"boosting",1.33333333333333,1.88829192691507
358,4,"boosting",2.33333333333333,1.8514230516997
367,4,"boosting",2.33333333333333,2.28605818899858
368,4,"boosting",3,2.20643093047295
369,4,"boosting",2,1.96063448000394
370,4,"boosting",2.66666666666667,1.92385215250634
371,4,"boosting",1.66666666666667,2.03641562970883
523,4,"boosting",2,2.05540973276145
524,4,"boosting",2.66666666666667,2.15194583239967
525,4,"boosting",2,2.03829276852377
527,4,"boosting",1.66666666666667,1.9706878910442
528,4,"boosting",1.66666666666667,2.13948404998765
529,4,"boosting",2.66666666666667,2.20328986707023
530,4,"boosting",2,1.84271316049592
531,4,"boosting",2,1.90446345497714
532,4,"boosting",2,1.50228925030911
533,4,"boosting",1.66666666666667,1.78249522435575
534,4,"boosting",1.66666666666667,1.82416325365317
535,4,"boosting",1.66666666666667,1.46408557005163
536,4,"boosting",2.33333333333333,2.07074544013728
537,4,"boosting",2,2.12878072254165
538,4,"boosting",2.33333333333333,1.98020156420835
539,4,"boosting",2,2.07167004598681
540,4,"boosting",2.33333333333333,1.75878882326913
541,4,"boosting",2.66666666666667,2.98210614966663
542,4,"boosting",2,2.02163201557769
543,4,"boosting",1.66666666666667,1.99026250679595
544,4,"boosting",2.66666666666667,2.60523516473434
545,4,"boosting",2,1.94701194591177
546,4,"boosting",2.33333333333333,2.17210224750172
1,5,"mean",1.33333333333333,2.08383233532934
3,5,"mean",2.33333333333333,2.08383233532934
4,5,"mean",1.66666666666667,2.08383233532934
5,5,"mean",2.33333333333333,2.08383233532934
6,5,"mean",2,2.08383233532934
7,5,"mean",2.66666666666667,2.08383233532934
8,5,"mean",1.33333333333333,2.08383233532934
9,5,"mean",2.33333333333333,2.08383233532934
10,5,"mean",1.33333333333333,2.08383233532934
11,5,"mean",1,2.08383233532934
12,5,"mean",1,2.08383233532934
13,5,"mean",1,2.08383233532934
14,5,"mean",2.33333333333333,2.08383233532934
15,5,"mean",2.33333333333333,2.08383233532934
18,5,"mean",2,2.08383233532934
19,5,"mean",2,2.08383233532934
20,5,"mean",1.66666666666667,2.08383233532934
21,5,"mean",2.33333333333333,2.08383233532934
22,5,"mean",2.33333333333333,2.08383233532934
23,5,"mean",1.66666666666667,2.08383233532934
24,5,"mean",2,2.08383233532934
25,5,"mean",2.33333333333333,2.08383233532934
26,5,"mean",2,2.08383233532934
27,5,"mean",2.33333333333333,2.08383233532934
29,5,"mean",2,2.08383233532934
163,5,"mean",2.66666666666667,2.08383233532934
164,5,"mean",2.66666666666667,2.08383233532934
165,5,"mean",2,2.08383233532934
166,5,"mean",4,2.08383233532934
167,5,"mean",2.66666666666667,2.08383233532934
168,5,"mean",2.66666666666667,2.08383233532934
169,5,"mean",2.66666666666667,2.08383233532934
170,5,"mean",2.33333333333333,2.08383233532934
171,5,"mean",1,2.08383233532934
172,5,"mean",1.66666666666667,2.08383233532934
173,5,"mean",2,2.08383233532934
174,5,"mean",2,2.08383233532934
175,5,"mean",2.33333333333333,2.08383233532934
176,5,"mean",1.33333333333333,2.08383233532934
177,5,"mean",2,2.08383233532934
178,5,"mean",1,2.08383233532934
179,5,"mean",1.66666666666667,2.08383233532934
180,5,"mean",2,2.08383233532934
181,5,"mean",1,2.08383233532934
182,5,"mean",2.33333333333333,2.08383233532934
183,5,"mean",2.66666666666667,2.08383233532934
184,5,"mean",2,2.08383233532934
185,5,"mean",2.66666666666667,2.08383233532934
186,5,"mean",1.66666666666667,2.08383233532934
187,5,"mean",2.66666666666667,2.08383233532934
188,5,"mean",2.66666666666667,2.08383233532934
359,5,"mean",2.66666666666667,2.08383233532934
360,5,"mean",1.66666666666667,2.08383233532934
361,5,"mean",2.66666666666667,2.08383233532934
362,5,"mean",2.33333333333333,2.08383233532934
363,5,"mean",2,2.08383233532934
364,5,"mean",2.33333333333333,2.08383233532934
372,5,"mean",2.66666666666667,2.08383233532934
373,5,"mean",1.66666666666667,2.08383233532934
374,5,"mean",1.66666666666667,2.08383233532934
375,5,"mean",3.66666666666667,2.08383233532934
401,5,"mean",2,2.08383233532934
402,5,"mean",2,2.08383233532934
405,5,"mean",1.66666666666667,2.08383233532934
406,5,"mean",2,2.08383233532934
407,5,"mean",2,2.08383233532934
408,5,"mean",2.33333333333333,2.08383233532934
421,5,"mean",2,2.08383233532934
422,5,"mean",2,2.08383233532934
423,5,"mean",2.33333333333333,2.08383233532934
424,5,"mean",1.66666666666667,2.08383233532934
425,5,"mean",2,2.08383233532934
426,5,"mean",1.33333333333333,2.08383233532934
427,5,"mean",2,2.08383233532934
428,5,"mean",2,2.08383233532934
429,5,"mean",2,2.08383233532934
430,5,"mean",2,2.08383233532934
431,5,"mean",1.66666666666667,2.08383233532934
432,5,"mean",1.33333333333333,2.08383233532934
441,5,"mean",2,2.08383233532934
442,5,"mean",1.66666666666667,2.08383233532934
443,5,"mean",2.33333333333333,2.08383233532934
444,5,"mean",2,2.08383233532934
452,5,"mean",1.66666666666667,2.08383233532934
453,5,"mean",2.33333333333333,2.08383233532934
454,5,"mean",1.66666666666667,2.08383233532934
462,5,"mean",2,2.08383233532934
469,5,"mean",1.66666666666667,2.08383233532934
484,5,"mean",1.66666666666667,2.08383233532934
485,5,"mean",1.66666666666667,2.08383233532934
486,5,"mean",2,2.08383233532934
487,5,"mean",2.66666666666667,2.08383233532934
488,5,"mean",2.33333333333333,2.08383233532934
489,5,"mean",2.33333333333333,2.08383233532934
490,5,"mean",2.66666666666667,2.08383233532934
491,5,"mean",2.66666666666667,2.08383233532934
492,5,"mean",2.33333333333333,2.08383233532934
493,5,"mean",2,2.08383233532934
494,5,"mean",2.33333333333333,2.08383233532934
495,5,"mean",2.33333333333333,2.08383233532934
496,5,"mean",1.66666666666667,2.08383233532934
497,5,"mean",1.66666666666667,2.08383233532934
498,5,"mean",2.33333333333333,2.08383233532934
499,5,"mean",2.33333333333333,2.08383233532934
500,5,"mean",1.66666666666667,2.08383233532934
501,5,"mean",1.66666666666667,2.08383233532934
502,5,"mean",2.66666666666667,2.08383233532934
503,5,"mean",2.66666666666667,2.08383233532934
504,5,"mean",2,2.08383233532934
505,5,"mean",2.66666666666667,2.08383233532934
506,5,"mean",2.33333333333333,2.08383233532934
507,5,"mean",1.66666666666667,2.08383233532934
508,5,"mean",2,2.08383233532934
509,5,"mean",1.33333333333333,2.08383233532934
510,5,"mean",1.33333333333333,2.08383233532934
511,5,"mean",1.66666666666667,2.08383233532934
513,5,"mean",2,2.08383233532934
517,5,"mean",2,2.08383233532934
518,5,"mean",2,2.08383233532934
519,5,"mean",2,2.08383233532934
520,5,"mean",2.66666666666667,2.08383233532934
521,5,"mean",2.33333333333333,2.08383233532934
522,5,"mean",3.33333333333333,2.08383233532934
1,5,"elastic_net",1.33333333333333,1.93444708427365
3,5,"elastic_net",2.33333333333333,2.07257573072735
4,5,"elastic_net",1.66666666666667,2.43033886487133
5,5,"elastic_net",2.33333333333333,2.90037427511229
6,5,"elastic_net",2,1.54535300706598
7,5,"elastic_net",2.66666666666667,2.49705352908014
8,5,"elastic_net",1.33333333333333,1.97373287616482
9,5,"elastic_net",2.33333333333333,1.94581020560081
10,5,"elastic_net",1.33333333333333,1.86770136759685
11,5,"elastic_net",1,1.90763888551911
12,5,"elastic_net",1,1.63318520845126
13,5,"elastic_net",1,2.02016006113321
14,5,"elastic_net",2.33333333333333,2.62288037972168
15,5,"elastic_net",2.33333333333333,1.94217709852076
18,5,"elastic_net",2,2.19140827476188
19,5,"elastic_net",2,1.82876580246918
20,5,"elastic_net",1.66666666666667,2.27661647175797
21,5,"elastic_net",2.33333333333333,2.10337233796715
22,5,"elastic_net",2.33333333333333,1.96479086466996
23,5,"elastic_net",1.66666666666667,2.39568866363729
24,5,"elastic_net",2,1.96949810083404
25,5,"elastic_net",2.33333333333333,1.70131366727682
26,5,"elastic_net",2,1.76286327370561
27,5,"elastic_net",2.33333333333333,1.88016763339621
29,5,"elastic_net",2,1.64433274263349
163,5,"elastic_net",2.66666666666667,2.16554166001797
164,5,"elastic_net",2.66666666666667,1.74726096422159
165,5,"elastic_net",2,2.6244397094122
166,5,"elastic_net",4,2.62158078171795
167,5,"elastic_net",2.66666666666667,2.50124919629888
168,5,"elastic_net",2.66666666666667,2.33061392440248
169,5,"elastic_net",2.66666666666667,2.48670625467113
170,5,"elastic_net",2.33333333333333,1.80800035594087
171,5,"elastic_net",1,1.56893842095673
172,5,"elastic_net",1.66666666666667,2.44505462599547
173,5,"elastic_net",2,1.98925774836799
174,5,"elastic_net",2,1.99670595154538
175,5,"elastic_net",2.33333333333333,1.93013703876516
176,5,"elastic_net",1.33333333333333,2.09220643375734
177,5,"elastic_net",2,2.15138312962063
178,5,"elastic_net",1,1.79440929030892
179,5,"elastic_net",1.66666666666667,1.78747771139888
180,5,"elastic_net",2,1.95576829412832
181,5,"elastic_net",1,1.71177782565115
182,5,"elastic_net",2.33333333333333,1.86855790084094
183,5,"elastic_net",2.66666666666667,2.67006497631202
184,5,"elastic_net",2,1.7263983150353
185,5,"elastic_net",2.66666666666667,1.82299764550807
186,5,"elastic_net",1.66666666666667,2.28483208836851
187,5,"elastic_net",2.66666666666667,2.33896119145776
188,5,"elastic_net",2.66666666666667,2.41803828660807
359,5,"elastic_net",2.66666666666667,2.23420526828213
360,5,"elastic_net",1.66666666666667,2.08586310580214
361,5,"elastic_net",2.66666666666667,1.89398930718617
362,5,"elastic_net",2.33333333333333,2.09987162882491
363,5,"elastic_net",2,1.86942401121926
364,5,"elastic_net",2.33333333333333,2.21402495986673
372,5,"elastic_net",2.66666666666667,2.27585213219941
373,5,"elastic_net",1.66666666666667,1.65346896632005
374,5,"elastic_net",1.66666666666667,1.75967945512234
375,5,"elastic_net",3.66666666666667,2.15996075437645
401,5,"elastic_net",2,2.05668569373743
402,5,"elastic_net",2,2.2347687182592
405,5,"elastic_net",1.66666666666667,1.82183692805929
406,5,"elastic_net",2,2.39011441735694
407,5,"elastic_net",2,2.48745545786315
408,5,"elastic_net",2.33333333333333,2.08888471147425
421,5,"elastic_net",2,1.92971772780256
422,5,"elastic_net",2,1.99353962923875
423,5,"elastic_net",2.33333333333333,2.36136673689397
424,5,"elastic_net",1.66666666666667,2.04933576650501
425,5,"elastic_net",2,1.98413987548149
426,5,"elastic_net",1.33333333333333,1.62879270983967
427,5,"elastic_net",2,1.89391242255961
428,5,"elastic_net",2,1.93059979870051
429,5,"elastic_net",2,1.83087278798938
430,5,"elastic_net",2,2.13190309178779
431,5,"elastic_net",1.66666666666667,2.15919912308409
432,5,"elastic_net",1.33333333333333,1.58061402556229
441,5,"elastic_net",2,1.99928346990745
442,5,"elastic_net",1.66666666666667,1.94549344697255
443,5,"elastic_net",2.33333333333333,2.29180043328017
444,5,"elastic_net",2,1.68500699712174
452,5,"elastic_net",1.66666666666667,1.75063643747038
453,5,"elastic_net",2.33333333333333,2.47077575878077
454,5,"elastic_net",1.66666666666667,2.52200644561285
462,5,"elastic_net",2,1.7566638625279
469,5,"elastic_net",1.66666666666667,2.30153275543025
484,5,"elastic_net",1.66666666666667,1.69560962074126
485,5,"elastic_net",1.66666666666667,1.45408611394975
486,5,"elastic_net",2,1.87065127534519
487,5,"elastic_net",2.66666666666667,1.76194434518025
488,5,"elastic_net",2.33333333333333,1.91229362364687
489,5,"elastic_net",2.33333333333333,2.19224194301257
490,5,"elastic_net",2.66666666666667,1.91215875379072
491,5,"elastic_net",2.66666666666667,1.81173146194288
492,5,"elastic_net",2.33333333333333,2.09051796431035
493,5,"elastic_net",2,2.00420814651929
494,5,"elastic_net",2.33333333333333,2.28357051297039
495,5,"elastic_net",2.33333333333333,2.49357537130971
496,5,"elastic_net",1.66666666666667,2.17879564999669
497,5,"elastic_net",1.66666666666667,2.23944006982634
498,5,"elastic_net",2.33333333333333,2.28058815227278
499,5,"elastic_net",2.33333333333333,2.02663885122507
500,5,"elastic_net",1.66666666666667,1.76769384457393
501,5,"elastic_net",1.66666666666667,1.83971260884504
502,5,"elastic_net",2.66666666666667,2.15047193858275
503,5,"elastic_net",2.66666666666667,2.17057718307262
504,5,"elastic_net",2,1.91199167991834
505,5,"elastic_net",2.66666666666667,1.96289371904116
506,5,"elastic_net",2.33333333333333,1.89270993203081
507,5,"elastic_net",1.66666666666667,1.52449673019242
508,5,"elastic_net",2,1.66756550266798
509,5,"elastic_net",1.33333333333333,1.48839895519924
510,5,"elastic_net",1.33333333333333,2.168982038292
511,5,"elastic_net",1.66666666666667,1.81146701295106
513,5,"elastic_net",2,1.72613314591778
517,5,"elastic_net",2,2.05220509458094
518,5,"elastic_net",2,2.14376784934084
519,5,"elastic_net",2,1.6538188153318
520,5,"elastic_net",2.66666666666667,2.33480860625406
521,5,"elastic_net",2.33333333333333,1.98516928689817
522,5,"elastic_net",3.33333333333333,2.47990001507611
1,5,"GAM",1.33333333333333,1.93879090163238
3,5,"GAM",2.33333333333333,2.03354798210587
4,5,"GAM",1.66666666666667,2.51081832611107
5,5,"GAM",2.33333333333333,3.02421204523673
6,5,"GAM",2,1.40372447279424
7,5,"GAM",2.66666666666667,2.58260353709228
8,5,"GAM",1.33333333333333,1.91381620213048
9,5,"GAM",2.33333333333333,1.93398218844387
10,5,"GAM",1.33333333333333,1.83203650776028
11,5,"GAM",1,1.9380935363639
12,5,"GAM",1,1.59801400453698
13,5,"GAM",1,2.00337416687311
14,5,"GAM",2.33333333333333,2.72217379450307
15,5,"GAM",2.33333333333333,1.94377364874937
18,5,"GAM",2,2.14711299522825
19,5,"GAM",2,1.80014612329057
20,5,"GAM",1.66666666666667,2.29884239827892
21,5,"GAM",2.33333333333333,2.13018717205057
22,5,"GAM",2.33333333333333,1.95781251632471
23,5,"GAM",1.66666666666667,2.40028011140264
24,5,"GAM",2,1.95910103341257
25,5,"GAM",2.33333333333333,1.64150127746374
26,5,"GAM",2,1.63748224367658
27,5,"GAM",2.33333333333333,1.83013986220406
29,5,"GAM",2,1.51901540869233
163,5,"GAM",2.66666666666667,2.20489992437359
164,5,"GAM",2.66666666666667,1.77580741955573
165,5,"GAM",2,2.70516159634096
166,5,"GAM",4,2.74053305769515
167,5,"GAM",2.66666666666667,2.51546240658989
168,5,"GAM",2.66666666666667,2.41494126533672
169,5,"GAM",2.66666666666667,2.52791142613861
170,5,"GAM",2.33333333333333,1.81098198130125
171,5,"GAM",1,1.60612024022534
172,5,"GAM",1.66666666666667,2.52394255515074
173,5,"GAM",2,1.99541073774985
174,5,"GAM",2,1.95509620713379
175,5,"GAM",2.33333333333333,1.92374584606471
176,5,"GAM",1.33333333333333,2.15555372276301
177,5,"GAM",2,2.11135852016211
178,5,"GAM",1,1.7369715913279
179,5,"GAM",1.66666666666667,1.74717198175386
180,5,"GAM",2,1.99142417484378
181,5,"GAM",1,1.68393627255515
182,5,"GAM",2.33333333333333,1.92189019632998
183,5,"GAM",2.66666666666667,2.73880075741189
184,5,"GAM",2,1.72521073789774
185,5,"GAM",2.66666666666667,1.88354883811313
186,5,"GAM",1.66666666666667,2.35542860414333
187,5,"GAM",2.66666666666667,2.39771216537458
188,5,"GAM",2.66666666666667,2.48371936747214
359,5,"GAM",2.66666666666667,2.20770299519936
360,5,"GAM",1.66666666666667,2.12527116727354
361,5,"GAM",2.66666666666667,1.80113385797674
362,5,"GAM",2.33333333333333,2.01933586262425
363,5,"GAM",2,1.84250812079134
364,5,"GAM",2.33333333333333,2.18580723815227
372,5,"GAM",2.66666666666667,2.3174904097419
373,5,"GAM",1.66666666666667,1.61281083761574
374,5,"GAM",1.66666666666667,1.6373775004273
375,5,"GAM",3.66666666666667,2.19214704585828
401,5,"GAM",2,1.9940955043045
402,5,"GAM",2,2.31827155433878
405,5,"GAM",1.66666666666667,1.79237786671567
406,5,"GAM",2,2.46980861269436
407,5,"GAM",2,2.53833747609139
408,5,"GAM",2.33333333333333,2.09005016414098
421,5,"GAM",2,1.95595062196681
422,5,"GAM",2,1.94685133764371
423,5,"GAM",2.33333333333333,2.36756399150189
424,5,"GAM",1.66666666666667,2.01929273919625
425,5,"GAM",2,1.9916555450261
426,5,"GAM",1.33333333333333,1.59529894089798
427,5,"GAM",2,1.89482787686729
428,5,"GAM",2,1.96153791645075
429,5,"GAM",2,1.80341656678539
430,5,"GAM",2,2.08292294904883
431,5,"GAM",1.66666666666667,2.14587878544544
432,5,"GAM",1.33333333333333,1.52083863080699
441,5,"GAM",2,2.016438703404
442,5,"GAM",1.66666666666667,1.92175192244521
443,5,"GAM",2.33333333333333,2.28395401353759
444,5,"GAM",2,1.62704672449561
452,5,"GAM",1.66666666666667,1.6735163619168
453,5,"GAM",2.33333333333333,2.52582124903671
454,5,"GAM",1.66666666666667,2.53597790393124
462,5,"GAM",2,1.74576240228153
469,5,"GAM",1.66666666666667,2.21956094172149
484,5,"GAM",1.66666666666667,1.55027568661788
485,5,"GAM",1.66666666666667,1.31485486584447
486,5,"GAM",2,1.86385335909526
487,5,"GAM",2.66666666666667,1.61213387272907
488,5,"GAM",2.33333333333333,1.91196896609496
489,5,"GAM",2.33333333333333,2.09539843273328
490,5,"GAM",2.66666666666667,1.92281915481404
491,5,"GAM",2.66666666666667,1.82338392203033
492,5,"GAM",2.33333333333333,2.09359055237267
493,5,"GAM",2,1.9885770252802
494,5,"GAM",2.33333333333333,2.3084787895472
495,5,"GAM",2.33333333333333,2.52569115558365
496,5,"GAM",1.66666666666667,2.1990188695039
497,5,"GAM",1.66666666666667,2.2000929066222
498,5,"GAM",2.33333333333333,2.30661184747874
499,5,"GAM",2.33333333333333,1.99472205789236
500,5,"GAM",1.66666666666667,1.76638391354017
501,5,"GAM",1.66666666666667,1.83354141664033
502,5,"GAM",2.66666666666667,2.08295143395342
503,5,"GAM",2.66666666666667,2.17856226882634
504,5,"GAM",2,1.85250948610367
505,5,"GAM",2.66666666666667,1.94468074422304
506,5,"GAM",2.33333333333333,1.80126651347047
507,5,"GAM",1.66666666666667,1.38972618999936
508,5,"GAM",2,1.56132009559004
509,5,"GAM",1.33333333333333,1.39807723062196
510,5,"GAM",1.33333333333333,2.12094751372263
511,5,"GAM",1.66666666666667,1.80138158426442
513,5,"GAM",2,1.66907040040908
517,5,"GAM",2,1.96584900780485
518,5,"GAM",2,2.09454959136466
519,5,"GAM",2,1.58485418895695
520,5,"GAM",2.66666666666667,2.21856527352341
521,5,"GAM",2.33333333333333,2.04804158585355
522,5,"GAM",3.33333333333333,2.46212753839151
1,5,"random_forest",1.33333333333333,2.38465277777778
3,5,"random_forest",2.33333333333333,2.30655555555556
4,5,"random_forest",1.66666666666667,2.23934722222222
5,5,"random_forest",2.33333333333333,2.52483333333333
6,5,"random_forest",2,2.02841666666667
7,5,"random_forest",2.66666666666667,2.26055555555555
8,5,"random_forest",1.33333333333333,2.27031944444444
9,5,"random_forest",2.33333333333333,2.35
10,5,"random_forest",1.33333333333333,1.93720833333333
11,5,"random_forest",1,1.92847222222222
12,5,"random_forest",1,2.01336111111111
13,5,"random_forest",1,2.11302777777778
14,5,"random_forest",2.33333333333333,2.30563888888889
15,5,"random_forest",2.33333333333333,2.08713888888889
18,5,"random_forest",2,2.32902777777778
19,5,"random_forest",2,2.15670833333333
20,5,"random_forest",1.66666666666667,2.33736111111111
21,5,"random_forest",2.33333333333333,2.04065277777778
22,5,"random_forest",2.33333333333333,2.07497222222222
23,5,"random_forest",1.66666666666667,2.48144444444444
24,5,"random_forest",2,2.139125
25,5,"random_forest",2.33333333333333,1.64083333333333
26,5,"random_forest",2,1.97125
27,5,"random_forest",2.33333333333333,2.11125
29,5,"random_forest",2,1.83975
163,5,"random_forest",2.66666666666667,2.38761111111111
164,5,"random_forest",2.66666666666667,1.97669444444444
165,5,"random_forest",2,2.38686111111111
166,5,"random_forest",4,2.38701388888889
167,5,"random_forest",2.66666666666667,2.51552777777778
168,5,"random_forest",2.66666666666667,2.46761111111111
169,5,"random_forest",2.66666666666667,2.371125
170,5,"random_forest",2.33333333333333,1.99998611111111
171,5,"random_forest",1,1.78931944444444
172,5,"random_forest",1.66666666666667,2.30702777777777
173,5,"random_forest",2,2.23201388888889
174,5,"random_forest",2,2.11740277777778
175,5,"random_forest",2.33333333333333,2.04969444444444
176,5,"random_forest",1.33333333333333,2.15476388888889
177,5,"random_forest",2,2.13511111111111
178,5,"random_forest",1,1.77338888888889
179,5,"random_forest",1.66666666666667,1.79568055555556
180,5,"random_forest",2,2.03223611111111
181,5,"random_forest",1,1.69826388888889
182,5,"random_forest",2.33333333333333,1.84822222222222
183,5,"random_forest",2.66666666666667,2.82233333333333
184,5,"random_forest",2,1.88279166666667
185,5,"random_forest",2.66666666666667,1.82465277777778
186,5,"random_forest",1.66666666666667,2.29506944444444
187,5,"random_forest",2.66666666666667,2.21393055555555
188,5,"random_forest",2.66666666666667,2.44081944444444
359,5,"random_forest",2.66666666666667,2.57995833333333
360,5,"random_forest",1.66666666666667,2.20276388888889
361,5,"random_forest",2.66666666666667,2.03781944444445
362,5,"random_forest",2.33333333333333,1.96863888888889
363,5,"random_forest",2,2.14034722222222
364,5,"random_forest",2.33333333333333,2.31244444444444
372,5,"random_forest",2.66666666666667,2.517125
373,5,"random_forest",1.66666666666667,1.99544444444444
374,5,"random_forest",1.66666666666667,2.07397222222222
375,5,"random_forest",3.66666666666667,2.07648611111111
401,5,"random_forest",2,2.13716666666667
402,5,"random_forest",2,2.26923611111111
405,5,"random_forest",1.66666666666667,2.05769444444444
406,5,"random_forest",2,2.41468055555555
407,5,"random_forest",2,2.30929166666666
408,5,"random_forest",2.33333333333333,2.17256944444444
421,5,"random_forest",2,2.14684722222222
422,5,"random_forest",2,2.43370833333333
423,5,"random_forest",2.33333333333333,2.40333333333333
424,5,"random_forest",1.66666666666667,2.33505555555555
425,5,"random_forest",2,2.53665277777778
426,5,"random_forest",1.33333333333333,1.92059722222222
427,5,"random_forest",2,1.78108333333333
428,5,"random_forest",2,2.11156944444444
429,5,"random_forest",2,2.043
430,5,"random_forest",2,2.0405
431,5,"random_forest",1.66666666666667,2.44984722222222
432,5,"random_forest",1.33333333333333,1.92486111111111
441,5,"random_forest",2,2.01656944444444
442,5,"random_forest",1.66666666666667,1.75534722222222
443,5,"random_forest",2.33333333333333,2.21054166666667
444,5,"random_forest",2,1.97269444444444
452,5,"random_forest",1.66666666666667,1.70222222222222
453,5,"random_forest",2.33333333333333,2.24293055555556
454,5,"random_forest",1.66666666666667,2.34216666666667
462,5,"random_forest",2,1.86197222222222
469,5,"random_forest",1.66666666666667,2.35719444444444
484,5,"random_forest",1.66666666666667,2.01134722222222
485,5,"random_forest",1.66666666666667,1.69198611111111
486,5,"random_forest",2,2.06343055555555
487,5,"random_forest",2.66666666666667,1.94769444444444
488,5,"random_forest",2.33333333333333,2.09315277777778
489,5,"random_forest",2.33333333333333,2.0805
490,5,"random_forest",2.66666666666667,2.07931944444445
491,5,"random_forest",2.66666666666667,2.04
492,5,"random_forest",2.33333333333333,2.28636111111111
493,5,"random_forest",2,2.09336111111111
494,5,"random_forest",2.33333333333333,2.36068055555555
495,5,"random_forest",2.33333333333333,2.49565277777778
496,5,"random_forest",1.66666666666667,2.12954166666666
497,5,"random_forest",1.66666666666667,2.12173611111111
498,5,"random_forest",2.33333333333333,2.27440277777778
499,5,"random_forest",2.33333333333333,2.21970833333333
500,5,"random_forest",1.66666666666667,1.88544444444444
501,5,"random_forest",1.66666666666667,2.21644444444444
502,5,"random_forest",2.66666666666667,2.14776388888889
503,5,"random_forest",2.66666666666667,2.33359722222222
504,5,"random_forest",2,1.780875
505,5,"random_forest",2.66666666666667,2.16776388888889
506,5,"random_forest",2.33333333333333,2.08866666666666
507,5,"random_forest",1.66666666666667,1.59525
508,5,"random_forest",2,1.93398611111111
509,5,"random_forest",1.33333333333333,1.70534722222222
510,5,"random_forest",1.33333333333333,2.340875
511,5,"random_forest",1.66666666666667,1.6335
513,5,"random_forest",2,1.95488888888889
517,5,"random_forest",2,1.99683333333333
518,5,"random_forest",2,2.22283333333333
519,5,"random_forest",2,1.87766666666667
520,5,"random_forest",2.66666666666667,2.461375
521,5,"random_forest",2.33333333333333,1.96027777777777
522,5,"random_forest",3.33333333333333,2.78990277777778
1,5,"boosting",1.33333333333333,2.15268409411375
3,5,"boosting",2.33333333333333,2.15278023982311
4,5,"boosting",1.66666666666667,2.2312297120166
5,5,"boosting",2.33333333333333,2.41367997928974
6,5,"boosting",2,1.82384105717166
7,5,"boosting",2.66666666666667,2.37423959494412
8,5,"boosting",1.33333333333333,2.19394300457752
9,5,"boosting",2.33333333333333,2.18351024233306
10,5,"boosting",1.33333333333333,1.94235098080932
11,5,"boosting",1,1.72014266753264
12,5,"boosting",1,1.7918373385833
13,5,"boosting",1,2.03534559836879
14,5,"boosting",2.33333333333333,2.2767982064261
15,5,"boosting",2.33333333333333,1.81539611409597
18,5,"boosting",2,2.16924012868575
19,5,"boosting",2,1.97612390564249
20,5,"boosting",1.66666666666667,2.41123698562886
21,5,"boosting",2.33333333333333,2.00843282823823
22,5,"boosting",2.33333333333333,2.05511542849625
23,5,"boosting",1.66666666666667,2.27536093761843
24,5,"boosting",2,2.11589050214712
25,5,"boosting",2.33333333333333,1.68664085943227
26,5,"boosting",2,1.88562729988144
27,5,"boosting",2.33333333333333,2.02890892553545
29,5,"boosting",2,1.94965085278798
163,5,"boosting",2.66666666666667,2.24549564107749
164,5,"boosting",2.66666666666667,1.8714865133262
165,5,"boosting",2,2.49358045449247
166,5,"boosting",4,2.45693200894536
167,5,"boosting",2.66666666666667,2.50249236169505
168,5,"boosting",2.66666666666667,2.43595549766101
169,5,"boosting",2.66666666666667,2.34774512826108
170,5,"boosting",2.33333333333333,1.85648207743932
171,5,"boosting",1,1.62997510294516
172,5,"boosting",1.66666666666667,2.21910777897381
173,5,"boosting",2,2.07463259862581
174,5,"boosting",2,2.05244380603366
175,5,"boosting",2.33333333333333,1.88727528095328
176,5,"boosting",1.33333333333333,1.87175911334328
177,5,"boosting",2,2.14922644890425
178,5,"boosting",1,1.789146374743
179,5,"boosting",1.66666666666667,1.84045151271828
180,5,"boosting",2,1.72746691254405
181,5,"boosting",1,1.53990789595759
182,5,"boosting",2.33333333333333,1.71418223771975
183,5,"boosting",2.66666666666667,2.72656111151502
184,5,"boosting",2,1.96272849233912
185,5,"boosting",2.66666666666667,1.64102923129944
186,5,"boosting",1.66666666666667,2.17526516488421
187,5,"boosting",2.66666666666667,2.16558624562954
188,5,"boosting",2.66666666666667,2.31391121425589
359,5,"boosting",2.66666666666667,2.48276260975832
360,5,"boosting",1.66666666666667,2.13563602262176
361,5,"boosting",2.66666666666667,2.01279133452548
362,5,"boosting",2.33333333333333,2.02449904160032
363,5,"boosting",2,2.19612409884096
364,5,"boosting",2.33333333333333,2.41466454330235
372,5,"boosting",2.66666666666667,2.18156601156712
373,5,"boosting",1.66666666666667,1.84151823127287
374,5,"boosting",1.66666666666667,1.99427160942654
375,5,"boosting",3.66666666666667,2.12964989419372
401,5,"boosting",2,2.17707793614761
402,5,"boosting",2,2.18439419434725
405,5,"boosting",1.66666666666667,1.77760907683427
406,5,"boosting",2,2.3777226036659
407,5,"boosting",2,2.44959055842352
408,5,"boosting",2.33333333333333,2.13856954929498
421,5,"boosting",2,1.92011842397829
422,5,"boosting",2,2.37456206755869
423,5,"boosting",2.33333333333333,2.45422229421287
424,5,"boosting",1.66666666666667,2.02920925160617
425,5,"boosting",2,2.15123826082603
426,5,"boosting",1.33333333333333,1.81283785615087
427,5,"boosting",2,1.82460658262101
428,5,"boosting",2,1.78275961134266
429,5,"boosting",2,1.8826852952796
430,5,"boosting",2,2.08444843509308
431,5,"boosting",1.66666666666667,2.42831594871285
432,5,"boosting",1.33333333333333,1.79181037769186
441,5,"boosting",2,2.02342426133033
442,5,"boosting",1.66666666666667,1.89240411796628
443,5,"boosting",2.33333333333333,2.35725685572477
444,5,"boosting",2,1.81767747641975
452,5,"boosting",1.66666666666667,1.65551566008765
453,5,"boosting",2.33333333333333,2.37271215593869
454,5,"boosting",1.66666666666667,2.40103687981554
462,5,"boosting",2,1.86379259216732
469,5,"boosting",1.66666666666667,2.46800600538602
484,5,"boosting",1.66666666666667,1.95545598560511
485,5,"boosting",1.66666666666667,1.64683085225275
486,5,"boosting",2,1.95219678474306
487,5,"boosting",2.66666666666667,1.90023294599845
488,5,"boosting",2.33333333333333,1.95553806384969
489,5,"boosting",2.33333333333333,1.93786405240977
490,5,"boosting",2.66666666666667,2.13764145993198
491,5,"boosting",2.66666666666667,1.95399734443396
492,5,"boosting",2.33333333333333,1.93409053928768
493,5,"boosting",2,2.14364434492694
494,5,"boosting",2.33333333333333,2.2072343307622
495,5,"boosting",2.33333333333333,2.59240465992
496,5,"boosting",1.66666666666667,2.05174571844111
497,5,"boosting",1.66666666666667,2.12667311195526
498,5,"boosting",2.33333333333333,2.32454819895376
499,5,"boosting",2.33333333333333,2.315486830494
500,5,"boosting",1.66666666666667,1.86271366688842
501,5,"boosting",1.66666666666667,2.21814628080356
502,5,"boosting",2.66666666666667,2.133971257862
503,5,"boosting",2.66666666666667,2.06927069897411
504,5,"boosting",2,1.81037835061374
505,5,"boosting",2.66666666666667,1.9138098085811
506,5,"boosting",2.33333333333333,1.95495278843661
507,5,"boosting",1.66666666666667,1.49879919682492
508,5,"boosting",2,1.77721438209049
509,5,"boosting",1.33333333333333,1.49344519310582
510,5,"boosting",1.33333333333333,2.33246443206355
511,5,"boosting",1.66666666666667,1.80296948117122
513,5,"boosting",2,1.86876897073748
517,5,"boosting",2,2.06409752312604
518,5,"boosting",2,2.3087373320085
519,5,"boosting",2,1.75435360529349
520,5,"boosting",2.66666666666667,2.41608459821182
521,5,"boosting",2.33333333333333,1.95017140945831
522,5,"boosting",3.33333333333333,2.52459376122145
